"id","user_id","organization_id","ste_id","quantity","price","purchased_at"
"ph_00000001","user_0001","org_001","ste_000793","8","191504","2025-07-14T10:40:33.9931988Z"
"ph_00000002","user_0001","org_001","ste_000670","6","450797","2025-11-17T06:09:33.9931988Z"
"ph_00000003","user_0001","org_001","ste_000300","22","1293817","2025-08-25T14:08:33.9931988Z"
"ph_00000004","user_0001","org_001","ste_000031","19","378712","2025-07-16T19:01:33.9931988Z"
"ph_00000005","user_0001","org_001","ste_000544","11","1345223","2026-02-06T13:44:33.9931988Z"
"ph_00000006","user_0001","org_001","ste_000101","3","787363","2026-03-18T22:19:33.9931988Z"
"ph_00000007","user_0001","org_001","ste_000783","22","1049241","2026-03-12T21:13:33.9931988Z"
"ph_00000008","user_0001","org_001","ste_000532","2","815571","2025-08-22T18:18:33.9931988Z"
"ph_00000009","user_0001","org_001","ste_000268","19","201414","2025-11-25T14:08:33.9931988Z"
"ph_00000010","user_0001","org_001","ste_000341","14","439527","2025-10-05T03:50:33.9931988Z"
"ph_00000011","user_0001","org_001","ste_000313","14","1023263","2025-11-14T04:09:33.9931988Z"
"ph_00000012","user_0001","org_001","ste_000214","2","433345","2025-06-23T14:45:33.9931988Z"
"ph_00000013","user_0001","org_001","ste_000371","1","844169","2026-01-07T08:49:33.9931988Z"
"ph_00000014","user_0001","org_001","ste_000985","14","1660574","2025-10-23T15:16:33.9931988Z"
"ph_00000015","user_0001","org_001","ste_001121","16","170839","2025-12-22T10:29:33.9931988Z"
"ph_00000016","user_0001","org_001","ste_000118","9","108112","2026-01-28T18:30:33.9931988Z"
"ph_00000017","user_0001","org_001","ste_000497","8","414579","2026-03-01T10:45:33.9931988Z"
"ph_00000018","user_0001","org_001","ste_000210","10","170081","2025-06-01T00:11:33.9931988Z"
"ph_00000019","user_0001","org_001","ste_000798","14","136548","2025-05-21T21:19:33.9931988Z"
"ph_00000020","user_0001","org_001","ste_000964","15","1688094","2025-05-25T03:06:33.9931988Z"
"ph_00000021","user_0001","org_001","ste_001117","23","203223","2025-05-07T06:09:33.9931988Z"
"ph_00000022","user_0001","org_001","ste_001001","4","723394","2025-04-29T08:22:33.9931988Z"
"ph_00000023","user_0001","org_001","ste_000794","12","1789431","2026-02-13T08:45:33.9931988Z"
"ph_00000024","user_0001","org_001","ste_000319","17","378207","2025-05-30T14:29:33.9931988Z"
"ph_00000025","user_0001","org_001","ste_000059","24","46637","2025-09-18T13:10:33.9931988Z"
"ph_00000026","user_0001","org_001","ste_000184","2","1826253","2025-07-18T01:25:33.9931988Z"
"ph_00000027","user_0001","org_001","ste_000432","16","351889","2025-12-14T17:29:33.9931988Z"
"ph_00000028","user_0001","org_001","ste_000111","10","20421","2025-05-30T08:07:33.9931988Z"
"ph_00000029","user_0002","org_001","ste_000191","9","732533","2025-08-05T09:23:33.9931988Z"
"ph_00000030","user_0002","org_001","ste_000069","10","2774039","2025-09-14T20:24:33.9931988Z"
"ph_00000031","user_0002","org_001","ste_000647","14","346335","2026-01-14T15:40:33.9931988Z"
"ph_00000032","user_0002","org_001","ste_000121","20","399528","2025-07-06T09:32:33.9931988Z"
"ph_00000033","user_0002","org_001","ste_000202","7","1606602","2025-04-27T22:29:33.9931988Z"
"ph_00000034","user_0002","org_001","ste_000453","2","142620","2025-06-27T23:48:33.9931988Z"
"ph_00000035","user_0002","org_001","ste_001094","19","599521","2025-05-25T00:36:33.9931988Z"
"ph_00000036","user_0002","org_001","ste_001074","1","2817339","2025-04-01T00:33:33.9931988Z"
"ph_00000037","user_0002","org_001","ste_000309","14","681898","2025-12-01T07:58:33.9931988Z"
"ph_00000038","user_0002","org_001","ste_000130","13","349135","2025-08-27T20:51:33.9931988Z"
"ph_00000039","user_0002","org_001","ste_001005","16","499729","2025-07-11T06:46:33.9931988Z"
"ph_00000040","user_0002","org_001","ste_000763","14","1896416","2025-10-10T07:42:33.9931988Z"
"ph_00000041","user_0002","org_001","ste_000331","3","671818","2025-04-21T02:18:33.9931988Z"
"ph_00000042","user_0002","org_001","ste_000793","1","1655266","2025-10-30T16:50:33.9931988Z"
"ph_00000043","user_0002","org_001","ste_000817","10","995043","2026-01-07T01:15:33.9931988Z"
"ph_00000044","user_0002","org_001","ste_000162","17","3706312","2025-05-30T16:10:33.9931988Z"
"ph_00000045","user_0002","org_001","ste_001075","9","684278","2025-10-23T02:35:33.9931988Z"
"ph_00000046","user_0002","org_001","ste_000266","24","207709","2026-03-22T17:01:33.9931988Z"
"ph_00000047","user_0002","org_001","ste_000520","4","2686833","2025-05-28T07:28:33.9931988Z"
"ph_00000048","user_0002","org_001","ste_000592","15","489077","2025-12-27T09:32:33.9931988Z"
"ph_00000049","user_0002","org_001","ste_000217","21","1325675","2025-10-04T05:16:33.9931988Z"
"ph_00000050","user_0002","org_001","ste_000930","18","1689569","2025-04-03T23:24:33.9931988Z"
"ph_00000051","user_0002","org_001","ste_001158","22","987485","2025-11-27T06:40:33.9931988Z"
"ph_00000052","user_0002","org_001","ste_000303","5","686282","2025-09-14T18:04:33.9931988Z"
"ph_00000053","user_0002","org_001","ste_001018","6","423030","2025-05-06T22:30:33.9931988Z"
"ph_00000054","user_0002","org_001","ste_001113","20","1089383","2025-11-06T12:00:33.9931988Z"
"ph_00000055","user_0002","org_001","ste_000847","5","3208689","2025-06-15T17:00:33.9931988Z"
"ph_00000056","user_0002","org_001","ste_000106","3","1691874","2025-05-13T13:50:33.9931988Z"
"ph_00000057","user_0002","org_001","ste_000594","3","1477437","2025-07-23T03:49:33.9931988Z"
"ph_00000058","user_0002","org_001","ste_000992","18","2249120","2025-10-09T21:59:33.9931988Z"
"ph_00000059","user_0002","org_001","ste_000753","19","3407586","2026-02-16T15:56:33.9931988Z"
"ph_00000060","user_0003","org_001","ste_001151","8","161284","2025-08-24T12:04:33.9931988Z"
"ph_00000061","user_0003","org_001","ste_000332","17","176016","2025-08-19T13:49:33.9931988Z"
"ph_00000062","user_0003","org_001","ste_000315","2","407497","2025-12-25T19:41:33.9931988Z"
"ph_00000063","user_0003","org_001","ste_000261","13","1202912","2025-11-21T06:51:33.9931988Z"
"ph_00000064","user_0003","org_001","ste_000243","13","197995","2025-06-18T01:23:33.9931988Z"
"ph_00000065","user_0003","org_001","ste_000471","10","155810","2025-05-07T20:03:33.9931988Z"
"ph_00000066","user_0003","org_001","ste_001134","23","402707","2026-03-10T14:41:33.9931988Z"
"ph_00000067","user_0003","org_001","ste_000248","13","371237","2025-11-24T09:14:33.9931988Z"
"ph_00000068","user_0003","org_001","ste_000414","23","242827","2025-04-09T01:10:33.9931988Z"
"ph_00000069","user_0003","org_001","ste_000690","1","1278048","2025-09-03T17:09:33.9931988Z"
"ph_00000070","user_0003","org_001","ste_000674","7","1204042","2025-09-20T00:54:33.9931988Z"
"ph_00000071","user_0003","org_001","ste_000321","1","1078918","2026-02-16T19:21:33.9931988Z"
"ph_00000072","user_0003","org_001","ste_001035","12","71102","2025-11-22T19:52:33.9931988Z"
"ph_00000073","user_0004","org_001","ste_000740","1","3103196","2025-05-16T14:07:33.9931988Z"
"ph_00000074","user_0004","org_001","ste_000142","22","3036195","2026-02-12T00:00:33.9931988Z"
"ph_00000075","user_0004","org_001","ste_000904","11","3614916","2025-09-29T05:28:33.9931988Z"
"ph_00000076","user_0004","org_001","ste_001158","11","512544","2026-01-06T05:05:33.9931988Z"
"ph_00000077","user_0004","org_001","ste_000260","5","501005","2025-07-18T20:29:33.9931988Z"
"ph_00000078","user_0004","org_001","ste_000649","22","1556240","2026-02-27T04:18:33.9931988Z"
"ph_00000079","user_0004","org_001","ste_000304","15","1761054","2026-03-05T12:27:33.9931988Z"
"ph_00000080","user_0004","org_001","ste_000459","17","1200277","2026-01-05T21:06:33.9931988Z"
"ph_00000081","user_0004","org_001","ste_000701","2","3195251","2025-11-18T16:08:33.9931988Z"
"ph_00000082","user_0004","org_001","ste_000533","12","1422400","2025-05-29T22:37:33.9931988Z"
"ph_00000083","user_0004","org_001","ste_000583","23","1632906","2025-09-01T19:01:33.9931988Z"
"ph_00000084","user_0004","org_001","ste_000493","12","3690773","2025-09-07T11:47:33.9931988Z"
"ph_00000085","user_0004","org_001","ste_000366","1","3747436","2025-08-09T15:24:33.9931988Z"
"ph_00000086","user_0004","org_001","ste_001019","10","3499759","2025-04-29T05:42:33.9931988Z"
"ph_00000087","user_0004","org_001","ste_000341","10","186242","2026-02-19T02:46:33.9931988Z"
"ph_00000088","user_0004","org_001","ste_000845","15","1404469","2026-01-23T15:15:33.9931988Z"
"ph_00000089","user_0004","org_001","ste_000866","19","2521881","2025-09-21T03:18:33.9931988Z"
"ph_00000090","user_0004","org_001","ste_000506","10","1735541","2026-01-07T13:43:33.9931988Z"
"ph_00000091","user_0004","org_001","ste_000466","16","1466134","2026-01-16T13:39:33.9931988Z"
"ph_00000092","user_0004","org_001","ste_001030","19","1295959","2025-11-19T07:36:33.9931988Z"
"ph_00000093","user_0004","org_001","ste_000185","7","1295882","2025-05-01T18:29:33.9931988Z"
"ph_00000094","user_0004","org_001","ste_000816","6","1442883","2026-02-13T15:32:33.9931988Z"
"ph_00000095","user_0004","org_001","ste_000721","12","411895","2026-02-19T15:46:33.9931988Z"
"ph_00000096","user_0004","org_001","ste_000925","2","528921","2025-12-03T00:12:33.9931988Z"
"ph_00000097","user_0004","org_001","ste_000508","16","1915951","2025-07-08T23:30:33.9931988Z"
"ph_00000098","user_0004","org_001","ste_001071","15","2693687","2026-01-15T04:06:33.9931988Z"
"ph_00000099","user_0004","org_001","ste_000343","11","607229","2025-05-09T06:08:33.9931988Z"
"ph_00000100","user_0005","org_001","ste_000385","6","198598","2025-06-18T07:34:33.9931988Z"
"ph_00000101","user_0005","org_001","ste_000905","12","1107917","2025-06-21T03:53:33.9931988Z"
"ph_00000102","user_0005","org_001","ste_000584","9","1190350","2026-02-26T23:29:33.9931988Z"
"ph_00000103","user_0005","org_001","ste_000331","9","1914337","2025-07-12T17:28:33.9931988Z"
"ph_00000104","user_0005","org_001","ste_000735","1","1134212","2025-06-09T20:15:33.9931988Z"
"ph_00000105","user_0005","org_001","ste_000805","20","397220","2025-10-06T20:49:33.9931988Z"
"ph_00000106","user_0005","org_001","ste_000639","14","853381","2026-02-01T22:09:33.9931988Z"
"ph_00000107","user_0005","org_001","ste_000549","3","408273","2025-11-13T09:00:33.9931988Z"
"ph_00000108","user_0005","org_001","ste_000850","4","690754","2025-08-01T01:04:33.9931988Z"
"ph_00000109","user_0005","org_001","ste_000451","3","205072","2026-01-04T12:36:33.9931988Z"
"ph_00000110","user_0005","org_001","ste_000629","7","1204338","2025-05-31T15:39:33.9931988Z"
"ph_00000111","user_0005","org_001","ste_000902","8","325887","2025-10-29T10:52:33.9931988Z"
"ph_00000112","user_0005","org_001","ste_000429","6","415360","2025-08-11T14:58:33.9931988Z"
"ph_00000113","user_0005","org_001","ste_001073","22","501637","2025-07-07T14:05:33.9931988Z"
"ph_00000114","user_0005","org_001","ste_000613","16","785777","2025-07-23T15:51:33.9931988Z"
"ph_00000115","user_0005","org_001","ste_001030","17","1250068","2025-10-22T06:10:33.9931988Z"
"ph_00000116","user_0005","org_001","ste_000248","19","63078","2025-06-22T17:39:33.9931988Z"
"ph_00000117","user_0005","org_001","ste_000082","12","1061238","2025-12-01T23:01:33.9931988Z"
"ph_00000118","user_0005","org_001","ste_000151","24","1823139","2025-08-24T19:42:33.9931988Z"
"ph_00000119","user_0005","org_001","ste_000735","16","233225","2026-03-10T11:03:33.9931988Z"
"ph_00000120","user_0005","org_001","ste_000129","22","456551","2025-11-13T16:50:33.9931988Z"
"ph_00000121","user_0005","org_001","ste_000158","21","124547","2026-02-22T21:29:33.9931988Z"
"ph_00000122","user_0005","org_001","ste_001017","11","226080","2025-11-21T22:02:33.9931988Z"
"ph_00000123","user_0006","org_001","ste_000293","5","1051178","2025-10-01T03:30:33.9931988Z"
"ph_00000124","user_0006","org_001","ste_000193","8","830600","2026-02-18T19:59:33.9931988Z"
"ph_00000125","user_0006","org_001","ste_000461","24","607747","2025-12-30T08:48:33.9931988Z"
"ph_00000126","user_0006","org_001","ste_000823","16","1752361","2025-04-10T20:00:33.9931988Z"
"ph_00000127","user_0006","org_001","ste_000690","5","526171","2026-01-07T22:37:33.9931988Z"
"ph_00000128","user_0006","org_001","ste_000706","5","1439801","2026-02-23T05:56:33.9931988Z"
"ph_00000129","user_0006","org_001","ste_000038","16","2453306","2025-08-22T02:17:33.9931988Z"
"ph_00000130","user_0006","org_001","ste_000299","3","1022946","2025-12-05T08:12:33.9931988Z"
"ph_00000131","user_0006","org_001","ste_000175","23","2348314","2026-03-15T01:33:33.9931988Z"
"ph_00000132","user_0006","org_001","ste_001129","8","598071","2026-02-09T02:32:33.9931988Z"
"ph_00000133","user_0006","org_001","ste_000924","9","1338956","2025-06-11T07:28:33.9931988Z"
"ph_00000134","user_0006","org_001","ste_000346","24","765926","2025-07-31T06:34:33.9931988Z"
"ph_00000135","user_0006","org_001","ste_001168","17","1000690","2025-03-29T22:58:33.9931988Z"
"ph_00000136","user_0006","org_001","ste_000631","17","760552","2025-03-31T12:28:33.9931988Z"
"ph_00000137","user_0006","org_001","ste_000785","22","198980","2025-12-06T04:38:33.9931988Z"
"ph_00000138","user_0006","org_001","ste_001167","2","125980","2025-07-19T15:13:33.9931988Z"
"ph_00000139","user_0006","org_001","ste_001172","6","174767","2025-05-11T16:52:33.9931988Z"
"ph_00000140","user_0006","org_001","ste_000392","3","661519","2025-06-09T23:52:33.9931988Z"
"ph_00000141","user_0006","org_001","ste_000040","23","3198859","2025-08-22T12:06:33.9931988Z"
"ph_00000142","user_0006","org_001","ste_000035","17","1211523","2025-04-19T17:17:33.9931988Z"
"ph_00000143","user_0006","org_001","ste_000104","8","152511","2025-08-10T13:23:33.9931988Z"
"ph_00000144","user_0007","org_001","ste_000279","23","2532677","2025-06-11T11:04:33.9931988Z"
"ph_00000145","user_0007","org_001","ste_000580","23","1170378","2025-09-09T21:01:33.9931988Z"
"ph_00000146","user_0007","org_001","ste_000163","3","290048","2026-02-23T06:59:33.9931988Z"
"ph_00000147","user_0007","org_001","ste_000792","20","307477","2025-11-05T12:57:33.9931988Z"
"ph_00000148","user_0007","org_001","ste_000008","14","1272075","2025-04-20T14:35:33.9931988Z"
"ph_00000149","user_0007","org_001","ste_000096","18","362107","2025-04-07T20:14:33.9931988Z"
"ph_00000150","user_0007","org_001","ste_000226","4","1280036","2025-10-13T02:56:33.9931988Z"
"ph_00000151","user_0007","org_001","ste_000474","12","1909394","2025-04-11T02:33:33.9931988Z"
"ph_00000152","user_0007","org_001","ste_000153","24","296137","2025-05-27T03:24:33.9931988Z"
"ph_00000153","user_0007","org_001","ste_000407","3","2491124","2025-09-18T14:18:33.9931988Z"
"ph_00000154","user_0007","org_001","ste_000878","6","483887","2025-07-15T13:46:33.9931988Z"
"ph_00000155","user_0007","org_001","ste_000463","17","185934","2026-03-15T13:30:33.9931988Z"
"ph_00000156","user_0007","org_001","ste_001114","12","179543","2026-03-12T11:13:33.9931988Z"
"ph_00000157","user_0007","org_001","ste_000489","17","1006997","2025-04-08T12:38:33.9931988Z"
"ph_00000158","user_0007","org_001","ste_000572","9","363442","2025-07-05T00:57:33.9931988Z"
"ph_00000159","user_0007","org_001","ste_000387","6","104411","2025-04-11T01:28:33.9931988Z"
"ph_00000160","user_0007","org_001","ste_000993","2","2824421","2025-06-23T04:09:33.9931988Z"
"ph_00000161","user_0007","org_001","ste_000210","10","253255","2026-03-08T16:28:33.9931988Z"
"ph_00000162","user_0007","org_001","ste_000475","5","1974895","2025-07-23T20:33:33.9931988Z"
"ph_00000163","user_0007","org_001","ste_000364","9","3382397","2025-07-19T07:14:33.9931988Z"
"ph_00000164","user_0007","org_001","ste_000798","10","450128","2025-09-04T07:35:33.9931988Z"
"ph_00000165","user_0007","org_001","ste_000509","9","199041","2025-12-03T00:15:33.9931988Z"
"ph_00000166","user_0007","org_001","ste_001143","7","232795","2025-06-01T02:45:33.9931988Z"
"ph_00000167","user_0007","org_001","ste_000484","10","420954","2025-07-19T20:36:33.9931988Z"
"ph_00000168","user_0007","org_001","ste_000683","19","413933","2025-09-27T21:24:33.9931988Z"
"ph_00000169","user_0007","org_001","ste_000621","24","127380","2025-09-29T14:25:33.9931988Z"
"ph_00000170","user_0007","org_001","ste_001021","15","279692","2025-08-05T23:59:33.9931988Z"
"ph_00000171","user_0007","org_001","ste_000322","1","75031","2025-04-29T08:46:33.9931988Z"
"ph_00000172","user_0007","org_001","ste_001057","14","119745","2025-09-03T08:25:33.9931988Z"
"ph_00000173","user_0007","org_001","ste_001135","13","606026","2025-05-24T08:58:33.9931988Z"
"ph_00000174","user_0007","org_001","ste_000573","20","2705485","2026-01-24T16:22:33.9931988Z"
"ph_00000175","user_0008","org_001","ste_000993","19","1854307","2025-12-28T18:47:33.9931988Z"
"ph_00000176","user_0008","org_001","ste_000407","17","3553768","2025-08-22T02:29:33.9931988Z"
"ph_00000177","user_0008","org_001","ste_000272","1","23637","2025-04-21T11:05:33.9931988Z"
"ph_00000178","user_0008","org_001","ste_000467","9","2086275","2026-02-26T22:16:33.9931988Z"
"ph_00000179","user_0008","org_001","ste_001120","16","1308759","2026-02-20T08:41:33.9931988Z"
"ph_00000180","user_0008","org_001","ste_000736","24","159063","2026-01-12T22:50:33.9931988Z"
"ph_00000181","user_0008","org_001","ste_000367","9","45420","2026-03-01T05:50:33.9931988Z"
"ph_00000182","user_0008","org_001","ste_000666","9","206750","2025-11-25T13:54:33.9931988Z"
"ph_00000183","user_0008","org_001","ste_000469","18","21230","2025-07-20T21:33:33.9931988Z"
"ph_00000184","user_0008","org_001","ste_000948","24","244708","2026-02-03T20:13:33.9931988Z"
"ph_00000185","user_0008","org_001","ste_000390","7","361360","2025-04-10T04:16:33.9931988Z"
"ph_00000186","user_0008","org_001","ste_000514","14","80011","2025-08-08T09:28:33.9931988Z"
"ph_00000187","user_0008","org_001","ste_000119","13","41848","2026-01-28T10:39:33.9931988Z"
"ph_00000188","user_0008","org_001","ste_000800","3","405227","2025-06-15T00:36:33.9931988Z"
"ph_00000189","user_0008","org_001","ste_000010","15","371492","2025-06-22T16:18:33.9931988Z"
"ph_00000190","user_0008","org_001","ste_000627","6","3214696","2025-06-15T03:40:33.9931988Z"
"ph_00000191","user_0008","org_001","ste_000407","24","507370","2025-04-10T13:53:33.9931988Z"
"ph_00000192","user_0008","org_001","ste_000157","9","392490","2025-11-18T12:27:33.9931988Z"
"ph_00000193","user_0008","org_001","ste_000491","12","284393","2025-04-09T06:17:33.9931988Z"
"ph_00000194","user_0008","org_001","ste_001115","24","176811","2025-11-13T17:18:33.9931988Z"
"ph_00000195","user_0008","org_001","ste_000055","18","1500305","2026-01-10T03:22:33.9931988Z"
"ph_00000196","user_0008","org_001","ste_000769","12","262392","2026-03-10T03:12:33.9931988Z"
"ph_00000197","user_0008","org_001","ste_000906","15","1280687","2025-09-02T19:50:33.9931988Z"
"ph_00000198","user_0008","org_001","ste_000245","12","3205742","2025-04-11T01:52:33.9931988Z"
"ph_00000199","user_0008","org_001","ste_000232","4","779716","2026-01-23T20:31:33.9931988Z"
"ph_00000200","user_0008","org_001","ste_001047","9","1645839","2025-08-14T21:54:33.9931988Z"
"ph_00000201","user_0009","org_002","ste_000068","2","713393","2025-09-07T23:57:33.9931988Z"
"ph_00000202","user_0009","org_002","ste_001034","1","1284635","2026-02-28T02:08:33.9931988Z"
"ph_00000203","user_0009","org_002","ste_000187","21","993457","2026-01-18T10:27:33.9931988Z"
"ph_00000204","user_0009","org_002","ste_000784","23","749551","2025-09-05T08:44:33.9931988Z"
"ph_00000205","user_0009","org_002","ste_001116","1","1275841","2025-09-30T15:30:33.9931988Z"
"ph_00000206","user_0009","org_002","ste_000944","16","756327","2025-07-18T02:16:33.9931988Z"
"ph_00000207","user_0009","org_002","ste_000900","7","1215256","2026-01-01T17:40:33.9931988Z"
"ph_00000208","user_0009","org_002","ste_001119","1","993442","2025-09-15T01:23:33.9931988Z"
"ph_00000209","user_0009","org_002","ste_000240","21","1466278","2025-07-04T22:46:33.9931988Z"
"ph_00000210","user_0009","org_002","ste_000931","10","603945","2025-09-20T18:58:33.9931988Z"
"ph_00000211","user_0009","org_002","ste_000730","1","937125","2025-05-03T01:33:33.9931988Z"
"ph_00000212","user_0009","org_002","ste_000302","23","868116","2025-12-19T21:26:33.9931988Z"
"ph_00000213","user_0009","org_002","ste_000528","9","835373","2025-09-01T05:26:33.9931988Z"
"ph_00000214","user_0009","org_002","ste_000816","9","1166408","2025-11-10T16:33:33.9931988Z"
"ph_00000215","user_0009","org_002","ste_000528","7","787353","2025-04-01T00:12:33.9931988Z"
"ph_00000216","user_0009","org_002","ste_000690","8","212975","2025-08-08T20:33:33.9931988Z"
"ph_00000217","user_0009","org_002","ste_000136","13","1262814","2025-12-18T01:07:33.9931988Z"
"ph_00000218","user_0009","org_002","ste_000743","1","1063357","2026-01-02T13:04:33.9931988Z"
"ph_00000219","user_0009","org_002","ste_000702","10","1701815","2025-09-12T16:27:33.9931988Z"
"ph_00000220","user_0010","org_002","ste_000274","7","1772358","2025-04-26T13:55:33.9931988Z"
"ph_00000221","user_0010","org_002","ste_000110","10","1884382","2026-01-19T11:54:33.9931988Z"
"ph_00000222","user_0010","org_002","ste_000270","16","1843407","2025-12-27T04:33:33.9931988Z"
"ph_00000223","user_0010","org_002","ste_001180","17","453461","2025-03-30T07:23:33.9931988Z"
"ph_00000224","user_0010","org_002","ste_000436","3","2962003","2025-12-20T14:08:33.9931988Z"
"ph_00000225","user_0010","org_002","ste_000730","16","2745562","2026-02-13T05:07:33.9931988Z"
"ph_00000226","user_0010","org_002","ste_000438","12","26372","2025-04-01T12:12:33.9931988Z"
"ph_00000227","user_0010","org_002","ste_001105","10","1643272","2025-07-09T16:32:33.9931988Z"
"ph_00000228","user_0010","org_002","ste_000657","22","2463955","2025-10-03T07:13:33.9931988Z"
"ph_00000229","user_0010","org_002","ste_000547","3","2112966","2025-04-25T12:51:33.9931988Z"
"ph_00000230","user_0010","org_002","ste_000675","6","781937","2026-01-06T06:02:33.9931988Z"
"ph_00000231","user_0010","org_002","ste_000566","22","2284988","2025-04-14T10:04:33.9931988Z"
"ph_00000232","user_0010","org_002","ste_000397","8","2396640","2025-08-23T10:07:33.9931988Z"
"ph_00000233","user_0010","org_002","ste_000709","13","2244062","2025-10-15T09:25:33.9931988Z"
"ph_00000234","user_0010","org_002","ste_000039","21","20554","2025-09-19T08:42:33.9931988Z"
"ph_00000235","user_0010","org_002","ste_000948","12","251877","2026-02-25T23:55:33.9931988Z"
"ph_00000236","user_0010","org_002","ste_000894","10","1015359","2025-05-13T18:07:33.9931988Z"
"ph_00000237","user_0010","org_002","ste_001057","8","198375","2026-03-26T00:45:33.9931988Z"
"ph_00000238","user_0010","org_002","ste_000685","7","3304210","2025-10-16T13:58:33.9931988Z"
"ph_00000239","user_0010","org_002","ste_000191","11","956409","2025-08-18T13:43:33.9931988Z"
"ph_00000240","user_0010","org_002","ste_000928","16","237081","2025-09-06T20:28:33.9931988Z"
"ph_00000241","user_0010","org_002","ste_000355","16","3697030","2025-06-30T08:21:33.9931988Z"
"ph_00000242","user_0010","org_002","ste_000222","8","429009","2025-08-30T13:01:33.9931988Z"
"ph_00000243","user_0010","org_002","ste_000471","6","125665","2025-07-30T04:30:33.9931988Z"
"ph_00000244","user_0010","org_002","ste_000996","20","927250","2025-11-01T14:47:33.9931988Z"
"ph_00000245","user_0010","org_002","ste_001096","4","421246","2025-08-11T01:35:33.9931988Z"
"ph_00000246","user_0010","org_002","ste_000663","24","320094","2025-10-15T02:02:33.9931988Z"
"ph_00000247","user_0010","org_002","ste_001186","7","3102674","2026-03-12T21:47:33.9931988Z"
"ph_00000248","user_0010","org_002","ste_000934","5","98952","2025-10-16T04:22:33.9931988Z"
"ph_00000249","user_0010","org_002","ste_000329","22","437181","2025-10-03T22:17:33.9931988Z"
"ph_00000250","user_0010","org_002","ste_000957","14","340551","2025-11-06T13:13:33.9931988Z"
"ph_00000251","user_0010","org_002","ste_001190","10","1050470","2025-07-09T21:14:33.9931988Z"
"ph_00000252","user_0010","org_002","ste_000843","16","1651530","2025-07-20T01:57:33.9931988Z"
"ph_00000253","user_0010","org_002","ste_000999","7","3146002","2025-11-01T13:06:33.9931988Z"
"ph_00000254","user_0010","org_002","ste_001159","7","3069305","2025-09-19T09:00:33.9931988Z"
"ph_00000255","user_0010","org_002","ste_000022","11","392231","2025-11-25T00:58:33.9931988Z"
"ph_00000256","user_0010","org_002","ste_000540","3","392771","2025-07-14T23:18:33.9931988Z"
"ph_00000257","user_0011","org_002","ste_000650","14","1182972","2025-08-01T09:51:33.9931988Z"
"ph_00000258","user_0011","org_002","ste_001158","20","1778385","2025-10-11T06:22:33.9931988Z"
"ph_00000259","user_0011","org_002","ste_000019","4","605533","2025-06-08T16:49:33.9931988Z"
"ph_00000260","user_0011","org_002","ste_000339","22","342577","2026-02-16T07:27:33.9931988Z"
"ph_00000261","user_0011","org_002","ste_000117","24","723710","2025-05-29T07:30:33.9931988Z"
"ph_00000262","user_0011","org_002","ste_000235","23","565820","2026-01-07T15:40:33.9931988Z"
"ph_00000263","user_0011","org_002","ste_001082","11","1260429","2026-01-24T19:30:33.9931988Z"
"ph_00000264","user_0011","org_002","ste_000181","18","1741887","2025-04-12T22:53:33.9931988Z"
"ph_00000265","user_0011","org_002","ste_000808","24","586907","2025-05-16T14:35:33.9931988Z"
"ph_00000266","user_0011","org_002","ste_001155","17","881127","2026-03-07T10:37:33.9931988Z"
"ph_00000267","user_0011","org_002","ste_000199","23","1312606","2025-06-11T14:35:33.9931988Z"
"ph_00000268","user_0011","org_002","ste_000016","12","434378","2025-08-29T11:01:33.9931988Z"
"ph_00000269","user_0011","org_002","ste_001192","9","1160891","2025-11-18T03:22:33.9931988Z"
"ph_00000270","user_0011","org_002","ste_000974","6","1707189","2025-11-17T11:46:33.9931988Z"
"ph_00000271","user_0011","org_002","ste_000140","1","1058663","2026-03-26T09:19:33.9931988Z"
"ph_00000272","user_0011","org_002","ste_000553","24","306268","2025-07-13T06:04:33.9931988Z"
"ph_00000273","user_0011","org_002","ste_000318","19","197482","2025-04-16T22:20:33.9931988Z"
"ph_00000274","user_0011","org_002","ste_000444","13","963717","2026-02-15T06:10:33.9931988Z"
"ph_00000275","user_0011","org_002","ste_000481","15","1666102","2025-05-07T13:00:33.9931988Z"
"ph_00000276","user_0011","org_002","ste_000884","5","503756","2025-10-04T20:29:33.9931988Z"
"ph_00000277","user_0011","org_002","ste_000156","5","1176872","2026-01-12T20:48:33.9931988Z"
"ph_00000278","user_0011","org_002","ste_000262","5","402946","2025-08-30T10:25:33.9931988Z"
"ph_00000279","user_0012","org_002","ste_000319","17","62636","2026-02-21T03:04:33.9931988Z"
"ph_00000280","user_0012","org_002","ste_000884","24","104162","2025-09-02T00:49:33.9931988Z"
"ph_00000281","user_0012","org_002","ste_001060","8","1493119","2025-09-19T15:20:33.9931988Z"
"ph_00000282","user_0012","org_002","ste_001082","15","570302","2025-07-14T22:08:33.9931988Z"
"ph_00000283","user_0012","org_002","ste_000729","9","661032","2025-12-25T07:19:33.9931988Z"
"ph_00000284","user_0012","org_002","ste_001198","12","2531759","2026-01-28T06:13:33.9931988Z"
"ph_00000285","user_0012","org_002","ste_000263","9","628732","2025-09-03T00:41:33.9931988Z"
"ph_00000286","user_0012","org_002","ste_001197","12","1804462","2025-06-26T17:03:33.9931988Z"
"ph_00000287","user_0012","org_002","ste_000275","8","964553","2025-08-10T22:23:33.9931988Z"
"ph_00000288","user_0012","org_002","ste_000018","3","785704","2025-11-10T09:37:33.9931988Z"
"ph_00000289","user_0012","org_002","ste_000749","1","866917","2025-09-11T19:06:33.9931988Z"
"ph_00000290","user_0012","org_002","ste_001167","15","210869","2025-10-29T23:21:33.9931988Z"
"ph_00000291","user_0013","org_002","ste_000676","4","943329","2026-03-17T01:22:33.9931988Z"
"ph_00000292","user_0013","org_002","ste_000478","4","1799000","2025-04-09T15:53:33.9931988Z"
"ph_00000293","user_0013","org_002","ste_000446","13","1261896","2026-03-07T09:43:33.9931988Z"
"ph_00000294","user_0013","org_002","ste_000667","5","941828","2025-04-03T09:59:33.9931988Z"
"ph_00000295","user_0013","org_002","ste_000832","24","854306","2025-12-24T15:56:33.9931988Z"
"ph_00000296","user_0013","org_002","ste_000839","2","1680682","2026-01-26T23:40:33.9931988Z"
"ph_00000297","user_0013","org_002","ste_000608","18","320825","2026-01-01T16:50:33.9931988Z"
"ph_00000298","user_0013","org_002","ste_000700","5","363129","2025-06-21T22:45:33.9931988Z"
"ph_00000299","user_0013","org_002","ste_000443","12","622924","2025-08-25T00:08:33.9931988Z"
"ph_00000300","user_0013","org_002","ste_000299","13","3002748","2025-06-20T22:31:33.9931988Z"
"ph_00000301","user_0013","org_002","ste_000494","7","1560470","2025-05-02T16:23:33.9931988Z"
"ph_00000302","user_0013","org_002","ste_000866","20","2680780","2025-03-28T04:50:33.9931988Z"
"ph_00000303","user_0013","org_002","ste_000549","8","863961","2026-01-26T02:03:33.9931988Z"
"ph_00000304","user_0013","org_002","ste_000629","23","1026414","2025-08-06T19:56:33.9931988Z"
"ph_00000305","user_0013","org_002","ste_000782","19","559391","2026-02-26T16:07:33.9931988Z"
"ph_00000306","user_0013","org_002","ste_000498","17","1100865","2025-11-07T13:07:33.9931988Z"
"ph_00000307","user_0013","org_002","ste_000601","14","791516","2025-05-18T16:04:33.9931988Z"
"ph_00000308","user_0013","org_002","ste_000750","20","2869554","2025-09-26T13:25:33.9931988Z"
"ph_00000309","user_0013","org_002","ste_001023","23","3570714","2025-04-16T22:49:33.9931988Z"
"ph_00000310","user_0013","org_002","ste_000820","3","1828911","2026-02-20T02:39:33.9931988Z"
"ph_00000311","user_0013","org_002","ste_000520","12","3334949","2025-06-06T02:43:33.9931988Z"
"ph_00000312","user_0013","org_002","ste_000215","21","2321259","2025-09-20T12:47:33.9931988Z"
"ph_00000313","user_0013","org_002","ste_000083","17","1113862","2025-07-10T19:04:33.9931988Z"
"ph_00000314","user_0013","org_002","ste_000617","16","397828","2025-03-28T15:09:33.9931988Z"
"ph_00000315","user_0013","org_002","ste_001077","1","229030","2025-05-29T16:32:33.9931988Z"
"ph_00000316","user_0013","org_002","ste_000234","9","1578437","2026-02-01T02:04:33.9931988Z"
"ph_00000317","user_0013","org_002","ste_000424","12","3030617","2025-04-15T19:39:33.9931988Z"
"ph_00000318","user_0014","org_002","ste_000083","11","1049674","2025-10-08T21:42:33.9931988Z"
"ph_00000319","user_0014","org_002","ste_000571","17","313146","2025-04-15T14:34:33.9931988Z"
"ph_00000320","user_0014","org_002","ste_000721","14","1317547","2025-05-31T17:23:33.9931988Z"
"ph_00000321","user_0014","org_002","ste_000230","24","696957","2025-10-02T11:11:33.9931988Z"
"ph_00000322","user_0014","org_002","ste_000185","22","1835200","2026-02-07T01:12:33.9931988Z"
"ph_00000323","user_0014","org_002","ste_000232","22","1054670","2026-03-23T04:36:33.9931988Z"
"ph_00000324","user_0014","org_002","ste_000326","19","1051528","2026-03-05T22:36:33.9931988Z"
"ph_00000325","user_0014","org_002","ste_000357","19","468003","2025-09-15T16:12:33.9931988Z"
"ph_00000326","user_0014","org_002","ste_000620","24","2924513","2026-02-21T03:01:33.9931988Z"
"ph_00000327","user_0014","org_002","ste_000746","12","264384","2026-02-13T15:38:33.9931988Z"
"ph_00000328","user_0014","org_002","ste_000033","22","3364314","2025-10-04T01:46:33.9931988Z"
"ph_00000329","user_0014","org_002","ste_000110","12","350715","2025-10-06T21:24:33.9931988Z"
"ph_00000330","user_0014","org_002","ste_000919","5","527901","2025-10-26T18:34:33.9931988Z"
"ph_00000331","user_0014","org_002","ste_000174","13","1117052","2026-02-24T12:24:33.9931988Z"
"ph_00000332","user_0014","org_002","ste_001018","7","283315","2026-02-26T20:33:33.9931988Z"
"ph_00000333","user_0014","org_002","ste_000323","21","1578394","2026-01-29T19:15:33.9931988Z"
"ph_00000334","user_0014","org_002","ste_000654","4","2155312","2025-12-20T09:19:33.9931988Z"
"ph_00000335","user_0014","org_002","ste_000089","17","1000542","2026-01-28T11:57:33.9931988Z"
"ph_00000336","user_0014","org_002","ste_000603","20","2547223","2026-03-06T19:31:33.9931988Z"
"ph_00000337","user_0014","org_002","ste_000584","9","838425","2025-06-23T09:04:33.9931988Z"
"ph_00000338","user_0014","org_002","ste_000547","2","947936","2025-10-23T13:50:33.9931988Z"
"ph_00000339","user_0014","org_002","ste_000633","4","1169594","2025-06-15T08:42:33.9931988Z"
"ph_00000340","user_0014","org_002","ste_000993","16","878783","2025-10-26T11:43:33.9931988Z"
"ph_00000341","user_0015","org_002","ste_000159","11","290719","2026-03-23T22:35:33.9931988Z"
"ph_00000342","user_0015","org_002","ste_000806","21","333428","2025-06-05T19:47:33.9931988Z"
"ph_00000343","user_0015","org_002","ste_001043","3","568364","2025-10-07T14:54:33.9931988Z"
"ph_00000344","user_0015","org_002","ste_000564","6","212644","2025-05-03T18:26:33.9931988Z"
"ph_00000345","user_0015","org_002","ste_001120","9","2868833","2026-01-17T03:08:33.9931988Z"
"ph_00000346","user_0015","org_002","ste_000560","21","1047765","2026-01-20T06:36:33.9931988Z"
"ph_00000347","user_0015","org_002","ste_000401","10","543078","2026-03-21T20:54:33.9931988Z"
"ph_00000348","user_0015","org_002","ste_000620","11","3315929","2026-03-07T03:17:33.9931988Z"
"ph_00000349","user_0015","org_002","ste_000081","4","988677","2025-06-17T17:57:33.9931988Z"
"ph_00000350","user_0015","org_002","ste_001076","1","1069928","2025-12-13T01:28:33.9931988Z"
"ph_00000351","user_0015","org_002","ste_000223","7","706180","2025-05-22T07:54:33.9931988Z"
"ph_00000352","user_0015","org_002","ste_001134","2","449235","2025-10-08T06:41:33.9931988Z"
"ph_00000353","user_0015","org_002","ste_000658","19","673950","2025-05-05T01:46:33.9931988Z"
"ph_00000354","user_0015","org_002","ste_000131","23","3723528","2025-09-26T01:19:33.9931988Z"
"ph_00000355","user_0015","org_002","ste_000096","3","262203","2025-12-03T21:52:33.9931988Z"
"ph_00000356","user_0015","org_002","ste_000196","1","1082402","2025-05-07T20:20:33.9931988Z"
"ph_00000357","user_0015","org_002","ste_000478","6","3712694","2025-06-08T01:30:33.9931988Z"
"ph_00000358","user_0015","org_002","ste_000465","17","2016393","2025-05-30T11:01:33.9931988Z"
"ph_00000359","user_0015","org_002","ste_000992","24","1237739","2025-09-10T01:58:33.9931988Z"
"ph_00000360","user_0015","org_002","ste_000600","21","48070","2026-02-07T16:12:33.9931988Z"
"ph_00000361","user_0015","org_002","ste_000205","2","2112088","2026-02-18T12:55:33.9931988Z"
"ph_00000362","user_0015","org_002","ste_000948","13","371043","2026-02-23T07:35:33.9931988Z"
"ph_00000363","user_0015","org_002","ste_000011","4","1131676","2025-05-12T20:49:33.9931988Z"
"ph_00000364","user_0015","org_002","ste_000437","20","594894","2025-07-27T18:49:33.9931988Z"
"ph_00000365","user_0015","org_002","ste_000248","21","115463","2025-11-12T22:02:33.9931988Z"
"ph_00000366","user_0015","org_002","ste_000673","4","668446","2025-08-06T14:30:33.9931988Z"
"ph_00000367","user_0015","org_002","ste_000250","9","250836","2025-10-04T23:12:33.9931988Z"
"ph_00000368","user_0015","org_002","ste_000730","15","2867444","2025-12-07T03:57:33.9931988Z"
"ph_00000369","user_0015","org_002","ste_000171","7","723934","2025-12-09T12:13:33.9931988Z"
"ph_00000370","user_0015","org_002","ste_000004","18","553369","2025-05-05T00:33:33.9931988Z"
"ph_00000371","user_0015","org_002","ste_000291","2","397459","2025-05-29T00:25:33.9931988Z"
"ph_00000372","user_0016","org_002","ste_000435","11","381198","2026-02-03T05:15:33.9931988Z"
"ph_00000373","user_0016","org_002","ste_001137","3","373048","2025-08-13T17:24:33.9931988Z"
"ph_00000374","user_0016","org_002","ste_000081","17","2690337","2025-05-06T11:20:33.9931988Z"
"ph_00000375","user_0016","org_002","ste_000948","16","328021","2025-05-28T01:59:33.9931988Z"
"ph_00000376","user_0016","org_002","ste_000380","6","447233","2025-09-05T00:01:33.9931988Z"
"ph_00000377","user_0016","org_002","ste_000837","20","1234399","2026-01-31T01:35:33.9931988Z"
"ph_00000378","user_0016","org_002","ste_000437","10","3618780","2026-02-28T09:36:33.9931988Z"
"ph_00000379","user_0016","org_002","ste_000432","8","103884","2026-02-05T00:18:33.9931988Z"
"ph_00000380","user_0016","org_002","ste_000479","21","83443","2025-07-11T00:44:33.9931988Z"
"ph_00000381","user_0016","org_002","ste_000927","14","110338","2025-06-09T06:55:33.9931988Z"
"ph_00000382","user_0016","org_002","ste_001190","1","1396075","2025-12-10T18:49:33.9931988Z"
"ph_00000383","user_0016","org_002","ste_001133","20","220158","2026-03-14T06:44:33.9931988Z"
"ph_00000384","user_0016","org_002","ste_001022","20","1457786","2025-12-26T05:21:33.9931988Z"
"ph_00000385","user_0016","org_002","ste_000283","4","325042","2026-01-11T07:02:33.9931988Z"
"ph_00000386","user_0016","org_002","ste_000361","17","2618258","2025-07-10T06:17:33.9931988Z"
"ph_00000387","user_0016","org_002","ste_000215","3","2183844","2025-04-18T08:44:33.9931988Z"
"ph_00000388","user_0016","org_002","ste_001053","17","485850","2025-04-08T08:12:33.9931988Z"
"ph_00000389","user_0016","org_002","ste_000711","14","285560","2025-05-06T04:13:33.9931988Z"
"ph_00000390","user_0016","org_002","ste_000393","14","1615464","2025-09-26T20:11:33.9931988Z"
"ph_00000391","user_0016","org_002","ste_000856","18","222726","2025-10-08T01:41:33.9931988Z"
"ph_00000392","user_0016","org_002","ste_000523","2","182713","2025-07-27T06:51:33.9931988Z"
"ph_00000393","user_0016","org_002","ste_000867","4","730114","2026-02-02T10:24:33.9931988Z"
"ph_00000394","user_0016","org_002","ste_000992","5","1326695","2025-11-23T05:02:33.9931988Z"
"ph_00000395","user_0016","org_002","ste_000872","12","208381","2025-09-17T14:34:33.9931988Z"
"ph_00000396","user_0016","org_002","ste_000641","17","315299","2025-10-02T23:42:33.9931988Z"
"ph_00000397","user_0016","org_002","ste_000223","18","2366629","2026-03-13T03:44:33.9931988Z"
"ph_00000398","user_0016","org_002","ste_000470","11","362922","2026-02-20T21:04:33.9931988Z"
"ph_00000399","user_0016","org_002","ste_001170","13","179196","2025-12-31T01:55:33.9931988Z"
"ph_00000400","user_0016","org_002","ste_000823","20","682693","2025-11-01T05:01:33.9931988Z"
"ph_00000401","user_0016","org_002","ste_000466","13","684580","2025-05-31T01:36:33.9931988Z"
"ph_00000402","user_0016","org_002","ste_001073","17","1795298","2025-05-22T00:44:33.9931988Z"
"ph_00000403","user_0016","org_002","ste_000739","20","596796","2025-04-08T21:35:33.9931988Z"
"ph_00000404","user_0016","org_002","ste_000966","9","1911739","2025-10-03T12:18:33.9931988Z"
"ph_00000405","user_0016","org_002","ste_000279","22","2999136","2025-07-01T06:36:33.9931988Z"
"ph_00000406","user_0016","org_002","ste_001015","4","3742202","2025-09-25T19:18:33.9931988Z"
"ph_00000407","user_0017","org_003","ste_000137","3","431862","2026-03-12T05:15:33.9931988Z"
"ph_00000408","user_0017","org_003","ste_001174","24","44380","2025-07-15T11:06:33.9931988Z"
"ph_00000409","user_0017","org_003","ste_001178","18","160875","2025-07-30T07:49:33.9931988Z"
"ph_00000410","user_0017","org_003","ste_000264","1","1519301","2025-06-17T22:54:33.9931988Z"
"ph_00000411","user_0017","org_003","ste_000262","20","403459","2025-10-21T12:54:33.9931988Z"
"ph_00000412","user_0017","org_003","ste_000696","4","830309","2025-07-04T00:37:33.9931988Z"
"ph_00000413","user_0017","org_003","ste_001001","11","1203035","2026-02-28T13:46:33.9931988Z"
"ph_00000414","user_0017","org_003","ste_000088","10","71258","2026-02-10T07:47:33.9931988Z"
"ph_00000415","user_0017","org_003","ste_000195","7","1861061","2025-11-15T05:06:33.9931988Z"
"ph_00000416","user_0017","org_003","ste_000010","8","393390","2025-07-14T05:46:33.9931988Z"
"ph_00000417","user_0017","org_003","ste_000080","18","259244","2025-09-28T00:34:33.9931988Z"
"ph_00000418","user_0017","org_003","ste_000305","23","174232","2025-12-23T10:49:33.9931988Z"
"ph_00000419","user_0017","org_003","ste_001000","3","412385","2025-10-05T18:15:33.9931988Z"
"ph_00000420","user_0017","org_003","ste_000148","21","218965","2025-06-12T23:27:33.9931988Z"
"ph_00000421","user_0017","org_003","ste_000247","4","338709","2026-03-19T11:00:33.9931988Z"
"ph_00000422","user_0017","org_003","ste_001130","3","386011","2025-06-10T02:04:33.9931988Z"
"ph_00000423","user_0017","org_003","ste_000918","17","62165","2025-12-25T15:05:33.9931988Z"
"ph_00000424","user_0017","org_003","ste_000007","16","530575","2025-06-25T04:09:33.9931988Z"
"ph_00000425","user_0017","org_003","ste_001188","4","1777458","2025-08-16T02:22:33.9931988Z"
"ph_00000426","user_0017","org_003","ste_000780","8","158191","2025-08-14T13:29:33.9931988Z"
"ph_00000427","user_0017","org_003","ste_000853","21","1732982","2025-04-12T13:17:33.9931988Z"
"ph_00000428","user_0017","org_003","ste_000564","12","304505","2025-10-02T03:15:33.9931988Z"
"ph_00000429","user_0017","org_003","ste_000787","4","1507267","2025-05-08T12:03:33.9931988Z"
"ph_00000430","user_0017","org_003","ste_000088","14","204718","2025-12-27T00:27:33.9931988Z"
"ph_00000431","user_0017","org_003","ste_000156","5","1531698","2025-04-06T15:00:33.9931988Z"
"ph_00000432","user_0017","org_003","ste_000094","7","784313","2025-05-02T17:32:33.9931988Z"
"ph_00000433","user_0017","org_003","ste_000574","2","1784739","2025-07-09T17:26:33.9931988Z"
"ph_00000434","user_0017","org_003","ste_001114","12","325202","2025-04-06T18:09:33.9931988Z"
"ph_00000435","user_0017","org_003","ste_000664","15","179925","2025-06-16T05:49:33.9931988Z"
"ph_00000436","user_0017","org_003","ste_000978","15","1648305","2026-02-06T13:27:33.9931988Z"
"ph_00000437","user_0018","org_003","ste_000578","24","389906","2025-10-03T04:16:33.9931988Z"
"ph_00000438","user_0018","org_003","ste_001151","8","1223705","2025-07-19T14:04:33.9931988Z"
"ph_00000439","user_0018","org_003","ste_000498","6","116148","2026-02-04T23:26:33.9931988Z"
"ph_00000440","user_0018","org_003","ste_000452","8","1224069","2026-02-09T23:07:33.9931988Z"
"ph_00000441","user_0018","org_003","ste_000261","1","119691","2025-07-29T12:04:33.9931988Z"
"ph_00000442","user_0018","org_003","ste_000326","21","1077496","2025-12-06T22:08:33.9931988Z"
"ph_00000443","user_0018","org_003","ste_000162","7","2124624","2025-06-04T10:03:33.9931988Z"
"ph_00000444","user_0018","org_003","ste_000524","24","768073","2025-09-17T07:46:33.9931988Z"
"ph_00000445","user_0018","org_003","ste_000833","2","1033062","2025-12-02T08:03:33.9931988Z"
"ph_00000446","user_0018","org_003","ste_001157","8","809374","2025-07-06T01:28:33.9931988Z"
"ph_00000447","user_0018","org_003","ste_000164","2","393121","2026-02-08T02:01:33.9931988Z"
"ph_00000448","user_0018","org_003","ste_000935","3","269139","2025-12-12T21:36:33.9931988Z"
"ph_00000449","user_0018","org_003","ste_000307","2","174530","2025-05-14T19:16:33.9931988Z"
"ph_00000450","user_0018","org_003","ste_000337","22","606187","2025-06-04T14:24:33.9931988Z"
"ph_00000451","user_0018","org_003","ste_000079","5","825419","2025-06-24T17:32:33.9931988Z"
"ph_00000452","user_0018","org_003","ste_000159","5","358662","2025-04-23T22:07:33.9931988Z"
"ph_00000453","user_0018","org_003","ste_000059","20","54514","2025-10-28T12:01:33.9931988Z"
"ph_00000454","user_0018","org_003","ste_000521","12","178493","2025-06-29T06:01:33.9931988Z"
"ph_00000455","user_0018","org_003","ste_000678","24","1207364","2025-04-22T20:16:33.9931988Z"
"ph_00000456","user_0018","org_003","ste_000669","3","265191","2026-01-05T19:22:33.9931988Z"
"ph_00000457","user_0018","org_003","ste_000209","23","482062","2025-12-26T09:06:33.9931988Z"
"ph_00000458","user_0018","org_003","ste_000690","22","706992","2025-07-26T10:48:33.9931988Z"
"ph_00000459","user_0018","org_003","ste_000035","5","464069","2025-09-11T13:02:33.9931988Z"
"ph_00000460","user_0018","org_003","ste_000961","11","749974","2025-10-03T18:02:33.9931988Z"
"ph_00000461","user_0018","org_003","ste_000718","18","93311","2026-02-03T14:48:33.9931988Z"
"ph_00000462","user_0018","org_003","ste_000748","6","43029","2025-10-04T20:38:33.9931988Z"
"ph_00000463","user_0018","org_003","ste_000359","24","242340","2025-07-09T19:42:33.9931988Z"
"ph_00000464","user_0018","org_003","ste_000462","23","1101579","2025-07-24T04:51:33.9931988Z"
"ph_00000465","user_0018","org_003","ste_000965","21","1689080","2025-05-31T18:16:33.9931988Z"
"ph_00000466","user_0018","org_003","ste_000135","20","239430","2025-11-20T06:05:33.9931988Z"
"ph_00000467","user_0018","org_003","ste_000525","21","148099","2025-06-01T03:00:33.9931988Z"
"ph_00000468","user_0018","org_003","ste_001098","4","207433","2025-06-09T09:14:33.9931988Z"
"ph_00000469","user_0018","org_003","ste_000078","23","78005","2026-02-14T21:05:33.9931988Z"
"ph_00000470","user_0018","org_003","ste_000557","5","28392","2026-02-10T01:33:33.9931988Z"
"ph_00000471","user_0019","org_003","ste_000442","18","69700","2025-09-04T12:12:33.9931988Z"
"ph_00000472","user_0019","org_003","ste_000330","10","1282002","2025-10-15T10:37:33.9931988Z"
"ph_00000473","user_0019","org_003","ste_000793","18","835297","2025-04-09T06:54:33.9931988Z"
"ph_00000474","user_0019","org_003","ste_000491","10","227496","2025-04-23T07:42:33.9931988Z"
"ph_00000475","user_0019","org_003","ste_000216","2","597994","2025-07-28T13:34:33.9931988Z"
"ph_00000476","user_0019","org_003","ste_000937","10","86786","2025-09-25T23:06:33.9931988Z"
"ph_00000477","user_0019","org_003","ste_000166","7","250875","2025-08-25T18:37:33.9931988Z"
"ph_00000478","user_0019","org_003","ste_000290","19","385866","2026-03-24T20:00:33.9931988Z"
"ph_00000479","user_0019","org_003","ste_000991","16","1243634","2026-01-08T09:13:33.9931988Z"
"ph_00000480","user_0019","org_003","ste_000559","1","901136","2025-04-26T10:26:33.9931988Z"
"ph_00000481","user_0019","org_003","ste_000719","18","230363","2025-06-16T00:32:33.9931988Z"
"ph_00000482","user_0019","org_003","ste_000332","8","347537","2025-12-02T00:35:33.9931988Z"
"ph_00000483","user_0019","org_003","ste_000849","5","465284","2025-10-27T17:45:33.9931988Z"
"ph_00000484","user_0019","org_003","ste_000031","14","240805","2026-01-23T17:07:33.9931988Z"
"ph_00000485","user_0019","org_003","ste_001143","3","356421","2025-10-15T12:30:33.9931988Z"
"ph_00000486","user_0019","org_003","ste_000939","6","1294416","2025-12-01T09:17:33.9931988Z"
"ph_00000487","user_0019","org_003","ste_001067","2","186705","2025-09-17T11:31:33.9931988Z"
"ph_00000488","user_0019","org_003","ste_000115","3","386376","2025-07-22T21:25:33.9931988Z"
"ph_00000489","user_0019","org_003","ste_000650","9","1195737","2025-11-14T10:37:33.9931988Z"
"ph_00000490","user_0019","org_003","ste_000472","8","437278","2025-07-29T02:15:33.9931988Z"
"ph_00000491","user_0019","org_003","ste_000629","12","688271","2025-06-12T05:21:33.9931988Z"
"ph_00000492","user_0019","org_003","ste_000018","15","233074","2026-03-16T07:50:33.9931988Z"
"ph_00000493","user_0019","org_003","ste_000435","14","85034","2026-01-22T21:49:33.9931988Z"
"ph_00000494","user_0019","org_003","ste_000463","4","212647","2025-10-01T06:23:33.9931988Z"
"ph_00000495","user_0019","org_003","ste_000256","6","988702","2025-09-17T07:58:33.9931988Z"
"ph_00000496","user_0019","org_003","ste_000808","12","209362","2026-02-21T04:48:33.9931988Z"
"ph_00000497","user_0020","org_003","ste_000283","17","360520","2025-07-21T15:59:33.9931988Z"
"ph_00000498","user_0020","org_003","ste_000301","18","179575","2026-03-03T02:31:33.9931988Z"
"ph_00000499","user_0020","org_003","ste_000755","4","268943","2025-11-14T17:33:33.9931988Z"
"ph_00000500","user_0020","org_003","ste_000921","1","803531","2026-02-11T04:52:33.9931988Z"
"ph_00000501","user_0020","org_003","ste_000071","6","118298","2025-04-17T00:06:33.9931988Z"
"ph_00000502","user_0020","org_003","ste_000259","21","1552879","2025-11-18T14:00:33.9931988Z"
"ph_00000503","user_0020","org_003","ste_000183","11","495117","2026-01-26T10:22:33.9931988Z"
"ph_00000504","user_0020","org_003","ste_000269","10","1441763","2025-12-26T12:29:33.9931988Z"
"ph_00000505","user_0020","org_003","ste_000351","9","1123034","2025-10-03T05:05:33.9931988Z"
"ph_00000506","user_0020","org_003","ste_000530","17","1126411","2025-09-29T04:12:33.9931988Z"
"ph_00000507","user_0020","org_003","ste_000776","4","351248","2025-12-19T18:06:33.9931988Z"
"ph_00000508","user_0020","org_003","ste_000683","5","33122","2025-11-08T10:36:33.9931988Z"
"ph_00000509","user_0020","org_003","ste_000343","4","634708","2025-05-17T09:52:33.9931988Z"
"ph_00000510","user_0020","org_003","ste_000651","17","112767","2025-09-10T20:53:33.9931988Z"
"ph_00000511","user_0020","org_003","ste_000890","13","129022","2026-02-18T21:10:33.9931988Z"
"ph_00000512","user_0020","org_003","ste_000726","17","576820","2025-05-31T04:57:33.9931988Z"
"ph_00000513","user_0021","org_003","ste_000814","24","494867","2025-12-13T09:09:33.9931988Z"
"ph_00000514","user_0021","org_003","ste_000312","4","353844","2025-12-07T21:07:33.9931988Z"
"ph_00000515","user_0021","org_003","ste_000510","20","162247","2026-02-23T05:57:33.9931988Z"
"ph_00000516","user_0021","org_003","ste_001159","11","1618393","2025-06-08T22:00:33.9931988Z"
"ph_00000517","user_0021","org_003","ste_001148","16","373303","2025-05-09T10:53:33.9931988Z"
"ph_00000518","user_0021","org_003","ste_000105","8","146007","2025-09-11T08:13:33.9931988Z"
"ph_00000519","user_0021","org_003","ste_000596","2","538168","2025-11-27T10:32:33.9931988Z"
"ph_00000520","user_0021","org_003","ste_000853","21","1368963","2025-12-08T21:28:33.9931988Z"
"ph_00000521","user_0021","org_003","ste_001055","13","193828","2026-03-16T00:35:33.9931988Z"
"ph_00000522","user_0021","org_003","ste_000138","11","1620320","2025-05-19T13:38:33.9931988Z"
"ph_00000523","user_0021","org_003","ste_000647","9","214216","2025-08-15T17:47:33.9931988Z"
"ph_00000524","user_0021","org_003","ste_000677","14","1997582","2025-05-10T22:04:33.9931988Z"
"ph_00000525","user_0021","org_003","ste_000483","22","1397362","2025-06-15T04:58:33.9931988Z"
"ph_00000526","user_0021","org_003","ste_000647","12","496418","2026-01-20T06:09:33.9931988Z"
"ph_00000527","user_0021","org_003","ste_000895","13","1082105","2025-09-04T05:03:33.9931988Z"
"ph_00000528","user_0021","org_003","ste_000840","11","1051764","2025-05-24T22:55:33.9931988Z"
"ph_00000529","user_0021","org_003","ste_000819","22","236904","2025-10-10T09:21:33.9931988Z"
"ph_00000530","user_0021","org_003","ste_000167","22","68706","2026-01-01T16:07:33.9931988Z"
"ph_00000531","user_0021","org_003","ste_000178","19","167007","2026-02-14T20:50:33.9931988Z"
"ph_00000532","user_0021","org_003","ste_000987","9","3024411","2025-10-03T16:19:33.9931988Z"
"ph_00000533","user_0021","org_003","ste_000751","19","2492908","2026-03-20T17:19:33.9931988Z"
"ph_00000534","user_0021","org_003","ste_000021","16","71459","2025-07-06T02:10:33.9931988Z"
"ph_00000535","user_0021","org_003","ste_001152","17","318834","2026-01-16T06:53:33.9931988Z"
"ph_00000536","user_0021","org_003","ste_001166","13","171458","2025-08-22T04:23:33.9931988Z"
"ph_00000537","user_0021","org_003","ste_000181","11","1409640","2026-03-04T01:46:33.9931988Z"
"ph_00000538","user_0021","org_003","ste_000507","16","1080923","2025-10-20T14:04:33.9931988Z"
"ph_00000539","user_0021","org_003","ste_000097","23","1803024","2026-02-28T11:07:33.9931988Z"
"ph_00000540","user_0021","org_003","ste_000880","14","1816298","2025-06-19T14:56:33.9931988Z"
"ph_00000541","user_0021","org_003","ste_001197","22","240659","2026-01-14T17:35:33.9931988Z"
"ph_00000542","user_0021","org_003","ste_000788","15","242643","2025-07-30T16:02:33.9931988Z"
"ph_00000543","user_0021","org_003","ste_000797","21","408768","2026-01-13T16:23:33.9931988Z"
"ph_00000544","user_0021","org_003","ste_000341","9","1707906","2025-06-23T09:07:33.9931988Z"
"ph_00000545","user_0021","org_003","ste_000123","12","550764","2026-03-22T17:48:33.9931988Z"
"ph_00000546","user_0021","org_003","ste_000665","12","136892","2025-08-30T18:39:33.9931988Z"
"ph_00000547","user_0021","org_003","ste_000059","19","72978","2025-11-02T12:07:33.9931988Z"
"ph_00000548","user_0021","org_003","ste_000756","5","28962","2025-08-25T09:39:33.9931988Z"
"ph_00000549","user_0021","org_003","ste_000385","14","80882","2026-01-05T15:53:33.9931988Z"
"ph_00000550","user_0022","org_003","ste_001149","15","504304","2026-03-19T09:54:33.9931988Z"
"ph_00000551","user_0022","org_003","ste_000742","7","969546","2026-02-25T13:28:33.9931988Z"
"ph_00000552","user_0022","org_003","ste_000816","20","1654597","2025-07-12T19:12:33.9931988Z"
"ph_00000553","user_0022","org_003","ste_000080","15","413926","2025-06-03T16:25:33.9931988Z"
"ph_00000554","user_0022","org_003","ste_000713","16","1598252","2025-09-03T14:28:33.9931988Z"
"ph_00000555","user_0022","org_003","ste_001162","2","1564500","2025-05-12T12:54:33.9931988Z"
"ph_00000556","user_0022","org_003","ste_000194","2","101349","2026-03-17T02:34:33.9931988Z"
"ph_00000557","user_0022","org_003","ste_000546","4","1666662","2026-01-29T02:43:33.9931988Z"
"ph_00000558","user_0022","org_003","ste_001177","5","436078","2026-03-12T00:50:33.9931988Z"
"ph_00000559","user_0022","org_003","ste_000254","9","1255643","2025-07-12T08:24:33.9931988Z"
"ph_00000560","user_0022","org_003","ste_000196","19","854648","2025-10-06T01:38:33.9931988Z"
"ph_00000561","user_0022","org_003","ste_000982","15","226787","2026-02-16T09:18:33.9931988Z"
"ph_00000562","user_0022","org_003","ste_000139","1","1739742","2025-11-22T14:09:33.9931988Z"
"ph_00000563","user_0022","org_003","ste_000526","5","255390","2025-12-15T11:21:33.9931988Z"
"ph_00000564","user_0022","org_003","ste_000788","8","295477","2025-04-15T13:30:33.9931988Z"
"ph_00000565","user_0022","org_003","ste_000745","15","332665","2025-12-04T16:01:33.9931988Z"
"ph_00000566","user_0022","org_003","ste_000431","4","874140","2025-07-13T04:01:33.9931988Z"
"ph_00000567","user_0022","org_003","ste_000571","19","260800","2025-05-19T10:57:33.9931988Z"
"ph_00000568","user_0022","org_003","ste_001185","1","1841579","2026-03-22T10:26:33.9931988Z"
"ph_00000569","user_0022","org_003","ste_000879","18","289979","2025-08-13T12:27:33.9931988Z"
"ph_00000570","user_0022","org_003","ste_000839","14","776490","2025-07-27T19:50:33.9931988Z"
"ph_00000571","user_0022","org_003","ste_000959","1","969461","2025-10-05T23:21:33.9931988Z"
"ph_00000572","user_0022","org_003","ste_001064","22","779337","2026-02-05T12:27:33.9931988Z"
"ph_00000573","user_0022","org_003","ste_000074","22","1188032","2025-09-19T16:03:33.9931988Z"
"ph_00000574","user_0022","org_003","ste_000725","16","189107","2025-07-17T04:16:33.9931988Z"
"ph_00000575","user_0022","org_003","ste_000945","9","431276","2026-03-05T09:10:33.9931988Z"
"ph_00000576","user_0022","org_003","ste_000525","15","81912","2025-06-16T01:49:33.9931988Z"
"ph_00000577","user_0022","org_003","ste_000879","12","53313","2025-12-11T08:20:33.9931988Z"
"ph_00000578","user_0023","org_003","ste_000978","5","1708078","2025-07-11T00:17:33.9931988Z"
"ph_00000579","user_0023","org_003","ste_000628","18","376433","2026-03-08T03:42:33.9931988Z"
"ph_00000580","user_0023","org_003","ste_000521","7","396787","2025-10-11T08:28:33.9931988Z"
"ph_00000581","user_0023","org_003","ste_000303","23","1146878","2025-12-09T03:46:33.9931988Z"
"ph_00000582","user_0023","org_003","ste_000735","21","1264914","2026-03-01T20:42:33.9931988Z"
"ph_00000583","user_0023","org_003","ste_000634","22","1003104","2025-09-19T02:08:33.9931988Z"
"ph_00000584","user_0023","org_003","ste_000983","15","1117511","2025-05-12T08:36:33.9931988Z"
"ph_00000585","user_0023","org_003","ste_000207","6","1197409","2025-08-21T07:43:33.9931988Z"
"ph_00000586","user_0023","org_003","ste_000382","5","1061331","2025-09-01T23:47:33.9931988Z"
"ph_00000587","user_0023","org_003","ste_000537","6","1130311","2026-01-11T17:33:33.9931988Z"
"ph_00000588","user_0023","org_003","ste_000334","15","166308","2025-11-01T06:31:33.9931988Z"
"ph_00000589","user_0023","org_003","ste_000900","13","917681","2025-06-21T04:54:33.9931988Z"
"ph_00000590","user_0023","org_003","ste_000235","2","206989","2025-08-12T03:07:33.9931988Z"
"ph_00000591","user_0023","org_003","ste_000532","15","1016431","2026-01-11T03:12:33.9931988Z"
"ph_00000592","user_0023","org_003","ste_000267","19","1216885","2025-12-13T10:47:33.9931988Z"
"ph_00000593","user_0023","org_003","ste_000891","4","676530","2025-08-21T00:05:33.9931988Z"
"ph_00000594","user_0023","org_003","ste_000400","15","362801","2025-04-24T14:11:33.9931988Z"
"ph_00000595","user_0023","org_003","ste_000584","12","1156480","2025-08-26T03:49:33.9931988Z"
"ph_00000596","user_0023","org_003","ste_000690","17","994693","2025-09-12T16:36:33.9931988Z"
"ph_00000597","user_0023","org_003","ste_000062","7","2286230","2025-09-15T21:25:33.9931988Z"
"ph_00000598","user_0023","org_003","ste_000287","13","870868","2025-04-21T22:31:33.9931988Z"
"ph_00000599","user_0023","org_003","ste_000325","10","915645","2025-10-15T21:22:33.9931988Z"
"ph_00000600","user_0023","org_003","ste_001064","7","410592","2025-07-24T06:50:33.9931988Z"
"ph_00000601","user_0023","org_003","ste_001029","3","1876033","2025-12-20T05:09:33.9931988Z"
"ph_00000602","user_0023","org_003","ste_001184","12","586024","2025-06-08T07:29:33.9931988Z"
"ph_00000603","user_0023","org_003","ste_000121","1","495077","2025-03-30T10:22:33.9931988Z"
"ph_00000604","user_0023","org_003","ste_000233","8","144920","2025-10-22T20:43:33.9931988Z"
"ph_00000605","user_0023","org_003","ste_000155","3","1055643","2025-09-15T04:12:33.9931988Z"
"ph_00000606","user_0023","org_003","ste_000983","14","1181827","2025-07-23T19:34:33.9931988Z"
"ph_00000607","user_0023","org_003","ste_001077","13","127472","2025-07-18T06:31:33.9931988Z"
"ph_00000608","user_0023","org_003","ste_000420","1","835815","2026-03-06T01:25:33.9931988Z"
"ph_00000609","user_0023","org_003","ste_000599","21","962514","2026-01-11T12:13:33.9931988Z"
"ph_00000610","user_0023","org_003","ste_000383","23","308214","2025-10-29T21:14:33.9931988Z"
"ph_00000611","user_0023","org_003","ste_000452","13","510050","2025-05-31T21:20:33.9931988Z"
"ph_00000612","user_0023","org_003","ste_000849","17","1290820","2026-02-26T00:41:33.9931988Z"
"ph_00000613","user_0023","org_003","ste_000440","18","1209035","2026-02-04T03:38:33.9931988Z"
"ph_00000614","user_0024","org_003","ste_001187","21","1080401","2026-03-12T00:01:33.9931988Z"
"ph_00000615","user_0024","org_003","ste_000794","3","501318","2025-07-03T02:47:33.9931988Z"
"ph_00000616","user_0024","org_003","ste_000101","13","1569658","2025-09-10T00:43:33.9931988Z"
"ph_00000617","user_0024","org_003","ste_000253","12","1795821","2026-01-31T10:06:33.9931988Z"
"ph_00000618","user_0024","org_003","ste_000839","4","1175209","2025-11-11T09:20:33.9931988Z"
"ph_00000619","user_0024","org_003","ste_000122","23","1016325","2025-04-23T16:21:33.9931988Z"
"ph_00000620","user_0024","org_003","ste_000853","21","1207735","2025-06-06T08:13:33.9931988Z"
"ph_00000621","user_0024","org_003","ste_000348","17","653647","2025-06-17T20:47:33.9931988Z"
"ph_00000622","user_0024","org_003","ste_000814","4","862729","2026-02-13T12:03:33.9931988Z"
"ph_00000623","user_0024","org_003","ste_000816","23","1897519","2025-09-05T12:36:33.9931988Z"
"ph_00000624","user_0024","org_003","ste_001111","1","2368454","2026-02-19T07:16:33.9931988Z"
"ph_00000625","user_0024","org_003","ste_000518","19","537744","2025-05-09T18:38:33.9931988Z"
"ph_00000626","user_0024","org_003","ste_000802","22","1242339","2025-09-26T14:30:33.9931988Z"
"ph_00000627","user_0024","org_003","ste_000446","10","253085","2026-02-08T20:27:33.9931988Z"
"ph_00000628","user_0024","org_003","ste_000261","11","901415","2025-08-26T04:02:33.9931988Z"
"ph_00000629","user_0024","org_003","ste_000820","24","1371094","2025-05-23T22:00:33.9931988Z"
"ph_00000630","user_0024","org_003","ste_000452","7","450456","2026-01-12T14:45:33.9931988Z"
"ph_00000631","user_0024","org_003","ste_001020","8","658613","2025-05-17T07:25:33.9931988Z"
"ph_00000632","user_0024","org_003","ste_000991","3","1103763","2025-05-27T17:04:33.9931988Z"
"ph_00000633","user_0024","org_003","ste_000519","11","818938","2025-10-04T12:24:33.9931988Z"
"ph_00000634","user_0024","org_003","ste_000408","7","1047629","2025-06-19T04:25:33.9931988Z"
"ph_00000635","user_0024","org_003","ste_000395","14","1113330","2025-10-27T00:24:33.9931988Z"
"ph_00000636","user_0024","org_003","ste_000041","7","510650","2025-07-02T14:43:33.9931988Z"
"ph_00000637","user_0024","org_003","ste_000196","13","167406","2026-02-04T13:36:33.9931988Z"
"ph_00000638","user_0024","org_003","ste_000392","11","559958","2025-10-05T02:56:33.9931988Z"
"ph_00000639","user_0024","org_003","ste_000760","24","774282","2026-03-23T07:19:33.9931988Z"
"ph_00000640","user_0024","org_003","ste_000180","17","77583","2025-08-28T13:10:33.9931988Z"
"ph_00000641","user_0025","org_004","ste_000453","22","447939","2025-08-24T00:38:33.9931988Z"
"ph_00000642","user_0025","org_004","ste_000961","4","1240350","2025-09-19T16:56:33.9931988Z"
"ph_00000643","user_0025","org_004","ste_000550","15","278363","2026-02-14T22:45:33.9931988Z"
"ph_00000644","user_0025","org_004","ste_000289","2","205060","2025-08-25T03:35:33.9931988Z"
"ph_00000645","user_0025","org_004","ste_000410","16","1455312","2025-11-23T21:25:33.9931988Z"
"ph_00000646","user_0025","org_004","ste_000941","4","1136878","2025-05-31T02:12:33.9931988Z"
"ph_00000647","user_0025","org_004","ste_000425","18","436659","2025-05-16T00:48:33.9931988Z"
"ph_00000648","user_0025","org_004","ste_000095","8","753087","2025-11-01T05:07:33.9931988Z"
"ph_00000649","user_0025","org_004","ste_000398","4","234700","2025-09-20T12:11:33.9931988Z"
"ph_00000650","user_0025","org_004","ste_000240","22","1079170","2025-11-01T19:51:33.9931988Z"
"ph_00000651","user_0025","org_004","ste_000267","17","546084","2025-11-07T03:25:33.9931988Z"
"ph_00000652","user_0025","org_004","ste_000318","11","374055","2026-01-24T16:59:33.9931988Z"
"ph_00000653","user_0025","org_004","ste_000574","2","640964","2025-08-30T20:59:33.9931988Z"
"ph_00000654","user_0025","org_004","ste_001001","17","1583351","2025-09-26T02:49:33.9931988Z"
"ph_00000655","user_0025","org_004","ste_000158","8","906069","2025-07-23T19:56:33.9931988Z"
"ph_00000656","user_0025","org_004","ste_000289","13","1266200","2026-02-02T12:19:33.9931988Z"
"ph_00000657","user_0025","org_004","ste_001087","5","116760","2025-09-18T10:50:33.9931988Z"
"ph_00000658","user_0025","org_004","ste_000474","18","1863008","2025-10-27T00:33:33.9931988Z"
"ph_00000659","user_0025","org_004","ste_000263","15","1066392","2025-09-11T10:12:33.9931988Z"
"ph_00000660","user_0025","org_004","ste_000050","16","972159","2026-02-04T14:04:33.9931988Z"
"ph_00000661","user_0025","org_004","ste_000326","16","1086521","2026-01-19T07:22:33.9931988Z"
"ph_00000662","user_0025","org_004","ste_001041","11","33013","2025-11-20T17:00:33.9931988Z"
"ph_00000663","user_0025","org_004","ste_001180","14","359406","2025-04-29T00:50:33.9931988Z"
"ph_00000664","user_0025","org_004","ste_000074","3","374196","2025-11-25T23:21:33.9931988Z"
"ph_00000665","user_0025","org_004","ste_000170","24","892746","2026-01-12T20:01:33.9931988Z"
"ph_00000666","user_0025","org_004","ste_001003","1","205383","2026-02-21T12:40:33.9931988Z"
"ph_00000667","user_0025","org_004","ste_001006","12","601114","2025-10-20T01:32:33.9931988Z"
"ph_00000668","user_0025","org_004","ste_000900","12","1033274","2026-02-28T18:22:33.9931988Z"
"ph_00000669","user_0025","org_004","ste_000016","9","465990","2025-04-25T19:21:33.9931988Z"
"ph_00000670","user_0025","org_004","ste_001158","2","1087576","2025-04-03T11:23:33.9931988Z"
"ph_00000671","user_0025","org_004","ste_000087","6","633344","2026-01-31T02:38:33.9931988Z"
"ph_00000672","user_0025","org_004","ste_000889","6","399874","2025-11-25T22:17:33.9931988Z"
"ph_00000673","user_0025","org_004","ste_000672","18","1299986","2025-04-09T09:18:33.9931988Z"
"ph_00000674","user_0025","org_004","ste_000580","6","531102","2025-09-05T01:56:33.9931988Z"
"ph_00000675","user_0025","org_004","ste_000846","21","1749287","2025-10-13T09:06:33.9931988Z"
"ph_00000676","user_0025","org_004","ste_000824","10","1314235","2025-09-02T05:36:33.9931988Z"
"ph_00000677","user_0025","org_004","ste_000361","18","2901264","2025-08-22T08:02:33.9931988Z"
"ph_00000678","user_0026","org_004","ste_001005","6","420695","2025-09-27T11:22:33.9931988Z"
"ph_00000679","user_0026","org_004","ste_000549","22","663588","2026-03-06T13:09:33.9931988Z"
"ph_00000680","user_0026","org_004","ste_000001","10","807558","2025-06-03T14:04:33.9931988Z"
"ph_00000681","user_0026","org_004","ste_000991","1","717698","2025-08-24T23:03:33.9931988Z"
"ph_00000682","user_0026","org_004","ste_001167","5","980651","2025-08-10T08:14:33.9931988Z"
"ph_00000683","user_0026","org_004","ste_000742","11","1653291","2026-01-12T11:01:33.9931988Z"
"ph_00000684","user_0026","org_004","ste_000682","22","1215316","2025-10-01T08:55:33.9931988Z"
"ph_00000685","user_0026","org_004","ste_001139","12","874169","2026-03-14T08:39:33.9931988Z"
"ph_00000686","user_0026","org_004","ste_001102","17","1075861","2025-09-07T19:48:33.9931988Z"
"ph_00000687","user_0026","org_004","ste_000372","14","419794","2025-07-03T20:32:33.9931988Z"
"ph_00000688","user_0026","org_004","ste_000359","3","1290906","2025-12-03T08:52:33.9931988Z"
"ph_00000689","user_0026","org_004","ste_000801","19","1424535","2025-08-16T09:44:33.9931988Z"
"ph_00000690","user_0026","org_004","ste_000656","8","1799810","2026-03-07T14:01:33.9931988Z"
"ph_00000691","user_0026","org_004","ste_000429","4","1153074","2025-08-06T18:57:33.9931988Z"
"ph_00000692","user_0026","org_004","ste_000882","22","1621618","2025-03-29T06:49:33.9931988Z"
"ph_00000693","user_0026","org_004","ste_000243","24","832483","2025-06-23T00:46:33.9931988Z"
"ph_00000694","user_0026","org_004","ste_000648","13","801318","2026-01-13T18:26:33.9931988Z"
"ph_00000695","user_0026","org_004","ste_000894","8","1763307","2025-11-28T20:25:33.9931988Z"
"ph_00000696","user_0026","org_004","ste_001047","3","447375","2026-01-08T18:17:33.9931988Z"
"ph_00000697","user_0026","org_004","ste_000097","22","1642038","2026-03-01T00:31:33.9931988Z"
"ph_00000698","user_0026","org_004","ste_000393","5","376433","2025-06-28T10:40:33.9931988Z"
"ph_00000699","user_0026","org_004","ste_001006","14","103325","2025-08-06T02:39:33.9931988Z"
"ph_00000700","user_0026","org_004","ste_000745","3","401474","2025-08-31T08:46:33.9931988Z"
"ph_00000701","user_0026","org_004","ste_000231","12","1059669","2026-01-02T06:13:33.9931988Z"
"ph_00000702","user_0026","org_004","ste_000686","1","851334","2026-02-27T00:52:33.9931988Z"
"ph_00000703","user_0027","org_004","ste_000322","3","128466","2026-02-27T05:13:33.9931988Z"
"ph_00000704","user_0027","org_004","ste_000431","21","938443","2026-01-01T00:37:33.9931988Z"
"ph_00000705","user_0027","org_004","ste_000846","15","1483684","2025-10-26T16:36:33.9931988Z"
"ph_00000706","user_0027","org_004","ste_000010","15","29398","2025-05-27T08:25:33.9931988Z"
"ph_00000707","user_0027","org_004","ste_000558","2","1667838","2026-03-03T12:28:33.9931988Z"
"ph_00000708","user_0027","org_004","ste_000855","24","1734167","2025-10-03T08:09:33.9931988Z"
"ph_00000709","user_0027","org_004","ste_000786","21","1074049","2025-11-10T10:16:33.9931988Z"
"ph_00000710","user_0027","org_004","ste_000384","3","591016","2025-08-15T17:35:33.9931988Z"
"ph_00000711","user_0027","org_004","ste_000149","12","395414","2025-11-12T17:30:33.9931988Z"
"ph_00000712","user_0027","org_004","ste_000805","16","483974","2025-07-16T07:42:33.9931988Z"
"ph_00000713","user_0027","org_004","ste_000622","10","1477525","2025-12-01T00:47:33.9931988Z"
"ph_00000714","user_0027","org_004","ste_001115","8","342515","2025-11-19T23:07:33.9931988Z"
"ph_00000715","user_0027","org_004","ste_000669","12","306138","2025-12-04T11:31:33.9931988Z"
"ph_00000716","user_0027","org_004","ste_000790","7","435169","2025-06-22T06:36:33.9931988Z"
"ph_00000717","user_0027","org_004","ste_000641","1","153121","2025-12-16T04:54:33.9931988Z"
"ph_00000718","user_0027","org_004","ste_000177","4","1883512","2025-08-05T15:54:33.9931988Z"
"ph_00000719","user_0027","org_004","ste_000247","2","768753","2025-11-20T03:19:33.9931988Z"
"ph_00000720","user_0027","org_004","ste_000058","15","211321","2025-05-28T13:22:33.9931988Z"
"ph_00000721","user_0027","org_004","ste_000954","1","373059","2026-03-26T01:39:33.9931988Z"
"ph_00000722","user_0028","org_004","ste_000463","18","336154","2025-09-23T15:35:33.9931988Z"
"ph_00000723","user_0028","org_004","ste_001163","6","862946","2026-03-11T11:37:33.9931988Z"
"ph_00000724","user_0028","org_004","ste_000921","16","1104235","2025-08-27T17:25:33.9931988Z"
"ph_00000725","user_0028","org_004","ste_001191","12","490110","2025-10-20T04:16:33.9931988Z"
"ph_00000726","user_0028","org_004","ste_000166","2","167252","2025-09-06T01:20:33.9931988Z"
"ph_00000727","user_0028","org_004","ste_001199","11","1079486","2025-06-13T22:40:33.9931988Z"
"ph_00000728","user_0028","org_004","ste_001095","6","234727","2025-05-24T17:14:33.9931988Z"
"ph_00000729","user_0028","org_004","ste_001066","11","1117501","2025-06-15T07:22:33.9931988Z"
"ph_00000730","user_0028","org_004","ste_000197","1","131994","2025-04-19T15:26:33.9931988Z"
"ph_00000731","user_0028","org_004","ste_000859","16","122629","2026-03-14T10:17:33.9931988Z"
"ph_00000732","user_0028","org_004","ste_000049","4","399672","2025-12-07T20:29:33.9931988Z"
"ph_00000733","user_0028","org_004","ste_000390","7","223549","2025-04-10T23:18:33.9931988Z"
"ph_00000734","user_0028","org_004","ste_000487","22","363295","2025-04-15T12:55:33.9931988Z"
"ph_00000735","user_0028","org_004","ste_000930","18","838997","2025-12-02T05:24:33.9931988Z"
"ph_00000736","user_0028","org_004","ste_000953","1","1037166","2025-07-23T15:45:33.9931988Z"
"ph_00000737","user_0028","org_004","ste_000400","4","156057","2026-02-04T23:01:33.9931988Z"
"ph_00000738","user_0028","org_004","ste_000768","10","278773","2025-04-09T10:11:33.9931988Z"
"ph_00000739","user_0029","org_004","ste_000413","21","3000111","2025-10-27T20:46:33.9931988Z"
"ph_00000740","user_0029","org_004","ste_000278","10","640360","2025-08-30T11:01:33.9931988Z"
"ph_00000741","user_0029","org_004","ste_000151","15","2990573","2025-07-02T11:06:33.9931988Z"
"ph_00000742","user_0029","org_004","ste_000192","1","1425253","2026-02-17T07:12:33.9931988Z"
"ph_00000743","user_0029","org_004","ste_000729","9","1092874","2025-05-21T12:39:33.9931988Z"
"ph_00000744","user_0029","org_004","ste_000125","4","854034","2025-05-03T18:11:33.9931988Z"
"ph_00000745","user_0029","org_004","ste_001070","19","413715","2026-02-22T21:05:33.9931988Z"
"ph_00000746","user_0029","org_004","ste_000454","13","1174614","2025-11-04T16:56:33.9931988Z"
"ph_00000747","user_0029","org_004","ste_000777","19","2836214","2025-05-31T11:07:33.9931988Z"
"ph_00000748","user_0029","org_004","ste_000833","5","563724","2025-08-25T18:31:33.9931988Z"
"ph_00000749","user_0029","org_004","ste_000020","2","1113393","2026-03-19T16:54:33.9931988Z"
"ph_00000750","user_0029","org_004","ste_001012","14","2868129","2025-10-18T03:45:33.9931988Z"
"ph_00000751","user_0029","org_004","ste_000857","20","519078","2025-07-24T17:38:33.9931988Z"
"ph_00000752","user_0029","org_004","ste_000455","13","361117","2025-10-31T18:33:33.9931988Z"
"ph_00000753","user_0029","org_004","ste_000447","18","325302","2025-06-19T16:29:33.9931988Z"
"ph_00000754","user_0029","org_004","ste_000915","5","1232536","2025-10-13T06:15:33.9931988Z"
"ph_00000755","user_0029","org_004","ste_001145","17","579988","2025-10-08T10:05:33.9931988Z"
"ph_00000756","user_0029","org_004","ste_000838","9","3412460","2026-02-11T12:47:33.9931988Z"
"ph_00000757","user_0029","org_004","ste_000187","10","588999","2026-02-22T10:29:33.9931988Z"
"ph_00000758","user_0029","org_004","ste_000963","23","1982463","2026-02-13T06:45:33.9931988Z"
"ph_00000759","user_0029","org_004","ste_000714","14","727233","2026-03-05T09:30:33.9931988Z"
"ph_00000760","user_0029","org_004","ste_001092","15","1188107","2025-06-25T11:09:33.9931988Z"
"ph_00000761","user_0029","org_004","ste_000076","8","2659954","2025-09-03T17:11:33.9931988Z"
"ph_00000762","user_0029","org_004","ste_000777","3","716194","2025-11-08T21:53:33.9931988Z"
"ph_00000763","user_0029","org_004","ste_001024","16","708760","2026-03-12T14:19:33.9931988Z"
"ph_00000764","user_0029","org_004","ste_000187","24","349156","2025-03-31T06:38:33.9931988Z"
"ph_00000765","user_0029","org_004","ste_000919","11","387027","2026-02-27T09:14:33.9931988Z"
"ph_00000766","user_0030","org_004","ste_000051","14","3321122","2025-10-20T20:28:33.9931988Z"
"ph_00000767","user_0030","org_004","ste_000581","1","1247684","2025-08-23T02:32:33.9931988Z"
"ph_00000768","user_0030","org_004","ste_000158","5","437994","2025-08-21T19:37:33.9931988Z"
"ph_00000769","user_0030","org_004","ste_001014","21","3502581","2026-01-01T04:59:33.9931988Z"
"ph_00000770","user_0030","org_004","ste_000235","21","1037174","2026-03-04T15:02:33.9931988Z"
"ph_00000771","user_0030","org_004","ste_000442","20","59057","2025-05-31T07:51:33.9931988Z"
"ph_00000772","user_0030","org_004","ste_000796","3","1233429","2025-09-24T15:27:33.9931988Z"
"ph_00000773","user_0030","org_004","ste_000916","17","198139","2026-01-14T14:17:33.9931988Z"
"ph_00000774","user_0030","org_004","ste_000748","12","128309","2026-03-09T20:17:33.9931988Z"
"ph_00000775","user_0030","org_004","ste_000612","3","459766","2025-04-15T21:37:33.9931988Z"
"ph_00000776","user_0030","org_004","ste_000016","15","829624","2025-11-18T02:38:33.9931988Z"
"ph_00000777","user_0030","org_004","ste_001033","4","1088731","2026-03-01T07:28:33.9931988Z"
"ph_00000778","user_0030","org_004","ste_000782","3","515291","2025-07-25T04:35:33.9931988Z"
"ph_00000779","user_0030","org_004","ste_000861","16","134925","2025-12-07T14:23:33.9931988Z"
"ph_00000780","user_0030","org_004","ste_000030","10","70100","2025-11-01T20:43:33.9931988Z"
"ph_00000781","user_0030","org_004","ste_000920","24","296889","2025-10-16T02:16:33.9931988Z"
"ph_00000782","user_0030","org_004","ste_000095","9","1005538","2026-01-07T15:32:33.9931988Z"
"ph_00000783","user_0030","org_004","ste_001102","5","1693254","2025-10-01T12:50:33.9931988Z"
"ph_00000784","user_0030","org_004","ste_000176","19","139975","2025-08-14T21:53:33.9931988Z"
"ph_00000785","user_0030","org_004","ste_000526","13","167386","2025-04-08T20:33:33.9931988Z"
"ph_00000786","user_0030","org_004","ste_000829","3","165740","2025-05-06T08:38:33.9931988Z"
"ph_00000787","user_0030","org_004","ste_000509","11","158816","2025-04-29T07:56:33.9931988Z"
"ph_00000788","user_0030","org_004","ste_000806","10","400491","2025-09-29T00:24:33.9931988Z"
"ph_00000789","user_0030","org_004","ste_000042","9","358628","2025-08-27T11:08:33.9931988Z"
"ph_00000790","user_0030","org_004","ste_000422","18","727077","2026-01-13T21:28:33.9931988Z"
"ph_00000791","user_0030","org_004","ste_000200","23","384239","2025-09-02T17:49:33.9931988Z"
"ph_00000792","user_0030","org_004","ste_000066","12","890924","2025-04-29T21:14:33.9931988Z"
"ph_00000793","user_0031","org_004","ste_000776","2","316727","2025-04-10T07:34:33.9931988Z"
"ph_00000794","user_0031","org_004","ste_000535","12","306576","2025-05-29T11:47:33.9931988Z"
"ph_00000795","user_0031","org_004","ste_000801","6","359223","2025-05-06T13:43:33.9931988Z"
"ph_00000796","user_0031","org_004","ste_000663","20","282526","2025-06-23T23:41:33.9931988Z"
"ph_00000797","user_0031","org_004","ste_001013","17","38642","2025-11-13T12:02:33.9931988Z"
"ph_00000798","user_0031","org_004","ste_001022","1","1727748","2025-05-31T13:51:33.9931988Z"
"ph_00000799","user_0031","org_004","ste_000932","4","588256","2025-05-28T07:11:33.9931988Z"
"ph_00000800","user_0031","org_004","ste_000466","17","1747978","2025-12-31T01:29:33.9931988Z"
"ph_00000801","user_0031","org_004","ste_000622","12","1256119","2025-05-05T03:04:33.9931988Z"
"ph_00000802","user_0031","org_004","ste_000053","14","356507","2025-08-17T22:51:33.9931988Z"
"ph_00000803","user_0031","org_004","ste_000933","19","729616","2025-10-17T22:46:33.9931988Z"
"ph_00000804","user_0031","org_004","ste_001077","16","115672","2025-10-27T03:21:33.9931988Z"
"ph_00000805","user_0031","org_004","ste_000757","22","291999","2025-09-05T23:37:33.9931988Z"
"ph_00000806","user_0031","org_004","ste_000806","18","297183","2025-06-26T07:02:33.9931988Z"
"ph_00000807","user_0031","org_004","ste_000190","14","1178645","2025-06-08T00:44:33.9931988Z"
"ph_00000808","user_0031","org_004","ste_000319","6","234616","2025-04-27T23:05:33.9931988Z"
"ph_00000809","user_0031","org_004","ste_000853","3","1898955","2025-10-05T16:44:33.9931988Z"
"ph_00000810","user_0031","org_004","ste_000060","7","1299383","2026-02-26T21:03:33.9931988Z"
"ph_00000811","user_0031","org_004","ste_000320","12","1346608","2025-12-06T02:05:33.9931988Z"
"ph_00000812","user_0032","org_004","ste_000250","4","394967","2025-06-25T05:16:33.9931988Z"
"ph_00000813","user_0032","org_004","ste_000490","2","38273","2025-10-16T05:16:33.9931988Z"
"ph_00000814","user_0032","org_004","ste_000315","13","67619","2025-06-16T00:42:33.9931988Z"
"ph_00000815","user_0032","org_004","ste_000883","23","860459","2025-05-20T07:49:33.9931988Z"
"ph_00000816","user_0032","org_004","ste_000901","24","309334","2025-07-07T17:21:33.9931988Z"
"ph_00000817","user_0032","org_004","ste_000347","23","225508","2025-10-16T06:08:33.9931988Z"
"ph_00000818","user_0032","org_004","ste_000381","5","563300","2025-12-21T03:49:33.9931988Z"
"ph_00000819","user_0032","org_004","ste_000370","9","351484","2025-11-19T19:29:33.9931988Z"
"ph_00000820","user_0032","org_004","ste_000781","24","856203","2026-02-05T01:14:33.9931988Z"
"ph_00000821","user_0032","org_004","ste_000522","10","1019018","2025-10-17T06:20:33.9931988Z"
"ph_00000822","user_0032","org_004","ste_000590","14","1745955","2025-11-01T14:24:33.9931988Z"
"ph_00000823","user_0032","org_004","ste_000932","10","1216167","2025-06-05T16:43:33.9931988Z"
"ph_00000824","user_0032","org_004","ste_000466","11","1769280","2025-03-30T20:42:33.9931988Z"
"ph_00000825","user_0032","org_004","ste_001057","6","171310","2025-06-01T12:59:33.9931988Z"
"ph_00000826","user_0032","org_004","ste_000435","13","157607","2025-05-05T05:07:33.9931988Z"
"ph_00000827","user_0032","org_004","ste_000787","12","1390412","2025-06-09T16:39:33.9931988Z"
"ph_00000828","user_0032","org_004","ste_000148","6","314681","2025-04-22T12:16:33.9931988Z"
"ph_00000829","user_0032","org_004","ste_000032","24","538047","2026-01-12T12:18:33.9931988Z"
"ph_00000830","user_0032","org_004","ste_000550","4","307605","2025-05-26T08:06:33.9931988Z"
"ph_00000831","user_0032","org_004","ste_000774","2","513733","2025-12-12T15:15:33.9931988Z"
"ph_00000832","user_0032","org_004","ste_000485","19","333869","2025-04-17T23:48:33.9931988Z"
"ph_00000833","user_0032","org_004","ste_001004","20","1181516","2025-08-26T15:16:33.9931988Z"
"ph_00000834","user_0032","org_004","ste_000089","15","280996","2025-12-26T16:00:33.9931988Z"
"ph_00000835","user_0032","org_004","ste_000302","22","924273","2025-06-26T09:37:33.9931988Z"
"ph_00000836","user_0032","org_004","ste_000753","20","1886812","2025-10-01T22:28:33.9931988Z"
"ph_00000837","user_0032","org_004","ste_000821","4","1240832","2025-08-20T13:07:33.9931988Z"
"ph_00000838","user_0032","org_004","ste_000090","6","1568539","2025-05-08T03:37:33.9931988Z"
"ph_00000839","user_0032","org_004","ste_001189","23","842182","2025-06-06T00:25:33.9931988Z"
"ph_00000840","user_0032","org_004","ste_000606","15","292014","2025-06-19T11:47:33.9931988Z"
"ph_00000841","user_0032","org_004","ste_001057","8","83686","2025-11-06T01:15:33.9931988Z"
"ph_00000842","user_0032","org_004","ste_000408","24","1201399","2025-10-23T02:56:33.9931988Z"
"ph_00000843","user_0032","org_004","ste_000444","17","417795","2026-01-15T09:52:33.9931988Z"
"ph_00000844","user_0032","org_004","ste_000962","23","262796","2026-01-03T02:22:33.9931988Z"
"ph_00000845","user_0032","org_004","ste_000058","14","421202","2025-10-25T04:21:33.9931988Z"
"ph_00000846","user_0032","org_004","ste_000250","2","365060","2025-03-30T17:05:33.9931988Z"
"ph_00000847","user_0032","org_004","ste_000272","7","152540","2025-09-13T07:22:33.9931988Z"
"ph_00000848","user_0033","org_005","ste_000052","9","150331","2025-12-05T06:16:33.9931988Z"
"ph_00000849","user_0033","org_005","ste_000885","24","806032","2025-04-14T15:23:33.9931988Z"
"ph_00000850","user_0033","org_005","ste_000185","11","356474","2025-04-10T14:30:33.9931988Z"
"ph_00000851","user_0033","org_005","ste_001157","22","1020153","2026-03-19T21:58:33.9931988Z"
"ph_00000852","user_0033","org_005","ste_000091","11","854871","2025-12-27T14:30:33.9931988Z"
"ph_00000853","user_0033","org_005","ste_001040","12","467789","2025-05-17T02:03:33.9931988Z"
"ph_00000854","user_0033","org_005","ste_000396","2","629566","2026-02-07T18:25:33.9931988Z"
"ph_00000855","user_0033","org_005","ste_000437","23","609001","2025-04-14T00:21:33.9931988Z"
"ph_00000856","user_0033","org_005","ste_000280","23","662803","2025-12-15T22:32:33.9931988Z"
"ph_00000857","user_0033","org_005","ste_000016","9","785604","2026-02-18T23:27:33.9931988Z"
"ph_00000858","user_0033","org_005","ste_000101","10","1412854","2025-12-25T18:46:33.9931988Z"
"ph_00000859","user_0033","org_005","ste_000599","21","1774553","2025-06-02T03:45:33.9931988Z"
"ph_00000860","user_0033","org_005","ste_001108","21","556629","2026-02-08T12:59:33.9931988Z"
"ph_00000861","user_0033","org_005","ste_000461","14","189213","2025-06-18T21:57:33.9931988Z"
"ph_00000862","user_0033","org_005","ste_000368","6","2390902","2025-06-08T19:24:33.9931988Z"
"ph_00000863","user_0033","org_005","ste_000727","5","234357","2025-06-25T00:12:33.9931988Z"
"ph_00000864","user_0033","org_005","ste_000482","2","1547944","2026-02-16T00:58:33.9931988Z"
"ph_00000865","user_0033","org_005","ste_000549","19","1048203","2025-04-13T15:34:33.9931988Z"
"ph_00000866","user_0033","org_005","ste_000517","11","474640","2025-08-16T07:58:33.9931988Z"
"ph_00000867","user_0033","org_005","ste_000636","19","278315","2026-01-18T06:28:33.9931988Z"
"ph_00000868","user_0033","org_005","ste_000431","13","957192","2025-05-18T03:55:33.9931988Z"
"ph_00000869","user_0033","org_005","ste_000688","4","1220444","2026-03-21T13:59:33.9931988Z"
"ph_00000870","user_0033","org_005","ste_000722","18","637093","2025-11-03T00:07:33.9931988Z"
"ph_00000871","user_0033","org_005","ste_000406","16","1763917","2025-05-30T22:11:33.9931988Z"
"ph_00000872","user_0033","org_005","ste_000763","14","1708928","2025-12-23T17:01:33.9931988Z"
"ph_00000873","user_0033","org_005","ste_000581","21","835862","2025-10-30T04:23:33.9931988Z"
"ph_00000874","user_0033","org_005","ste_000063","1","1143200","2025-06-13T11:53:33.9931988Z"
"ph_00000875","user_0033","org_005","ste_000255","17","305423","2025-04-10T17:46:33.9931988Z"
"ph_00000876","user_0033","org_005","ste_001070","23","330084","2026-01-06T00:15:33.9931988Z"
"ph_00000877","user_0033","org_005","ste_000476","20","329498","2025-04-19T18:39:33.9931988Z"
"ph_00000878","user_0033","org_005","ste_000349","19","590963","2025-10-22T23:37:33.9931988Z"
"ph_00000879","user_0033","org_005","ste_000991","20","366732","2025-04-13T20:43:33.9931988Z"
"ph_00000880","user_0034","org_005","ste_000720","20","2511506","2025-05-15T19:07:33.9931988Z"
"ph_00000881","user_0034","org_005","ste_000160","14","3622680","2026-02-22T18:19:33.9931988Z"
"ph_00000882","user_0034","org_005","ste_000896","4","3192156","2025-04-12T22:52:33.9931988Z"
"ph_00000883","user_0034","org_005","ste_000729","7","995978","2025-10-20T13:43:33.9931988Z"
"ph_00000884","user_0034","org_005","ste_000910","18","1556350","2026-02-16T01:11:33.9931988Z"
"ph_00000885","user_0034","org_005","ste_000696","16","865492","2025-05-17T13:41:33.9931988Z"
"ph_00000886","user_0034","org_005","ste_001084","9","1450367","2025-09-18T07:04:33.9931988Z"
"ph_00000887","user_0034","org_005","ste_001184","11","212380","2025-10-01T16:57:33.9931988Z"
"ph_00000888","user_0034","org_005","ste_000539","23","707251","2025-08-06T01:26:33.9931988Z"
"ph_00000889","user_0034","org_005","ste_000506","10","3512328","2026-03-12T23:35:33.9931988Z"
"ph_00000890","user_0034","org_005","ste_000477","9","367839","2025-04-17T20:56:33.9931988Z"
"ph_00000891","user_0034","org_005","ste_000560","4","1377104","2025-09-07T13:02:33.9931988Z"
"ph_00000892","user_0034","org_005","ste_000207","12","388602","2025-11-30T11:27:33.9931988Z"
"ph_00000893","user_0034","org_005","ste_000396","20","1183848","2026-03-01T15:04:33.9931988Z"
"ph_00000894","user_0034","org_005","ste_001068","3","973298","2025-11-02T15:03:33.9931988Z"
"ph_00000895","user_0034","org_005","ste_000436","13","810359","2025-11-05T15:15:33.9931988Z"
"ph_00000896","user_0034","org_005","ste_000895","19","744595","2026-03-22T06:55:33.9931988Z"
"ph_00000897","user_0034","org_005","ste_000825","15","1426402","2025-08-07T19:54:33.9931988Z"
"ph_00000898","user_0034","org_005","ste_001184","10","1401420","2025-04-08T12:12:33.9931988Z"
"ph_00000899","user_0034","org_005","ste_000448","18","950270","2025-07-22T01:06:33.9931988Z"
"ph_00000900","user_0034","org_005","ste_000023","21","347780","2025-10-05T02:43:33.9931988Z"
"ph_00000901","user_0034","org_005","ste_000701","8","1627858","2025-04-04T19:50:33.9931988Z"
"ph_00000902","user_0034","org_005","ste_000060","10","715277","2025-12-02T22:27:33.9931988Z"
"ph_00000903","user_0034","org_005","ste_000867","21","3038620","2026-02-08T12:01:33.9931988Z"
"ph_00000904","user_0035","org_005","ste_000241","8","2967477","2025-10-05T10:04:33.9931988Z"
"ph_00000905","user_0035","org_005","ste_000170","12","695900","2025-10-12T12:53:33.9931988Z"
"ph_00000906","user_0035","org_005","ste_000888","7","1487276","2025-05-12T16:01:33.9931988Z"
"ph_00000907","user_0035","org_005","ste_000576","22","856947","2025-05-01T12:55:33.9931988Z"
"ph_00000908","user_0035","org_005","ste_000735","22","327912","2025-08-13T01:51:33.9931988Z"
"ph_00000909","user_0035","org_005","ste_000309","9","958390","2025-05-04T11:05:33.9931988Z"
"ph_00000910","user_0035","org_005","ste_000167","19","354526","2025-05-31T09:46:33.9931988Z"
"ph_00000911","user_0035","org_005","ste_001132","11","239539","2025-12-09T02:36:33.9931988Z"
"ph_00000912","user_0035","org_005","ste_000371","4","1248873","2025-05-30T02:49:33.9931988Z"
"ph_00000913","user_0035","org_005","ste_000929","13","325497","2025-09-01T15:12:33.9931988Z"
"ph_00000914","user_0035","org_005","ste_000781","16","1010179","2025-08-13T23:30:33.9931988Z"
"ph_00000915","user_0035","org_005","ste_000381","5","1073598","2025-11-24T06:52:33.9931988Z"
"ph_00000916","user_0035","org_005","ste_001131","15","211122","2025-11-19T17:56:33.9931988Z"
"ph_00000917","user_0035","org_005","ste_001127","16","1000330","2025-06-14T09:56:33.9931988Z"
"ph_00000918","user_0035","org_005","ste_000432","12","332452","2025-12-18T15:12:33.9931988Z"
"ph_00000919","user_0035","org_005","ste_000305","13","409125","2025-06-02T08:40:33.9931988Z"
"ph_00000920","user_0035","org_005","ste_000931","13","555719","2025-06-24T19:03:33.9931988Z"
"ph_00000921","user_0035","org_005","ste_000354","15","246436","2025-05-08T10:42:33.9931988Z"
"ph_00000922","user_0035","org_005","ste_000477","12","336876","2026-02-12T17:42:33.9931988Z"
"ph_00000923","user_0035","org_005","ste_000839","2","499826","2026-02-10T11:17:33.9931988Z"
"ph_00000924","user_0035","org_005","ste_000522","15","1009485","2025-05-13T16:17:33.9931988Z"
"ph_00000925","user_0035","org_005","ste_000870","6","70351","2025-05-03T16:07:33.9931988Z"
"ph_00000926","user_0035","org_005","ste_000457","12","1674516","2025-07-22T04:37:33.9931988Z"
"ph_00000927","user_0035","org_005","ste_000227","24","968932","2025-11-14T19:08:33.9931988Z"
"ph_00000928","user_0035","org_005","ste_000621","4","246403","2025-07-15T07:07:33.9931988Z"
"ph_00000929","user_0035","org_005","ste_000482","21","737827","2025-07-24T04:47:33.9931988Z"
"ph_00000930","user_0035","org_005","ste_001132","18","186096","2025-09-23T00:40:33.9931988Z"
"ph_00000931","user_0035","org_005","ste_000531","16","126247","2026-03-11T21:08:33.9931988Z"
"ph_00000932","user_0035","org_005","ste_000317","9","714986","2026-02-09T16:39:33.9931988Z"
"ph_00000933","user_0035","org_005","ste_000638","14","226814","2025-10-09T05:49:33.9931988Z"
"ph_00000934","user_0035","org_005","ste_000260","10","421018","2025-12-31T01:06:33.9931988Z"
"ph_00000935","user_0035","org_005","ste_000094","12","599874","2025-06-11T21:39:33.9931988Z"
"ph_00000936","user_0035","org_005","ste_000817","21","1102677","2026-03-01T23:17:33.9931988Z"
"ph_00000937","user_0035","org_005","ste_000984","9","328805","2025-11-17T19:18:33.9931988Z"
"ph_00000938","user_0035","org_005","ste_000484","15","351685","2025-09-24T15:36:33.9931988Z"
"ph_00000939","user_0035","org_005","ste_001098","8","270147","2026-01-29T14:01:33.9931988Z"
"ph_00000940","user_0036","org_005","ste_000197","3","359389","2025-07-23T05:00:33.9931988Z"
"ph_00000941","user_0036","org_005","ste_000868","18","128251","2025-09-12T16:18:33.9931988Z"
"ph_00000942","user_0036","org_005","ste_000353","14","285136","2025-05-02T10:59:33.9931988Z"
"ph_00000943","user_0036","org_005","ste_000267","2","1130632","2026-02-06T17:29:33.9931988Z"
"ph_00000944","user_0036","org_005","ste_000856","4","38550","2026-01-10T18:24:33.9931988Z"
"ph_00000945","user_0036","org_005","ste_001081","12","124800","2026-03-09T22:26:33.9931988Z"
"ph_00000946","user_0036","org_005","ste_001112","10","427673","2025-07-06T11:17:33.9931988Z"
"ph_00000947","user_0036","org_005","ste_000189","14","750520","2025-08-03T18:46:33.9931988Z"
"ph_00000948","user_0036","org_005","ste_000551","9","3052433","2025-05-29T18:07:33.9931988Z"
"ph_00000949","user_0036","org_005","ste_000137","10","72692","2026-01-11T08:22:33.9931988Z"
"ph_00000950","user_0036","org_005","ste_001070","18","248977","2025-11-23T16:45:33.9931988Z"
"ph_00000951","user_0036","org_005","ste_000970","22","508907","2025-12-03T23:11:33.9931988Z"
"ph_00000952","user_0036","org_005","ste_001092","4","1217662","2025-09-15T13:47:33.9931988Z"
"ph_00000953","user_0036","org_005","ste_000167","17","255802","2025-12-01T10:21:33.9931988Z"
"ph_00000954","user_0036","org_005","ste_000900","20","298013","2025-12-26T23:54:33.9931988Z"
"ph_00000955","user_0036","org_005","ste_000129","2","273619","2026-02-03T08:00:33.9931988Z"
"ph_00000956","user_0036","org_005","ste_000715","1","932526","2025-11-18T21:56:33.9931988Z"
"ph_00000957","user_0036","org_005","ste_000597","6","318478","2025-07-01T20:26:33.9931988Z"
"ph_00000958","user_0036","org_005","ste_000705","11","276344","2025-05-05T00:54:33.9931988Z"
"ph_00000959","user_0036","org_005","ste_000387","8","444800","2025-12-14T10:33:33.9931988Z"
"ph_00000960","user_0036","org_005","ste_000897","17","154345","2025-07-07T20:19:33.9931988Z"
"ph_00000961","user_0036","org_005","ste_000423","2","843581","2025-11-29T17:23:33.9931988Z"
"ph_00000962","user_0036","org_005","ste_001064","7","328890","2025-08-21T09:23:33.9931988Z"
"ph_00000963","user_0036","org_005","ste_000174","22","113938","2025-05-23T15:49:33.9931988Z"
"ph_00000964","user_0036","org_005","ste_000358","18","985728","2025-10-12T03:59:33.9931988Z"
"ph_00000965","user_0036","org_005","ste_000200","12","327850","2026-03-14T22:47:33.9931988Z"
"ph_00000966","user_0036","org_005","ste_000979","11","101206","2025-05-31T21:19:33.9931988Z"
"ph_00000967","user_0036","org_005","ste_000595","17","301414","2025-09-23T09:07:33.9931988Z"
"ph_00000968","user_0036","org_005","ste_000666","22","27444","2025-11-29T12:11:33.9931988Z"
"ph_00000969","user_0036","org_005","ste_000653","20","285246","2025-10-07T21:59:33.9931988Z"
"ph_00000970","user_0037","org_005","ste_000278","17","351758","2025-11-17T09:53:33.9931988Z"
"ph_00000971","user_0037","org_005","ste_001154","12","608094","2025-11-04T00:40:33.9931988Z"
"ph_00000972","user_0037","org_005","ste_000356","15","737676","2025-09-09T16:04:33.9931988Z"
"ph_00000973","user_0037","org_005","ste_000915","23","92258","2025-06-10T20:05:33.9931988Z"
"ph_00000974","user_0037","org_005","ste_000548","3","1285049","2025-05-20T01:37:33.9931988Z"
"ph_00000975","user_0037","org_005","ste_000267","10","1188299","2025-03-30T19:16:33.9931988Z"
"ph_00000976","user_0037","org_005","ste_000537","5","1029706","2025-08-10T23:55:33.9931988Z"
"ph_00000977","user_0037","org_005","ste_001154","6","260708","2025-10-20T05:57:33.9931988Z"
"ph_00000978","user_0037","org_005","ste_001141","11","339900","2025-11-24T15:47:33.9931988Z"
"ph_00000979","user_0037","org_005","ste_000681","9","765245","2025-11-10T05:22:33.9931988Z"
"ph_00000980","user_0037","org_005","ste_001157","20","1140329","2025-11-01T08:57:33.9931988Z"
"ph_00000981","user_0037","org_005","ste_000481","22","1290912","2026-01-07T04:52:33.9931988Z"
"ph_00000982","user_0037","org_005","ste_000606","10","1502378","2025-09-10T02:05:33.9931988Z"
"ph_00000983","user_0037","org_005","ste_000230","10","799813","2026-01-04T10:43:33.9931988Z"
"ph_00000984","user_0037","org_005","ste_000636","11","1163158","2025-05-13T04:03:33.9931988Z"
"ph_00000985","user_0037","org_005","ste_000337","18","846982","2025-04-03T07:58:33.9931988Z"
"ph_00000986","user_0037","org_005","ste_000015","9","1660312","2025-04-02T15:54:33.9931988Z"
"ph_00000987","user_0037","org_005","ste_000923","19","733516","2025-11-14T19:44:33.9931988Z"
"ph_00000988","user_0037","org_005","ste_000738","16","290253","2025-06-26T00:46:33.9931988Z"
"ph_00000989","user_0038","org_005","ste_001078","13","716710","2025-11-20T13:32:33.9931988Z"
"ph_00000990","user_0038","org_005","ste_000158","22","470307","2025-06-03T00:18:33.9931988Z"
"ph_00000991","user_0038","org_005","ste_000604","17","1139343","2026-01-08T06:11:33.9931988Z"
"ph_00000992","user_0038","org_005","ste_000613","10","204765","2025-07-26T02:31:33.9931988Z"
"ph_00000993","user_0038","org_005","ste_000348","1","333020","2026-03-04T11:17:33.9931988Z"
"ph_00000994","user_0038","org_005","ste_001116","7","517089","2025-04-19T05:44:33.9931988Z"
"ph_00000995","user_0038","org_005","ste_000106","8","188872","2025-04-23T19:47:33.9931988Z"
"ph_00000996","user_0038","org_005","ste_000836","17","1628398","2025-04-29T18:22:33.9931988Z"
"ph_00000997","user_0038","org_005","ste_000644","6","746749","2025-12-08T07:31:33.9931988Z"
"ph_00000998","user_0038","org_005","ste_000419","13","575202","2026-02-21T14:53:33.9931988Z"
"ph_00000999","user_0038","org_005","ste_001034","8","729156","2025-07-30T02:08:33.9931988Z"
"ph_00001000","user_0038","org_005","ste_000681","9","1552902","2025-11-04T00:26:33.9931988Z"
"ph_00001001","user_0038","org_005","ste_000286","23","1147581","2025-08-04T03:56:33.9931988Z"
"ph_00001002","user_0038","org_005","ste_001157","18","1101701","2025-05-16T14:22:33.9931988Z"
"ph_00001003","user_0039","org_005","ste_001057","11","331744","2025-07-26T04:12:33.9931988Z"
"ph_00001004","user_0039","org_005","ste_001086","10","140194","2025-10-11T01:28:33.9931988Z"
"ph_00001005","user_0039","org_005","ste_000250","14","391959","2025-06-26T07:34:33.9931988Z"
"ph_00001006","user_0039","org_005","ste_000254","12","1068596","2025-09-11T12:18:33.9931988Z"
"ph_00001007","user_0039","org_005","ste_000302","5","213212","2025-06-12T18:47:33.9931988Z"
"ph_00001008","user_0039","org_005","ste_000010","18","241708","2025-12-03T09:23:33.9931988Z"
"ph_00001009","user_0039","org_005","ste_000507","18","1578950","2025-06-08T06:48:33.9931988Z"
"ph_00001010","user_0039","org_005","ste_000616","2","86780","2025-05-26T01:57:33.9931988Z"
"ph_00001011","user_0039","org_005","ste_000410","17","751521","2026-02-10T19:06:33.9931988Z"
"ph_00001012","user_0039","org_005","ste_000543","7","1280967","2025-08-16T07:57:33.9931988Z"
"ph_00001013","user_0039","org_005","ste_000795","20","1723615","2025-06-13T11:55:33.9931988Z"
"ph_00001014","user_0039","org_005","ste_000810","11","62554","2025-10-18T03:23:33.9931988Z"
"ph_00001015","user_0039","org_005","ste_000713","7","1361013","2026-03-10T04:49:33.9931988Z"
"ph_00001016","user_0039","org_005","ste_001147","11","116788","2025-11-15T11:27:33.9931988Z"
"ph_00001017","user_0039","org_005","ste_000207","9","1755932","2025-07-28T21:10:33.9931988Z"
"ph_00001018","user_0039","org_005","ste_000515","8","209667","2025-07-22T05:27:33.9931988Z"
"ph_00001019","user_0039","org_005","ste_000557","15","392495","2025-11-28T04:01:33.9931988Z"
"ph_00001020","user_0039","org_005","ste_000420","5","1770910","2025-04-11T14:05:33.9931988Z"
"ph_00001021","user_0039","org_005","ste_000450","24","1570467","2026-03-23T17:03:33.9931988Z"
"ph_00001022","user_0039","org_005","ste_000669","8","279912","2025-06-13T20:59:33.9931988Z"
"ph_00001023","user_0039","org_005","ste_000769","20","178722","2026-03-05T17:31:33.9931988Z"
"ph_00001024","user_0039","org_005","ste_001125","2","400184","2025-10-28T10:19:33.9931988Z"
"ph_00001025","user_0039","org_005","ste_000742","4","1219687","2026-01-05T08:32:33.9931988Z"
"ph_00001026","user_0039","org_005","ste_000181","5","1255613","2026-03-04T23:21:33.9931988Z"
"ph_00001027","user_0039","org_005","ste_000702","23","952626","2025-08-29T13:07:33.9931988Z"
"ph_00001028","user_0039","org_005","ste_001102","24","1552101","2025-04-05T12:25:33.9931988Z"
"ph_00001029","user_0039","org_005","ste_001137","20","291332","2025-10-20T05:38:33.9931988Z"
"ph_00001030","user_0039","org_005","ste_000441","23","367540","2025-04-18T08:21:33.9931988Z"
"ph_00001031","user_0039","org_005","ste_000933","9","1897705","2025-08-22T02:47:33.9931988Z"
"ph_00001032","user_0039","org_005","ste_000851","22","279554","2025-04-12T11:32:33.9931988Z"
"ph_00001033","user_0040","org_005","ste_000465","10","2017527","2025-11-12T22:12:33.9931988Z"
"ph_00001034","user_0040","org_005","ste_000054","18","47481","2025-06-13T13:09:33.9931988Z"
"ph_00001035","user_0040","org_005","ste_000501","11","23355","2025-05-29T10:53:33.9931988Z"
"ph_00001036","user_0040","org_005","ste_001119","7","880399","2025-06-14T12:40:33.9931988Z"
"ph_00001037","user_0040","org_005","ste_000857","13","483893","2025-11-29T04:37:33.9931988Z"
"ph_00001038","user_0040","org_005","ste_000242","15","666409","2025-06-30T14:06:33.9931988Z"
"ph_00001039","user_0040","org_005","ste_000358","10","973261","2025-11-28T15:50:33.9931988Z"
"ph_00001040","user_0040","org_005","ste_000348","17","909960","2026-01-17T12:36:33.9931988Z"
"ph_00001041","user_0040","org_005","ste_001137","5","183359","2025-08-14T09:08:33.9931988Z"
"ph_00001042","user_0040","org_005","ste_000542","18","238372","2025-04-13T04:06:33.9931988Z"
"ph_00001043","user_0040","org_005","ste_000681","7","1688623","2026-02-21T09:24:33.9931988Z"
"ph_00001044","user_0040","org_005","ste_001150","24","147607","2026-02-08T02:38:33.9931988Z"
"ph_00001045","user_0040","org_005","ste_001075","4","2883000","2025-06-12T21:14:33.9931988Z"
"ph_00001046","user_0040","org_005","ste_000900","13","1098130","2026-01-07T22:19:33.9931988Z"
"ph_00001047","user_0040","org_005","ste_000210","3","234758","2025-11-10T05:33:33.9931988Z"
"ph_00001048","user_0040","org_005","ste_000663","22","422477","2025-05-08T23:05:33.9931988Z"
"ph_00001049","user_0041","org_006","ste_000381","5","710702","2026-03-09T15:38:33.9931988Z"
"ph_00001050","user_0041","org_006","ste_000525","1","59585","2025-05-14T13:34:33.9931988Z"
"ph_00001051","user_0041","org_006","ste_000052","8","402413","2025-04-23T10:22:33.9931988Z"
"ph_00001052","user_0041","org_006","ste_000182","21","693475","2025-12-10T04:33:33.9931988Z"
"ph_00001053","user_0041","org_006","ste_000423","10","1204035","2026-02-16T21:09:33.9931988Z"
"ph_00001054","user_0041","org_006","ste_000386","1","1591860","2025-07-16T12:57:33.9931988Z"
"ph_00001055","user_0041","org_006","ste_000433","13","1545245","2025-10-18T05:53:33.9931988Z"
"ph_00001056","user_0041","org_006","ste_000220","11","370755","2026-01-07T06:43:33.9931988Z"
"ph_00001057","user_0041","org_006","ste_000595","1","123854","2026-03-02T11:26:33.9931988Z"
"ph_00001058","user_0041","org_006","ste_000313","10","1210133","2026-03-12T22:01:33.9931988Z"
"ph_00001059","user_0041","org_006","ste_000198","24","207096","2025-06-17T10:18:33.9931988Z"
"ph_00001060","user_0041","org_006","ste_000329","24","129357","2025-10-21T05:53:33.9931988Z"
"ph_00001061","user_0041","org_006","ste_000970","1","413466","2025-09-05T04:32:33.9931988Z"
"ph_00001062","user_0041","org_006","ste_000411","20","34413","2025-09-08T07:46:33.9931988Z"
"ph_00001063","user_0041","org_006","ste_000247","18","534255","2025-04-29T21:27:33.9931988Z"
"ph_00001064","user_0041","org_006","ste_000651","11","174386","2026-02-13T06:55:33.9931988Z"
"ph_00001065","user_0041","org_006","ste_000220","12","433941","2026-01-09T09:37:33.9931988Z"
"ph_00001066","user_0041","org_006","ste_000457","9","185186","2025-12-28T05:14:33.9931988Z"
"ph_00001067","user_0041","org_006","ste_000686","23","1227190","2026-02-05T07:05:33.9931988Z"
"ph_00001068","user_0041","org_006","ste_000875","15","1211580","2025-08-31T02:40:33.9931988Z"
"ph_00001069","user_0041","org_006","ste_000771","13","1473360","2025-04-21T10:22:33.9931988Z"
"ph_00001070","user_0041","org_006","ste_000621","10","442464","2025-06-03T20:30:33.9931988Z"
"ph_00001071","user_0042","org_006","ste_000621","19","278914","2025-08-01T16:55:33.9931988Z"
"ph_00001072","user_0042","org_006","ste_000327","9","226905","2025-05-12T16:42:33.9931988Z"
"ph_00001073","user_0042","org_006","ste_000934","21","204358","2026-01-23T15:52:33.9931988Z"
"ph_00001074","user_0042","org_006","ste_000304","23","1026008","2025-04-28T12:08:33.9931988Z"
"ph_00001075","user_0042","org_006","ste_001086","18","31077","2026-01-22T09:17:33.9931988Z"
"ph_00001076","user_0042","org_006","ste_000117","16","219195","2025-10-30T06:15:33.9931988Z"
"ph_00001077","user_0042","org_006","ste_001152","22","150023","2025-04-06T20:20:33.9931988Z"
"ph_00001078","user_0042","org_006","ste_000745","9","1598064","2025-08-04T07:12:33.9931988Z"
"ph_00001079","user_0042","org_006","ste_000291","12","425364","2025-07-03T00:52:33.9931988Z"
"ph_00001080","user_0042","org_006","ste_000147","6","1035345","2025-05-21T17:18:33.9931988Z"
"ph_00001081","user_0042","org_006","ste_001128","8","1347216","2025-04-14T02:03:33.9931988Z"
"ph_00001082","user_0042","org_006","ste_000957","12","244517","2025-10-29T06:16:33.9931988Z"
"ph_00001083","user_0042","org_006","ste_000120","23","387532","2025-09-12T18:25:33.9931988Z"
"ph_00001084","user_0042","org_006","ste_000845","21","1094213","2025-07-25T03:36:33.9931988Z"
"ph_00001085","user_0042","org_006","ste_000646","4","3669506","2026-03-10T20:07:33.9931988Z"
"ph_00001086","user_0042","org_006","ste_000199","5","1153458","2025-09-18T14:50:33.9931988Z"
"ph_00001087","user_0042","org_006","ste_000952","22","1890142","2026-01-26T00:21:33.9931988Z"
"ph_00001088","user_0042","org_006","ste_000732","14","51537","2025-05-09T22:18:33.9931988Z"
"ph_00001089","user_0042","org_006","ste_000540","5","316700","2025-10-27T15:52:33.9931988Z"
"ph_00001090","user_0043","org_006","ste_000915","3","219530","2025-10-10T03:43:33.9931988Z"
"ph_00001091","user_0043","org_006","ste_001015","20","3066318","2025-07-19T02:00:33.9931988Z"
"ph_00001092","user_0043","org_006","ste_000366","14","2247366","2025-05-10T13:39:33.9931988Z"
"ph_00001093","user_0043","org_006","ste_000959","17","449642","2025-10-01T15:33:33.9931988Z"
"ph_00001094","user_0043","org_006","ste_000518","6","179592","2025-11-19T15:48:33.9931988Z"
"ph_00001095","user_0043","org_006","ste_000874","18","804609","2025-04-20T09:17:33.9931988Z"
"ph_00001096","user_0043","org_006","ste_000379","5","1105310","2025-07-19T23:57:33.9931988Z"
"ph_00001097","user_0043","org_006","ste_000155","22","224981","2025-05-04T04:30:33.9931988Z"
"ph_00001098","user_0043","org_006","ste_000257","18","810464","2025-04-10T05:17:33.9931988Z"
"ph_00001099","user_0043","org_006","ste_001186","4","704520","2025-09-14T10:20:33.9931988Z"
"ph_00001100","user_0043","org_006","ste_000464","9","1294610","2025-05-07T09:10:33.9931988Z"
"ph_00001101","user_0043","org_006","ste_001014","21","3590373","2025-04-03T13:48:33.9931988Z"
"ph_00001102","user_0043","org_006","ste_000850","6","653736","2025-04-14T05:51:33.9931988Z"
"ph_00001103","user_0043","org_006","ste_000048","22","238945","2025-05-25T04:24:33.9931988Z"
"ph_00001104","user_0043","org_006","ste_000710","6","330579","2025-11-14T17:53:33.9931988Z"
"ph_00001105","user_0043","org_006","ste_000658","20","3020429","2025-12-15T00:32:33.9931988Z"
"ph_00001106","user_0043","org_006","ste_000132","24","835436","2025-05-13T03:52:33.9931988Z"
"ph_00001107","user_0043","org_006","ste_000953","16","3118639","2025-03-29T07:19:33.9931988Z"
"ph_00001108","user_0043","org_006","ste_000867","16","1067751","2025-09-16T00:59:33.9931988Z"
"ph_00001109","user_0043","org_006","ste_000769","9","416443","2025-05-19T16:06:33.9931988Z"
"ph_00001110","user_0043","org_006","ste_000252","16","2115872","2026-02-25T21:38:33.9931988Z"
"ph_00001111","user_0043","org_006","ste_000997","12","3008292","2025-09-16T15:29:33.9931988Z"
"ph_00001112","user_0043","org_006","ste_000644","16","1157285","2025-06-29T13:51:33.9931988Z"
"ph_00001113","user_0043","org_006","ste_000892","15","771650","2025-07-12T23:39:33.9931988Z"
"ph_00001114","user_0043","org_006","ste_000487","18","1292448","2026-03-24T23:35:33.9931988Z"
"ph_00001115","user_0043","org_006","ste_000943","13","294678","2025-03-30T19:00:33.9931988Z"
"ph_00001116","user_0043","org_006","ste_000158","8","543225","2025-11-12T10:19:33.9931988Z"
"ph_00001117","user_0043","org_006","ste_000533","15","1102009","2025-12-30T15:53:33.9931988Z"
"ph_00001118","user_0043","org_006","ste_000551","17","3445631","2026-03-03T14:40:33.9931988Z"
"ph_00001119","user_0043","org_006","ste_001040","23","215813","2025-12-21T22:01:33.9931988Z"
"ph_00001120","user_0043","org_006","ste_000494","23","1225258","2025-11-15T17:58:33.9931988Z"
"ph_00001121","user_0043","org_006","ste_000830","15","804172","2025-06-19T08:08:33.9931988Z"
"ph_00001122","user_0043","org_006","ste_000002","13","1212562","2025-12-19T12:03:33.9931988Z"
"ph_00001123","user_0043","org_006","ste_000902","22","744067","2025-09-13T10:56:33.9931988Z"
"ph_00001124","user_0043","org_006","ste_000293","17","697617","2025-11-23T06:26:33.9931988Z"
"ph_00001125","user_0044","org_006","ste_000483","12","758298","2025-07-10T20:47:33.9931988Z"
"ph_00001126","user_0044","org_006","ste_000991","4","333568","2026-03-25T02:13:33.9931988Z"
"ph_00001127","user_0044","org_006","ste_000513","2","1881048","2025-05-31T01:11:33.9931988Z"
"ph_00001128","user_0044","org_006","ste_000753","17","1165695","2025-11-11T16:24:33.9931988Z"
"ph_00001129","user_0044","org_006","ste_000472","4","78166","2026-01-16T06:54:33.9931988Z"
"ph_00001130","user_0044","org_006","ste_000598","10","754970","2025-06-24T08:22:33.9931988Z"
"ph_00001131","user_0044","org_006","ste_000266","8","158435","2025-11-18T23:54:33.9931988Z"
"ph_00001132","user_0044","org_006","ste_000143","4","1296626","2026-02-07T19:56:33.9931988Z"
"ph_00001133","user_0044","org_006","ste_000748","23","300099","2026-01-03T22:03:33.9931988Z"
"ph_00001134","user_0044","org_006","ste_000389","7","228584","2025-05-05T07:19:33.9931988Z"
"ph_00001135","user_0044","org_006","ste_000834","3","222387","2026-02-07T03:49:33.9931988Z"
"ph_00001136","user_0044","org_006","ste_000093","6","141371","2025-07-21T19:23:33.9931988Z"
"ph_00001137","user_0044","org_006","ste_000681","9","1193249","2025-12-10T14:52:33.9931988Z"
"ph_00001138","user_0044","org_006","ste_001115","17","195400","2026-01-26T16:43:33.9931988Z"
"ph_00001139","user_0044","org_006","ste_000001","21","912465","2025-09-03T10:25:33.9931988Z"
"ph_00001140","user_0044","org_006","ste_000178","1","371646","2025-12-06T09:40:33.9931988Z"
"ph_00001141","user_0044","org_006","ste_000928","13","152052","2025-06-07T08:50:33.9931988Z"
"ph_00001142","user_0044","org_006","ste_000666","1","399541","2025-12-29T00:16:33.9931988Z"
"ph_00001143","user_0044","org_006","ste_001024","6","2057009","2025-10-24T12:51:33.9931988Z"
"ph_00001144","user_0044","org_006","ste_000925","1","657180","2025-04-02T14:57:33.9931988Z"
"ph_00001145","user_0044","org_006","ste_000621","19","219656","2025-12-27T16:55:33.9931988Z"
"ph_00001146","user_0044","org_006","ste_000254","7","1738406","2026-03-01T19:54:33.9931988Z"
"ph_00001147","user_0044","org_006","ste_000042","5","185268","2026-02-12T07:21:33.9931988Z"
"ph_00001148","user_0044","org_006","ste_000960","15","287685","2025-09-13T03:36:33.9931988Z"
"ph_00001149","user_0044","org_006","ste_000399","14","1610849","2026-01-25T03:32:33.9931988Z"
"ph_00001150","user_0044","org_006","ste_000122","22","326933","2025-09-11T01:53:33.9931988Z"
"ph_00001151","user_0044","org_006","ste_000200","22","301676","2025-11-22T18:40:33.9931988Z"
"ph_00001152","user_0044","org_006","ste_001173","8","1119856","2025-11-12T21:15:33.9931988Z"
"ph_00001153","user_0044","org_006","ste_000269","1","1740670","2025-09-20T22:20:33.9931988Z"
"ph_00001154","user_0044","org_006","ste_001137","16","438959","2025-04-19T18:54:33.9931988Z"
"ph_00001155","user_0044","org_006","ste_000324","3","1169300","2025-05-25T15:49:33.9931988Z"
"ph_00001156","user_0044","org_006","ste_000138","15","457774","2025-04-15T07:34:33.9931988Z"
"ph_00001157","user_0045","org_006","ste_000848","16","1242576","2025-03-30T02:53:33.9931988Z"
"ph_00001158","user_0045","org_006","ste_000501","24","48671","2025-11-02T04:26:33.9931988Z"
"ph_00001159","user_0045","org_006","ste_000674","20","267443","2025-06-21T00:40:33.9931988Z"
"ph_00001160","user_0045","org_006","ste_000042","22","32401","2025-09-18T19:20:33.9931988Z"
"ph_00001161","user_0045","org_006","ste_000810","9","214081","2025-12-20T18:21:33.9931988Z"
"ph_00001162","user_0045","org_006","ste_000848","19","1955768","2025-09-18T04:01:33.9931988Z"
"ph_00001163","user_0045","org_006","ste_000616","14","133271","2025-10-27T02:06:33.9931988Z"
"ph_00001164","user_0045","org_006","ste_000871","11","3522357","2025-10-26T14:55:33.9931988Z"
"ph_00001165","user_0045","org_006","ste_000586","2","2508414","2025-08-21T13:01:33.9931988Z"
"ph_00001166","user_0045","org_006","ste_000331","6","3293052","2026-01-07T12:55:33.9931988Z"
"ph_00001167","user_0045","org_006","ste_000441","5","2479117","2026-02-22T06:06:33.9931988Z"
"ph_00001168","user_0045","org_006","ste_000432","13","226265","2025-06-25T15:27:33.9931988Z"
"ph_00001169","user_0045","org_006","ste_000171","7","3483561","2025-05-29T06:57:33.9931988Z"
"ph_00001170","user_0045","org_006","ste_001111","23","1565976","2025-09-14T14:47:33.9931988Z"
"ph_00001171","user_0045","org_006","ste_000594","19","1802357","2025-12-17T19:04:33.9931988Z"
"ph_00001172","user_0045","org_006","ste_000996","14","1908198","2026-03-24T14:26:33.9931988Z"
"ph_00001173","user_0045","org_006","ste_000683","17","143138","2026-01-02T14:01:33.9931988Z"
"ph_00001174","user_0045","org_006","ste_000751","7","627115","2025-07-05T11:50:33.9931988Z"
"ph_00001175","user_0045","org_006","ste_001194","6","1320462","2026-03-24T13:50:33.9931988Z"
"ph_00001176","user_0045","org_006","ste_000319","19","125829","2025-08-31T03:32:33.9931988Z"
"ph_00001177","user_0045","org_006","ste_001031","21","409911","2025-10-25T11:11:33.9931988Z"
"ph_00001178","user_0045","org_006","ste_001178","15","174988","2025-10-30T08:53:33.9931988Z"
"ph_00001179","user_0046","org_006","ste_000416","7","2167998","2025-08-31T15:40:33.9931988Z"
"ph_00001180","user_0046","org_006","ste_001190","4","3798152","2025-05-25T00:42:33.9931988Z"
"ph_00001181","user_0046","org_006","ste_000170","15","1658171","2025-07-15T15:23:33.9931988Z"
"ph_00001182","user_0046","org_006","ste_000325","19","1082403","2025-10-07T20:12:33.9931988Z"
"ph_00001183","user_0046","org_006","ste_000591","5","2570337","2026-02-27T05:48:33.9931988Z"
"ph_00001184","user_0046","org_006","ste_000777","2","2931145","2026-03-13T08:21:33.9931988Z"
"ph_00001185","user_0046","org_006","ste_000299","1","3254558","2025-05-15T09:35:33.9931988Z"
"ph_00001186","user_0046","org_006","ste_000864","9","3209054","2026-03-06T14:39:33.9931988Z"
"ph_00001187","user_0046","org_006","ste_000734","3","3077641","2025-08-31T05:44:33.9931988Z"
"ph_00001188","user_0046","org_006","ste_000822","10","795213","2026-03-26T03:01:33.9931988Z"
"ph_00001189","user_0046","org_006","ste_000070","11","377378","2025-05-24T04:28:33.9931988Z"
"ph_00001190","user_0046","org_006","ste_000325","21","362735","2025-10-09T15:11:33.9931988Z"
"ph_00001191","user_0046","org_006","ste_001074","1","3457271","2026-02-10T07:43:33.9931988Z"
"ph_00001192","user_0046","org_006","ste_000997","18","2795867","2025-12-27T20:15:33.9931988Z"
"ph_00001193","user_0046","org_006","ste_000848","9","1054524","2025-04-15T20:18:33.9931988Z"
"ph_00001194","user_0046","org_006","ste_000309","17","1346297","2025-07-23T08:20:33.9931988Z"
"ph_00001195","user_0046","org_006","ste_001197","14","765222","2025-12-05T12:59:33.9931988Z"
"ph_00001196","user_0046","org_006","ste_000366","15","2939363","2026-02-07T00:28:33.9931988Z"
"ph_00001197","user_0046","org_006","ste_000245","4","3491388","2025-06-05T14:50:33.9931988Z"
"ph_00001198","user_0046","org_006","ste_001021","8","1724704","2025-05-19T07:01:33.9931988Z"
"ph_00001199","user_0046","org_006","ste_000101","3","864326","2025-07-25T02:19:33.9931988Z"
"ph_00001200","user_0046","org_006","ste_000143","2","282016","2025-04-11T12:20:33.9931988Z"
"ph_00001201","user_0046","org_006","ste_000229","20","164842","2025-12-23T14:05:33.9931988Z"
"ph_00001202","user_0047","org_006","ste_001044","22","112076","2025-12-09T14:16:33.9931988Z"
"ph_00001203","user_0047","org_006","ste_000796","23","1539538","2025-06-01T07:58:33.9931988Z"
"ph_00001204","user_0047","org_006","ste_000026","4","91911","2025-04-11T23:35:33.9931988Z"
"ph_00001205","user_0047","org_006","ste_000096","7","138049","2026-01-31T10:46:33.9931988Z"
"ph_00001206","user_0047","org_006","ste_000319","18","338444","2025-10-12T23:02:33.9931988Z"
"ph_00001207","user_0047","org_006","ste_000936","5","1592187","2025-06-19T05:12:33.9931988Z"
"ph_00001208","user_0047","org_006","ste_000930","17","1788554","2025-04-30T22:33:33.9931988Z"
"ph_00001209","user_0047","org_006","ste_000556","14","1625282","2025-04-08T13:54:33.9931988Z"
"ph_00001210","user_0047","org_006","ste_000415","16","1404894","2025-11-07T22:25:33.9931988Z"
"ph_00001211","user_0047","org_006","ste_000426","13","846199","2025-07-14T13:08:33.9931988Z"
"ph_00001212","user_0047","org_006","ste_000305","17","271023","2025-07-28T02:16:33.9931988Z"
"ph_00001213","user_0047","org_006","ste_001170","21","23254","2025-09-17T05:53:33.9931988Z"
"ph_00001214","user_0047","org_006","ste_000371","14","1489960","2025-06-14T13:43:33.9931988Z"
"ph_00001215","user_0047","org_006","ste_000825","6","1563676","2025-06-09T10:59:33.9931988Z"
"ph_00001216","user_0047","org_006","ste_000523","11","97558","2025-06-26T00:40:33.9931988Z"
"ph_00001217","user_0047","org_006","ste_000239","4","236597","2025-07-30T23:02:33.9931988Z"
"ph_00001218","user_0047","org_006","ste_000754","2","110388","2026-01-25T11:42:33.9931988Z"
"ph_00001219","user_0047","org_006","ste_000349","4","1681131","2025-10-27T07:22:33.9931988Z"
"ph_00001220","user_0047","org_006","ste_000333","15","230824","2025-11-28T16:41:33.9931988Z"
"ph_00001221","user_0047","org_006","ste_000516","13","1428428","2025-07-14T23:54:33.9931988Z"
"ph_00001222","user_0047","org_006","ste_000126","3","259586","2025-04-04T13:33:33.9931988Z"
"ph_00001223","user_0047","org_006","ste_000304","8","347086","2026-02-18T00:56:33.9931988Z"
"ph_00001224","user_0047","org_006","ste_000803","6","192185","2026-03-19T19:54:33.9931988Z"
"ph_00001225","user_0047","org_006","ste_000039","8","240684","2025-11-27T16:02:33.9931988Z"
"ph_00001226","user_0047","org_006","ste_000681","7","1354767","2025-05-07T11:44:33.9931988Z"
"ph_00001227","user_0047","org_006","ste_000918","5","73877","2026-02-05T23:34:33.9931988Z"
"ph_00001228","user_0047","org_006","ste_000332","15","141373","2026-03-01T09:45:33.9931988Z"
"ph_00001229","user_0047","org_006","ste_000317","19","991132","2025-07-06T01:55:33.9931988Z"
"ph_00001230","user_0047","org_006","ste_000412","8","36612","2025-07-30T21:33:33.9931988Z"
"ph_00001231","user_0047","org_006","ste_000282","3","258075","2025-12-21T00:46:33.9931988Z"
"ph_00001232","user_0047","org_006","ste_001073","15","1160532","2025-11-28T18:13:33.9931988Z"
"ph_00001233","user_0047","org_006","ste_000371","10","1099336","2026-02-07T17:17:33.9931988Z"
"ph_00001234","user_0048","org_006","ste_000114","6","1109002","2026-02-01T22:31:33.9931988Z"
"ph_00001235","user_0048","org_006","ste_000132","14","1091753","2025-12-31T18:52:33.9931988Z"
"ph_00001236","user_0048","org_006","ste_000820","14","3452318","2025-09-02T00:40:33.9931988Z"
"ph_00001237","user_0048","org_006","ste_000764","23","322571","2025-05-23T13:47:33.9931988Z"
"ph_00001238","user_0048","org_006","ste_000812","23","1557193","2025-09-04T12:10:33.9931988Z"
"ph_00001239","user_0048","org_006","ste_000478","18","2076132","2025-12-02T22:19:33.9931988Z"
"ph_00001240","user_0048","org_006","ste_000130","2","2701743","2026-01-17T10:48:33.9931988Z"
"ph_00001241","user_0048","org_006","ste_000622","13","1769318","2026-02-27T15:19:33.9931988Z"
"ph_00001242","user_0048","org_006","ste_000386","16","339519","2026-02-22T12:48:33.9931988Z"
"ph_00001243","user_0048","org_006","ste_000346","14","2530698","2025-08-14T23:04:33.9931988Z"
"ph_00001244","user_0048","org_006","ste_001123","2","2812176","2025-09-29T00:23:33.9931988Z"
"ph_00001245","user_0048","org_006","ste_000494","14","818618","2025-08-11T01:57:33.9931988Z"
"ph_00001246","user_0048","org_006","ste_000613","1","370595","2025-11-22T13:43:33.9931988Z"
"ph_00001247","user_0048","org_006","ste_001184","20","1880594","2025-04-25T10:21:33.9931988Z"
"ph_00001248","user_0048","org_006","ste_000694","22","2193415","2026-03-11T10:21:33.9931988Z"
"ph_00001249","user_0048","org_006","ste_000265","17","1638177","2025-10-13T10:26:33.9931988Z"
"ph_00001250","user_0048","org_006","ste_000146","17","2491848","2025-04-01T23:13:33.9931988Z"
"ph_00001251","user_0048","org_006","ste_001166","8","271893","2026-01-30T07:34:33.9931988Z"
"ph_00001252","user_0048","org_006","ste_000040","11","416216","2025-07-11T21:23:33.9931988Z"
"ph_00001253","user_0048","org_006","ste_000822","9","3379636","2026-02-28T23:29:33.9931988Z"
"ph_00001254","user_0048","org_006","ste_000809","8","3079321","2025-09-02T22:09:33.9931988Z"
"ph_00001255","user_0048","org_006","ste_000590","9","1573966","2025-12-03T20:21:33.9931988Z"
"ph_00001256","user_0048","org_006","ste_000457","4","1228693","2025-05-12T16:30:33.9931988Z"
"ph_00001257","user_0048","org_006","ste_000944","15","369119","2025-12-14T08:14:33.9931988Z"
"ph_00001258","user_0048","org_006","ste_001190","8","793230","2025-12-26T09:38:33.9931988Z"
"ph_00001259","user_0048","org_006","ste_000483","5","1184657","2026-03-09T09:32:33.9931988Z"
"ph_00001260","user_0048","org_006","ste_000844","6","450895","2025-08-02T05:58:33.9931988Z"
"ph_00001261","user_0048","org_006","ste_000652","14","856166","2026-03-03T08:56:33.9931988Z"
"ph_00001262","user_0048","org_006","ste_000143","14","767327","2025-05-18T13:25:33.9931988Z"
"ph_00001263","user_0048","org_006","ste_001010","12","1649657","2026-02-08T12:29:33.9931988Z"
"ph_00001264","user_0048","org_006","ste_001038","13","3727290","2025-09-04T01:02:33.9931988Z"
"ph_00001265","user_0049","org_007","ste_000087","15","171019","2025-09-15T02:55:33.9931988Z"
"ph_00001266","user_0049","org_007","ste_000743","8","772214","2025-10-16T19:05:33.9931988Z"
"ph_00001267","user_0049","org_007","ste_000491","7","262898","2025-09-20T20:39:33.9931988Z"
"ph_00001268","user_0049","org_007","ste_000833","4","1264975","2026-02-02T09:23:33.9931988Z"
"ph_00001269","user_0049","org_007","ste_001134","17","82349","2025-10-22T21:44:33.9931988Z"
"ph_00001270","user_0049","org_007","ste_000239","12","398016","2026-02-11T12:16:33.9931988Z"
"ph_00001271","user_0049","org_007","ste_000464","5","778233","2025-04-21T12:31:33.9931988Z"
"ph_00001272","user_0049","org_007","ste_001109","21","179384","2025-10-08T15:00:33.9931988Z"
"ph_00001273","user_0049","org_007","ste_000665","13","53869","2025-12-19T22:29:33.9931988Z"
"ph_00001274","user_0049","org_007","ste_000250","23","341542","2025-11-30T17:06:33.9931988Z"
"ph_00001275","user_0049","org_007","ste_000789","11","180196","2025-12-16T18:56:33.9931988Z"
"ph_00001276","user_0049","org_007","ste_000280","19","1472048","2025-12-05T01:18:33.9931988Z"
"ph_00001277","user_0049","org_007","ste_001157","14","957804","2025-09-16T05:19:33.9931988Z"
"ph_00001278","user_0049","org_007","ste_000313","14","713921","2025-08-15T17:08:33.9931988Z"
"ph_00001279","user_0049","org_007","ste_000148","12","207863","2026-01-09T12:52:33.9931988Z"
"ph_00001280","user_0049","org_007","ste_000176","9","267731","2025-12-24T22:44:33.9931988Z"
"ph_00001281","user_0050","org_007","ste_001142","20","546601","2025-04-15T12:10:33.9931988Z"
"ph_00001282","user_0050","org_007","ste_000448","6","2484102","2025-10-11T05:24:33.9931988Z"
"ph_00001283","user_0050","org_007","ste_001110","15","1196686","2025-08-10T08:46:33.9931988Z"
"ph_00001284","user_0050","org_007","ste_000537","15","408239","2025-12-30T09:47:33.9931988Z"
"ph_00001285","user_0050","org_007","ste_000040","18","865057","2025-04-01T17:40:33.9931988Z"
"ph_00001286","user_0050","org_007","ste_000397","11","3017464","2025-06-18T01:28:33.9931988Z"
"ph_00001287","user_0050","org_007","ste_000944","14","996497","2025-04-21T14:43:33.9931988Z"
"ph_00001288","user_0050","org_007","ste_000007","10","2956006","2025-06-16T12:16:33.9931988Z"
"ph_00001289","user_0050","org_007","ste_000657","17","2482643","2025-10-01T18:03:33.9931988Z"
"ph_00001290","user_0050","org_007","ste_000924","23","1028300","2025-05-27T10:05:33.9931988Z"
"ph_00001291","user_0050","org_007","ste_000102","19","1565957","2025-08-07T21:49:33.9931988Z"
"ph_00001292","user_0050","org_007","ste_000627","5","3281211","2025-07-16T01:10:33.9931988Z"
"ph_00001293","user_0050","org_007","ste_001064","24","359707","2025-05-20T10:18:33.9931988Z"
"ph_00001294","user_0050","org_007","ste_000009","7","1259489","2026-01-31T02:18:33.9931988Z"
"ph_00001295","user_0050","org_007","ste_000778","21","1371950","2025-07-15T04:35:33.9931988Z"
"ph_00001296","user_0050","org_007","ste_000418","7","2594274","2025-04-27T21:53:33.9931988Z"
"ph_00001297","user_0050","org_007","ste_000152","10","1010443","2026-02-17T01:32:33.9931988Z"
"ph_00001298","user_0050","org_007","ste_000424","7","3789471","2025-06-20T22:59:33.9931988Z"
"ph_00001299","user_0050","org_007","ste_001181","22","982413","2025-08-30T07:51:33.9931988Z"
"ph_00001300","user_0050","org_007","ste_000487","2","1253128","2025-09-18T20:34:33.9931988Z"
"ph_00001301","user_0051","org_007","ste_000938","13","1491154","2025-08-20T16:27:33.9931988Z"
"ph_00001302","user_0051","org_007","ste_000493","11","1576615","2025-12-06T05:49:33.9931988Z"
"ph_00001303","user_0051","org_007","ste_000522","16","605181","2025-12-04T13:11:33.9931988Z"
"ph_00001304","user_0051","org_007","ste_000003","7","582369","2025-07-11T20:03:33.9931988Z"
"ph_00001305","user_0051","org_007","ste_000437","7","3621039","2026-02-11T02:17:33.9931988Z"
"ph_00001306","user_0051","org_007","ste_001176","4","1709461","2026-03-16T16:16:33.9931988Z"
"ph_00001307","user_0051","org_007","ste_000123","10","1492351","2026-02-16T12:31:33.9931988Z"
"ph_00001308","user_0051","org_007","ste_000094","16","815674","2025-11-25T12:46:33.9931988Z"
"ph_00001309","user_0051","org_007","ste_000996","6","3101590","2025-04-11T19:20:33.9931988Z"
"ph_00001310","user_0051","org_007","ste_000513","9","1742362","2026-01-19T13:53:33.9931988Z"
"ph_00001311","user_0051","org_007","ste_000534","15","995865","2026-02-25T06:02:33.9931988Z"
"ph_00001312","user_0051","org_007","ste_000007","16","1087540","2025-10-09T02:27:33.9931988Z"
"ph_00001313","user_0051","org_007","ste_000532","8","1597645","2025-06-03T01:27:33.9931988Z"
"ph_00001314","user_0051","org_007","ste_000648","10","1002693","2025-04-09T22:48:33.9931988Z"
"ph_00001315","user_0051","org_007","ste_000097","7","1516932","2025-11-19T06:29:33.9931988Z"
"ph_00001316","user_0051","org_007","ste_000530","21","1721713","2025-05-04T11:41:33.9931988Z"
"ph_00001317","user_0051","org_007","ste_000760","5","428580","2025-10-01T20:16:33.9931988Z"
"ph_00001318","user_0051","org_007","ste_000647","1","990150","2026-03-03T17:37:33.9931988Z"
"ph_00001319","user_0051","org_007","ste_000891","15","1531591","2026-01-31T15:47:33.9931988Z"
"ph_00001320","user_0051","org_007","ste_000844","14","3291844","2026-01-31T23:54:33.9931988Z"
"ph_00001321","user_0051","org_007","ste_000953","5","2467832","2025-10-24T04:40:33.9931988Z"
"ph_00001322","user_0051","org_007","ste_001038","17","3623821","2026-02-01T11:14:33.9931988Z"
"ph_00001323","user_0051","org_007","ste_000320","13","1041054","2026-03-14T20:13:33.9931988Z"
"ph_00001324","user_0051","org_007","ste_000122","5","666873","2025-07-03T17:26:33.9931988Z"
"ph_00001325","user_0051","org_007","ste_000045","24","1154473","2025-12-17T07:53:33.9931988Z"
"ph_00001326","user_0051","org_007","ste_000340","23","2607841","2026-02-07T16:33:33.9931988Z"
"ph_00001327","user_0051","org_007","ste_000084","6","3585785","2026-03-03T10:58:33.9931988Z"
"ph_00001328","user_0051","org_007","ste_000816","8","1741155","2025-11-28T08:10:33.9931988Z"
"ph_00001329","user_0052","org_007","ste_000899","10","220297","2026-03-15T07:48:33.9931988Z"
"ph_00001330","user_0052","org_007","ste_000353","22","51010","2025-08-31T21:43:33.9931988Z"
"ph_00001331","user_0052","org_007","ste_000831","20","1911642","2026-02-08T15:25:33.9931988Z"
"ph_00001332","user_0052","org_007","ste_000266","19","143255","2025-09-25T12:12:33.9931988Z"
"ph_00001333","user_0052","org_007","ste_000409","18","185839","2026-03-25T02:25:33.9931988Z"
"ph_00001334","user_0052","org_007","ste_000992","6","2473984","2026-02-22T13:21:33.9931988Z"
"ph_00001335","user_0052","org_007","ste_001039","6","366716","2025-08-14T19:43:33.9931988Z"
"ph_00001336","user_0052","org_007","ste_000368","10","2214461","2025-09-06T20:46:33.9931988Z"
"ph_00001337","user_0052","org_007","ste_000279","3","2713001","2025-07-16T13:36:33.9931988Z"
"ph_00001338","user_0052","org_007","ste_001145","1","491494","2025-12-26T03:17:33.9931988Z"
"ph_00001339","user_0052","org_007","ste_000424","14","808954","2025-05-27T23:59:33.9931988Z"
"ph_00001340","user_0052","org_007","ste_000734","5","2214946","2026-02-28T08:07:33.9931988Z"
"ph_00001341","user_0053","org_007","ste_000954","9","344085","2025-08-05T07:07:33.9931988Z"
"ph_00001342","user_0053","org_007","ste_000484","12","369363","2026-03-26T19:02:33.9931988Z"
"ph_00001343","user_0053","org_007","ste_000059","23","295216","2025-09-29T09:37:33.9931988Z"
"ph_00001344","user_0053","org_007","ste_000200","8","67730","2025-11-02T20:09:33.9931988Z"
"ph_00001345","user_0053","org_007","ste_000103","9","1854864","2025-07-02T12:07:33.9931988Z"
"ph_00001346","user_0053","org_007","ste_000780","20","446819","2025-10-10T06:54:33.9931988Z"
"ph_00001347","user_0053","org_007","ste_000470","5","97650","2025-06-10T06:34:33.9931988Z"
"ph_00001348","user_0053","org_007","ste_001132","18","280437","2026-01-19T19:13:33.9931988Z"
"ph_00001349","user_0053","org_007","ste_000779","22","357481","2025-05-09T16:22:33.9931988Z"
"ph_00001350","user_0053","org_007","ste_000790","2","228258","2025-08-02T06:20:33.9931988Z"
"ph_00001351","user_0053","org_007","ste_000325","19","927693","2025-12-31T00:26:33.9931988Z"
"ph_00001352","user_0053","org_007","ste_001149","10","1883161","2026-03-03T05:32:33.9931988Z"
"ph_00001353","user_0053","org_007","ste_000515","2","252360","2025-09-24T13:51:33.9931988Z"
"ph_00001354","user_0053","org_007","ste_000121","3","407557","2026-01-04T14:44:33.9931988Z"
"ph_00001355","user_0053","org_007","ste_001020","13","1245856","2025-07-22T04:04:33.9931988Z"
"ph_00001356","user_0053","org_007","ste_000711","23","77205","2025-08-01T21:12:33.9931988Z"
"ph_00001357","user_0053","org_007","ste_000654","8","363754","2025-11-09T14:28:33.9931988Z"
"ph_00001358","user_0053","org_007","ste_001051","18","1335482","2025-11-25T05:06:33.9931988Z"
"ph_00001359","user_0053","org_007","ste_000930","16","387748","2025-03-29T13:05:33.9931988Z"
"ph_00001360","user_0053","org_007","ste_001018","5","215012","2025-12-10T13:34:33.9931988Z"
"ph_00001361","user_0053","org_007","ste_000801","8","755223","2025-10-31T01:00:33.9931988Z"
"ph_00001362","user_0053","org_007","ste_000134","3","372839","2025-10-11T10:51:33.9931988Z"
"ph_00001363","user_0053","org_007","ste_000190","17","1675822","2025-07-12T16:51:33.9931988Z"
"ph_00001364","user_0053","org_007","ste_000354","16","148363","2025-11-10T17:32:33.9931988Z"
"ph_00001365","user_0053","org_007","ste_000466","5","209933","2025-09-07T02:25:33.9931988Z"
"ph_00001366","user_0053","org_007","ste_001073","18","642692","2026-03-01T11:41:33.9931988Z"
"ph_00001367","user_0053","org_007","ste_000325","7","760977","2025-09-26T16:45:33.9931988Z"
"ph_00001368","user_0053","org_007","ste_000618","3","927881","2025-10-04T12:53:33.9931988Z"
"ph_00001369","user_0053","org_007","ste_000350","23","441597","2026-02-25T02:04:33.9931988Z"
"ph_00001370","user_0053","org_007","ste_000901","24","244234","2025-08-17T00:58:33.9931988Z"
"ph_00001371","user_0053","org_007","ste_000207","24","564084","2025-12-23T16:01:33.9931988Z"
"ph_00001372","user_0053","org_007","ste_000930","13","1305440","2026-03-16T00:49:33.9931988Z"
"ph_00001373","user_0053","org_007","ste_000072","14","574759","2026-03-10T16:01:33.9931988Z"
"ph_00001374","user_0054","org_007","ste_000968","7","3060088","2025-10-30T05:43:33.9931988Z"
"ph_00001375","user_0054","org_007","ste_000568","16","916209","2025-04-30T02:00:33.9931988Z"
"ph_00001376","user_0054","org_007","ste_000571","4","363423","2026-01-13T07:51:33.9931988Z"
"ph_00001377","user_0054","org_007","ste_000664","18","190977","2025-06-27T17:30:33.9931988Z"
"ph_00001378","user_0054","org_007","ste_000524","22","811489","2026-02-24T00:40:33.9931988Z"
"ph_00001379","user_0054","org_007","ste_000832","21","1073753","2026-03-25T21:24:33.9931988Z"
"ph_00001380","user_0054","org_007","ste_000810","15","296457","2025-07-11T00:54:33.9931988Z"
"ph_00001381","user_0054","org_007","ste_000367","10","183620","2026-01-06T23:00:33.9931988Z"
"ph_00001382","user_0054","org_007","ste_000248","21","376047","2025-12-18T10:25:33.9931988Z"
"ph_00001383","user_0054","org_007","ste_001006","6","1108334","2026-01-18T03:34:33.9931988Z"
"ph_00001384","user_0054","org_007","ste_000851","15","58412","2025-06-30T08:35:33.9931988Z"
"ph_00001385","user_0054","org_007","ste_000873","5","232613","2025-09-14T12:44:33.9931988Z"
"ph_00001386","user_0054","org_007","ste_000966","1","3267360","2025-06-06T17:22:33.9931988Z"
"ph_00001387","user_0054","org_007","ste_000425","13","870676","2025-07-10T06:52:33.9931988Z"
"ph_00001388","user_0054","org_007","ste_000380","5","721593","2025-12-12T12:29:33.9931988Z"
"ph_00001389","user_0054","org_007","ste_001018","13","437374","2025-05-30T03:33:33.9931988Z"
"ph_00001390","user_0054","org_007","ste_001170","17","263430","2025-05-25T10:09:33.9931988Z"
"ph_00001391","user_0054","org_007","ste_001064","24","880737","2025-06-03T11:18:33.9931988Z"
"ph_00001392","user_0054","org_007","ste_000681","17","695831","2025-12-16T17:08:33.9931988Z"
"ph_00001393","user_0054","org_007","ste_000944","8","551130","2025-07-09T01:50:33.9931988Z"
"ph_00001394","user_0054","org_007","ste_000559","10","197252","2025-06-13T15:37:33.9931988Z"
"ph_00001395","user_0054","org_007","ste_000350","4","234650","2025-08-29T07:08:33.9931988Z"
"ph_00001396","user_0055","org_007","ste_000923","3","237876","2025-06-15T21:27:33.9931988Z"
"ph_00001397","user_0055","org_007","ste_001139","2","256593","2025-11-07T15:20:33.9931988Z"
"ph_00001398","user_0055","org_007","ste_000908","21","126445","2025-04-29T01:47:33.9931988Z"
"ph_00001399","user_0055","org_007","ste_000336","23","976223","2025-12-06T03:34:33.9931988Z"
"ph_00001400","user_0055","org_007","ste_000486","23","718237","2025-05-03T21:35:33.9931988Z"
"ph_00001401","user_0055","org_007","ste_000777","15","489208","2025-07-29T00:07:33.9931988Z"
"ph_00001402","user_0055","org_007","ste_000253","6","303199","2026-01-04T19:07:33.9931988Z"
"ph_00001403","user_0055","org_007","ste_000604","5","1018321","2025-10-15T12:40:33.9931988Z"
"ph_00001404","user_0055","org_007","ste_000201","9","1000491","2025-06-09T09:45:33.9931988Z"
"ph_00001405","user_0055","org_007","ste_000042","8","73195","2026-03-24T02:16:33.9931988Z"
"ph_00001406","user_0055","org_007","ste_000964","24","485470","2026-03-21T07:38:33.9931988Z"
"ph_00001407","user_0055","org_007","ste_001199","10","951197","2025-11-05T13:55:33.9931988Z"
"ph_00001408","user_0055","org_007","ste_000567","5","1009555","2025-12-30T19:30:33.9931988Z"
"ph_00001409","user_0055","org_007","ste_000538","22","1139698","2025-10-02T16:21:33.9931988Z"
"ph_00001410","user_0055","org_007","ste_000282","10","251866","2025-05-29T16:33:33.9931988Z"
"ph_00001411","user_0055","org_007","ste_001168","6","455992","2026-03-23T09:37:33.9931988Z"
"ph_00001412","user_0055","org_007","ste_000336","16","1021359","2025-06-06T10:36:33.9931988Z"
"ph_00001413","user_0055","org_007","ste_000123","22","643803","2025-08-11T09:54:33.9931988Z"
"ph_00001414","user_0055","org_007","ste_000396","21","379375","2025-10-11T09:14:33.9931988Z"
"ph_00001415","user_0055","org_007","ste_000609","13","165123","2026-02-14T19:16:33.9931988Z"
"ph_00001416","user_0055","org_007","ste_000098","3","1257401","2026-02-28T20:50:33.9931988Z"
"ph_00001417","user_0055","org_007","ste_000796","2","1012630","2025-05-19T00:00:33.9931988Z"
"ph_00001418","user_0055","org_007","ste_000398","8","1299674","2025-06-12T15:10:33.9931988Z"
"ph_00001419","user_0055","org_007","ste_001004","15","946396","2025-05-24T06:09:33.9931988Z"
"ph_00001420","user_0055","org_007","ste_000063","1","129660","2025-05-22T05:16:33.9931988Z"
"ph_00001421","user_0055","org_007","ste_000401","4","583799","2025-11-18T12:52:33.9931988Z"
"ph_00001422","user_0055","org_007","ste_000991","9","1213723","2025-06-07T02:27:33.9931988Z"
"ph_00001423","user_0055","org_007","ste_000777","6","1954413","2025-09-06T08:02:33.9931988Z"
"ph_00001424","user_0055","org_007","ste_000594","7","938856","2025-12-19T18:39:33.9931988Z"
"ph_00001425","user_0055","org_007","ste_000388","20","1141080","2025-12-05T04:39:33.9931988Z"
"ph_00001426","user_0055","org_007","ste_000461","12","1146558","2025-12-11T19:40:33.9931988Z"
"ph_00001427","user_0055","org_007","ste_000286","14","342648","2025-05-31T12:16:33.9931988Z"
"ph_00001428","user_0055","org_007","ste_000714","9","521378","2026-03-19T23:35:33.9931988Z"
"ph_00001429","user_0055","org_007","ste_001096","6","108561","2025-05-01T02:30:33.9931988Z"
"ph_00001430","user_0055","org_007","ste_001097","12","1221576","2026-02-20T04:14:33.9931988Z"
"ph_00001431","user_0056","org_007","ste_000807","10","846839","2025-04-27T14:51:33.9931988Z"
"ph_00001432","user_0056","org_007","ste_000472","1","311001","2025-08-16T03:44:33.9931988Z"
"ph_00001433","user_0056","org_007","ste_000363","11","867589","2025-12-20T17:05:33.9931988Z"
"ph_00001434","user_0056","org_007","ste_000724","14","835795","2025-09-13T01:13:33.9931988Z"
"ph_00001435","user_0056","org_007","ste_000465","23","1283237","2026-01-04T01:47:33.9931988Z"
"ph_00001436","user_0056","org_007","ste_001116","6","200769","2025-04-30T17:56:33.9931988Z"
"ph_00001437","user_0056","org_007","ste_001126","4","142953","2025-09-13T23:19:33.9931988Z"
"ph_00001438","user_0056","org_007","ste_000632","21","3101129","2025-12-10T08:51:33.9931988Z"
"ph_00001439","user_0056","org_007","ste_000690","17","620071","2025-08-03T21:47:33.9931988Z"
"ph_00001440","user_0056","org_007","ste_000695","16","440931","2025-06-27T04:17:33.9931988Z"
"ph_00001441","user_0056","org_007","ste_000854","22","829624","2025-04-29T02:43:33.9931988Z"
"ph_00001442","user_0056","org_007","ste_000770","5","1431347","2025-03-29T07:38:33.9931988Z"
"ph_00001443","user_0056","org_007","ste_001104","21","309413","2025-09-07T07:58:33.9931988Z"
"ph_00001444","user_0056","org_007","ste_000590","19","734355","2025-08-05T04:05:33.9931988Z"
"ph_00001445","user_0057","org_008","ste_000903","22","930280","2025-11-16T03:35:33.9931988Z"
"ph_00001446","user_0057","org_008","ste_000761","9","140297","2025-05-17T08:23:33.9931988Z"
"ph_00001447","user_0057","org_008","ste_000215","10","342237","2025-11-20T06:34:33.9931988Z"
"ph_00001448","user_0057","org_008","ste_001078","20","466214","2025-10-19T23:18:33.9931988Z"
"ph_00001449","user_0057","org_008","ste_000443","21","654057","2026-03-03T01:38:33.9931988Z"
"ph_00001450","user_0057","org_008","ste_000784","20","735863","2025-09-16T13:47:33.9931988Z"
"ph_00001451","user_0057","org_008","ste_000972","4","2071586","2025-05-18T20:42:33.9931988Z"
"ph_00001452","user_0057","org_008","ste_000638","10","1277924","2025-10-31T22:17:33.9931988Z"
"ph_00001453","user_0057","org_008","ste_001071","12","1259021","2026-02-16T11:41:33.9931988Z"
"ph_00001454","user_0057","org_008","ste_000009","20","928662","2025-04-06T08:55:33.9931988Z"
"ph_00001455","user_0057","org_008","ste_000560","15","3284886","2025-04-10T23:48:33.9931988Z"
"ph_00001456","user_0057","org_008","ste_000323","23","1193828","2025-05-22T20:11:33.9931988Z"
"ph_00001457","user_0057","org_008","ste_000674","12","650129","2026-02-14T13:03:33.9931988Z"
"ph_00001458","user_0057","org_008","ste_000385","17","133195","2025-12-28T01:34:33.9931988Z"
"ph_00001459","user_0057","org_008","ste_000857","19","100084","2025-04-17T05:51:33.9931988Z"
"ph_00001460","user_0057","org_008","ste_000751","3","3680771","2025-12-12T20:09:33.9931988Z"
"ph_00001461","user_0057","org_008","ste_000538","19","775436","2025-06-21T13:10:33.9931988Z"
"ph_00001462","user_0057","org_008","ste_000990","3","168098","2025-09-25T14:08:33.9931988Z"
"ph_00001463","user_0057","org_008","ste_000124","9","300359","2026-03-21T13:50:33.9931988Z"
"ph_00001464","user_0057","org_008","ste_000559","14","571545","2026-02-27T12:28:33.9931988Z"
"ph_00001465","user_0057","org_008","ste_000553","8","1017050","2025-08-05T05:49:33.9931988Z"
"ph_00001466","user_0057","org_008","ste_000274","19","1911759","2026-01-12T11:19:33.9931988Z"
"ph_00001467","user_0057","org_008","ste_000089","10","1053017","2026-03-06T03:03:33.9931988Z"
"ph_00001468","user_0057","org_008","ste_000144","15","630418","2026-02-15T07:06:33.9931988Z"
"ph_00001469","user_0057","org_008","ste_000733","6","559012","2025-09-02T15:24:33.9931988Z"
"ph_00001470","user_0057","org_008","ste_000752","11","1542553","2025-05-30T14:22:33.9931988Z"
"ph_00001471","user_0057","org_008","ste_000508","15","2330372","2025-11-20T17:58:33.9931988Z"
"ph_00001472","user_0057","org_008","ste_000613","21","186216","2025-08-08T07:44:33.9931988Z"
"ph_00001473","user_0058","org_008","ste_000391","12","1893826","2025-09-22T11:06:33.9931988Z"
"ph_00001474","user_0058","org_008","ste_000830","22","1592491","2026-02-14T23:51:33.9931988Z"
"ph_00001475","user_0058","org_008","ste_000646","19","3299127","2025-10-18T12:55:33.9931988Z"
"ph_00001476","user_0058","org_008","ste_000478","16","3795261","2026-03-09T11:00:33.9931988Z"
"ph_00001477","user_0058","org_008","ste_000552","24","1983638","2026-03-07T21:25:33.9931988Z"
"ph_00001478","user_0058","org_008","ste_000649","16","508523","2025-06-20T13:52:33.9931988Z"
"ph_00001479","user_0058","org_008","ste_000620","7","3496882","2026-02-06T00:07:33.9931988Z"
"ph_00001480","user_0058","org_008","ste_000895","17","1127754","2025-10-10T03:35:33.9931988Z"
"ph_00001481","user_0058","org_008","ste_001021","13","3764769","2025-04-17T04:52:33.9931988Z"
"ph_00001482","user_0058","org_008","ste_000275","12","1811789","2025-09-30T05:54:33.9931988Z"
"ph_00001483","user_0058","org_008","ste_000110","5","1907187","2025-10-28T03:25:33.9931988Z"
"ph_00001484","user_0058","org_008","ste_000437","17","3570653","2025-11-20T16:12:33.9931988Z"
"ph_00001485","user_0058","org_008","ste_000786","5","1688303","2026-01-18T14:59:33.9931988Z"
"ph_00001486","user_0058","org_008","ste_000749","13","872373","2025-12-01T23:08:33.9931988Z"
"ph_00001487","user_0058","org_008","ste_000796","3","522814","2025-06-22T11:23:33.9931988Z"
"ph_00001488","user_0059","org_008","ste_000621","23","288379","2025-06-15T18:46:33.9931988Z"
"ph_00001489","user_0059","org_008","ste_000067","7","93649","2025-09-27T09:30:33.9931988Z"
"ph_00001490","user_0059","org_008","ste_000341","14","794235","2025-06-27T19:37:33.9931988Z"
"ph_00001491","user_0059","org_008","ste_000027","9","2108895","2025-08-21T20:20:33.9931988Z"
"ph_00001492","user_0059","org_008","ste_000166","4","303542","2025-04-21T02:37:33.9931988Z"
"ph_00001493","user_0059","org_008","ste_000632","4","2009855","2026-03-05T21:47:33.9931988Z"
"ph_00001494","user_0059","org_008","ste_000762","20","1595668","2026-02-26T14:52:33.9931988Z"
"ph_00001495","user_0059","org_008","ste_000274","6","3631858","2025-07-03T19:11:33.9931988Z"
"ph_00001496","user_0059","org_008","ste_000724","1","3435139","2026-01-17T05:28:33.9931988Z"
"ph_00001497","user_0059","org_008","ste_000640","2","411293","2025-08-28T13:54:33.9931988Z"
"ph_00001498","user_0059","org_008","ste_001152","18","173017","2025-12-27T02:17:33.9931988Z"
"ph_00001499","user_0059","org_008","ste_000732","5","321308","2026-01-07T17:42:33.9931988Z"
"ph_00001500","user_0059","org_008","ste_000192","22","929904","2025-06-11T08:01:33.9931988Z"
"ph_00001501","user_0059","org_008","ste_000213","2","76699","2025-04-29T10:27:33.9931988Z"
"ph_00001502","user_0059","org_008","ste_000136","11","419298","2026-03-12T04:25:33.9931988Z"
"ph_00001503","user_0059","org_008","ste_000736","4","63612","2025-12-09T15:22:33.9931988Z"
"ph_00001504","user_0059","org_008","ste_000972","16","1542465","2026-03-26T01:31:33.9931988Z"
"ph_00001505","user_0060","org_008","ste_000676","4","517533","2025-08-12T22:36:33.9931988Z"
"ph_00001506","user_0060","org_008","ste_000446","4","230425","2025-07-13T07:58:33.9931988Z"
"ph_00001507","user_0060","org_008","ste_000614","17","1414344","2025-05-17T16:04:33.9931988Z"
"ph_00001508","user_0060","org_008","ste_000203","24","483546","2025-06-02T10:32:33.9931988Z"
"ph_00001509","user_0060","org_008","ste_000818","9","1679616","2025-10-20T10:09:33.9931988Z"
"ph_00001510","user_0060","org_008","ste_000158","1","1092768","2025-06-18T23:10:33.9931988Z"
"ph_00001511","user_0060","org_008","ste_000348","22","203482","2025-12-08T15:22:33.9931988Z"
"ph_00001512","user_0060","org_008","ste_000047","13","917051","2025-12-26T13:02:33.9931988Z"
"ph_00001513","user_0060","org_008","ste_000097","20","1019326","2025-11-13T02:16:33.9931988Z"
"ph_00001514","user_0060","org_008","ste_001167","15","464586","2025-07-30T18:29:33.9931988Z"
"ph_00001515","user_0060","org_008","ste_000882","12","1627739","2026-02-15T13:53:33.9931988Z"
"ph_00001516","user_0060","org_008","ste_000339","17","852149","2025-06-29T00:19:33.9931988Z"
"ph_00001517","user_0061","org_008","ste_000001","2","213786","2026-03-01T15:19:33.9931988Z"
"ph_00001518","user_0061","org_008","ste_001008","23","1214721","2025-06-08T03:45:33.9931988Z"
"ph_00001519","user_0061","org_008","ste_000623","14","3209208","2025-12-05T20:08:33.9931988Z"
"ph_00001520","user_0061","org_008","ste_000062","14","2996731","2025-07-06T04:33:33.9931988Z"
"ph_00001521","user_0061","org_008","ste_000246","23","3511091","2025-11-24T00:37:33.9931988Z"
"ph_00001522","user_0061","org_008","ste_000640","6","2714446","2025-09-05T17:31:33.9931988Z"
"ph_00001523","user_0061","org_008","ste_000173","8","1200332","2026-03-02T00:20:33.9931988Z"
"ph_00001524","user_0061","org_008","ste_000458","23","700941","2026-02-04T22:40:33.9931988Z"
"ph_00001525","user_0061","org_008","ste_000003","15","3617290","2025-07-11T03:42:33.9931988Z"
"ph_00001526","user_0061","org_008","ste_000331","14","2938641","2026-03-05T12:15:33.9931988Z"
"ph_00001527","user_0061","org_008","ste_001033","14","1020554","2026-02-13T10:28:33.9931988Z"
"ph_00001528","user_0061","org_008","ste_001015","11","2782789","2025-08-11T14:17:33.9931988Z"
"ph_00001529","user_0061","org_008","ste_000526","7","256765","2025-07-23T16:52:33.9931988Z"
"ph_00001530","user_0061","org_008","ste_000705","21","972435","2025-12-13T13:56:33.9931988Z"
"ph_00001531","user_0061","org_008","ste_000561","23","823875","2025-12-03T18:58:33.9931988Z"
"ph_00001532","user_0061","org_008","ste_000526","15","250395","2025-07-25T09:50:33.9931988Z"
"ph_00001533","user_0061","org_008","ste_001087","1","409280","2025-08-27T18:44:33.9931988Z"
"ph_00001534","user_0061","org_008","ste_000892","7","162322","2025-04-24T18:02:33.9931988Z"
"ph_00001535","user_0061","org_008","ste_000989","20","663738","2026-03-06T09:20:33.9931988Z"
"ph_00001536","user_0061","org_008","ste_001053","10","2235300","2025-12-04T14:25:33.9931988Z"
"ph_00001537","user_0061","org_008","ste_000508","18","799374","2025-12-15T07:29:33.9931988Z"
"ph_00001538","user_0061","org_008","ste_000706","14","726126","2025-04-28T10:53:33.9931988Z"
"ph_00001539","user_0061","org_008","ste_000276","17","456037","2025-09-27T10:11:33.9931988Z"
"ph_00001540","user_0061","org_008","ste_000820","3","2417453","2026-01-12T14:12:33.9931988Z"
"ph_00001541","user_0062","org_008","ste_000346","19","3464224","2025-04-09T21:06:33.9931988Z"
"ph_00001542","user_0062","org_008","ste_000803","6","293617","2025-10-21T14:48:33.9931988Z"
"ph_00001543","user_0062","org_008","ste_000172","9","160961","2025-12-05T21:20:33.9931988Z"
"ph_00001544","user_0062","org_008","ste_001190","3","1487654","2025-12-27T01:55:33.9931988Z"
"ph_00001545","user_0062","org_008","ste_000034","16","3786320","2026-02-12T09:56:33.9931988Z"
"ph_00001546","user_0062","org_008","ste_000039","13","430276","2025-04-01T01:46:33.9931988Z"
"ph_00001547","user_0062","org_008","ste_000956","16","3448324","2025-05-20T16:25:33.9931988Z"
"ph_00001548","user_0062","org_008","ste_000377","14","1284776","2026-02-23T13:26:33.9931988Z"
"ph_00001549","user_0062","org_008","ste_000723","14","1515482","2025-12-06T07:35:33.9931988Z"
"ph_00001550","user_0062","org_008","ste_000340","1","3453315","2025-10-07T10:30:33.9931988Z"
"ph_00001551","user_0062","org_008","ste_000520","24","1972858","2025-08-02T14:52:33.9931988Z"
"ph_00001552","user_0062","org_008","ste_000582","3","2683246","2025-10-01T04:54:33.9931988Z"
"ph_00001553","user_0062","org_008","ste_000707","10","1934344","2025-11-27T09:10:33.9931988Z"
"ph_00001554","user_0062","org_008","ste_000827","18","1118708","2026-03-23T04:42:33.9931988Z"
"ph_00001555","user_0062","org_008","ste_000143","6","1224194","2025-12-16T08:50:33.9931988Z"
"ph_00001556","user_0062","org_008","ste_000076","3","3627426","2025-10-14T11:16:33.9931988Z"
"ph_00001557","user_0062","org_008","ste_000122","19","1687612","2025-11-02T14:58:33.9931988Z"
"ph_00001558","user_0062","org_008","ste_001052","14","1994604","2026-01-31T12:38:33.9931988Z"
"ph_00001559","user_0062","org_008","ste_000152","15","1112285","2025-06-15T13:46:33.9931988Z"
"ph_00001560","user_0062","org_008","ste_000556","19","1687599","2025-10-07T08:57:33.9931988Z"
"ph_00001561","user_0062","org_008","ste_000121","23","1262109","2025-09-02T16:14:33.9931988Z"
"ph_00001562","user_0062","org_008","ste_000548","1","382694","2025-05-17T17:43:33.9931988Z"
"ph_00001563","user_0062","org_008","ste_000582","14","314783","2025-11-17T04:17:33.9931988Z"
"ph_00001564","user_0062","org_008","ste_000569","9","2005351","2026-03-03T21:15:33.9931988Z"
"ph_00001565","user_0062","org_008","ste_000090","22","1174247","2026-02-13T23:03:33.9931988Z"
"ph_00001566","user_0062","org_008","ste_000717","11","585068","2025-10-23T15:10:33.9931988Z"
"ph_00001567","user_0062","org_008","ste_000003","19","1020410","2025-06-22T20:59:33.9931988Z"
"ph_00001568","user_0062","org_008","ste_000654","3","573681","2026-03-14T19:55:33.9931988Z"
"ph_00001569","user_0062","org_008","ste_000994","8","3373992","2025-12-31T03:24:33.9931988Z"
"ph_00001570","user_0062","org_008","ste_000153","22","2240664","2025-05-11T14:48:33.9931988Z"
"ph_00001571","user_0062","org_008","ste_000838","3","1111815","2025-11-04T08:17:33.9931988Z"
"ph_00001572","user_0062","org_008","ste_000324","11","1465483","2025-11-13T01:58:33.9931988Z"
"ph_00001573","user_0062","org_008","ste_000556","13","674874","2025-05-18T07:41:33.9931988Z"
"ph_00001574","user_0062","org_008","ste_000930","5","733900","2025-09-01T13:27:33.9931988Z"
"ph_00001575","user_0062","org_008","ste_000114","24","1415509","2025-10-11T00:52:33.9931988Z"
"ph_00001576","user_0062","org_008","ste_000696","8","523907","2026-01-29T21:26:33.9931988Z"
"ph_00001577","user_0062","org_008","ste_000744","20","1092715","2026-02-22T14:46:33.9931988Z"
"ph_00001578","user_0063","org_008","ste_001024","5","2855321","2025-07-03T17:02:33.9931988Z"
"ph_00001579","user_0063","org_008","ste_001168","10","547557","2025-11-11T17:07:33.9931988Z"
"ph_00001580","user_0063","org_008","ste_000674","13","1254066","2025-08-15T02:29:33.9931988Z"
"ph_00001581","user_0063","org_008","ste_000494","18","2520310","2025-08-18T16:24:33.9931988Z"
"ph_00001582","user_0063","org_008","ste_000506","13","1609326","2025-09-28T04:21:33.9931988Z"
"ph_00001583","user_0063","org_008","ste_000581","14","742683","2025-12-10T04:44:33.9931988Z"
"ph_00001584","user_0063","org_008","ste_000257","12","1453209","2025-11-19T07:55:33.9931988Z"
"ph_00001585","user_0063","org_008","ste_000215","5","2127440","2025-04-18T07:38:33.9931988Z"
"ph_00001586","user_0063","org_008","ste_000827","3","3412477","2025-05-15T15:01:33.9931988Z"
"ph_00001587","user_0063","org_008","ste_000629","12","1051802","2025-12-24T20:05:33.9931988Z"
"ph_00001588","user_0063","org_008","ste_001016","4","722428","2026-01-03T04:21:33.9931988Z"
"ph_00001589","user_0063","org_008","ste_000210","20","412229","2025-10-19T06:43:33.9931988Z"
"ph_00001590","user_0063","org_008","ste_000242","15","634471","2025-06-21T11:44:33.9931988Z"
"ph_00001591","user_0063","org_008","ste_001135","1","2567071","2026-01-05T13:53:33.9931988Z"
"ph_00001592","user_0063","org_008","ste_001111","5","2567246","2025-07-09T19:41:33.9931988Z"
"ph_00001593","user_0063","org_008","ste_000375","7","782154","2025-07-17T07:55:33.9931988Z"
"ph_00001594","user_0063","org_008","ste_000493","13","2159933","2025-04-15T09:34:33.9931988Z"
"ph_00001595","user_0063","org_008","ste_000038","24","933468","2025-09-24T00:03:33.9931988Z"
"ph_00001596","user_0063","org_008","ste_000110","8","3610421","2025-09-10T07:36:33.9931988Z"
"ph_00001597","user_0063","org_008","ste_000766","23","3233201","2026-03-23T21:48:33.9931988Z"
"ph_00001598","user_0063","org_008","ste_000857","11","531172","2025-07-06T05:03:33.9931988Z"
"ph_00001599","user_0063","org_008","ste_000662","5","720156","2025-05-13T20:10:33.9931988Z"
"ph_00001600","user_0063","org_008","ste_000223","14","1686453","2025-05-05T04:25:33.9931988Z"
"ph_00001601","user_0063","org_008","ste_000311","20","103521","2025-11-17T06:08:33.9931988Z"
"ph_00001602","user_0064","org_008","ste_000208","8","1692368","2026-01-20T13:05:33.9931988Z"
"ph_00001603","user_0064","org_008","ste_000732","12","385224","2025-08-31T03:37:33.9931988Z"
"ph_00001604","user_0064","org_008","ste_000115","3","179742","2025-07-29T10:53:33.9931988Z"
"ph_00001605","user_0064","org_008","ste_000224","1","992752","2025-07-01T17:27:33.9931988Z"
"ph_00001606","user_0064","org_008","ste_000666","6","339814","2025-06-04T15:59:33.9931988Z"
"ph_00001607","user_0064","org_008","ste_000427","19","242676","2025-09-04T17:35:33.9931988Z"
"ph_00001608","user_0064","org_008","ste_000205","4","1351019","2025-05-02T16:22:33.9931988Z"
"ph_00001609","user_0064","org_008","ste_000864","16","2286957","2026-01-25T13:37:33.9931988Z"
"ph_00001610","user_0064","org_008","ste_000378","6","455309","2025-08-07T13:39:33.9931988Z"
"ph_00001611","user_0064","org_008","ste_000985","12","1313395","2025-04-03T17:37:33.9931988Z"
"ph_00001612","user_0064","org_008","ste_000999","14","1413416","2025-05-16T02:43:33.9931988Z"
"ph_00001613","user_0064","org_008","ste_000071","5","295181","2025-10-17T07:10:33.9931988Z"
"ph_00001614","user_0064","org_008","ste_001195","9","33799","2026-01-12T17:00:33.9931988Z"
"ph_00001615","user_0064","org_008","ste_000390","13","344100","2026-03-25T02:30:33.9931988Z"
"ph_00001616","user_0064","org_008","ste_001062","19","1423102","2025-10-30T17:23:33.9931988Z"
"ph_00001617","user_0064","org_008","ste_000566","3","940400","2025-05-10T07:48:33.9931988Z"
"ph_00001618","user_0064","org_008","ste_000115","23","143076","2026-03-18T09:27:33.9931988Z"
"ph_00001619","user_0064","org_008","ste_000666","4","27575","2025-07-31T22:33:33.9931988Z"
"ph_00001620","user_0064","org_008","ste_000744","6","1052092","2025-12-24T18:56:33.9931988Z"
"ph_00001621","user_0065","org_009","ste_000629","5","1179233","2025-11-23T05:33:33.9931988Z"
"ph_00001622","user_0065","org_009","ste_001074","14","2508437","2025-07-04T08:21:33.9931988Z"
"ph_00001623","user_0065","org_009","ste_000882","18","1153340","2026-01-14T13:27:33.9931988Z"
"ph_00001624","user_0065","org_009","ste_000505","8","328512","2025-04-02T14:08:33.9931988Z"
"ph_00001625","user_0065","org_009","ste_001006","18","197358","2026-02-26T16:56:33.9931988Z"
"ph_00001626","user_0065","org_009","ste_001124","2","165997","2025-06-12T05:09:33.9931988Z"
"ph_00001627","user_0065","org_009","ste_000332","21","414573","2026-03-17T01:53:33.9931988Z"
"ph_00001628","user_0065","org_009","ste_000991","17","451723","2025-07-21T02:23:33.9931988Z"
"ph_00001629","user_0065","org_009","ste_000664","22","131535","2026-02-10T02:55:33.9931988Z"
"ph_00001630","user_0065","org_009","ste_000389","13","419885","2025-07-06T14:09:33.9931988Z"
"ph_00001631","user_0065","org_009","ste_001139","7","971312","2025-11-05T13:54:33.9931988Z"
"ph_00001632","user_0065","org_009","ste_000553","19","347481","2025-09-13T04:04:33.9931988Z"
"ph_00001633","user_0065","org_009","ste_000061","8","929204","2026-02-26T00:41:33.9931988Z"
"ph_00001634","user_0065","org_009","ste_000567","19","366290","2025-05-10T03:00:33.9931988Z"
"ph_00001635","user_0065","org_009","ste_000295","19","676298","2025-04-04T08:02:33.9931988Z"
"ph_00001636","user_0065","org_009","ste_000044","1","61862","2025-08-24T10:45:33.9931988Z"
"ph_00001637","user_0065","org_009","ste_000054","22","129624","2025-07-29T20:52:33.9931988Z"
"ph_00001638","user_0065","org_009","ste_000834","6","346196","2025-07-04T06:29:33.9931988Z"
"ph_00001639","user_0065","org_009","ste_000725","22","392003","2025-07-15T12:03:33.9931988Z"
"ph_00001640","user_0065","org_009","ste_000443","1","763521","2025-09-04T08:01:33.9931988Z"
"ph_00001641","user_0065","org_009","ste_000859","17","350464","2026-01-07T11:28:33.9931988Z"
"ph_00001642","user_0065","org_009","ste_000853","20","912590","2025-09-03T03:47:33.9931988Z"
"ph_00001643","user_0065","org_009","ste_000212","1","111372","2025-11-19T08:59:33.9931988Z"
"ph_00001644","user_0066","org_009","ste_000861","7","205896","2025-11-21T03:56:33.9931988Z"
"ph_00001645","user_0066","org_009","ste_000853","2","1652003","2025-10-14T07:01:33.9931988Z"
"ph_00001646","user_0066","org_009","ste_000114","12","347323","2025-10-11T15:51:33.9931988Z"
"ph_00001647","user_0066","org_009","ste_000393","1","687725","2025-08-06T16:21:33.9931988Z"
"ph_00001648","user_0066","org_009","ste_000606","16","607962","2025-05-21T23:28:33.9931988Z"
"ph_00001649","user_0066","org_009","ste_000998","21","419877","2025-04-22T10:23:33.9931988Z"
"ph_00001650","user_0066","org_009","ste_000868","10","215434","2025-12-05T11:14:33.9931988Z"
"ph_00001651","user_0066","org_009","ste_000282","4","558268","2025-03-30T23:30:33.9931988Z"
"ph_00001652","user_0066","org_009","ste_000190","7","1231104","2025-07-10T06:15:33.9931988Z"
"ph_00001653","user_0066","org_009","ste_000548","1","835982","2026-01-28T06:33:33.9931988Z"
"ph_00001654","user_0066","org_009","ste_001137","18","129631","2025-09-20T03:03:33.9931988Z"
"ph_00001655","user_0066","org_009","ste_000764","7","137624","2025-04-09T23:42:33.9931988Z"
"ph_00001656","user_0066","org_009","ste_000802","13","1141835","2025-04-28T09:59:33.9931988Z"
"ph_00001657","user_0066","org_009","ste_000789","3","181171","2025-08-16T12:40:33.9931988Z"
"ph_00001658","user_0066","org_009","ste_001158","18","181023","2025-07-26T21:23:33.9931988Z"
"ph_00001659","user_0066","org_009","ste_000653","15","21704","2025-10-21T02:43:33.9931988Z"
"ph_00001660","user_0066","org_009","ste_000268","3","127036","2025-08-22T22:12:33.9931988Z"
"ph_00001661","user_0066","org_009","ste_000439","4","308775","2025-04-24T05:07:33.9931988Z"
"ph_00001662","user_0066","org_009","ste_000106","9","1753600","2025-11-01T01:01:33.9931988Z"
"ph_00001663","user_0066","org_009","ste_000329","9","102922","2025-08-28T10:22:33.9931988Z"
"ph_00001664","user_0066","org_009","ste_000229","4","115976","2025-05-20T04:37:33.9931988Z"
"ph_00001665","user_0066","org_009","ste_000666","14","244626","2025-03-31T20:47:33.9931988Z"
"ph_00001666","user_0066","org_009","ste_000812","18","1661348","2026-02-12T23:56:33.9931988Z"
"ph_00001667","user_0066","org_009","ste_000282","19","280458","2025-11-19T12:39:33.9931988Z"
"ph_00001668","user_0066","org_009","ste_001125","7","140283","2026-02-04T12:50:33.9931988Z"
"ph_00001669","user_0066","org_009","ste_000280","1","1716453","2025-08-21T08:48:33.9931988Z"
"ph_00001670","user_0066","org_009","ste_000534","18","1329666","2025-08-25T06:12:33.9931988Z"
"ph_00001671","user_0066","org_009","ste_001069","3","426448","2025-08-15T23:36:33.9931988Z"
"ph_00001672","user_0066","org_009","ste_000390","3","398798","2025-04-01T11:10:33.9931988Z"
"ph_00001673","user_0066","org_009","ste_000611","8","518751","2025-12-11T19:05:33.9931988Z"
"ph_00001674","user_0066","org_009","ste_000521","5","1254745","2025-10-23T05:56:33.9931988Z"
"ph_00001675","user_0066","org_009","ste_001007","1","654375","2026-02-21T03:21:33.9931988Z"
"ph_00001676","user_0066","org_009","ste_000578","16","108626","2025-07-20T04:42:33.9931988Z"
"ph_00001677","user_0067","org_009","ste_000134","16","146400","2025-10-30T20:09:33.9931988Z"
"ph_00001678","user_0067","org_009","ste_000057","13","615136","2025-09-07T18:56:33.9931988Z"
"ph_00001679","user_0067","org_009","ste_000307","7","360770","2026-03-05T09:23:33.9931988Z"
"ph_00001680","user_0067","org_009","ste_000593","14","140580","2025-09-19T16:30:33.9931988Z"
"ph_00001681","user_0067","org_009","ste_000315","7","267620","2026-01-15T00:28:33.9931988Z"
"ph_00001682","user_0067","org_009","ste_000081","2","483027","2025-05-21T02:00:33.9931988Z"
"ph_00001683","user_0067","org_009","ste_001096","21","246546","2025-09-15T01:15:33.9931988Z"
"ph_00001684","user_0067","org_009","ste_000865","4","1628212","2025-08-19T23:44:33.9931988Z"
"ph_00001685","user_0067","org_009","ste_000842","8","1156950","2025-09-24T06:18:33.9931988Z"
"ph_00001686","user_0067","org_009","ste_000335","13","361213","2025-11-12T10:15:33.9931988Z"
"ph_00001687","user_0067","org_009","ste_000695","20","312286","2025-05-17T09:33:33.9931988Z"
"ph_00001688","user_0067","org_009","ste_000201","20","1801018","2025-05-08T22:36:33.9931988Z"
"ph_00001689","user_0067","org_009","ste_001013","7","83955","2025-07-24T03:53:33.9931988Z"
"ph_00001690","user_0067","org_009","ste_000334","2","623744","2026-03-24T07:56:33.9931988Z"
"ph_00001691","user_0067","org_009","ste_000330","6","981547","2025-05-15T09:05:33.9931988Z"
"ph_00001692","user_0067","org_009","ste_000379","8","1257677","2026-01-01T14:06:33.9931988Z"
"ph_00001693","user_0067","org_009","ste_000944","13","941673","2025-10-06T10:54:33.9931988Z"
"ph_00001694","user_0067","org_009","ste_000890","8","454268","2025-06-05T18:47:33.9931988Z"
"ph_00001695","user_0067","org_009","ste_000157","22","333628","2025-06-11T13:21:33.9931988Z"
"ph_00001696","user_0067","org_009","ste_000537","19","1089346","2025-04-25T17:40:33.9931988Z"
"ph_00001697","user_0067","org_009","ste_000425","3","574177","2025-05-20T18:31:33.9931988Z"
"ph_00001698","user_0067","org_009","ste_000991","8","1212800","2025-12-25T08:26:33.9931988Z"
"ph_00001699","user_0067","org_009","ste_000667","19","483423","2026-01-06T00:13:33.9931988Z"
"ph_00001700","user_0067","org_009","ste_000187","6","987308","2025-06-06T15:35:33.9931988Z"
"ph_00001701","user_0067","org_009","ste_000749","5","801423","2026-01-26T12:44:33.9931988Z"
"ph_00001702","user_0067","org_009","ste_000861","14","190949","2025-07-23T09:59:33.9931988Z"
"ph_00001703","user_0067","org_009","ste_000086","15","320780","2025-10-19T15:51:33.9931988Z"
"ph_00001704","user_0067","org_009","ste_000427","24","232080","2025-11-14T21:13:33.9931988Z"
"ph_00001705","user_0067","org_009","ste_001195","23","395337","2026-03-02T16:58:33.9931988Z"
"ph_00001706","user_0067","org_009","ste_000899","17","55022","2025-09-29T21:14:33.9931988Z"
"ph_00001707","user_0067","org_009","ste_000272","2","236943","2025-05-25T07:17:33.9931988Z"
"ph_00001708","user_0067","org_009","ste_000458","19","187358","2025-07-07T01:22:33.9931988Z"
"ph_00001709","user_0068","org_009","ste_000556","7","1719714","2025-11-20T18:02:33.9931988Z"
"ph_00001710","user_0068","org_009","ste_000805","24","486055","2025-08-27T00:55:33.9931988Z"
"ph_00001711","user_0068","org_009","ste_000990","6","821598","2025-04-02T01:00:33.9931988Z"
"ph_00001712","user_0068","org_009","ste_000471","11","156306","2025-11-09T09:54:33.9931988Z"
"ph_00001713","user_0068","org_009","ste_000517","14","515147","2025-12-02T05:13:33.9931988Z"
"ph_00001714","user_0068","org_009","ste_001053","22","837689","2026-03-03T22:18:33.9931988Z"
"ph_00001715","user_0068","org_009","ste_000744","2","904161","2026-02-10T16:31:33.9931988Z"
"ph_00001716","user_0068","org_009","ste_001008","18","2039847","2025-04-17T05:05:33.9931988Z"
"ph_00001717","user_0068","org_009","ste_000079","21","1353719","2025-07-30T04:48:33.9931988Z"
"ph_00001718","user_0068","org_009","ste_000913","3","2733911","2025-04-05T01:08:33.9931988Z"
"ph_00001719","user_0068","org_009","ste_000783","4","1928355","2025-12-09T20:57:33.9931988Z"
"ph_00001720","user_0068","org_009","ste_000827","16","2717687","2026-03-08T23:33:33.9931988Z"
"ph_00001721","user_0068","org_009","ste_000138","2","411212","2025-12-24T00:46:33.9931988Z"
"ph_00001722","user_0068","org_009","ste_000742","7","1793482","2025-05-15T21:31:33.9931988Z"
"ph_00001723","user_0068","org_009","ste_000183","13","626444","2025-06-20T11:10:33.9931988Z"
"ph_00001724","user_0068","org_009","ste_001032","10","3628681","2026-03-23T08:24:33.9931988Z"
"ph_00001725","user_0068","org_009","ste_000294","24","595358","2025-12-11T05:35:33.9931988Z"
"ph_00001726","user_0068","org_009","ste_000681","16","802954","2026-02-19T15:54:33.9931988Z"
"ph_00001727","user_0068","org_009","ste_000092","13","3125872","2025-07-12T15:36:33.9931988Z"
"ph_00001728","user_0068","org_009","ste_000280","11","1438517","2025-09-12T12:49:33.9931988Z"
"ph_00001729","user_0068","org_009","ste_000146","3","501354","2025-07-31T14:25:33.9931988Z"
"ph_00001730","user_0069","org_009","ste_000966","15","3315247","2025-10-29T17:13:33.9931988Z"
"ph_00001731","user_0069","org_009","ste_000081","21","1699703","2025-12-18T09:02:33.9931988Z"
"ph_00001732","user_0069","org_009","ste_000913","9","908427","2025-10-26T19:42:33.9931988Z"
"ph_00001733","user_0069","org_009","ste_000067","24","343337","2026-02-12T15:28:33.9931988Z"
"ph_00001734","user_0069","org_009","ste_000981","14","344894","2025-08-03T12:35:33.9931988Z"
"ph_00001735","user_0069","org_009","ste_000809","3","3309850","2025-08-06T12:55:33.9931988Z"
"ph_00001736","user_0069","org_009","ste_001037","24","258271","2025-11-01T20:12:33.9931988Z"
"ph_00001737","user_0069","org_009","ste_000852","20","884134","2025-04-07T18:28:33.9931988Z"
"ph_00001738","user_0069","org_009","ste_001159","12","1529039","2025-05-12T10:20:33.9931988Z"
"ph_00001739","user_0069","org_009","ste_000005","16","996325","2025-10-22T23:21:33.9931988Z"
"ph_00001740","user_0069","org_009","ste_000196","15","138441","2026-01-09T09:20:33.9931988Z"
"ph_00001741","user_0069","org_009","ste_000890","5","206663","2025-07-24T19:29:33.9931988Z"
"ph_00001742","user_0069","org_009","ste_000705","12","511505","2025-06-01T12:05:33.9931988Z"
"ph_00001743","user_0069","org_009","ste_000016","11","456474","2025-05-12T18:26:33.9931988Z"
"ph_00001744","user_0069","org_009","ste_000270","20","3721352","2025-10-30T14:14:33.9931988Z"
"ph_00001745","user_0069","org_009","ste_001154","18","404802","2025-10-03T06:58:33.9931988Z"
"ph_00001746","user_0069","org_009","ste_000423","6","472969","2026-02-21T07:01:33.9931988Z"
"ph_00001747","user_0069","org_009","ste_000602","24","1634983","2026-03-02T01:40:33.9931988Z"
"ph_00001748","user_0069","org_009","ste_000492","17","2063923","2025-04-21T00:47:33.9931988Z"
"ph_00001749","user_0069","org_009","ste_000905","12","850902","2025-06-23T07:35:33.9931988Z"
"ph_00001750","user_0069","org_009","ste_000916","21","1231103","2025-10-06T18:37:33.9931988Z"
"ph_00001751","user_0069","org_009","ste_001198","2","2303893","2025-06-09T01:34:33.9931988Z"
"ph_00001752","user_0069","org_009","ste_000714","11","742126","2025-10-12T03:19:33.9931988Z"
"ph_00001753","user_0069","org_009","ste_000242","6","922462","2025-07-17T17:22:33.9931988Z"
"ph_00001754","user_0070","org_009","ste_000884","2","520395","2026-03-17T16:26:33.9931988Z"
"ph_00001755","user_0070","org_009","ste_001187","7","989525","2025-06-03T23:22:33.9931988Z"
"ph_00001756","user_0070","org_009","ste_000577","20","547238","2025-10-15T00:59:33.9931988Z"
"ph_00001757","user_0070","org_009","ste_000943","6","1229265","2025-07-29T09:44:33.9931988Z"
"ph_00001758","user_0070","org_009","ste_000269","2","783458","2026-01-22T20:05:33.9931988Z"
"ph_00001759","user_0070","org_009","ste_000611","20","976682","2025-07-12T08:42:33.9931988Z"
"ph_00001760","user_0070","org_009","ste_000298","2","686418","2025-04-08T00:25:33.9931988Z"
"ph_00001761","user_0070","org_009","ste_000511","10","1230346","2025-10-17T01:01:33.9931988Z"
"ph_00001762","user_0070","org_009","ste_001091","11","427709","2025-10-12T07:23:33.9931988Z"
"ph_00001763","user_0070","org_009","ste_000499","13","492156","2025-11-29T04:01:33.9931988Z"
"ph_00001764","user_0070","org_009","ste_001192","12","729249","2025-12-24T04:01:33.9931988Z"
"ph_00001765","user_0070","org_009","ste_000617","1","829672","2025-12-03T10:11:33.9931988Z"
"ph_00001766","user_0070","org_009","ste_001122","3","1468497","2025-06-28T05:45:33.9931988Z"
"ph_00001767","user_0071","org_009","ste_000343","8","270806","2025-11-02T07:00:33.9931988Z"
"ph_00001768","user_0071","org_009","ste_000743","16","446032","2025-08-15T18:25:33.9931988Z"
"ph_00001769","user_0071","org_009","ste_000373","15","924361","2026-02-14T08:37:33.9931988Z"
"ph_00001770","user_0071","org_009","ste_000743","21","940837","2025-09-13T23:39:33.9931988Z"
"ph_00001771","user_0071","org_009","ste_001099","22","1002649","2025-08-29T09:16:33.9931988Z"
"ph_00001772","user_0071","org_009","ste_000266","6","201490","2025-12-23T16:38:33.9931988Z"
"ph_00001773","user_0071","org_009","ste_000213","16","202630","2025-06-14T12:19:33.9931988Z"
"ph_00001774","user_0071","org_009","ste_000934","8","290431","2025-07-01T23:07:33.9931988Z"
"ph_00001775","user_0071","org_009","ste_000276","24","25414","2025-12-26T14:40:33.9931988Z"
"ph_00001776","user_0071","org_009","ste_001050","13","1252958","2026-02-09T07:44:33.9931988Z"
"ph_00001777","user_0071","org_009","ste_000902","23","1167883","2026-02-03T10:58:33.9931988Z"
"ph_00001778","user_0071","org_009","ste_000422","9","151782","2025-08-09T12:57:33.9931988Z"
"ph_00001779","user_0071","org_009","ste_000512","9","797631","2025-07-25T03:33:33.9931988Z"
"ph_00001780","user_0071","org_009","ste_000104","16","972605","2025-08-04T19:45:33.9931988Z"
"ph_00001781","user_0071","org_009","ste_000934","13","319906","2025-05-14T21:15:33.9931988Z"
"ph_00001782","user_0071","org_009","ste_000886","16","61800","2026-02-09T10:22:33.9931988Z"
"ph_00001783","user_0071","org_009","ste_000305","17","33077","2025-12-30T05:03:33.9931988Z"
"ph_00001784","user_0071","org_009","ste_000957","14","362750","2025-05-03T00:51:33.9931988Z"
"ph_00001785","user_0071","org_009","ste_000588","3","241409","2025-04-08T12:32:33.9931988Z"
"ph_00001786","user_0071","org_009","ste_000490","19","304782","2026-01-23T08:46:33.9931988Z"
"ph_00001787","user_0071","org_009","ste_001002","10","322422","2025-05-23T18:21:33.9931988Z"
"ph_00001788","user_0071","org_009","ste_000516","17","1539869","2026-02-26T07:46:33.9931988Z"
"ph_00001789","user_0071","org_009","ste_000084","21","3178539","2025-07-29T00:40:33.9931988Z"
"ph_00001790","user_0071","org_009","ste_000073","10","1208238","2025-04-14T03:09:33.9931988Z"
"ph_00001791","user_0071","org_009","ste_000703","11","455967","2025-07-07T02:48:33.9931988Z"
"ph_00001792","user_0072","org_009","ste_000898","11","751582","2026-01-13T19:36:33.9931988Z"
"ph_00001793","user_0072","org_009","ste_000866","9","1211378","2025-05-12T09:21:33.9931988Z"
"ph_00001794","user_0072","org_009","ste_000049","12","594008","2025-09-04T10:46:33.9931988Z"
"ph_00001795","user_0072","org_009","ste_000867","10","580964","2026-02-28T09:43:33.9931988Z"
"ph_00001796","user_0072","org_009","ste_000004","7","3684346","2025-08-14T13:14:33.9931988Z"
"ph_00001797","user_0072","org_009","ste_000841","21","398381","2025-09-30T03:45:33.9931988Z"
"ph_00001798","user_0072","org_009","ste_000318","19","1297064","2025-10-02T12:59:33.9931988Z"
"ph_00001799","user_0072","org_009","ste_000318","9","1044156","2026-01-31T12:40:33.9931988Z"
"ph_00001800","user_0072","org_009","ste_001157","20","909950","2025-07-03T14:55:33.9931988Z"
"ph_00001801","user_0072","org_009","ste_000896","13","965401","2025-05-20T20:08:33.9931988Z"
"ph_00001802","user_0072","org_009","ste_000555","3","2989839","2025-08-06T13:37:33.9931988Z"
"ph_00001803","user_0072","org_009","ste_000990","20","185357","2025-08-19T10:37:33.9931988Z"
"ph_00001804","user_0072","org_009","ste_000961","20","577111","2025-07-18T19:11:33.9931988Z"
"ph_00001805","user_0072","org_009","ste_000468","20","3419390","2025-10-09T04:31:33.9931988Z"
"ph_00001806","user_0072","org_009","ste_001065","13","1535710","2026-02-17T18:53:33.9931988Z"
"ph_00001807","user_0072","org_009","ste_000634","12","106371","2025-07-28T08:15:33.9931988Z"
"ph_00001808","user_0072","org_009","ste_000462","14","334333","2025-12-08T15:13:33.9931988Z"
"ph_00001809","user_0072","org_009","ste_000018","24","695942","2025-09-24T20:45:33.9931988Z"
"ph_00001810","user_0072","org_009","ste_000685","18","1874618","2025-05-03T15:50:33.9931988Z"
"ph_00001811","user_0072","org_009","ste_001140","7","356952","2025-04-22T05:38:33.9931988Z"
"ph_00001812","user_0072","org_009","ste_000033","14","1882708","2025-08-28T02:03:33.9931988Z"
"ph_00001813","user_0072","org_009","ste_000465","20","2373494","2025-09-04T07:55:33.9931988Z"
"ph_00001814","user_0072","org_009","ste_000224","20","1584712","2026-02-17T05:26:33.9931988Z"
"ph_00001815","user_0072","org_009","ste_000762","18","408789","2026-01-27T12:55:33.9931988Z"
"ph_00001816","user_0072","org_009","ste_001009","8","1260657","2026-03-04T08:02:33.9931988Z"
"ph_00001817","user_0072","org_009","ste_000397","14","961455","2025-08-24T14:03:33.9931988Z"
"ph_00001818","user_0072","org_009","ste_001140","14","1096987","2026-03-18T01:38:33.9931988Z"
"ph_00001819","user_0072","org_009","ste_000990","5","903466","2026-02-28T21:19:33.9931988Z"
"ph_00001820","user_0072","org_009","ste_000361","9","863293","2026-02-03T04:19:33.9931988Z"
"ph_00001821","user_0072","org_009","ste_000575","2","2390136","2025-05-28T15:07:33.9931988Z"
"ph_00001822","user_0073","org_010","ste_000537","6","1077623","2025-04-16T12:29:33.9931988Z"
"ph_00001823","user_0073","org_010","ste_000432","21","298552","2025-08-22T06:02:33.9931988Z"
"ph_00001824","user_0073","org_010","ste_000494","20","690845","2025-11-07T02:10:33.9931988Z"
"ph_00001825","user_0073","org_010","ste_000972","17","593180","2025-04-03T19:55:33.9931988Z"
"ph_00001826","user_0073","org_010","ste_001067","21","33788","2025-09-20T11:05:33.9931988Z"
"ph_00001827","user_0073","org_010","ste_000897","13","280441","2025-06-30T10:49:33.9931988Z"
"ph_00001828","user_0073","org_010","ste_000903","1","536444","2026-01-14T00:23:33.9931988Z"
"ph_00001829","user_0073","org_010","ste_000440","8","972644","2026-02-26T23:56:33.9931988Z"
"ph_00001830","user_0073","org_010","ste_000731","19","348953","2025-10-10T04:27:33.9931988Z"
"ph_00001831","user_0073","org_010","ste_000650","12","581122","2025-05-18T10:37:33.9931988Z"
"ph_00001832","user_0073","org_010","ste_000870","3","174162","2026-01-30T07:45:33.9931988Z"
"ph_00001833","user_0073","org_010","ste_000921","5","315512","2025-05-15T00:30:33.9931988Z"
"ph_00001834","user_0073","org_010","ste_000990","3","293794","2026-03-24T09:17:33.9931988Z"
"ph_00001835","user_0073","org_010","ste_000066","21","817796","2025-11-16T13:03:33.9931988Z"
"ph_00001836","user_0073","org_010","ste_000058","7","402617","2025-09-17T14:31:33.9931988Z"
"ph_00001837","user_0073","org_010","ste_001191","5","799389","2026-03-03T16:19:33.9931988Z"
"ph_00001838","user_0073","org_010","ste_000400","2","311084","2026-01-11T06:52:33.9931988Z"
"ph_00001839","user_0073","org_010","ste_000006","5","577681","2025-12-22T13:35:33.9931988Z"
"ph_00001840","user_0073","org_010","ste_000290","10","103262","2025-10-04T07:08:33.9931988Z"
"ph_00001841","user_0073","org_010","ste_000568","10","568194","2026-02-14T09:16:33.9931988Z"
"ph_00001842","user_0073","org_010","ste_000580","11","344741","2025-10-25T21:28:33.9931988Z"
"ph_00001843","user_0073","org_010","ste_000659","20","733397","2026-02-13T15:43:33.9931988Z"
"ph_00001844","user_0073","org_010","ste_000833","20","985210","2025-11-05T04:19:33.9931988Z"
"ph_00001845","user_0073","org_010","ste_000616","4","315165","2025-06-28T05:01:33.9931988Z"
"ph_00001846","user_0073","org_010","ste_000921","6","1104418","2025-04-16T16:17:33.9931988Z"
"ph_00001847","user_0073","org_010","ste_000528","21","1184475","2025-09-19T12:55:33.9931988Z"
"ph_00001848","user_0073","org_010","ste_000469","6","280096","2025-06-01T17:03:33.9931988Z"
"ph_00001849","user_0073","org_010","ste_000233","5","674768","2025-06-10T18:47:33.9931988Z"
"ph_00001850","user_0073","org_010","ste_000235","5","400940","2025-10-27T03:48:33.9931988Z"
"ph_00001851","user_0073","org_010","ste_001030","20","1300031","2026-03-20T21:35:33.9931988Z"
"ph_00001852","user_0073","org_010","ste_001170","24","279329","2026-02-18T23:10:33.9931988Z"
"ph_00001853","user_0073","org_010","ste_001085","9","749536","2025-04-18T13:00:33.9931988Z"
"ph_00001854","user_0073","org_010","ste_000039","20","205920","2026-02-02T09:01:33.9931988Z"
"ph_00001855","user_0073","org_010","ste_001118","9","2048546","2025-10-29T07:52:33.9931988Z"
"ph_00001856","user_0074","org_010","ste_000606","24","278543","2025-08-08T05:03:33.9931988Z"
"ph_00001857","user_0074","org_010","ste_000233","9","189499","2025-08-25T21:30:33.9931988Z"
"ph_00001858","user_0074","org_010","ste_000568","23","462535","2025-08-13T04:08:33.9931988Z"
"ph_00001859","user_0074","org_010","ste_001167","23","1039680","2025-04-27T10:36:33.9931988Z"
"ph_00001860","user_0074","org_010","ste_000253","17","440632","2025-08-12T22:58:33.9931988Z"
"ph_00001861","user_0074","org_010","ste_000264","4","1611471","2025-04-03T17:07:33.9931988Z"
"ph_00001862","user_0074","org_010","ste_000971","3","979954","2025-11-14T21:42:33.9931988Z"
"ph_00001863","user_0074","org_010","ste_001129","5","652862","2026-03-18T12:09:33.9931988Z"
"ph_00001864","user_0074","org_010","ste_000786","4","932154","2025-06-07T11:22:33.9931988Z"
"ph_00001865","user_0074","org_010","ste_000168","2","857965","2025-12-04T12:45:33.9931988Z"
"ph_00001866","user_0074","org_010","ste_001030","8","388743","2025-09-14T04:52:33.9931988Z"
"ph_00001867","user_0074","org_010","ste_000699","2","1035623","2025-05-27T06:10:33.9931988Z"
"ph_00001868","user_0074","org_010","ste_000684","8","270690","2025-10-10T03:45:33.9931988Z"
"ph_00001869","user_0074","org_010","ste_001102","15","1829065","2026-01-31T14:10:33.9931988Z"
"ph_00001870","user_0074","org_010","ste_000682","8","1184521","2026-01-29T02:46:33.9931988Z"
"ph_00001871","user_0074","org_010","ste_000860","23","1005095","2026-03-06T18:37:33.9931988Z"
"ph_00001872","user_0074","org_010","ste_000915","2","1208257","2025-04-21T08:46:33.9931988Z"
"ph_00001873","user_0074","org_010","ste_000716","5","1407241","2025-05-15T15:28:33.9931988Z"
"ph_00001874","user_0074","org_010","ste_000369","5","555751","2026-02-08T02:32:33.9931988Z"
"ph_00001875","user_0074","org_010","ste_000348","1","398652","2025-07-12T11:00:33.9931988Z"
"ph_00001876","user_0074","org_010","ste_000396","8","454528","2025-12-08T23:23:33.9931988Z"
"ph_00001877","user_0074","org_010","ste_000209","1","1066773","2025-07-28T23:30:33.9931988Z"
"ph_00001878","user_0074","org_010","ste_000369","7","336523","2025-11-05T23:20:33.9931988Z"
"ph_00001879","user_0075","org_010","ste_000071","24","382105","2025-11-30T04:44:33.9931988Z"
"ph_00001880","user_0075","org_010","ste_000520","24","1414522","2025-07-04T03:05:33.9931988Z"
"ph_00001881","user_0075","org_010","ste_001054","20","968518","2025-08-08T00:22:33.9931988Z"
"ph_00001882","user_0075","org_010","ste_000317","4","883325","2025-08-18T12:47:33.9931988Z"
"ph_00001883","user_0075","org_010","ste_000349","9","1639518","2025-08-26T18:26:33.9931988Z"
"ph_00001884","user_0075","org_010","ste_000891","20","1066032","2026-01-15T00:29:33.9931988Z"
"ph_00001885","user_0075","org_010","ste_000444","19","237019","2025-09-17T00:16:33.9931988Z"
"ph_00001886","user_0075","org_010","ste_000936","16","378613","2026-01-25T03:33:33.9931988Z"
"ph_00001887","user_0075","org_010","ste_000587","5","202050","2025-10-17T03:01:33.9931988Z"
"ph_00001888","user_0075","org_010","ste_000596","21","1857804","2025-05-10T11:54:33.9931988Z"
"ph_00001889","user_0075","org_010","ste_000517","3","510182","2025-05-05T17:14:33.9931988Z"
"ph_00001890","user_0075","org_010","ste_000128","15","80313","2025-11-22T02:42:33.9931988Z"
"ph_00001891","user_0075","org_010","ste_001195","1","64871","2025-06-21T12:53:33.9931988Z"
"ph_00001892","user_0075","org_010","ste_001001","16","423195","2025-07-16T07:54:33.9931988Z"
"ph_00001893","user_0075","org_010","ste_000126","4","176173","2025-08-25T18:58:33.9931988Z"
"ph_00001894","user_0075","org_010","ste_000731","3","377551","2025-09-16T13:27:33.9931988Z"
"ph_00001895","user_0075","org_010","ste_000347","3","1826437","2025-07-30T13:42:33.9931988Z"
"ph_00001896","user_0075","org_010","ste_000829","18","321827","2025-06-13T20:46:33.9931988Z"
"ph_00001897","user_0076","org_010","ste_000933","15","1247361","2025-08-20T00:27:33.9931988Z"
"ph_00001898","user_0076","org_010","ste_000233","16","404124","2025-09-16T17:11:33.9931988Z"
"ph_00001899","user_0076","org_010","ste_001070","2","304788","2025-10-04T10:46:33.9931988Z"
"ph_00001900","user_0076","org_010","ste_000058","3","103477","2025-09-19T14:13:33.9931988Z"
"ph_00001901","user_0076","org_010","ste_001055","6","294367","2026-02-23T20:11:33.9931988Z"
"ph_00001902","user_0076","org_010","ste_000174","8","645052","2025-11-04T07:30:33.9931988Z"
"ph_00001903","user_0076","org_010","ste_000308","15","331987","2025-09-04T21:03:33.9931988Z"
"ph_00001904","user_0076","org_010","ste_000726","21","977329","2025-06-15T18:03:33.9931988Z"
"ph_00001905","user_0076","org_010","ste_000626","20","624260","2025-11-23T10:21:33.9931988Z"
"ph_00001906","user_0076","org_010","ste_000057","5","851931","2025-05-19T02:08:33.9931988Z"
"ph_00001907","user_0076","org_010","ste_000669","3","332678","2026-02-01T20:06:33.9931988Z"
"ph_00001908","user_0076","org_010","ste_000858","24","156235","2025-08-16T10:20:33.9931988Z"
"ph_00001909","user_0076","org_010","ste_000792","11","357454","2026-02-05T06:20:33.9931988Z"
"ph_00001910","user_0076","org_010","ste_000619","19","432115","2025-07-12T10:30:33.9931988Z"
"ph_00001911","user_0076","org_010","ste_000856","22","140861","2025-04-09T18:19:33.9931988Z"
"ph_00001912","user_0076","org_010","ste_000133","16","236942","2025-11-15T02:12:33.9931988Z"
"ph_00001913","user_0076","org_010","ste_000531","16","214428","2026-02-09T05:53:33.9931988Z"
"ph_00001914","user_0076","org_010","ste_000167","20","335395","2025-11-25T17:51:33.9931988Z"
"ph_00001915","user_0076","org_010","ste_001172","23","1241010","2025-11-14T22:53:33.9931988Z"
"ph_00001916","user_0076","org_010","ste_001091","19","857855","2025-09-19T12:06:33.9931988Z"
"ph_00001917","user_0076","org_010","ste_000438","7","102416","2025-12-03T18:03:33.9931988Z"
"ph_00001918","user_0076","org_010","ste_000712","18","190848","2025-05-19T08:23:33.9931988Z"
"ph_00001919","user_0076","org_010","ste_000695","23","935010","2025-05-24T22:14:33.9931988Z"
"ph_00001920","user_0077","org_010","ste_000618","9","1099137","2025-09-16T13:57:33.9931988Z"
"ph_00001921","user_0077","org_010","ste_001029","4","196080","2025-07-14T20:49:33.9931988Z"
"ph_00001922","user_0077","org_010","ste_001045","15","3681595","2025-12-17T07:55:33.9931988Z"
"ph_00001923","user_0077","org_010","ste_000827","9","3325854","2025-05-16T07:28:33.9931988Z"
"ph_00001924","user_0077","org_010","ste_000056","23","315022","2026-02-20T13:49:33.9931988Z"
"ph_00001925","user_0077","org_010","ste_000740","5","470749","2026-02-28T14:47:33.9931988Z"
"ph_00001926","user_0077","org_010","ste_000191","18","1873483","2025-11-08T05:59:33.9931988Z"
"ph_00001927","user_0077","org_010","ste_000701","10","486804","2025-06-22T16:25:33.9931988Z"
"ph_00001928","user_0077","org_010","ste_001029","16","397108","2025-08-17T05:26:33.9931988Z"
"ph_00001929","user_0077","org_010","ste_000556","10","1781290","2025-10-10T22:38:33.9931988Z"
"ph_00001930","user_0077","org_010","ste_000055","1","2733152","2025-06-10T06:37:33.9931988Z"
"ph_00001931","user_0077","org_010","ste_000050","12","702394","2025-04-22T16:28:33.9931988Z"
"ph_00001932","user_0077","org_010","ste_000033","20","2471640","2025-04-26T04:26:33.9931988Z"
"ph_00001933","user_0077","org_010","ste_001145","5","3540754","2026-01-28T14:50:33.9931988Z"
"ph_00001934","user_0077","org_010","ste_000812","3","1454659","2025-03-28T17:20:33.9931988Z"
"ph_00001935","user_0077","org_010","ste_001118","23","2274857","2025-07-09T19:22:33.9931988Z"
"ph_00001936","user_0077","org_010","ste_000615","16","2464214","2025-05-27T04:18:33.9931988Z"
"ph_00001937","user_0077","org_010","ste_000047","2","383496","2025-08-05T10:50:33.9931988Z"
"ph_00001938","user_0077","org_010","ste_000506","17","3138145","2025-09-04T20:43:33.9931988Z"
"ph_00001939","user_0077","org_010","ste_000985","14","1199086","2026-02-13T15:14:33.9931988Z"
"ph_00001940","user_0077","org_010","ste_000015","16","877430","2026-02-17T19:31:33.9931988Z"
"ph_00001941","user_0077","org_010","ste_000750","13","3723346","2025-06-03T04:21:33.9931988Z"
"ph_00001942","user_0077","org_010","ste_000343","22","1132377","2025-12-31T09:12:33.9931988Z"
"ph_00001943","user_0077","org_010","ste_000237","7","2843793","2025-04-08T04:17:33.9931988Z"
"ph_00001944","user_0077","org_010","ste_001135","17","288827","2025-07-23T09:34:33.9931988Z"
"ph_00001945","user_0077","org_010","ste_000548","4","213267","2026-02-09T11:52:33.9931988Z"
"ph_00001946","user_0077","org_010","ste_001060","13","1820510","2025-12-01T18:13:33.9931988Z"
"ph_00001947","user_0077","org_010","ste_000517","9","1562889","2025-10-17T12:18:33.9931988Z"
"ph_00001948","user_0077","org_010","ste_001145","16","1290784","2025-12-21T03:14:33.9931988Z"
"ph_00001949","user_0077","org_010","ste_000586","19","3017146","2026-03-11T00:26:33.9931988Z"
"ph_00001950","user_0077","org_010","ste_000461","18","1099825","2025-04-28T14:44:33.9931988Z"
"ph_00001951","user_0077","org_010","ste_000740","21","3628415","2025-08-01T19:19:33.9931988Z"
"ph_00001952","user_0077","org_010","ste_000279","11","1215343","2025-06-24T21:55:33.9931988Z"
"ph_00001953","user_0077","org_010","ste_000448","7","3444708","2025-08-12T03:31:33.9931988Z"
"ph_00001954","user_0077","org_010","ste_001145","24","2717095","2025-08-23T18:48:33.9931988Z"
"ph_00001955","user_0077","org_010","ste_000696","10","1857825","2025-10-13T13:04:33.9931988Z"
"ph_00001956","user_0078","org_010","ste_000809","9","423172","2026-03-14T09:52:33.9931988Z"
"ph_00001957","user_0078","org_010","ste_001179","7","1196758","2025-04-25T08:45:33.9931988Z"
"ph_00001958","user_0078","org_010","ste_000478","18","2700982","2025-08-08T16:42:33.9931988Z"
"ph_00001959","user_0078","org_010","ste_001168","1","605893","2025-11-25T23:42:33.9931988Z"
"ph_00001960","user_0078","org_010","ste_000802","7","1052382","2025-04-03T06:34:33.9931988Z"
"ph_00001961","user_0078","org_010","ste_001190","18","1709578","2026-03-14T03:19:33.9931988Z"
"ph_00001962","user_0078","org_010","ste_000175","5","1275109","2026-01-26T16:45:33.9931988Z"
"ph_00001963","user_0078","org_010","ste_001085","13","289596","2025-12-24T10:38:33.9931988Z"
"ph_00001964","user_0078","org_010","ste_000298","12","1310120","2026-01-25T06:58:33.9931988Z"
"ph_00001965","user_0078","org_010","ste_000352","8","2274766","2025-07-27T03:47:33.9931988Z"
"ph_00001966","user_0078","org_010","ste_001058","8","666962","2025-12-10T05:48:33.9931988Z"
"ph_00001967","user_0078","org_010","ste_000990","6","145268","2026-03-07T08:11:33.9931988Z"
"ph_00001968","user_0078","org_010","ste_000617","18","136561","2025-12-25T06:38:33.9931988Z"
"ph_00001969","user_0078","org_010","ste_000555","6","438714","2026-01-02T22:50:33.9931988Z"
"ph_00001970","user_0078","org_010","ste_000553","20","1222537","2025-12-24T16:41:33.9931988Z"
"ph_00001971","user_0078","org_010","ste_000423","11","690288","2026-01-27T07:45:33.9931988Z"
"ph_00001972","user_0079","org_010","ste_000972","19","968282","2025-11-26T14:21:33.9931988Z"
"ph_00001973","user_0079","org_010","ste_000430","7","2175519","2025-06-27T23:33:33.9931988Z"
"ph_00001974","user_0079","org_010","ste_001065","14","1439091","2025-09-21T00:22:33.9931988Z"
"ph_00001975","user_0079","org_010","ste_001030","21","1737520","2025-07-20T03:06:33.9931988Z"
"ph_00001976","user_0079","org_010","ste_000697","13","2068147","2025-10-20T00:11:33.9931988Z"
"ph_00001977","user_0079","org_010","ste_001072","23","2355247","2025-07-11T17:35:33.9931988Z"
"ph_00001978","user_0079","org_010","ste_000062","22","2890312","2025-07-31T00:38:33.9931988Z"
"ph_00001979","user_0079","org_010","ste_000304","15","591629","2025-11-25T09:27:33.9931988Z"
"ph_00001980","user_0079","org_010","ste_001108","11","272289","2025-03-31T20:20:33.9931988Z"
"ph_00001981","user_0079","org_010","ste_000686","24","352870","2025-09-25T10:47:33.9931988Z"
"ph_00001982","user_0079","org_010","ste_000279","17","1082409","2026-01-11T08:01:33.9931988Z"
"ph_00001983","user_0079","org_010","ste_000124","18","2267564","2026-02-08T10:07:33.9931988Z"
"ph_00001984","user_0079","org_010","ste_000673","15","1571958","2025-05-20T08:54:33.9931988Z"
"ph_00001985","user_0079","org_010","ste_000254","14","1084673","2026-03-13T07:50:33.9931988Z"
"ph_00001986","user_0079","org_010","ste_000591","23","1770042","2025-07-12T18:43:33.9931988Z"
"ph_00001987","user_0079","org_010","ste_000632","18","2514466","2025-10-26T14:34:33.9931988Z"
"ph_00001988","user_0079","org_010","ste_000610","11","998952","2026-01-18T11:16:33.9931988Z"
"ph_00001989","user_0079","org_010","ste_000183","9","615658","2025-08-03T22:01:33.9931988Z"
"ph_00001990","user_0079","org_010","ste_000985","15","1173197","2025-06-19T08:09:33.9931988Z"
"ph_00001991","user_0079","org_010","ste_001071","24","585982","2025-04-18T14:53:33.9931988Z"
"ph_00001992","user_0079","org_010","ste_000771","2","1408426","2025-10-31T08:08:33.9931988Z"
"ph_00001993","user_0079","org_010","ste_000845","20","1693207","2026-02-19T06:33:33.9931988Z"
"ph_00001994","user_0079","org_010","ste_000090","11","1067833","2025-11-08T01:19:33.9931988Z"
"ph_00001995","user_0079","org_010","ste_000804","24","1416852","2025-05-17T00:52:33.9931988Z"
"ph_00001996","user_0079","org_010","ste_001197","1","836312","2025-05-16T08:20:33.9931988Z"
"ph_00001997","user_0079","org_010","ste_000103","13","1210275","2025-04-21T06:17:33.9931988Z"
"ph_00001998","user_0079","org_010","ste_000416","10","2258113","2025-10-30T18:58:33.9931988Z"
"ph_00001999","user_0079","org_010","ste_000577","12","1623777","2025-09-18T02:12:33.9931988Z"
"ph_00002000","user_0079","org_010","ste_001188","1","1829712","2025-10-15T02:04:33.9931988Z"
"ph_00002001","user_0080","org_010","ste_001198","10","1373774","2025-09-24T00:42:33.9931988Z"
"ph_00002002","user_0080","org_010","ste_000919","2","919849","2026-01-20T17:17:33.9931988Z"
"ph_00002003","user_0080","org_010","ste_000737","4","1054971","2025-10-21T13:49:33.9931988Z"
"ph_00002004","user_0080","org_010","ste_000073","22","783400","2025-09-22T21:27:33.9931988Z"
"ph_00002005","user_0080","org_010","ste_001113","8","721674","2025-06-16T11:48:33.9931988Z"
"ph_00002006","user_0080","org_010","ste_000392","24","1056412","2025-11-04T12:38:33.9931988Z"
"ph_00002007","user_0080","org_010","ste_000494","9","2083572","2025-12-17T11:05:33.9931988Z"
"ph_00002008","user_0080","org_010","ste_000073","16","1064966","2025-05-10T06:32:33.9931988Z"
"ph_00002009","user_0080","org_010","ste_001181","24","638908","2025-11-29T01:44:33.9931988Z"
"ph_00002010","user_0080","org_010","ste_000980","7","376817","2025-08-11T02:42:33.9931988Z"
"ph_00002011","user_0080","org_010","ste_000035","15","684234","2025-07-15T15:32:33.9931988Z"
"ph_00002012","user_0080","org_010","ste_000617","8","523026","2026-02-21T20:14:33.9931988Z"
"ph_00002013","user_0080","org_010","ste_001074","18","2609070","2025-08-14T03:38:33.9931988Z"
"ph_00002014","user_0080","org_010","ste_000640","6","2670155","2026-01-13T14:56:33.9931988Z"
"ph_00002015","user_0080","org_010","ste_001156","19","1209193","2025-12-28T18:56:33.9931988Z"
"ph_00002016","user_0080","org_010","ste_000841","23","764159","2025-10-27T21:46:33.9931988Z"
"ph_00002017","user_0080","org_010","ste_001074","7","2084369","2025-12-18T20:50:33.9931988Z"
"ph_00002018","user_0080","org_010","ste_000352","19","1805959","2025-06-03T12:18:33.9931988Z"
"ph_00002019","user_0080","org_010","ste_000878","2","1579039","2026-02-28T16:39:33.9931988Z"
"ph_00002020","user_0080","org_010","ste_000529","11","2359177","2025-11-07T18:13:33.9931988Z"
"ph_00002021","user_0080","org_010","ste_000613","19","197582","2025-04-08T01:15:33.9931988Z"
"ph_00002022","user_0080","org_010","ste_000639","4","287958","2025-04-06T18:44:33.9931988Z"
"ph_00002023","user_0080","org_010","ste_000518","14","946213","2026-03-10T16:47:33.9931988Z"
"ph_00002024","user_0080","org_010","ste_000069","13","2650856","2025-10-15T00:23:33.9931988Z"
"ph_00002025","user_0080","org_010","ste_000288","23","538527","2025-10-24T01:04:33.9931988Z"
"ph_00002026","user_0080","org_010","ste_000504","21","1208687","2025-12-17T23:45:33.9931988Z"
"ph_00002027","user_0080","org_010","ste_000380","2","1289817","2025-04-29T08:06:33.9931988Z"
"ph_00002028","user_0080","org_010","ste_000034","21","2128423","2025-04-13T04:58:33.9931988Z"
"ph_00002029","user_0081","org_011","ste_000336","22","856913","2025-10-16T04:43:33.9931988Z"
"ph_00002030","user_0081","org_011","ste_000988","14","1391316","2025-12-23T19:16:33.9931988Z"
"ph_00002031","user_0081","org_011","ste_000451","19","131744","2026-03-16T01:43:33.9931988Z"
"ph_00002032","user_0081","org_011","ste_001046","14","3655909","2025-06-03T01:43:33.9931988Z"
"ph_00002033","user_0081","org_011","ste_000926","5","1086290","2025-12-04T06:12:33.9931988Z"
"ph_00002034","user_0081","org_011","ste_000712","5","163595","2025-11-04T05:24:33.9931988Z"
"ph_00002035","user_0081","org_011","ste_000594","6","174515","2025-05-25T11:07:33.9931988Z"
"ph_00002036","user_0081","org_011","ste_000673","24","880204","2026-01-11T03:26:33.9931988Z"
"ph_00002037","user_0081","org_011","ste_000865","13","3225149","2026-03-03T03:40:33.9931988Z"
"ph_00002038","user_0081","org_011","ste_000865","16","1145170","2025-10-10T05:15:33.9931988Z"
"ph_00002039","user_0081","org_011","ste_000511","21","949259","2025-12-18T06:15:33.9931988Z"
"ph_00002040","user_0081","org_011","ste_000751","4","2829260","2025-06-21T10:23:33.9931988Z"
"ph_00002041","user_0081","org_011","ste_000448","8","376266","2026-02-21T01:30:33.9931988Z"
"ph_00002042","user_0081","org_011","ste_000790","16","1863304","2025-06-23T14:57:33.9931988Z"
"ph_00002043","user_0081","org_011","ste_000027","21","2893005","2025-10-21T16:43:33.9931988Z"
"ph_00002044","user_0081","org_011","ste_001107","23","1149863","2025-08-15T11:15:33.9931988Z"
"ph_00002045","user_0081","org_011","ste_000257","7","1365854","2025-11-07T11:39:33.9931988Z"
"ph_00002046","user_0081","org_011","ste_000740","12","3356599","2025-09-02T22:14:33.9931988Z"
"ph_00002047","user_0081","org_011","ste_000963","2","951901","2025-05-10T14:07:33.9931988Z"
"ph_00002048","user_0081","org_011","ste_000816","14","1592106","2025-10-17T11:02:33.9931988Z"
"ph_00002049","user_0081","org_011","ste_000751","20","3348291","2025-08-08T20:50:33.9931988Z"
"ph_00002050","user_0081","org_011","ste_000224","18","2933364","2025-03-29T19:17:33.9931988Z"
"ph_00002051","user_0081","org_011","ste_000459","9","1313434","2025-05-03T17:07:33.9931988Z"
"ph_00002052","user_0081","org_011","ste_000546","4","1508843","2025-07-21T05:24:33.9931988Z"
"ph_00002053","user_0081","org_011","ste_000972","4","3385378","2025-10-08T00:02:33.9931988Z"
"ph_00002054","user_0081","org_011","ste_000656","17","630861","2025-10-23T20:38:33.9931988Z"
"ph_00002055","user_0081","org_011","ste_000936","19","945587","2025-07-08T19:17:33.9931988Z"
"ph_00002056","user_0081","org_011","ste_000707","14","2066796","2025-07-02T03:49:33.9931988Z"
"ph_00002057","user_0081","org_011","ste_000572","14","3770777","2025-05-14T14:29:33.9931988Z"
"ph_00002058","user_0081","org_011","ste_000972","17","2599551","2025-06-23T19:06:33.9931988Z"
"ph_00002059","user_0081","org_011","ste_000351","13","965380","2025-04-22T00:42:33.9931988Z"
"ph_00002060","user_0081","org_011","ste_000520","3","1402061","2025-12-03T05:21:33.9931988Z"
"ph_00002061","user_0081","org_011","ste_000273","13","484527","2025-07-02T21:42:33.9931988Z"
"ph_00002062","user_0082","org_011","ste_000083","5","271421","2025-07-22T20:26:33.9931988Z"
"ph_00002063","user_0082","org_011","ste_000067","19","1070787","2025-08-13T14:30:33.9931988Z"
"ph_00002064","user_0082","org_011","ste_000644","18","314743","2025-09-22T08:23:33.9931988Z"
"ph_00002065","user_0082","org_011","ste_000373","17","632575","2026-01-29T09:03:33.9931988Z"
"ph_00002066","user_0082","org_011","ste_000360","8","2866621","2025-08-02T02:51:33.9931988Z"
"ph_00002067","user_0082","org_011","ste_001042","15","1391694","2026-01-13T18:17:33.9931988Z"
"ph_00002068","user_0082","org_011","ste_000743","21","1160475","2025-06-12T22:13:33.9931988Z"
"ph_00002069","user_0082","org_011","ste_000235","15","981403","2025-12-26T11:24:33.9931988Z"
"ph_00002070","user_0082","org_011","ste_001003","13","180696","2026-03-02T02:21:33.9931988Z"
"ph_00002071","user_0082","org_011","ste_000812","6","1292974","2025-04-26T22:34:33.9931988Z"
"ph_00002072","user_0082","org_011","ste_000433","18","1048519","2025-05-26T22:48:33.9931988Z"
"ph_00002073","user_0082","org_011","ste_000895","17","347905","2025-11-06T07:37:33.9931988Z"
"ph_00002074","user_0082","org_011","ste_000503","8","1467866","2026-01-29T05:56:33.9931988Z"
"ph_00002075","user_0082","org_011","ste_000548","9","436766","2025-08-16T00:18:33.9931988Z"
"ph_00002076","user_0082","org_011","ste_000339","18","132741","2026-01-02T05:28:33.9931988Z"
"ph_00002077","user_0082","org_011","ste_000521","3","406023","2025-11-14T23:32:33.9931988Z"
"ph_00002078","user_0082","org_011","ste_000307","14","198389","2025-11-04T02:58:33.9931988Z"
"ph_00002079","user_0082","org_011","ste_000043","12","773129","2026-01-02T21:12:33.9931988Z"
"ph_00002080","user_0082","org_011","ste_000723","19","547791","2025-04-21T05:36:33.9931988Z"
"ph_00002081","user_0082","org_011","ste_001049","7","1214868","2025-05-20T17:29:33.9931988Z"
"ph_00002082","user_0082","org_011","ste_000947","6","364388","2025-05-09T16:00:33.9931988Z"
"ph_00002083","user_0083","org_011","ste_001001","3","274278","2025-11-09T14:58:33.9931988Z"
"ph_00002084","user_0083","org_011","ste_000946","5","718282","2025-04-26T09:17:33.9931988Z"
"ph_00002085","user_0083","org_011","ste_000259","7","1704351","2025-05-23T13:30:33.9931988Z"
"ph_00002086","user_0083","org_011","ste_000085","14","1264411","2025-11-06T23:51:33.9931988Z"
"ph_00002087","user_0083","org_011","ste_000485","21","259435","2025-11-15T15:14:33.9931988Z"
"ph_00002088","user_0083","org_011","ste_000141","12","1058358","2025-08-24T00:12:33.9931988Z"
"ph_00002089","user_0083","org_011","ste_000099","2","1968097","2025-11-27T22:03:33.9931988Z"
"ph_00002090","user_0083","org_011","ste_001107","11","1648890","2025-05-22T20:42:33.9931988Z"
"ph_00002091","user_0083","org_011","ste_000602","14","3623094","2025-04-11T11:36:33.9931988Z"
"ph_00002092","user_0083","org_011","ste_000862","10","2032581","2025-05-04T16:53:33.9931988Z"
"ph_00002093","user_0083","org_011","ste_000184","11","774150","2025-12-19T18:14:33.9931988Z"
"ph_00002094","user_0083","org_011","ste_000973","20","2811936","2025-11-17T00:44:33.9931988Z"
"ph_00002095","user_0083","org_011","ste_000015","7","1482061","2026-02-02T19:14:33.9931988Z"
"ph_00002096","user_0083","org_011","ste_001120","9","2949652","2026-01-09T20:04:33.9931988Z"
"ph_00002097","user_0083","org_011","ste_000416","12","1611426","2025-06-06T21:09:33.9931988Z"
"ph_00002098","user_0083","org_011","ste_001186","22","1060009","2025-11-09T05:37:33.9931988Z"
"ph_00002099","user_0083","org_011","ste_000032","15","1686792","2025-12-04T10:22:33.9931988Z"
"ph_00002100","user_0083","org_011","ste_000965","4","890769","2026-03-20T17:18:33.9931988Z"
"ph_00002101","user_0083","org_011","ste_000622","3","1342199","2026-02-24T08:57:33.9931988Z"
"ph_00002102","user_0083","org_011","ste_000147","18","288715","2025-03-28T07:00:33.9931988Z"
"ph_00002103","user_0083","org_011","ste_001156","3","3747951","2025-08-15T18:06:33.9931988Z"
"ph_00002104","user_0083","org_011","ste_000871","10","3204692","2025-12-08T05:21:33.9931988Z"
"ph_00002105","user_0084","org_011","ste_000432","18","77100","2026-01-03T10:18:33.9931988Z"
"ph_00002106","user_0084","org_011","ste_000894","20","604585","2025-09-01T21:12:33.9931988Z"
"ph_00002107","user_0084","org_011","ste_000928","11","421526","2025-10-22T00:13:33.9931988Z"
"ph_00002108","user_0084","org_011","ste_000499","6","937027","2025-11-24T07:58:33.9931988Z"
"ph_00002109","user_0084","org_011","ste_000007","19","2636012","2025-06-08T11:07:33.9931988Z"
"ph_00002110","user_0084","org_011","ste_000347","1","847074","2026-01-18T10:12:33.9931988Z"
"ph_00002111","user_0084","org_011","ste_000712","18","204712","2025-12-11T11:51:33.9931988Z"
"ph_00002112","user_0084","org_011","ste_000624","10","200633","2025-09-11T16:21:33.9931988Z"
"ph_00002113","user_0084","org_011","ste_000946","24","1668693","2026-01-03T02:00:33.9931988Z"
"ph_00002114","user_0084","org_011","ste_000390","24","388687","2025-05-07T15:54:33.9931988Z"
"ph_00002115","user_0084","org_011","ste_000526","16","156047","2025-09-26T07:58:33.9931988Z"
"ph_00002116","user_0084","org_011","ste_000169","7","552521","2026-02-02T22:26:33.9931988Z"
"ph_00002117","user_0084","org_011","ste_000550","14","248533","2025-10-02T07:12:33.9931988Z"
"ph_00002118","user_0084","org_011","ste_000805","21","709094","2025-10-06T16:10:33.9931988Z"
"ph_00002119","user_0084","org_011","ste_000227","17","542198","2025-06-24T15:14:33.9931988Z"
"ph_00002120","user_0084","org_011","ste_000010","12","413068","2025-06-11T05:37:33.9931988Z"
"ph_00002121","user_0084","org_011","ste_000473","22","72477","2025-11-19T13:20:33.9931988Z"
"ph_00002122","user_0084","org_011","ste_000336","13","1604875","2025-08-26T16:27:33.9931988Z"
"ph_00002123","user_0084","org_011","ste_001161","12","180342","2025-05-13T11:55:33.9931988Z"
"ph_00002124","user_0084","org_011","ste_001133","13","312346","2025-10-26T02:59:33.9931988Z"
"ph_00002125","user_0084","org_011","ste_001059","12","3016056","2025-12-19T13:15:33.9931988Z"
"ph_00002126","user_0085","org_011","ste_000120","21","858700","2025-09-21T03:34:33.9931988Z"
"ph_00002127","user_0085","org_011","ste_000230","16","844743","2026-01-26T05:00:33.9931988Z"
"ph_00002128","user_0085","org_011","ste_000948","5","377135","2025-12-10T02:37:33.9931988Z"
"ph_00002129","user_0085","org_011","ste_000531","4","190417","2026-01-05T23:16:33.9931988Z"
"ph_00002130","user_0085","org_011","ste_000629","16","739059","2026-02-07T05:32:33.9931988Z"
"ph_00002131","user_0085","org_011","ste_000768","16","258031","2025-09-08T11:25:33.9931988Z"
"ph_00002132","user_0085","org_011","ste_000412","10","260073","2025-09-23T22:05:33.9931988Z"
"ph_00002133","user_0085","org_011","ste_001186","9","1649103","2025-06-06T07:34:33.9931988Z"
"ph_00002134","user_0085","org_011","ste_000531","11","258931","2025-04-23T21:23:33.9931988Z"
"ph_00002135","user_0085","org_011","ste_001000","17","368045","2025-05-14T19:41:33.9931988Z"
"ph_00002136","user_0085","org_011","ste_000254","7","416347","2026-02-21T01:20:33.9931988Z"
"ph_00002137","user_0085","org_011","ste_000005","23","591927","2025-09-20T12:40:33.9931988Z"
"ph_00002138","user_0085","org_011","ste_001147","9","33499","2025-04-15T19:52:33.9931988Z"
"ph_00002139","user_0085","org_011","ste_001047","21","3644112","2025-12-16T17:36:33.9931988Z"
"ph_00002140","user_0085","org_011","ste_000808","2","1231650","2025-12-01T03:46:33.9931988Z"
"ph_00002141","user_0085","org_011","ste_000947","6","1226050","2025-05-03T13:52:33.9931988Z"
"ph_00002142","user_0085","org_011","ste_000663","23","438467","2025-11-13T02:02:33.9931988Z"
"ph_00002143","user_0085","org_011","ste_000565","1","179469","2025-09-04T11:51:33.9931988Z"
"ph_00002144","user_0085","org_011","ste_000076","10","3763876","2025-05-03T03:56:33.9931988Z"
"ph_00002145","user_0085","org_011","ste_000846","9","1326562","2025-05-17T07:12:33.9931988Z"
"ph_00002146","user_0085","org_011","ste_000768","21","79919","2025-10-23T02:00:33.9931988Z"
"ph_00002147","user_0085","org_011","ste_000148","18","378373","2026-03-16T00:20:33.9931988Z"
"ph_00002148","user_0085","org_011","ste_000803","7","86620","2025-09-21T21:38:33.9931988Z"
"ph_00002149","user_0085","org_011","ste_000410","19","304084","2025-05-03T01:02:33.9931988Z"
"ph_00002150","user_0085","org_011","ste_001017","20","759384","2025-05-26T00:14:33.9931988Z"
"ph_00002151","user_0086","org_011","ste_000467","16","1313101","2026-03-13T16:07:33.9931988Z"
"ph_00002152","user_0086","org_011","ste_000208","7","2616064","2025-11-07T20:44:33.9931988Z"
"ph_00002153","user_0086","org_011","ste_000192","3","2010060","2026-03-23T22:50:33.9931988Z"
"ph_00002154","user_0086","org_011","ste_000961","1","791797","2025-11-15T18:23:33.9931988Z"
"ph_00002155","user_0086","org_011","ste_000082","15","961561","2025-12-23T12:13:33.9931988Z"
"ph_00002156","user_0086","org_011","ste_000057","17","577582","2026-03-01T02:59:33.9931988Z"
"ph_00002157","user_0086","org_011","ste_000857","1","200120","2025-10-07T03:35:33.9931988Z"
"ph_00002158","user_0086","org_011","ste_000916","12","1142499","2025-09-22T14:27:33.9931988Z"
"ph_00002159","user_0086","org_011","ste_000448","8","2377951","2025-12-26T01:59:33.9931988Z"
"ph_00002160","user_0086","org_011","ste_000521","21","1281765","2025-11-23T10:03:33.9931988Z"
"ph_00002161","user_0086","org_011","ste_001082","4","194266","2025-12-28T10:14:33.9931988Z"
"ph_00002162","user_0086","org_011","ste_000547","23","686697","2025-04-20T21:11:33.9931988Z"
"ph_00002163","user_0086","org_011","ste_000340","2","1600132","2025-11-01T11:17:33.9931988Z"
"ph_00002164","user_0086","org_011","ste_000582","15","497584","2025-11-06T16:00:33.9931988Z"
"ph_00002165","user_0086","org_011","ste_000392","21","1180163","2025-05-29T03:28:33.9931988Z"
"ph_00002166","user_0086","org_011","ste_000987","12","2687510","2025-11-11T22:56:33.9931988Z"
"ph_00002167","user_0086","org_011","ste_000613","6","337920","2025-04-08T10:24:33.9931988Z"
"ph_00002168","user_0086","org_011","ste_000997","16","2614463","2026-02-19T22:57:33.9931988Z"
"ph_00002169","user_0087","org_011","ste_000887","19","323460","2025-07-20T07:04:33.9931988Z"
"ph_00002170","user_0087","org_011","ste_000141","22","1782936","2025-06-14T15:35:33.9931988Z"
"ph_00002171","user_0087","org_011","ste_000049","16","995013","2026-03-03T12:05:33.9931988Z"
"ph_00002172","user_0087","org_011","ste_000978","7","1056224","2025-08-19T03:36:33.9931988Z"
"ph_00002173","user_0087","org_011","ste_000028","11","1174769","2025-11-27T16:16:33.9931988Z"
"ph_00002174","user_0087","org_011","ste_000507","12","964948","2025-10-11T03:45:33.9931988Z"
"ph_00002175","user_0087","org_011","ste_000888","13","1580464","2025-04-25T23:55:33.9931988Z"
"ph_00002176","user_0087","org_011","ste_000254","24","1427688","2025-07-14T07:52:33.9931988Z"
"ph_00002177","user_0087","org_011","ste_000064","6","1888578","2025-11-15T18:02:33.9931988Z"
"ph_00002178","user_0087","org_011","ste_001157","18","1274825","2026-02-07T03:59:33.9931988Z"
"ph_00002179","user_0087","org_011","ste_000036","7","1545351","2025-05-14T23:48:33.9931988Z"
"ph_00002180","user_0087","org_011","ste_001002","22","185937","2025-09-28T00:06:33.9931988Z"
"ph_00002181","user_0087","org_011","ste_000182","22","243289","2025-06-20T16:21:33.9931988Z"
"ph_00002182","user_0087","org_011","ste_000761","22","1239208","2026-01-10T02:55:33.9931988Z"
"ph_00002183","user_0087","org_011","ste_000796","4","773114","2025-09-03T06:23:33.9931988Z"
"ph_00002184","user_0088","org_011","ste_000934","5","235735","2025-09-21T04:54:33.9931988Z"
"ph_00002185","user_0088","org_011","ste_000027","10","2020352","2025-12-05T03:05:33.9931988Z"
"ph_00002186","user_0088","org_011","ste_000306","8","115156","2025-06-13T00:24:33.9931988Z"
"ph_00002187","user_0088","org_011","ste_000813","18","411813","2025-12-26T00:43:33.9931988Z"
"ph_00002188","user_0088","org_011","ste_000806","1","255567","2026-01-25T09:27:33.9931988Z"
"ph_00002189","user_0088","org_011","ste_001110","14","905855","2025-11-22T00:24:33.9931988Z"
"ph_00002190","user_0088","org_011","ste_000288","22","673327","2025-05-09T10:50:33.9931988Z"
"ph_00002191","user_0088","org_011","ste_001077","21","158543","2025-06-14T23:23:33.9931988Z"
"ph_00002192","user_0088","org_011","ste_001095","8","456621","2025-07-05T13:02:33.9931988Z"
"ph_00002193","user_0088","org_011","ste_000736","20","145608","2025-06-04T05:48:33.9931988Z"
"ph_00002194","user_0088","org_011","ste_000670","21","673202","2026-03-16T09:28:33.9931988Z"
"ph_00002195","user_0088","org_011","ste_000035","1","234206","2025-07-25T01:50:33.9931988Z"
"ph_00002196","user_0088","org_011","ste_001099","14","98372","2025-10-17T16:46:33.9931988Z"
"ph_00002197","user_0088","org_011","ste_001140","7","1072601","2025-08-20T18:58:33.9931988Z"
"ph_00002198","user_0088","org_011","ste_001137","16","329159","2025-09-29T00:35:33.9931988Z"
"ph_00002199","user_0088","org_011","ste_000118","14","360850","2026-01-31T19:05:33.9931988Z"
"ph_00002200","user_0088","org_011","ste_000550","11","446974","2025-05-07T09:02:33.9931988Z"
"ph_00002201","user_0088","org_011","ste_001191","4","621661","2025-07-30T11:55:33.9931988Z"
"ph_00002202","user_0088","org_011","ste_001104","6","135870","2026-02-14T03:11:33.9931988Z"
"ph_00002203","user_0088","org_011","ste_000401","1","1038905","2026-02-05T08:40:33.9931988Z"
"ph_00002204","user_0088","org_011","ste_001110","18","959251","2025-05-19T08:12:33.9931988Z"
"ph_00002205","user_0088","org_011","ste_000927","6","378547","2025-10-28T02:53:33.9931988Z"
"ph_00002206","user_0088","org_011","ste_000148","9","236369","2025-08-29T04:00:33.9931988Z"
"ph_00002207","user_0088","org_011","ste_001187","16","656808","2025-07-19T16:36:33.9931988Z"
"ph_00002208","user_0088","org_011","ste_000048","6","100725","2026-02-11T13:28:33.9931988Z"
"ph_00002209","user_0088","org_011","ste_000358","1","1211837","2025-04-05T06:44:33.9931988Z"
"ph_00002210","user_0088","org_011","ste_000708","22","907529","2025-05-31T15:32:33.9931988Z"
"ph_00002211","user_0088","org_011","ste_000703","2","212397","2025-10-08T00:53:33.9931988Z"
"ph_00002212","user_0088","org_011","ste_000042","18","149285","2025-06-24T06:41:33.9931988Z"
"ph_00002213","user_0088","org_011","ste_000722","17","732164","2025-09-10T13:35:33.9931988Z"
"ph_00002214","user_0088","org_011","ste_000405","1","269657","2025-10-01T12:10:33.9931988Z"
"ph_00002215","user_0088","org_011","ste_000446","10","439147","2025-09-03T09:44:33.9931988Z"
"ph_00002216","user_0089","org_012","ste_000018","24","1197970","2025-06-18T19:34:33.9931988Z"
"ph_00002217","user_0089","org_012","ste_000210","16","331685","2025-04-14T00:24:33.9931988Z"
"ph_00002218","user_0089","org_012","ste_000916","22","668713","2025-04-16T06:46:33.9931988Z"
"ph_00002219","user_0089","org_012","ste_000053","24","393987","2025-12-13T12:28:33.9931988Z"
"ph_00002220","user_0089","org_012","ste_001028","14","274417","2026-01-07T18:45:33.9931988Z"
"ph_00002221","user_0089","org_012","ste_000395","21","120126","2025-04-13T15:41:33.9931988Z"
"ph_00002222","user_0089","org_012","ste_000942","12","198741","2025-12-21T00:48:33.9931988Z"
"ph_00002223","user_0089","org_012","ste_000748","7","363989","2025-10-26T04:08:33.9931988Z"
"ph_00002224","user_0089","org_012","ste_000449","21","244548","2025-05-28T03:41:33.9931988Z"
"ph_00002225","user_0089","org_012","ste_000001","7","200217","2025-11-13T07:54:33.9931988Z"
"ph_00002226","user_0089","org_012","ste_000462","18","387582","2025-04-07T04:18:33.9931988Z"
"ph_00002227","user_0089","org_012","ste_001106","7","638881","2025-05-03T18:11:33.9931988Z"
"ph_00002228","user_0089","org_012","ste_000157","12","141675","2026-02-19T09:07:33.9931988Z"
"ph_00002229","user_0089","org_012","ste_001063","21","406007","2025-11-28T13:05:33.9931988Z"
"ph_00002230","user_0089","org_012","ste_000764","12","65815","2025-10-05T11:16:33.9931988Z"
"ph_00002231","user_0089","org_012","ste_000461","11","1215291","2025-07-21T01:26:33.9931988Z"
"ph_00002232","user_0090","org_012","ste_000859","9","250055","2025-08-02T03:07:33.9931988Z"
"ph_00002233","user_0090","org_012","ste_001069","20","55172","2026-03-07T17:10:33.9931988Z"
"ph_00002234","user_0090","org_012","ste_000779","19","413628","2025-11-11T10:57:33.9931988Z"
"ph_00002235","user_0090","org_012","ste_000606","16","985790","2026-01-28T15:26:33.9931988Z"
"ph_00002236","user_0090","org_012","ste_000138","15","554470","2026-02-24T01:25:33.9931988Z"
"ph_00002237","user_0090","org_012","ste_001060","6","1803341","2026-03-16T22:57:33.9931988Z"
"ph_00002238","user_0090","org_012","ste_000534","11","1105220","2025-07-11T05:34:33.9931988Z"
"ph_00002239","user_0090","org_012","ste_000712","11","313385","2025-07-10T10:28:33.9931988Z"
"ph_00002240","user_0090","org_012","ste_001002","8","71827","2025-09-08T19:35:33.9931988Z"
"ph_00002241","user_0090","org_012","ste_000965","11","214691","2025-09-05T21:42:33.9931988Z"
"ph_00002242","user_0090","org_012","ste_000141","15","1131829","2025-11-28T04:25:33.9931988Z"
"ph_00002243","user_0090","org_012","ste_001053","6","3086432","2026-02-18T02:16:33.9931988Z"
"ph_00002244","user_0090","org_012","ste_000172","13","1701725","2025-04-21T05:26:33.9931988Z"
"ph_00002245","user_0090","org_012","ste_000942","12","417619","2026-02-08T21:37:33.9931988Z"
"ph_00002246","user_0090","org_012","ste_000184","24","1130787","2025-06-01T02:05:33.9931988Z"
"ph_00002247","user_0090","org_012","ste_000433","18","637220","2026-03-08T22:40:33.9931988Z"
"ph_00002248","user_0090","org_012","ste_000546","1","1393645","2025-10-30T02:26:33.9931988Z"
"ph_00002249","user_0090","org_012","ste_001197","22","786872","2025-09-09T23:50:33.9931988Z"
"ph_00002250","user_0090","org_012","ste_000322","17","189105","2026-03-08T23:00:33.9931988Z"
"ph_00002251","user_0090","org_012","ste_000412","2","263458","2025-07-03T13:01:33.9931988Z"
"ph_00002252","user_0090","org_012","ste_001067","15","280995","2026-02-01T15:06:33.9931988Z"
"ph_00002253","user_0090","org_012","ste_000076","10","2720408","2026-03-13T21:12:33.9931988Z"
"ph_00002254","user_0090","org_012","ste_000181","8","1896650","2026-02-03T20:29:33.9931988Z"
"ph_00002255","user_0090","org_012","ste_000129","15","343523","2025-08-25T17:38:33.9931988Z"
"ph_00002256","user_0090","org_012","ste_000732","7","351688","2025-09-19T10:53:33.9931988Z"
"ph_00002257","user_0090","org_012","ste_000684","9","397378","2025-09-19T08:28:33.9931988Z"
"ph_00002258","user_0090","org_012","ste_000455","8","637624","2025-12-12T01:06:33.9931988Z"
"ph_00002259","user_0090","org_012","ste_000897","17","459726","2025-10-17T14:22:33.9931988Z"
"ph_00002260","user_0090","org_012","ste_000262","24","1268319","2026-03-25T00:05:33.9931988Z"
"ph_00002261","user_0090","org_012","ste_000740","24","363017","2025-04-05T14:50:33.9931988Z"
"ph_00002262","user_0090","org_012","ste_000275","4","1815026","2025-09-14T07:03:33.9931988Z"
"ph_00002263","user_0090","org_012","ste_001134","7","298401","2025-07-20T18:26:33.9931988Z"
"ph_00002264","user_0090","org_012","ste_000792","22","166010","2025-07-31T12:24:33.9931988Z"
"ph_00002265","user_0091","org_012","ste_000039","23","258602","2026-01-31T15:51:33.9931988Z"
"ph_00002266","user_0091","org_012","ste_000967","21","515095","2026-02-18T10:54:33.9931988Z"
"ph_00002267","user_0091","org_012","ste_000281","17","458856","2025-06-18T16:31:33.9931988Z"
"ph_00002268","user_0091","org_012","ste_000397","6","2164969","2025-05-06T18:14:33.9931988Z"
"ph_00002269","user_0091","org_012","ste_000584","4","913248","2026-03-25T09:08:33.9931988Z"
"ph_00002270","user_0091","org_012","ste_001122","16","1874404","2025-06-12T12:14:33.9931988Z"
"ph_00002271","user_0091","org_012","ste_001009","18","1137806","2026-01-07T20:50:33.9931988Z"
"ph_00002272","user_0091","org_012","ste_000147","20","576477","2026-03-12T17:12:33.9931988Z"
"ph_00002273","user_0091","org_012","ste_000122","3","1302023","2025-07-30T11:58:33.9931988Z"
"ph_00002274","user_0091","org_012","ste_000986","7","1231395","2025-10-14T19:21:33.9931988Z"
"ph_00002275","user_0091","org_012","ste_000233","22","279435","2026-03-11T01:37:33.9931988Z"
"ph_00002276","user_0091","org_012","ste_000414","5","566705","2025-11-20T08:06:33.9931988Z"
"ph_00002277","user_0091","org_012","ste_000450","5","1023886","2025-07-09T02:52:33.9931988Z"
"ph_00002278","user_0091","org_012","ste_000584","10","1259427","2026-02-27T10:44:33.9931988Z"
"ph_00002279","user_0091","org_012","ste_000123","16","927983","2025-04-27T12:43:33.9931988Z"
"ph_00002280","user_0091","org_012","ste_000776","13","1739565","2025-07-01T05:08:33.9931988Z"
"ph_00002281","user_0091","org_012","ste_000161","15","552634","2025-10-07T23:09:33.9931988Z"
"ph_00002282","user_0091","org_012","ste_000049","13","1231766","2025-08-10T14:30:33.9931988Z"
"ph_00002283","user_0091","org_012","ste_000882","13","565468","2025-06-17T01:54:33.9931988Z"
"ph_00002284","user_0091","org_012","ste_000029","8","1751739","2025-09-12T03:26:33.9931988Z"
"ph_00002285","user_0091","org_012","ste_000347","12","1320929","2025-04-09T21:16:33.9931988Z"
"ph_00002286","user_0091","org_012","ste_000524","23","557927","2025-08-05T00:41:33.9931988Z"
"ph_00002287","user_0091","org_012","ste_000254","18","1596300","2025-04-28T07:39:33.9931988Z"
"ph_00002288","user_0091","org_012","ste_000406","9","699629","2025-05-16T16:55:33.9931988Z"
"ph_00002289","user_0092","org_012","ste_000148","21","306609","2025-12-04T14:31:33.9931988Z"
"ph_00002290","user_0092","org_012","ste_001196","14","2573029","2025-12-07T18:47:33.9931988Z"
"ph_00002291","user_0092","org_012","ste_000011","22","464442","2025-08-14T04:48:33.9931988Z"
"ph_00002292","user_0092","org_012","ste_001094","4","3542885","2025-07-15T07:40:33.9931988Z"
"ph_00002293","user_0092","org_012","ste_000527","3","313102","2025-04-25T14:22:33.9931988Z"
"ph_00002294","user_0092","org_012","ste_000627","12","2959111","2025-10-31T02:58:33.9931988Z"
"ph_00002295","user_0092","org_012","ste_000873","17","222256","2025-06-12T02:51:33.9931988Z"
"ph_00002296","user_0092","org_012","ste_001094","6","3128471","2025-05-12T13:01:33.9931988Z"
"ph_00002297","user_0092","org_012","ste_000856","6","63262","2025-10-29T04:10:33.9931988Z"
"ph_00002298","user_0092","org_012","ste_000536","17","135445","2025-04-06T02:26:33.9931988Z"
"ph_00002299","user_0092","org_012","ste_000861","2","201930","2025-12-27T13:30:33.9931988Z"
"ph_00002300","user_0092","org_012","ste_000824","1","2634997","2025-05-08T02:53:33.9931988Z"
"ph_00002301","user_0092","org_012","ste_000993","18","1870084","2026-02-18T00:31:33.9931988Z"
"ph_00002302","user_0092","org_012","ste_000835","12","911978","2025-04-07T22:55:33.9931988Z"
"ph_00002303","user_0092","org_012","ste_000335","22","93453","2025-09-22T19:06:33.9931988Z"
"ph_00002304","user_0092","org_012","ste_000071","18","137754","2025-07-08T18:52:33.9931988Z"
"ph_00002305","user_0092","org_012","ste_000757","22","450988","2025-05-25T03:14:33.9931988Z"
"ph_00002306","user_0092","org_012","ste_000992","18","2014834","2026-01-06T12:43:33.9931988Z"
"ph_00002307","user_0092","org_012","ste_001138","5","166100","2025-05-25T04:31:33.9931988Z"
"ph_00002308","user_0092","org_012","ste_000451","22","150441","2025-08-26T16:26:33.9931988Z"
"ph_00002309","user_0092","org_012","ste_000536","4","43032","2025-09-03T13:01:33.9931988Z"
"ph_00002310","user_0092","org_012","ste_000042","12","163149","2025-03-30T02:34:33.9931988Z"
"ph_00002311","user_0092","org_012","ste_000635","22","1462248","2025-08-11T09:38:33.9931988Z"
"ph_00002312","user_0092","org_012","ste_001165","8","438703","2026-01-29T04:44:33.9931988Z"
"ph_00002313","user_0092","org_012","ste_001032","1","2433110","2025-11-17T05:53:33.9931988Z"
"ph_00002314","user_0092","org_012","ste_000463","14","267733","2025-06-27T09:19:33.9931988Z"
"ph_00002315","user_0092","org_012","ste_000200","8","237343","2025-12-04T06:29:33.9931988Z"
"ph_00002316","user_0092","org_012","ste_000152","20","3704556","2026-02-11T22:02:33.9931988Z"
"ph_00002317","user_0092","org_012","ste_000621","15","101320","2026-01-17T10:30:33.9931988Z"
"ph_00002318","user_0092","org_012","ste_000357","22","1430431","2025-04-12T03:09:33.9931988Z"
"ph_00002319","user_0092","org_012","ste_001024","17","3115772","2025-07-10T07:50:33.9931988Z"
"ph_00002320","user_0092","org_012","ste_000899","3","161090","2025-08-06T19:40:33.9931988Z"
"ph_00002321","user_0093","org_012","ste_000640","15","701709","2025-06-20T13:03:33.9931988Z"
"ph_00002322","user_0093","org_012","ste_000014","11","1364741","2025-07-16T18:17:33.9931988Z"
"ph_00002323","user_0093","org_012","ste_001115","6","220746","2026-03-17T12:27:33.9931988Z"
"ph_00002324","user_0093","org_012","ste_000064","11","806031","2026-03-21T21:53:33.9931988Z"
"ph_00002325","user_0093","org_012","ste_000879","12","253816","2026-02-11T09:33:33.9931988Z"
"ph_00002326","user_0093","org_012","ste_000084","16","3413143","2025-06-11T06:39:33.9931988Z"
"ph_00002327","user_0093","org_012","ste_000621","11","204853","2025-08-05T20:03:33.9931988Z"
"ph_00002328","user_0093","org_012","ste_000315","2","336463","2025-11-21T10:12:33.9931988Z"
"ph_00002329","user_0093","org_012","ste_000803","10","388406","2025-05-05T20:36:33.9931988Z"
"ph_00002330","user_0093","org_012","ste_000806","16","456526","2026-03-15T02:35:33.9931988Z"
"ph_00002331","user_0093","org_012","ste_000309","23","448699","2025-09-29T21:54:33.9931988Z"
"ph_00002332","user_0093","org_012","ste_000147","3","637924","2025-09-04T15:31:33.9931988Z"
"ph_00002333","user_0093","org_012","ste_000309","8","310470","2025-07-25T16:51:33.9931988Z"
"ph_00002334","user_0093","org_012","ste_000181","22","1358163","2025-10-17T21:17:33.9931988Z"
"ph_00002335","user_0093","org_012","ste_000949","21","895491","2025-05-22T22:52:33.9931988Z"
"ph_00002336","user_0093","org_012","ste_000276","4","190851","2026-02-10T08:36:33.9931988Z"
"ph_00002337","user_0093","org_012","ste_000525","20","159099","2025-12-04T06:41:33.9931988Z"
"ph_00002338","user_0093","org_012","ste_000859","7","285574","2025-07-16T17:45:33.9931988Z"
"ph_00002339","user_0093","org_012","ste_000503","12","795408","2026-03-02T02:00:33.9931988Z"
"ph_00002340","user_0093","org_012","ste_000847","16","1771105","2025-03-30T09:41:33.9931988Z"
"ph_00002341","user_0094","org_012","ste_000429","17","717971","2025-08-23T12:47:33.9931988Z"
"ph_00002342","user_0094","org_012","ste_000965","12","1755763","2025-09-17T07:15:33.9931988Z"
"ph_00002343","user_0094","org_012","ste_000180","16","221028","2025-12-18T09:29:33.9931988Z"
"ph_00002344","user_0094","org_012","ste_000265","14","1112216","2025-10-12T10:33:33.9931988Z"
"ph_00002345","user_0094","org_012","ste_000875","10","1096023","2026-02-13T10:41:33.9931988Z"
"ph_00002346","user_0094","org_012","ste_000738","2","630400","2025-11-05T12:23:33.9931988Z"
"ph_00002347","user_0094","org_012","ste_000109","9","42149","2026-01-13T07:25:33.9931988Z"
"ph_00002348","user_0094","org_012","ste_000002","2","157780","2025-12-25T01:52:33.9931988Z"
"ph_00002349","user_0094","org_012","ste_001148","5","149167","2025-05-09T17:28:33.9931988Z"
"ph_00002350","user_0094","org_012","ste_001044","8","90223","2026-03-20T19:20:33.9931988Z"
"ph_00002351","user_0094","org_012","ste_000684","18","389722","2025-04-17T01:39:33.9931988Z"
"ph_00002352","user_0094","org_012","ste_000598","9","1141758","2025-12-01T19:04:33.9931988Z"
"ph_00002353","user_0094","org_012","ste_000922","23","302087","2025-09-19T00:16:33.9931988Z"
"ph_00002354","user_0094","org_012","ste_001121","12","70922","2026-03-03T00:00:33.9931988Z"
"ph_00002355","user_0094","org_012","ste_000775","13","1469998","2025-11-29T06:45:33.9931988Z"
"ph_00002356","user_0094","org_012","ste_001089","11","241651","2025-10-16T06:50:33.9931988Z"
"ph_00002357","user_0094","org_012","ste_000769","24","441825","2026-02-15T08:55:33.9931988Z"
"ph_00002358","user_0094","org_012","ste_000935","10","339683","2025-11-15T00:02:33.9931988Z"
"ph_00002359","user_0095","org_012","ste_000136","24","1068149","2025-04-03T10:04:33.9931988Z"
"ph_00002360","user_0095","org_012","ste_000419","19","1023104","2025-08-20T09:16:33.9931988Z"
"ph_00002361","user_0095","org_012","ste_000763","18","1189264","2025-04-20T22:50:33.9931988Z"
"ph_00002362","user_0095","org_012","ste_001010","18","1471022","2025-10-25T00:39:33.9931988Z"
"ph_00002363","user_0095","org_012","ste_000391","2","1202538","2026-03-19T03:42:33.9931988Z"
"ph_00002364","user_0095","org_012","ste_000589","1","879586","2025-09-06T17:26:33.9931988Z"
"ph_00002365","user_0095","org_012","ste_001126","7","952208","2025-12-03T07:34:33.9931988Z"
"ph_00002366","user_0095","org_012","ste_000141","7","1572479","2025-12-07T10:46:33.9931988Z"
"ph_00002367","user_0095","org_012","ste_000061","12","614672","2025-10-02T18:45:33.9931988Z"
"ph_00002368","user_0095","org_012","ste_000959","9","1217650","2025-08-14T06:23:33.9931988Z"
"ph_00002369","user_0095","org_012","ste_000177","12","341927","2025-12-13T02:02:33.9931988Z"
"ph_00002370","user_0095","org_012","ste_000962","8","370369","2026-02-27T22:59:33.9931988Z"
"ph_00002371","user_0095","org_012","ste_000941","10","941390","2025-11-19T20:46:33.9931988Z"
"ph_00002372","user_0095","org_012","ste_000386","23","781944","2025-03-31T04:18:33.9931988Z"
"ph_00002373","user_0095","org_012","ste_000440","17","155282","2025-05-22T17:41:33.9931988Z"
"ph_00002374","user_0095","org_012","ste_000702","24","1469225","2025-05-20T17:52:33.9931988Z"
"ph_00002375","user_0095","org_012","ste_000189","23","763004","2025-09-28T08:12:33.9931988Z"
"ph_00002376","user_0095","org_012","ste_000617","23","1014458","2025-04-06T03:58:33.9931988Z"
"ph_00002377","user_0095","org_012","ste_000576","18","380974","2025-04-01T10:04:33.9931988Z"
"ph_00002378","user_0095","org_012","ste_000967","4","344516","2025-07-23T17:09:33.9931988Z"
"ph_00002379","user_0095","org_012","ste_000633","12","531281","2025-05-17T11:54:33.9931988Z"
"ph_00002380","user_0095","org_012","ste_000774","4","1557270","2025-08-29T08:35:33.9931988Z"
"ph_00002381","user_0095","org_012","ste_000738","6","1445664","2025-09-22T18:20:33.9931988Z"
"ph_00002382","user_0095","org_012","ste_000496","15","1865457","2025-10-17T19:17:33.9931988Z"
"ph_00002383","user_0096","org_012","ste_000750","8","2492905","2025-10-17T09:56:33.9931988Z"
"ph_00002384","user_0096","org_012","ste_000758","24","3579787","2026-01-27T00:12:33.9931988Z"
"ph_00002385","user_0096","org_012","ste_000343","16","1114547","2025-11-02T04:53:33.9931988Z"
"ph_00002386","user_0096","org_012","ste_000262","1","1280180","2025-07-08T03:25:33.9931988Z"
"ph_00002387","user_0096","org_012","ste_000734","19","367667","2025-10-03T13:20:33.9931988Z"
"ph_00002388","user_0096","org_012","ste_001169","24","817720","2025-12-13T18:22:33.9931988Z"
"ph_00002389","user_0096","org_012","ste_000040","2","2802184","2026-03-21T10:28:33.9931988Z"
"ph_00002390","user_0096","org_012","ste_000675","6","1347367","2025-05-19T08:14:33.9931988Z"
"ph_00002391","user_0096","org_012","ste_000560","17","1387304","2026-01-11T03:24:33.9931988Z"
"ph_00002392","user_0096","org_012","ste_000888","1","1354185","2025-10-10T07:53:33.9931988Z"
"ph_00002393","user_0096","org_012","ste_000011","14","377146","2025-06-23T23:36:33.9931988Z"
"ph_00002394","user_0096","org_012","ste_000027","18","1773690","2025-04-15T07:12:33.9931988Z"
"ph_00002395","user_0096","org_012","ste_000265","16","1624457","2025-08-25T16:03:33.9931988Z"
"ph_00002396","user_0096","org_012","ste_000491","12","55550","2026-02-17T08:20:33.9931988Z"
"ph_00002397","user_0096","org_012","ste_001176","16","3199481","2025-08-14T15:05:33.9931988Z"
"ph_00002398","user_0096","org_012","ste_000796","3","1642747","2025-12-08T00:23:33.9931988Z"
"ph_00002399","user_0096","org_012","ste_000351","19","1618359","2025-11-10T05:06:33.9931988Z"
"ph_00002400","user_0096","org_012","ste_000113","10","1466892","2025-11-27T20:33:33.9931988Z"
"ph_00002401","user_0096","org_012","ste_000968","24","3008348","2025-08-04T00:18:33.9931988Z"
"ph_00002402","user_0096","org_012","ste_000311","16","344028","2026-01-21T09:04:33.9931988Z"
"ph_00002403","user_0096","org_012","ste_000294","19","3137650","2025-10-21T21:53:33.9931988Z"
"ph_00002404","user_0096","org_012","ste_000340","23","1536448","2026-03-15T01:11:33.9931988Z"
"ph_00002405","user_0096","org_012","ste_000346","6","355167","2025-12-02T01:02:33.9931988Z"
"ph_00002406","user_0096","org_012","ste_000093","18","400106","2025-11-05T15:10:33.9931988Z"
"ph_00002407","user_0096","org_012","ste_000228","21","1362452","2025-07-05T02:25:33.9931988Z"
"ph_00002408","user_0096","org_012","ste_000468","11","1163080","2025-04-22T03:02:33.9931988Z"
"ph_00002409","user_0096","org_012","ste_000037","17","701980","2025-04-21T04:06:33.9931988Z"
"ph_00002410","user_0096","org_012","ste_000614","21","916109","2025-12-31T13:28:33.9931988Z"
"ph_00002411","user_0096","org_012","ste_000492","14","3365441","2025-11-27T06:26:33.9931988Z"
"ph_00002412","user_0096","org_012","ste_000529","14","2603078","2025-05-16T16:07:33.9931988Z"
