"id","user_id","organization_id","query","normalized_query","created_at"
"session_00000001","user_0001","org_001","avtobus","avtobus","2025-11-04T18:36:33.9931988Z"
"session_00000002","user_0001","org_001","logistika municipal","logistika municipal","2026-03-04T14:16:33.9931988Z"
"session_00000003","user_0001","org_001","kanctovary moskva","kanctovary moskva","2026-03-20T04:21:33.9931988Z"
"session_00000004","user_0001","org_001","toner dlya zakupok","toner dlya zakupok","2025-10-13T10:12:33.9931988Z"
"session_00000005","user_0001","org_001","arenda transporta portal postavshikov","arenda transporta portal postavshikov","2025-10-28T15:13:33.9931988Z"
"session_00000006","user_0001","org_001","printer municipal","printer municipal","2026-02-06T07:02:33.9931988Z"
"session_00000007","user_0001","org_001","passazhirskie perevozki municipal","passazhirskie perevozki municipal","2025-12-24T02:08:33.9931988Z"
"session_00000008","user_0001","org_001","logistika moskva","logistika moskva","2026-01-16T02:15:33.9931988Z"
"session_00000009","user_0001","org_001","bumaga dlya zakupok","bumaga dlya zakupok","2025-12-15T12:07:33.9931988Z"
"session_00000010","user_0001","org_001","kartridzh","kartridzh","2026-01-07T07:04:33.9931988Z"
"session_00000011","user_0001","org_001","logistika dlya zakupok","logistika dlya zakupok","2025-10-03T22:53:33.9931988Z"
"session_00000012","user_0001","org_001","logistika portal postavshikov","logistika portal postavshikov","2025-11-16T01:13:33.9931988Z"
"session_00000013","user_0001","org_001","arenda transporta municipal","arenda transporta municipal","2026-02-22T19:25:33.9931988Z"
"session_00000014","user_0001","org_001","printer municipal","printer municipal","2026-01-10T08:26:33.9931988Z"
"session_00000015","user_0001","org_001","aftobus dlya zakupok","aftobus dlya zakupok","2026-03-09T00:58:33.9931988Z"
"session_00000016","user_0001","org_001","kartridzh municipal","kartridzh municipal","2026-01-03T18:54:33.9931988Z"
"session_00000017","user_0001","org_001","mikroaftobus","mikroaftobus","2025-12-28T19:46:33.9931988Z"
"session_00000018","user_0001","org_001","bumaga","bumaga","2026-01-24T01:24:33.9931988Z"
"session_00000019","user_0001","org_001","perevozki moskva","perevozki moskva","2026-02-15T11:15:33.9931988Z"
"session_00000020","user_0001","org_001","printer dlya zakupok","printer dlya zakupok","2025-10-10T20:23:33.9931988Z"
"session_00000021","user_0001","org_001","printer dlya zakupok","printer dlya zakupok","2026-03-15T11:08:33.9931988Z"
"session_00000022","user_0001","org_001","passazhirskie perevozki municipal","passazhirskie perevozki municipal","2025-10-02T22:29:33.9931988Z"
"session_00000023","user_0001","org_001","passazhirskie perevozki","passazhirskie perevozki","2025-12-31T18:24:33.9931988Z"
"session_00000024","user_0001","org_001","kanctovary dlya zakupok","kanctovary dlya zakupok","2026-03-16T12:40:33.9931988Z"
"session_00000025","user_0001","org_001","mikroavtobus moskva","mikroavtobus moskva","2026-02-20T05:06:33.9931988Z"
"session_00000026","user_0001","org_001","mikroavtobus portal postavshikov","mikroavtobus portal postavshikov","2026-02-15T01:55:33.9931988Z"
"session_00000027","user_0001","org_001","kartridzh municipal","kartridzh municipal","2025-10-29T19:06:33.9931988Z"
"session_00000028","user_0001","org_001","avtobus dlya zakupok","avtobus dlya zakupok","2025-10-24T12:45:33.9931988Z"
"session_00000029","user_0001","org_001","kartridzh municipal","kartridzh municipal","2025-10-13T21:20:33.9931988Z"
"session_00000030","user_0002","org_001","mikroavtobus portal postavshikov","mikroavtobus portal postavshikov","2026-02-18T15:22:33.9931988Z"
"session_00000031","user_0002","org_001","komutator","komutator","2026-01-14T14:52:33.9931988Z"
"session_00000032","user_0002","org_001","servernoe oborudovanie municipal","servernoe oborudovanie municipal","2025-12-14T19:33:33.9931988Z"
"session_00000033","user_0002","org_001","noutbuk dlya zakupok","noutbuk dlya zakupok","2026-01-19T21:30:33.9931988Z"
"session_00000034","user_0002","org_001","logistika municipal","logistika municipal","2025-12-21T10:55:33.9931988Z"
"session_00000035","user_0002","org_001","logistika portal postavshikov","logistika portal postavshikov","2025-11-17T18:59:33.9931988Z"
"session_00000036","user_0002","org_001","komutator moskva","komutator moskva","2026-03-04T23:13:33.9931988Z"
"session_00000037","user_0002","org_001","mikroaftobus dlya zakupok","mikroaftobus dlya zakupok","2026-02-07T05:06:33.9931988Z"
"session_00000038","user_0002","org_001","kommutator dlya zakupok","kommutator dlya zakupok","2025-12-23T13:14:33.9931988Z"
"session_00000039","user_0002","org_001","kommutator municipal","kommutator municipal","2026-01-16T01:11:33.9931988Z"
"session_00000040","user_0002","org_001","perevozki municipal","perevozki municipal","2025-11-21T11:01:33.9931988Z"
"session_00000041","user_0002","org_001","logistika","logistika","2025-11-23T14:36:33.9931988Z"
"session_00000042","user_0002","org_001","mikroavtobus portal postavshikov","mikroavtobus portal postavshikov","2025-11-02T03:41:33.9931988Z"
"session_00000043","user_0002","org_001","arenda transporta portal postavshikov","arenda transporta portal postavshikov","2025-10-02T10:10:33.9931988Z"
"session_00000044","user_0002","org_001","logistika portal postavshikov","logistika portal postavshikov","2025-10-11T02:36:33.9931988Z"
"session_00000045","user_0002","org_001","logstika","logstika","2025-11-13T00:16:33.9931988Z"
"session_00000046","user_0002","org_001","setevoe oborudovanie municipal","setevoe oborudovanie municipal","2025-11-10T19:04:33.9931988Z"
"session_00000047","user_0002","org_001","arenda transporta portal postavshikov","arenda transporta portal postavshikov","2025-11-11T05:29:33.9931988Z"
"session_00000048","user_0002","org_001","mikroaftobus","mikroaftobus","2026-01-24T08:49:33.9931988Z"
"session_00000049","user_0002","org_001","arenda transporta portal postavshikov","arenda transporta portal postavshikov","2025-12-08T09:33:33.9931988Z"
"session_00000050","user_0002","org_001","rabochaya stanciya","rabochaya stanciya","2026-03-21T18:46:33.9931988Z"
"session_00000051","user_0002","org_001","rabochaya stanciya","rabochaya stanciya","2025-11-10T20:19:33.9931988Z"
"session_00000052","user_0002","org_001","passazhirskie perevozki moskva","passazhirskie perevozki moskva","2026-02-17T03:04:33.9931988Z"
"session_00000053","user_0002","org_001","server dlya zakupok","server dlya zakupok","2026-01-25T14:02:33.9931988Z"
"session_00000054","user_0002","org_001","arenda transporta portal postavshikov","arenda transporta portal postavshikov","2025-10-29T13:47:33.9931988Z"
"session_00000055","user_0002","org_001","noutbuk","noutbuk","2026-01-23T12:24:33.9931988Z"
"session_00000056","user_0002","org_001","arenda transporta dlya zakupok","arenda transporta dlya zakupok","2025-10-18T17:42:33.9931988Z"
"session_00000057","user_0002","org_001","server dlya zakupok","server dlya zakupok","2025-11-27T00:53:33.9931988Z"
"session_00000058","user_0002","org_001","setevoy kommutator moskva","setevoy kommutator moskva","2026-02-19T12:32:33.9931988Z"
"session_00000059","user_0002","org_001","mikroaftobus moskva","mikroaftobus moskva","2025-11-18T15:15:33.9931988Z"
"session_00000060","user_0002","org_001","mikroavtobus","mikroavtobus","2026-01-23T06:23:33.9931988Z"
"session_00000061","user_0002","org_001","laptop","laptop","2025-11-30T05:59:33.9931988Z"
"session_00000062","user_0002","org_001","logistika portal postavshikov","logistika portal postavshikov","2026-01-26T04:30:33.9931988Z"
"session_00000063","user_0002","org_001","server portal postavshikov","server portal postavshikov","2026-02-15T08:58:33.9931988Z"
"session_00000064","user_0003","org_001","soprovozhdenie","soprovozhdenie","2026-02-14T04:00:33.9931988Z"
"session_00000065","user_0003","org_001","soprovozhdenie","soprovozhdenie","2026-02-26T06:52:33.9931988Z"
"session_00000066","user_0003","org_001","klinng","klinng","2026-01-28T23:08:33.9931988Z"
"session_00000067","user_0003","org_001","printer moskva","printer moskva","2026-02-12T01:34:33.9931988Z"
"session_00000068","user_0003","org_001","kanctovary portal postavshikov","kanctovary portal postavshikov","2025-11-14T05:02:33.9931988Z"
"session_00000069","user_0003","org_001","tehpodderzhka","tehpodderzhka","2026-03-20T14:37:33.9931988Z"
"session_00000070","user_0003","org_001","stationery dlya zakupok","stationery dlya zakupok","2026-02-12T09:15:33.9931988Z"
"session_00000071","user_0003","org_001","ofisnaya mebel dlya zakupok","ofisnaya mebel dlya zakupok","2025-11-08T19:40:33.9931988Z"
"session_00000072","user_0003","org_001","soprovozhdenie moskva","soprovozhdenie moskva","2026-03-07T12:01:33.9931988Z"
"session_00000073","user_0003","org_001","kartridzh moskva","kartridzh moskva","2025-11-03T09:47:33.9931988Z"
"session_00000074","user_0003","org_001","ofisnaya mebel municipal","ofisnaya mebel municipal","2026-02-28T14:19:33.9931988Z"
"session_00000075","user_0003","org_001","katridzh moskva","katridzh moskva","2026-03-04T01:26:33.9931988Z"
"session_00000076","user_0003","org_001","paper moskva","paper moskva","2026-01-17T07:19:33.9931988Z"
"session_00000077","user_0003","org_001","ofisnaya mebel moskva","ofisnaya mebel moskva","2026-02-09T08:15:33.9931988Z"
"session_00000078","user_0003","org_001","katridzh moskva","katridzh moskva","2025-10-13T06:53:33.9931988Z"
"session_00000079","user_0003","org_001","ofisnaya mebel","ofisnaya mebel","2025-12-27T16:43:33.9931988Z"
"session_00000080","user_0003","org_001","kanctovary dlya zakupok","kanctovary dlya zakupok","2025-12-10T06:29:33.9931988Z"
"session_00000081","user_0003","org_001","klining","klining","2025-10-30T17:22:33.9931988Z"
"session_00000082","user_0003","org_001","autsorsing municipal","autsorsing municipal","2026-02-25T07:16:33.9931988Z"
"session_00000083","user_0003","org_001","printer portal postavshikov","printer portal postavshikov","2026-03-27T08:39:33.9931988Z"
"session_00000084","user_0003","org_001","tehpodderzka","tehpodderzka","2025-11-16T00:45:33.9931988Z"
"session_00000085","user_0003","org_001","obsluzhivanie dlya zakupok","obsluzhivanie dlya zakupok","2025-10-25T06:26:33.9931988Z"
"session_00000086","user_0003","org_001","paper moskva","paper moskva","2026-01-01T16:50:33.9931988Z"
"session_00000087","user_0003","org_001","obsluzhivanie","obsluzhivanie","2026-02-03T10:25:33.9931988Z"
"session_00000088","user_0003","org_001","kartridzh municipal","kartridzh municipal","2025-12-31T09:12:33.9931988Z"
"session_00000089","user_0003","org_001","bumga moskva","bumga moskva","2025-12-31T03:40:33.9931988Z"
"session_00000090","user_0003","org_001","bumaga moskva","bumaga moskva","2026-02-08T12:40:33.9931988Z"
"session_00000091","user_0003","org_001","printer municipal","printer municipal","2026-02-24T06:44:33.9931988Z"
"session_00000092","user_0003","org_001","autsorsing moskva","autsorsing moskva","2026-02-12T03:03:33.9931988Z"
"session_00000093","user_0003","org_001","ofisnaya mebel moskva","ofisnaya mebel moskva","2025-12-03T06:59:33.9931988Z"
"session_00000094","user_0003","org_001","uborka pomescheniy","uborka pomescheniy","2026-03-17T17:34:33.9931988Z"
"session_00000095","user_0003","org_001","bumaga municipal","bumaga municipal","2025-10-04T05:52:33.9931988Z"
"session_00000096","user_0003","org_001","uborka pomescheniy dlya zakupok","uborka pomescheniy dlya zakupok","2025-12-13T17:32:33.9931988Z"
"session_00000097","user_0003","org_001","kanctovri moskva","kanctovri moskva","2026-01-05T08:36:33.9931988Z"
"session_00000098","user_0003","org_001","bumga portal postavshikov","bumga portal postavshikov","2026-01-10T22:34:33.9931988Z"
"session_00000099","user_0004","org_001","mikroavtobus municipal","mikroavtobus municipal","2025-10-04T12:25:33.9931988Z"
"session_00000100","user_0004","org_001","arenda transporta","arenda transporta","2026-01-04T04:47:33.9931988Z"
"session_00000101","user_0004","org_001","setevoe oborudovanie municipal","setevoe oborudovanie municipal","2026-02-02T16:58:33.9931988Z"
"session_00000102","user_0004","org_001","noutbukk dlya zakupok","noutbukk dlya zakupok","2025-12-01T23:49:33.9931988Z"
"session_00000103","user_0004","org_001","bus moskva","bus moskva","2025-12-22T21:17:33.9931988Z"
"session_00000104","user_0004","org_001","server municipal","server municipal","2025-12-07T21:06:33.9931988Z"
"session_00000105","user_0004","org_001","noutbuk","noutbuk","2025-10-03T19:13:33.9931988Z"
"session_00000106","user_0004","org_001","passazhirskie perevozki moskva","passazhirskie perevozki moskva","2026-03-26T10:04:33.9931988Z"
"session_00000107","user_0004","org_001","compute node portal postavshikov","compute node portal postavshikov","2026-03-27T09:30:33.9931988Z"
"session_00000108","user_0004","org_001","arenda transporta portal postavshikov","arenda transporta portal postavshikov","2025-11-24T06:58:33.9931988Z"
"session_00000109","user_0004","org_001","logistika dlya zakupok","logistika dlya zakupok","2025-10-18T20:13:33.9931988Z"
"session_00000110","user_0004","org_001","mikroavtobus","mikroavtobus","2025-10-15T22:11:33.9931988Z"
"session_00000111","user_0004","org_001","passazhirskie perevozki dlya zakupok","passazhirskie perevozki dlya zakupok","2026-01-08T23:54:33.9931988Z"
"session_00000112","user_0004","org_001","passazhirskie perevozki","passazhirskie perevozki","2026-02-03T23:01:33.9931988Z"
"session_00000113","user_0004","org_001","arenda transporta portal postavshikov","arenda transporta portal postavshikov","2025-11-27T19:48:33.9931988Z"
"session_00000114","user_0004","org_001","setevoe oborudovanie portal postavshikov","setevoe oborudovanie portal postavshikov","2026-03-10T17:13:33.9931988Z"
"session_00000115","user_0004","org_001","marshrutny transport dlya zakupok","marshrutny transport dlya zakupok","2026-02-07T05:20:33.9931988Z"
"session_00000116","user_0004","org_001","noutbuk moskva","noutbuk moskva","2026-02-28T20:05:33.9931988Z"
"session_00000117","user_0004","org_001","mikroavtobus municipal","mikroavtobus municipal","2025-11-23T08:25:33.9931988Z"
"session_00000118","user_0004","org_001","mikroavtobus moskva","mikroavtobus moskva","2025-12-01T21:19:33.9931988Z"
"session_00000119","user_0004","org_001","mikroavtobus dlya zakupok","mikroavtobus dlya zakupok","2025-10-29T10:53:33.9931988Z"
"session_00000120","user_0004","org_001","server moskva","server moskva","2025-12-02T18:24:33.9931988Z"
"session_00000121","user_0004","org_001","mikroavtobus dlya zakupok","mikroavtobus dlya zakupok","2025-11-26T14:51:33.9931988Z"
"session_00000122","user_0004","org_001","arenda transporta portal postavshikov","arenda transporta portal postavshikov","2026-02-23T15:51:33.9931988Z"
"session_00000123","user_0004","org_001","rabochaya stanciya municipal","rabochaya stanciya municipal","2025-12-01T13:09:33.9931988Z"
"session_00000124","user_0004","org_001","setevoe oborudovanie portal postavshikov","setevoe oborudovanie portal postavshikov","2025-10-29T23:48:33.9931988Z"
"session_00000125","user_0004","org_001","mikroavtobus","mikroavtobus","2025-11-16T11:35:33.9931988Z"
"session_00000126","user_0004","org_001","serer municipal","serer municipal","2026-02-26T20:46:33.9931988Z"
"session_00000127","user_0004","org_001","rabochaya stanciya portal postavshikov","rabochaya stanciya portal postavshikov","2025-12-20T00:22:33.9931988Z"
"session_00000128","user_0004","org_001","kommutator moskva","kommutator moskva","2026-01-23T00:55:33.9931988Z"
"session_00000129","user_0004","org_001","passazhirskie perevozki dlya zakupok","passazhirskie perevozki dlya zakupok","2025-12-28T17:50:33.9931988Z"
"session_00000130","user_0004","org_001","passazhirskiy transport portal postavshikov","passazhirskiy transport portal postavshikov","2025-12-06T08:38:33.9931988Z"
"session_00000131","user_0004","org_001","rabochaya stanciya moskva","rabochaya stanciya moskva","2026-01-31T09:27:33.9931988Z"
"session_00000132","user_0004","org_001","logistika dlya zakupok","logistika dlya zakupok","2026-03-26T06:37:33.9931988Z"
"session_00000133","user_0004","org_001","servernoe oborudovanie municipal","servernoe oborudovanie municipal","2025-12-31T18:35:33.9931988Z"
"session_00000134","user_0004","org_001","arenda transporta portal postavshikov","arenda transporta portal postavshikov","2025-12-20T07:37:33.9931988Z"
"session_00000135","user_0005","org_001","autsorsing","autsorsing","2026-03-17T17:39:33.9931988Z"
"session_00000136","user_0005","org_001","soprovozhdenie moskva","soprovozhdenie moskva","2026-03-02T02:12:33.9931988Z"
"session_00000137","user_0005","org_001","obsluzhivanie moskva","obsluzhivanie moskva","2025-11-10T20:26:33.9931988Z"
"session_00000138","user_0005","org_001","marshrutny transport municipal","marshrutny transport municipal","2026-02-26T14:09:33.9931988Z"
"session_00000139","user_0005","org_001","transportnaya logistika moskva","transportnaya logistika moskva","2026-03-06T20:50:33.9931988Z"
"session_00000140","user_0005","org_001","autsorsing moskva","autsorsing moskva","2026-03-09T04:54:33.9931988Z"
"session_00000141","user_0005","org_001","autsorsing moskva","autsorsing moskva","2025-12-07T10:24:33.9931988Z"
"session_00000142","user_0005","org_001","arenda transporta dlya zakupok","arenda transporta dlya zakupok","2026-01-19T11:02:33.9931988Z"
"session_00000143","user_0005","org_001","mikroavtobus municipal","mikroavtobus municipal","2025-10-31T22:43:33.9931988Z"
"session_00000144","user_0005","org_001","tehpodderzka portal postavshikov","tehpodderzka portal postavshikov","2026-01-19T05:23:33.9931988Z"
"session_00000145","user_0005","org_001","mikroavtobus dlya zakupok","mikroavtobus dlya zakupok","2025-10-23T13:56:33.9931988Z"
"session_00000146","user_0005","org_001","soprovozhdenie portal postavshikov","soprovozhdenie portal postavshikov","2026-03-08T09:23:33.9931988Z"
"session_00000147","user_0005","org_001","obsluzhivanie portal postavshikov","obsluzhivanie portal postavshikov","2026-01-20T08:33:33.9931988Z"
"session_00000148","user_0005","org_001","passazhirskie perevozki","passazhirskie perevozki","2026-03-13T22:05:33.9931988Z"
"session_00000149","user_0005","org_001","passazhirskie perevozki moskva","passazhirskie perevozki moskva","2025-12-25T21:46:33.9931988Z"
"session_00000150","user_0005","org_001","mikroaftobus moskva","mikroaftobus moskva","2025-11-16T10:48:33.9931988Z"
"session_00000151","user_0005","org_001","arenda transporta portal postavshikov","arenda transporta portal postavshikov","2026-02-24T02:43:33.9931988Z"
"session_00000152","user_0005","org_001","avtobus municipal","avtobus municipal","2026-02-21T08:27:33.9931988Z"
"session_00000153","user_0005","org_001","mikroavtobus municipal","mikroavtobus municipal","2026-01-29T12:52:33.9931988Z"
"session_00000154","user_0005","org_001","soprovozhdenie","soprovozhdenie","2026-01-22T23:36:33.9931988Z"
"session_00000155","user_0005","org_001","klining portal postavshikov","klining portal postavshikov","2025-11-06T08:35:33.9931988Z"
"session_00000156","user_0005","org_001","soprovozhdenie moskva","soprovozhdenie moskva","2026-03-21T23:12:33.9931988Z"
"session_00000157","user_0005","org_001","tehpodderzka","tehpodderzka","2025-10-13T00:15:33.9931988Z"
"session_00000158","user_0005","org_001","mikroavtobus","mikroavtobus","2025-12-21T08:31:33.9931988Z"
"session_00000159","user_0005","org_001","mikroavtobus municipal","mikroavtobus municipal","2026-01-20T02:46:33.9931988Z"
"session_00000160","user_0005","org_001","aftobus","aftobus","2025-11-21T13:56:33.9931988Z"
"session_00000161","user_0005","org_001","mikroavtobus portal postavshikov","mikroavtobus portal postavshikov","2026-03-04T08:23:33.9931988Z"
"session_00000162","user_0005","org_001","minibus","minibus","2026-03-16T06:28:33.9931988Z"
"session_00000163","user_0005","org_001","passazhirskie perevozki moskva","passazhirskie perevozki moskva","2025-10-15T02:52:33.9931988Z"
"session_00000164","user_0005","org_001","autsorsing moskva","autsorsing moskva","2025-11-17T18:12:33.9931988Z"
"session_00000165","user_0006","org_001","noutbukk","noutbukk","2026-03-23T04:34:33.9931988Z"
"session_00000166","user_0006","org_001","rabochaya stanciya dlya zakupok","rabochaya stanciya dlya zakupok","2025-10-20T05:55:33.9931988Z"
"session_00000167","user_0006","org_001","cleaning service municipal","cleaning service municipal","2026-01-29T14:52:33.9931988Z"
"session_00000168","user_0006","org_001","uborka pomescheniy portal postavshikov","uborka pomescheniy portal postavshikov","2025-12-19T01:29:33.9931988Z"
"session_00000169","user_0006","org_001","obsluzhivanie","obsluzhivanie","2025-11-01T21:23:33.9931988Z"
"session_00000170","user_0006","org_001","obsluzhvaniye","obsluzhvaniye","2025-11-20T23:41:33.9931988Z"
"session_00000171","user_0006","org_001","tehpodderzhka","tehpodderzhka","2025-12-20T15:51:33.9931988Z"
"session_00000172","user_0006","org_001","kommutator municipal","kommutator municipal","2025-11-27T15:52:33.9931988Z"
"session_00000173","user_0006","org_001","mobilnaya rabochaya stanciya","mobilnaya rabochaya stanciya","2025-12-19T23:11:33.9931988Z"
"session_00000174","user_0006","org_001","noutbuk portal postavshikov","noutbuk portal postavshikov","2026-01-27T04:13:33.9931988Z"
"session_00000175","user_0006","org_001","laptop municipal","laptop municipal","2025-11-21T03:35:33.9931988Z"
"session_00000176","user_0006","org_001","noutbuk moskva","noutbuk moskva","2025-10-06T18:14:33.9931988Z"
"session_00000177","user_0006","org_001","service desk","service desk","2026-03-24T12:06:33.9931988Z"
"session_00000178","user_0006","org_001","rabochaya stanciya dlya zakupok","rabochaya stanciya dlya zakupok","2026-01-27T03:51:33.9931988Z"
"session_00000179","user_0006","org_001","klining moskva","klining moskva","2025-12-30T01:49:33.9931988Z"
"session_00000180","user_0006","org_001","kommutator municipal","kommutator municipal","2026-02-04T18:00:33.9931988Z"
"session_00000181","user_0006","org_001","soprovozhdenie moskva","soprovozhdenie moskva","2026-01-29T23:13:33.9931988Z"
"session_00000182","user_0006","org_001","tehpodderzhka portal postavshikov","tehpodderzhka portal postavshikov","2026-03-25T02:40:33.9931988Z"
"session_00000183","user_0006","org_001","noutbukk portal postavshikov","noutbukk portal postavshikov","2026-02-19T06:56:33.9931988Z"
"session_00000184","user_0006","org_001","obsluzhvaniye municipal","obsluzhvaniye municipal","2026-01-07T11:49:33.9931988Z"
"session_00000185","user_0006","org_001","klining portal postavshikov","klining portal postavshikov","2026-01-04T04:45:33.9931988Z"
"session_00000186","user_0006","org_001","obsluzhivanie dlya zakupok","obsluzhivanie dlya zakupok","2025-11-07T11:12:33.9931988Z"
"session_00000187","user_0006","org_001","server dlya zakupok","server dlya zakupok","2025-10-10T15:06:33.9931988Z"
"session_00000188","user_0006","org_001","service desk municipal","service desk municipal","2026-02-09T20:33:33.9931988Z"
"session_00000189","user_0006","org_001","serer","serer","2026-02-14T22:12:33.9931988Z"
"session_00000190","user_0006","org_001","servernoe oborudovanie","servernoe oborudovanie","2026-03-03T23:37:33.9931988Z"
"session_00000191","user_0006","org_001","service desk municipal","service desk municipal","2026-03-18T11:36:33.9931988Z"
"session_00000192","user_0006","org_001","kommutator dlya zakupok","kommutator dlya zakupok","2025-12-13T08:41:33.9931988Z"
"session_00000193","user_0007","org_001","rabochaya stanciya dlya zakupok","rabochaya stanciya dlya zakupok","2025-09-29T07:29:33.9931988Z"
"session_00000194","user_0007","org_001","kartridzh","kartridzh","2025-12-12T00:05:33.9931988Z"
"session_00000195","user_0007","org_001","noutbuk portal postavshikov","noutbuk portal postavshikov","2026-03-23T13:51:33.9931988Z"
"session_00000196","user_0007","org_001","bumaga portal postavshikov","bumaga portal postavshikov","2025-11-25T01:55:33.9931988Z"
"session_00000197","user_0007","org_001","setevoe oborudovanie dlya zakupok","setevoe oborudovanie dlya zakupok","2025-12-11T21:27:33.9931988Z"
"session_00000198","user_0007","org_001","bumaga municipal","bumaga municipal","2025-10-07T14:05:33.9931988Z"
"session_00000199","user_0007","org_001","kartridzh","kartridzh","2025-10-24T07:04:33.9931988Z"
"session_00000200","user_0007","org_001","bumaga","bumaga","2025-10-06T05:47:33.9931988Z"
"session_00000201","user_0007","org_001","setevoy kommutator portal postavshikov","setevoy kommutator portal postavshikov","2025-12-15T11:23:33.9931988Z"
"session_00000202","user_0007","org_001","bumga dlya zakupok","bumga dlya zakupok","2025-12-25T08:56:33.9931988Z"
"session_00000203","user_0007","org_001","setevoe oborudovanie moskva","setevoe oborudovanie moskva","2026-02-22T01:52:33.9931988Z"
"session_00000204","user_0007","org_001","kommutator municipal","kommutator municipal","2025-12-26T11:31:33.9931988Z"
"session_00000205","user_0007","org_001","setevoy kommutator portal postavshikov","setevoy kommutator portal postavshikov","2026-02-25T10:40:33.9931988Z"
"session_00000206","user_0007","org_001","printer municipal","printer municipal","2025-12-26T18:01:33.9931988Z"
"session_00000207","user_0007","org_001","switch moskva","switch moskva","2026-01-11T20:39:33.9931988Z"
"session_00000208","user_0007","org_001","setevoe oborudovanie municipal","setevoe oborudovanie municipal","2025-12-26T06:28:33.9931988Z"
"session_00000209","user_0007","org_001","setevoe oborudovanie dlya zakupok","setevoe oborudovanie dlya zakupok","2025-12-29T04:33:33.9931988Z"
"session_00000210","user_0007","org_001","ofisnaya mebel portal postavshikov","ofisnaya mebel portal postavshikov","2026-03-12T22:07:33.9931988Z"
"session_00000211","user_0007","org_001","kanctovary municipal","kanctovary municipal","2026-02-07T18:58:33.9931988Z"
"session_00000212","user_0007","org_001","kanctovary dlya zakupok","kanctovary dlya zakupok","2026-02-12T03:37:33.9931988Z"
"session_00000213","user_0007","org_001","komutator moskva","komutator moskva","2026-01-03T02:31:33.9931988Z"
"session_00000214","user_0007","org_001","rabochaya stanciya portal postavshikov","rabochaya stanciya portal postavshikov","2026-02-03T01:50:33.9931988Z"
"session_00000215","user_0007","org_001","noutbuk portal postavshikov","noutbuk portal postavshikov","2026-02-23T23:49:33.9931988Z"
"session_00000216","user_0007","org_001","ofisnaya mebel portal postavshikov","ofisnaya mebel portal postavshikov","2026-01-06T09:48:33.9931988Z"
"session_00000217","user_0007","org_001","compute node","compute node","2025-12-31T17:44:33.9931988Z"
"session_00000218","user_0007","org_001","rabochaya stanciya dlya zakupok","rabochaya stanciya dlya zakupok","2025-12-27T20:11:33.9931988Z"
"session_00000219","user_0007","org_001","noutbuk municipal","noutbuk municipal","2025-11-30T23:33:33.9931988Z"
"session_00000220","user_0007","org_001","kartridzh portal postavshikov","kartridzh portal postavshikov","2025-10-15T17:41:33.9931988Z"
"session_00000221","user_0007","org_001","stationery moskva","stationery moskva","2026-02-20T14:09:33.9931988Z"
"session_00000222","user_0007","org_001","setevoe oborudovanie moskva","setevoe oborudovanie moskva","2025-12-27T13:39:33.9931988Z"
"session_00000223","user_0007","org_001","server moskva","server moskva","2026-01-14T19:32:33.9931988Z"
"session_00000224","user_0007","org_001","printer portal postavshikov","printer portal postavshikov","2025-12-07T15:37:33.9931988Z"
"session_00000225","user_0007","org_001","kartridzh dlya zakupok","kartridzh dlya zakupok","2025-11-29T09:40:33.9931988Z"
"session_00000226","user_0007","org_001","office supplies dlya zakupok","office supplies dlya zakupok","2026-03-22T13:29:33.9931988Z"
"session_00000227","user_0007","org_001","printer moskva","printer moskva","2025-10-21T23:23:33.9931988Z"
"session_00000228","user_0008","org_001","rabochaya stanciya moskva","rabochaya stanciya moskva","2026-03-19T16:56:33.9931988Z"
"session_00000229","user_0008","org_001","kanctovary","kanctovary","2026-02-03T23:23:33.9931988Z"
"session_00000230","user_0008","org_001","kanctovary","kanctovary","2026-02-15T08:59:33.9931988Z"
"session_00000231","user_0008","org_001","office supplies moskva","office supplies moskva","2026-02-14T00:55:33.9931988Z"
"session_00000232","user_0008","org_001","kanctovary municipal","kanctovary municipal","2025-10-04T13:07:33.9931988Z"
"session_00000233","user_0008","org_001","noutbuk municipal","noutbuk municipal","2025-10-18T12:03:33.9931988Z"
"session_00000234","user_0008","org_001","server municipal","server municipal","2026-02-13T03:54:33.9931988Z"
"session_00000235","user_0008","org_001","noutbuk portal postavshikov","noutbuk portal postavshikov","2025-10-12T08:57:33.9931988Z"
"session_00000236","user_0008","org_001","server","server","2025-12-12T07:20:33.9931988Z"
"session_00000237","user_0008","org_001","ofisnaya mebel moskva","ofisnaya mebel moskva","2025-11-08T08:09:33.9931988Z"
"session_00000238","user_0008","org_001","bumaga municipal","bumaga municipal","2025-12-18T11:05:33.9931988Z"
"session_00000239","user_0008","org_001","setevoe oborudovanie moskva","setevoe oborudovanie moskva","2026-02-05T01:02:33.9931988Z"
"session_00000240","user_0008","org_001","ofisnaya mebel moskva","ofisnaya mebel moskva","2026-01-28T17:17:33.9931988Z"
"session_00000241","user_0008","org_001","ofisnaya mebel moskva","ofisnaya mebel moskva","2025-11-05T16:21:33.9931988Z"
"session_00000242","user_0008","org_001","kanctovary moskva","kanctovary moskva","2026-02-28T08:34:33.9931988Z"
"session_00000243","user_0008","org_001","kanctovri portal postavshikov","kanctovri portal postavshikov","2025-11-04T15:57:33.9931988Z"
"session_00000244","user_0008","org_001","noutbukk moskva","noutbukk moskva","2026-01-05T21:20:33.9931988Z"
"session_00000245","user_0008","org_001","kanctovary","kanctovary","2026-03-14T20:48:33.9931988Z"
"session_00000246","user_0008","org_001","setevoe oborudovanie","setevoe oborudovanie","2025-12-01T21:16:33.9931988Z"
"session_00000247","user_0008","org_001","komutator dlya zakupok","komutator dlya zakupok","2026-02-16T23:16:33.9931988Z"
"session_00000248","user_0008","org_001","rabochaya stanciya municipal","rabochaya stanciya municipal","2026-01-02T18:50:33.9931988Z"
"session_00000249","user_0008","org_001","bumaga","bumaga","2026-02-01T18:40:33.9931988Z"
"session_00000250","user_0008","org_001","compute node moskva","compute node moskva","2026-01-05T22:29:33.9931988Z"
"session_00000251","user_0008","org_001","noutbuk dlya zakupok","noutbuk dlya zakupok","2025-12-30T07:56:33.9931988Z"
"session_00000252","user_0008","org_001","kartridzh","kartridzh","2026-01-20T17:19:33.9931988Z"
"session_00000253","user_0008","org_001","bumaga moskva","bumaga moskva","2025-10-11T19:52:33.9931988Z"
"session_00000254","user_0008","org_001","setevoe oborudovanie moskva","setevoe oborudovanie moskva","2026-01-25T07:08:33.9931988Z"
"session_00000255","user_0008","org_001","noutbuk municipal","noutbuk municipal","2025-12-17T11:41:33.9931988Z"
"session_00000256","user_0008","org_001","setevoe oborudovanie municipal","setevoe oborudovanie municipal","2026-03-14T09:44:33.9931988Z"
"session_00000257","user_0008","org_001","noutbuk dlya zakupok","noutbuk dlya zakupok","2026-02-24T08:05:33.9931988Z"
"session_00000258","user_0008","org_001","ofisnaya mebel municipal","ofisnaya mebel municipal","2026-02-07T21:47:33.9931988Z"
"session_00000259","user_0008","org_001","noutbuk municipal","noutbuk municipal","2026-03-23T18:34:33.9931988Z"
"session_00000260","user_0009","org_002","soprovozhdenie portal postavshikov","soprovozhdenie portal postavshikov","2026-02-28T11:48:33.9931988Z"
"session_00000261","user_0009","org_002","passazhirskie perevozki dlya zakupok","passazhirskie perevozki dlya zakupok","2026-02-08T01:21:33.9931988Z"
"session_00000262","user_0009","org_002","soprovozhdenie dlya zakupok","soprovozhdenie dlya zakupok","2025-11-30T03:07:33.9931988Z"
"session_00000263","user_0009","org_002","soprovozhdenie","soprovozhdenie","2025-12-01T04:17:33.9931988Z"
"session_00000264","user_0009","org_002","aftobus municipal","aftobus municipal","2025-10-25T13:44:33.9931988Z"
"session_00000265","user_0009","org_002","cleaning service dlya zakupok","cleaning service dlya zakupok","2025-12-08T17:14:33.9931988Z"
"session_00000266","user_0009","org_002","logistika dlya zakupok","logistika dlya zakupok","2025-11-02T15:08:33.9931988Z"
"session_00000267","user_0009","org_002","tehpodderzhka dlya zakupok","tehpodderzhka dlya zakupok","2025-10-04T04:21:33.9931988Z"
"session_00000268","user_0009","org_002","passazhirskie perevozki dlya zakupok","passazhirskie perevozki dlya zakupok","2026-01-05T10:03:33.9931988Z"
"session_00000269","user_0009","org_002","passazhirskie perevozki moskva","passazhirskie perevozki moskva","2026-01-26T10:59:33.9931988Z"
"session_00000270","user_0009","org_002","soprovozhdenie municipal","soprovozhdenie municipal","2025-10-25T14:48:33.9931988Z"
"session_00000271","user_0009","org_002","autsorsing moskva","autsorsing moskva","2025-10-30T05:46:33.9931988Z"
"session_00000272","user_0009","org_002","mikroavtobus moskva","mikroavtobus moskva","2026-02-25T02:52:33.9931988Z"
"session_00000273","user_0009","org_002","avtobus municipal","avtobus municipal","2025-12-05T17:42:33.9931988Z"
"session_00000274","user_0009","org_002","mikroaftobus municipal","mikroaftobus municipal","2026-03-26T04:37:33.9931988Z"
"session_00000275","user_0009","org_002","tehpodderzhka portal postavshikov","tehpodderzhka portal postavshikov","2025-11-11T13:54:33.9931988Z"
"session_00000276","user_0009","org_002","obsluzhivanie dlya zakupok","obsluzhivanie dlya zakupok","2026-03-07T16:53:33.9931988Z"
"session_00000277","user_0009","org_002","servis moskva","servis moskva","2025-11-03T14:26:33.9931988Z"
"session_00000278","user_0009","org_002","passazhirskie perevozki municipal","passazhirskie perevozki municipal","2025-11-14T23:20:33.9931988Z"
"session_00000279","user_0009","org_002","mikroavtobus dlya zakupok","mikroavtobus dlya zakupok","2026-01-14T18:36:33.9931988Z"
"session_00000280","user_0009","org_002","soprovozhdenie dlya zakupok","soprovozhdenie dlya zakupok","2025-11-05T03:12:33.9931988Z"
"session_00000281","user_0009","org_002","passazhirskie perevozki municipal","passazhirskie perevozki municipal","2025-12-05T03:10:33.9931988Z"
"session_00000282","user_0009","org_002","klinng dlya zakupok","klinng dlya zakupok","2026-03-13T01:31:33.9931988Z"
"session_00000283","user_0009","org_002","obsluzhivanie municipal","obsluzhivanie municipal","2025-10-22T23:10:33.9931988Z"
"session_00000284","user_0009","org_002","marshrutny transport","marshrutny transport","2026-02-27T13:25:33.9931988Z"
"session_00000285","user_0009","org_002","avtobus moskva","avtobus moskva","2026-01-29T03:40:33.9931988Z"
"session_00000286","user_0009","org_002","arenda transporta dlya zakupok","arenda transporta dlya zakupok","2026-01-27T13:30:33.9931988Z"
"session_00000287","user_0009","org_002","transportnaya logistika moskva","transportnaya logistika moskva","2026-03-10T01:20:33.9931988Z"
"session_00000288","user_0009","org_002","aftobus dlya zakupok","aftobus dlya zakupok","2025-11-04T12:45:33.9931988Z"
"session_00000289","user_0009","org_002","logstika moskva","logstika moskva","2025-10-15T21:52:33.9931988Z"
"session_00000290","user_0009","org_002","mikroavtobus dlya zakupok","mikroavtobus dlya zakupok","2025-11-15T08:03:33.9931988Z"
"session_00000291","user_0009","org_002","avtobus portal postavshikov","avtobus portal postavshikov","2026-01-25T17:48:33.9931988Z"
"session_00000292","user_0009","org_002","klining municipal","klining municipal","2026-02-11T21:51:33.9931988Z"
"session_00000293","user_0009","org_002","soprovozhdenie municipal","soprovozhdenie municipal","2025-12-18T05:30:33.9931988Z"
"session_00000294","user_0009","org_002","soprovozhdenie portal postavshikov","soprovozhdenie portal postavshikov","2026-01-28T12:03:33.9931988Z"
"session_00000295","user_0009","org_002","soprovozhdenie","soprovozhdenie","2025-11-23T16:35:33.9931988Z"
"session_00000296","user_0010","org_002","kanctovary moskva","kanctovary moskva","2025-11-14T07:26:33.9931988Z"
"session_00000297","user_0010","org_002","ofisnaya mebel municipal","ofisnaya mebel municipal","2026-03-02T20:20:33.9931988Z"
"session_00000298","user_0010","org_002","kanctovary municipal","kanctovary municipal","2025-12-10T00:45:33.9931988Z"
"session_00000299","user_0010","org_002","switch moskva","switch moskva","2025-12-23T17:11:33.9931988Z"
"session_00000300","user_0010","org_002","kartridzh dlya zakupok","kartridzh dlya zakupok","2026-02-12T06:12:33.9931988Z"
"session_00000301","user_0010","org_002","kartridzh moskva","kartridzh moskva","2026-01-25T01:41:33.9931988Z"
"session_00000302","user_0010","org_002","bumga moskva","bumga moskva","2026-01-01T15:26:33.9931988Z"
"session_00000303","user_0010","org_002","printer portal postavshikov","printer portal postavshikov","2026-02-06T10:52:33.9931988Z"
"session_00000304","user_0010","org_002","printer moskva","printer moskva","2025-12-10T07:24:33.9931988Z"
"session_00000305","user_0010","org_002","ofisnaya mebel","ofisnaya mebel","2026-01-16T00:54:33.9931988Z"
"session_00000306","user_0010","org_002","bumaga","bumaga","2026-02-20T03:28:33.9931988Z"
"session_00000307","user_0010","org_002","noutbuk portal postavshikov","noutbuk portal postavshikov","2026-02-25T06:14:33.9931988Z"
"session_00000308","user_0010","org_002","bumaga","bumaga","2026-03-14T08:09:33.9931988Z"
"session_00000309","user_0010","org_002","setevoe oborudovanie dlya zakupok","setevoe oborudovanie dlya zakupok","2025-10-24T09:28:33.9931988Z"
"session_00000310","user_0010","org_002","office paper dlya zakupok","office paper dlya zakupok","2026-03-05T21:06:33.9931988Z"
"session_00000311","user_0010","org_002","kanctovri dlya zakupok","kanctovri dlya zakupok","2025-12-13T20:16:33.9931988Z"
"session_00000312","user_0010","org_002","noutbuk","noutbuk","2025-12-20T23:54:33.9931988Z"
"session_00000313","user_0010","org_002","rabochaya stanciya municipal","rabochaya stanciya municipal","2026-02-24T15:11:33.9931988Z"
"session_00000314","user_0010","org_002","ofisnaya mebel","ofisnaya mebel","2026-01-04T14:43:33.9931988Z"
"session_00000315","user_0010","org_002","ofisnaya mebel moskva","ofisnaya mebel moskva","2026-03-15T03:06:33.9931988Z"
"session_00000316","user_0010","org_002","printer portal postavshikov","printer portal postavshikov","2026-03-18T01:17:33.9931988Z"
"session_00000317","user_0010","org_002","noutbukk","noutbukk","2025-12-06T14:02:33.9931988Z"
"session_00000318","user_0010","org_002","kartridzh moskva","kartridzh moskva","2025-12-12T07:41:33.9931988Z"
"session_00000319","user_0010","org_002","setevoe oborudovanie moskva","setevoe oborudovanie moskva","2026-01-24T11:35:33.9931988Z"
"session_00000320","user_0010","org_002","rabochaya stanciya moskva","rabochaya stanciya moskva","2025-12-13T20:30:33.9931988Z"
"session_00000321","user_0010","org_002","printer","printer","2026-01-20T04:42:33.9931988Z"
"session_00000322","user_0010","org_002","kartridzh municipal","kartridzh municipal","2025-11-13T08:03:33.9931988Z"
"session_00000323","user_0010","org_002","kommutator municipal","kommutator municipal","2025-10-12T02:44:33.9931988Z"
"session_00000324","user_0010","org_002","ofisnaya mebel moskva","ofisnaya mebel moskva","2026-03-25T09:37:33.9931988Z"
"session_00000325","user_0010","org_002","ofisnaya mebel","ofisnaya mebel","2026-01-07T20:29:33.9931988Z"
"session_00000326","user_0010","org_002","server moskva","server moskva","2025-10-25T22:36:33.9931988Z"
"session_00000327","user_0010","org_002","bumaga moskva","bumaga moskva","2026-03-07T19:09:33.9931988Z"
"session_00000328","user_0010","org_002","setevoe oborudovanie dlya zakupok","setevoe oborudovanie dlya zakupok","2025-10-26T19:44:33.9931988Z"
"session_00000329","user_0010","org_002","noutbukk moskva","noutbukk moskva","2025-11-24T20:07:33.9931988Z"
"session_00000330","user_0011","org_002","autsorsing dlya zakupok","autsorsing dlya zakupok","2026-02-11T17:05:33.9931988Z"
"session_00000331","user_0011","org_002","autsorsing moskva","autsorsing moskva","2025-12-24T14:57:33.9931988Z"
"session_00000332","user_0011","org_002","logistika portal postavshikov","logistika portal postavshikov","2025-12-10T05:04:33.9931988Z"
"session_00000333","user_0011","org_002","arenda transporta municipal","arenda transporta municipal","2025-12-01T09:56:33.9931988Z"
"session_00000334","user_0011","org_002","obsluzhvaniye dlya zakupok","obsluzhvaniye dlya zakupok","2026-03-24T22:54:33.9931988Z"
"session_00000335","user_0011","org_002","obsluzhvaniye portal postavshikov","obsluzhvaniye portal postavshikov","2026-03-02T23:00:33.9931988Z"
"session_00000336","user_0011","org_002","klining portal postavshikov","klining portal postavshikov","2025-12-12T00:27:33.9931988Z"
"session_00000337","user_0011","org_002","mikroavtobus dlya zakupok","mikroavtobus dlya zakupok","2026-03-25T05:26:33.9931988Z"
"session_00000338","user_0011","org_002","logistika portal postavshikov","logistika portal postavshikov","2025-12-06T03:00:33.9931988Z"
"session_00000339","user_0011","org_002","soprovozhdenie moskva","soprovozhdenie moskva","2025-11-17T09:58:33.9931988Z"
"session_00000340","user_0011","org_002","tehpodderzka dlya zakupok","tehpodderzka dlya zakupok","2026-03-11T20:06:33.9931988Z"
"session_00000341","user_0011","org_002","mikroavtobus","mikroavtobus","2026-03-20T10:48:33.9931988Z"
"session_00000342","user_0011","org_002","obsluzhivanie moskva","obsluzhivanie moskva","2026-02-24T03:28:33.9931988Z"
"session_00000343","user_0011","org_002","logstika portal postavshikov","logstika portal postavshikov","2026-02-11T02:58:33.9931988Z"
"session_00000344","user_0011","org_002","minibus","minibus","2025-11-13T09:29:33.9931988Z"
"session_00000345","user_0011","org_002","obsluzhivanie dlya zakupok","obsluzhivanie dlya zakupok","2025-10-08T16:25:33.9931988Z"
"session_00000346","user_0011","org_002","passazhirskie perevozki dlya zakupok","passazhirskie perevozki dlya zakupok","2025-11-09T06:25:33.9931988Z"
"session_00000347","user_0011","org_002","logistika municipal","logistika municipal","2026-03-17T04:20:33.9931988Z"
"session_00000348","user_0011","org_002","arenda transporta","arenda transporta","2026-01-06T02:55:33.9931988Z"
"session_00000349","user_0011","org_002","logstika moskva","logstika moskva","2025-11-29T13:34:33.9931988Z"
"session_00000350","user_0011","org_002","passazhirskie perevozki portal postavshikov","passazhirskie perevozki portal postavshikov","2025-10-25T07:10:33.9931988Z"
"session_00000351","user_0011","org_002","avtobus dlya zakupok","avtobus dlya zakupok","2026-02-09T07:45:33.9931988Z"
"session_00000352","user_0011","org_002","tehpodderzhka","tehpodderzhka","2026-01-19T02:04:33.9931988Z"
"session_00000353","user_0011","org_002","transportnaya logistika moskva","transportnaya logistika moskva","2025-12-28T10:01:33.9931988Z"
"session_00000354","user_0011","org_002","soprovozhdenie moskva","soprovozhdenie moskva","2026-03-04T07:16:33.9931988Z"
"session_00000355","user_0011","org_002","passazhirskie perevozki municipal","passazhirskie perevozki municipal","2025-12-18T08:44:33.9931988Z"
"session_00000356","user_0011","org_002","obsluzhivanie","obsluzhivanie","2026-03-26T21:03:33.9931988Z"
"session_00000357","user_0011","org_002","tehpodderzka","tehpodderzka","2026-01-06T14:29:33.9931988Z"
"session_00000358","user_0011","org_002","arenda transporta moskva","arenda transporta moskva","2025-11-16T23:09:33.9931988Z"
"session_00000359","user_0011","org_002","autsorsing municipal","autsorsing municipal","2026-01-04T08:19:33.9931988Z"
"session_00000360","user_0011","org_002","logstika","logstika","2025-11-07T06:19:33.9931988Z"
"session_00000361","user_0011","org_002","klining","klining","2025-11-18T08:36:33.9931988Z"
"session_00000362","user_0011","org_002","arenda transporta","arenda transporta","2025-10-17T14:10:33.9931988Z"
"session_00000363","user_0011","org_002","transportnaya logistika moskva","transportnaya logistika moskva","2025-12-25T23:19:33.9931988Z"
"session_00000364","user_0012","org_002","obsluzhivanie","obsluzhivanie","2026-03-25T21:55:33.9931988Z"
"session_00000365","user_0012","org_002","autsorsing moskva","autsorsing moskva","2025-10-01T21:36:33.9931988Z"
"session_00000366","user_0012","org_002","avtobus","avtobus","2025-10-10T04:52:33.9931988Z"
"session_00000367","user_0012","org_002","arenda transporta dlya zakupok","arenda transporta dlya zakupok","2025-12-12T09:29:33.9931988Z"
"session_00000368","user_0012","org_002","autsorsing portal postavshikov","autsorsing portal postavshikov","2025-10-07T00:55:33.9931988Z"
"session_00000369","user_0012","org_002","passazhirskie perevozki","passazhirskie perevozki","2026-01-28T12:44:33.9931988Z"
"session_00000370","user_0012","org_002","passazhirskie perevozki dlya zakupok","passazhirskie perevozki dlya zakupok","2025-12-19T17:10:33.9931988Z"
"session_00000371","user_0012","org_002","soprovozhdenie dlya zakupok","soprovozhdenie dlya zakupok","2025-12-16T20:13:33.9931988Z"
"session_00000372","user_0012","org_002","arenda transporta dlya zakupok","arenda transporta dlya zakupok","2025-12-19T05:29:33.9931988Z"
"session_00000373","user_0012","org_002","klining dlya zakupok","klining dlya zakupok","2026-03-06T05:28:33.9931988Z"
"session_00000374","user_0012","org_002","mikroaftobus","mikroaftobus","2025-10-18T14:30:33.9931988Z"
"session_00000375","user_0012","org_002","arenda transporta portal postavshikov","arenda transporta portal postavshikov","2026-01-29T07:55:33.9931988Z"
"session_00000376","user_0012","org_002","logistika dlya zakupok","logistika dlya zakupok","2026-01-30T04:23:33.9931988Z"
"session_00000377","user_0012","org_002","arenda transporta","arenda transporta","2025-12-16T01:49:33.9931988Z"
"session_00000378","user_0012","org_002","soprovozhdenie","soprovozhdenie","2026-01-13T18:57:33.9931988Z"
"session_00000379","user_0012","org_002","autsorsing moskva","autsorsing moskva","2026-01-18T05:08:33.9931988Z"
"session_00000380","user_0012","org_002","soprovozhdenie portal postavshikov","soprovozhdenie portal postavshikov","2026-01-07T04:41:33.9931988Z"
"session_00000381","user_0012","org_002","passazhirskie perevozki moskva","passazhirskie perevozki moskva","2026-02-13T21:04:33.9931988Z"
"session_00000382","user_0012","org_002","obsluzhivanie","obsluzhivanie","2026-03-22T13:33:33.9931988Z"
"session_00000383","user_0012","org_002","tehpodderzhka municipal","tehpodderzhka municipal","2026-03-20T12:24:33.9931988Z"
"session_00000384","user_0012","org_002","arenda transporta moskva","arenda transporta moskva","2026-01-18T22:44:33.9931988Z"
"session_00000385","user_0012","org_002","soprovozhdenie","soprovozhdenie","2025-11-21T12:26:33.9931988Z"
"session_00000386","user_0012","org_002","logstika dlya zakupok","logstika dlya zakupok","2026-03-13T13:50:33.9931988Z"
"session_00000387","user_0012","org_002","passazhirskie perevozki dlya zakupok","passazhirskie perevozki dlya zakupok","2025-11-29T15:31:33.9931988Z"
"session_00000388","user_0012","org_002","logistika portal postavshikov","logistika portal postavshikov","2026-01-04T06:36:33.9931988Z"
"session_00000389","user_0012","org_002","tehpodderzhka moskva","tehpodderzhka moskva","2025-11-28T08:02:33.9931988Z"
"session_00000390","user_0012","org_002","obsluzhivanie dlya zakupok","obsluzhivanie dlya zakupok","2025-10-10T22:59:33.9931988Z"
"session_00000391","user_0012","org_002","mikroavtobus dlya zakupok","mikroavtobus dlya zakupok","2025-10-14T15:13:33.9931988Z"
"session_00000392","user_0012","org_002","mikroavtobus municipal","mikroavtobus municipal","2025-12-12T04:17:33.9931988Z"
"session_00000393","user_0013","org_002","ekspluataciya portal postavshikov","ekspluataciya portal postavshikov","2026-03-20T15:07:33.9931988Z"
"session_00000394","user_0013","org_002","obsluzhivanie municipal","obsluzhivanie municipal","2025-11-05T04:31:33.9931988Z"
"session_00000395","user_0013","org_002","kommutator dlya zakupok","kommutator dlya zakupok","2025-11-09T01:30:33.9931988Z"
"session_00000396","user_0013","org_002","obsluzhivanie moskva","obsluzhivanie moskva","2026-01-30T03:12:33.9931988Z"
"session_00000397","user_0013","org_002","soprovozhdenie","soprovozhdenie","2026-03-03T00:30:33.9931988Z"
"session_00000398","user_0013","org_002","server municipal","server municipal","2025-10-18T07:41:33.9931988Z"
"session_00000399","user_0013","org_002","setevoy kommutator","setevoy kommutator","2026-03-09T09:36:33.9931988Z"
"session_00000400","user_0013","org_002","it support portal postavshikov","it support portal postavshikov","2025-10-10T23:44:33.9931988Z"
"session_00000401","user_0013","org_002","klining portal postavshikov","klining portal postavshikov","2026-03-06T05:28:33.9931988Z"
"session_00000402","user_0013","org_002","soprovozhdenie","soprovozhdenie","2026-02-21T07:15:33.9931988Z"
"session_00000403","user_0013","org_002","klining moskva","klining moskva","2026-03-03T07:50:33.9931988Z"
"session_00000404","user_0013","org_002","autsorsing portal postavshikov","autsorsing portal postavshikov","2026-03-21T07:43:33.9931988Z"
"session_00000405","user_0013","org_002","rabochaya stanciya portal postavshikov","rabochaya stanciya portal postavshikov","2025-12-15T18:29:33.9931988Z"
"session_00000406","user_0013","org_002","kommutator portal postavshikov","kommutator portal postavshikov","2025-10-14T03:34:33.9931988Z"
"session_00000407","user_0013","org_002","setevoe oborudovanie","setevoe oborudovanie","2026-01-11T22:29:33.9931988Z"
"session_00000408","user_0013","org_002","setevoe oborudovanie municipal","setevoe oborudovanie municipal","2026-01-03T14:23:33.9931988Z"
"session_00000409","user_0013","org_002","server","server","2026-02-02T22:20:33.9931988Z"
"session_00000410","user_0013","org_002","servis moskva","servis moskva","2025-11-12T19:17:33.9931988Z"
"session_00000411","user_0013","org_002","klining municipal","klining municipal","2026-01-19T20:41:33.9931988Z"
"session_00000412","user_0013","org_002","obsluzhivanie portal postavshikov","obsluzhivanie portal postavshikov","2026-02-19T06:38:33.9931988Z"
"session_00000413","user_0013","org_002","soprovozhdenie dlya zakupok","soprovozhdenie dlya zakupok","2026-01-22T20:41:33.9931988Z"
"session_00000414","user_0013","org_002","server municipal","server municipal","2026-03-15T20:21:33.9931988Z"
"session_00000415","user_0013","org_002","obsluzhvaniye moskva","obsluzhvaniye moskva","2025-10-31T17:37:33.9931988Z"
"session_00000416","user_0013","org_002","server portal postavshikov","server portal postavshikov","2025-10-31T07:27:33.9931988Z"
"session_00000417","user_0013","org_002","server dlya zakupok","server dlya zakupok","2025-10-17T03:22:33.9931988Z"
"session_00000418","user_0013","org_002","rabochaya stanciya moskva","rabochaya stanciya moskva","2026-02-06T12:32:33.9931988Z"
"session_00000419","user_0013","org_002","rabochaya stanciya moskva","rabochaya stanciya moskva","2025-11-20T15:38:33.9931988Z"
"session_00000420","user_0013","org_002","autsorsing moskva","autsorsing moskva","2025-11-11T13:02:33.9931988Z"
"session_00000421","user_0013","org_002","komutator moskva","komutator moskva","2026-01-19T12:56:33.9931988Z"
"session_00000422","user_0013","org_002","autsorsing portal postavshikov","autsorsing portal postavshikov","2025-11-28T23:29:33.9931988Z"
"session_00000423","user_0014","org_002","autsorsing dlya zakupok","autsorsing dlya zakupok","2025-12-17T23:37:33.9931988Z"
"session_00000424","user_0014","org_002","rabochaya stanciya portal postavshikov","rabochaya stanciya portal postavshikov","2025-12-02T03:20:33.9931988Z"
"session_00000425","user_0014","org_002","autsorsing municipal","autsorsing municipal","2025-12-14T20:07:33.9931988Z"
"session_00000426","user_0014","org_002","kommutator moskva","kommutator moskva","2026-01-09T01:33:33.9931988Z"
"session_00000427","user_0014","org_002","rabochaya stanciya municipal","rabochaya stanciya municipal","2025-12-07T04:11:33.9931988Z"
"session_00000428","user_0014","org_002","soprovozhdenie","soprovozhdenie","2026-01-12T04:17:33.9931988Z"
"session_00000429","user_0014","org_002","autsorsing moskva","autsorsing moskva","2025-10-25T21:29:33.9931988Z"
"session_00000430","user_0014","org_002","setevoy kommutator","setevoy kommutator","2025-12-28T08:30:33.9931988Z"
"session_00000431","user_0014","org_002","server portal postavshikov","server portal postavshikov","2026-03-22T13:38:33.9931988Z"
"session_00000432","user_0014","org_002","obsluzhvaniye municipal","obsluzhvaniye municipal","2026-03-03T20:40:33.9931988Z"
"session_00000433","user_0014","org_002","server portal postavshikov","server portal postavshikov","2026-03-04T21:01:33.9931988Z"
"session_00000434","user_0014","org_002","rabochaya stanciya moskva","rabochaya stanciya moskva","2026-02-03T02:31:33.9931988Z"
"session_00000435","user_0014","org_002","ekspluataciya moskva","ekspluataciya moskva","2025-12-02T12:43:33.9931988Z"
"session_00000436","user_0014","org_002","autsorsing municipal","autsorsing municipal","2025-12-26T08:49:33.9931988Z"
"session_00000437","user_0014","org_002","soprovozhdenie moskva","soprovozhdenie moskva","2026-01-21T01:37:33.9931988Z"
"session_00000438","user_0014","org_002","tehpodderzhka dlya zakupok","tehpodderzhka dlya zakupok","2025-10-19T11:27:33.9931988Z"
"session_00000439","user_0014","org_002","kommutator portal postavshikov","kommutator portal postavshikov","2025-10-22T10:09:33.9931988Z"
"session_00000440","user_0014","org_002","rabochaya stanciya moskva","rabochaya stanciya moskva","2025-11-19T14:24:33.9931988Z"
"session_00000441","user_0014","org_002","kommutator municipal","kommutator municipal","2026-01-22T01:52:33.9931988Z"
"session_00000442","user_0014","org_002","rabochaya stanciya dlya zakupok","rabochaya stanciya dlya zakupok","2026-02-25T11:06:33.9931988Z"
"session_00000443","user_0014","org_002","soprovozhdenie","soprovozhdenie","2026-01-08T23:29:33.9931988Z"
"session_00000444","user_0014","org_002","soprovozhdenie portal postavshikov","soprovozhdenie portal postavshikov","2026-02-10T05:32:33.9931988Z"
"session_00000445","user_0014","org_002","setevoe oborudovanie portal postavshikov","setevoe oborudovanie portal postavshikov","2026-01-01T23:10:33.9931988Z"
"session_00000446","user_0014","org_002","servis municipal","servis municipal","2026-01-10T16:33:33.9931988Z"
"session_00000447","user_0014","org_002","kommutator portal postavshikov","kommutator portal postavshikov","2026-01-10T01:29:33.9931988Z"
"session_00000448","user_0014","org_002","komutator dlya zakupok","komutator dlya zakupok","2025-11-28T04:33:33.9931988Z"
"session_00000449","user_0014","org_002","setevoe oborudovanie dlya zakupok","setevoe oborudovanie dlya zakupok","2026-03-07T00:38:33.9931988Z"
"session_00000450","user_0014","org_002","obsluzhivanie municipal","obsluzhivanie municipal","2026-03-14T08:21:33.9931988Z"
"session_00000451","user_0014","org_002","tehpodderzhka","tehpodderzhka","2025-10-02T08:20:33.9931988Z"
"session_00000452","user_0014","org_002","obsluzhivanie moskva","obsluzhivanie moskva","2025-11-25T04:50:33.9931988Z"
"session_00000453","user_0014","org_002","klining moskva","klining moskva","2025-11-19T10:14:33.9931988Z"
"session_00000454","user_0014","org_002","noutbukk portal postavshikov","noutbukk portal postavshikov","2026-03-20T23:29:33.9931988Z"
"session_00000455","user_0014","org_002","klining moskva","klining moskva","2026-02-18T14:33:33.9931988Z"
"session_00000456","user_0014","org_002","soprovozhdenie moskva","soprovozhdenie moskva","2026-01-31T04:03:33.9931988Z"
"session_00000457","user_0014","org_002","soprovozhdenie moskva","soprovozhdenie moskva","2026-02-06T08:11:33.9931988Z"
"session_00000458","user_0014","org_002","rabochaya stanciya portal postavshikov","rabochaya stanciya portal postavshikov","2026-03-19T20:24:33.9931988Z"
"session_00000459","user_0015","org_002","office paper dlya zakupok","office paper dlya zakupok","2026-03-16T07:11:33.9931988Z"
"session_00000460","user_0015","org_002","noutbuk","noutbuk","2025-12-19T16:49:33.9931988Z"
"session_00000461","user_0015","org_002","kanctovri moskva","kanctovri moskva","2026-01-31T19:59:33.9931988Z"
"session_00000462","user_0015","org_002","printer dlya zakupok","printer dlya zakupok","2025-10-03T05:14:33.9931988Z"
"session_00000463","user_0015","org_002","serer municipal","serer municipal","2025-10-05T14:30:33.9931988Z"
"session_00000464","user_0015","org_002","ofisnaya mebel dlya zakupok","ofisnaya mebel dlya zakupok","2026-01-04T08:29:33.9931988Z"
"session_00000465","user_0015","org_002","bumaga portal postavshikov","bumaga portal postavshikov","2025-10-23T22:48:33.9931988Z"
"session_00000466","user_0015","org_002","kanctovri moskva","kanctovri moskva","2025-12-08T16:37:33.9931988Z"
"session_00000467","user_0015","org_002","katridzh","katridzh","2026-02-21T14:35:33.9931988Z"
"session_00000468","user_0015","org_002","komutator municipal","komutator municipal","2025-10-08T03:34:33.9931988Z"
"session_00000469","user_0015","org_002","setevoe oborudovanie dlya zakupok","setevoe oborudovanie dlya zakupok","2025-10-22T05:32:33.9931988Z"
"session_00000470","user_0015","org_002","server","server","2026-01-29T07:54:33.9931988Z"
"session_00000471","user_0015","org_002","bumaga moskva","bumaga moskva","2025-12-14T18:59:33.9931988Z"
"session_00000472","user_0015","org_002","bumga","bumga","2026-02-12T03:26:33.9931988Z"
"session_00000473","user_0015","org_002","bumaga dlya zakupok","bumaga dlya zakupok","2026-03-27T03:57:33.9931988Z"
"session_00000474","user_0015","org_002","rabochaya stanciya","rabochaya stanciya","2025-12-06T05:55:33.9931988Z"
"session_00000475","user_0015","org_002","rabochaya stanciya","rabochaya stanciya","2025-12-15T02:33:33.9931988Z"
"session_00000476","user_0015","org_002","setevoe oborudovanie municipal","setevoe oborudovanie municipal","2025-12-12T10:51:33.9931988Z"
"session_00000477","user_0015","org_002","setevoe oborudovanie portal postavshikov","setevoe oborudovanie portal postavshikov","2026-02-25T16:45:33.9931988Z"
"session_00000478","user_0015","org_002","setevoe oborudovanie moskva","setevoe oborudovanie moskva","2025-10-09T15:17:33.9931988Z"
"session_00000479","user_0015","org_002","ofisnaya mebel moskva","ofisnaya mebel moskva","2025-12-11T16:11:33.9931988Z"
"session_00000480","user_0015","org_002","kartridzh moskva","kartridzh moskva","2025-10-04T05:29:33.9931988Z"
"session_00000481","user_0015","org_002","bumaga moskva","bumaga moskva","2025-11-21T03:57:33.9931988Z"
"session_00000482","user_0015","org_002","kartridzh municipal","kartridzh municipal","2025-10-08T04:52:33.9931988Z"
"session_00000483","user_0015","org_002","server","server","2025-10-08T21:04:33.9931988Z"
"session_00000484","user_0015","org_002","printer","printer","2025-12-31T22:51:33.9931988Z"
"session_00000485","user_0015","org_002","printer portal postavshikov","printer portal postavshikov","2025-10-13T18:20:33.9931988Z"
"session_00000486","user_0015","org_002","bumaga portal postavshikov","bumaga portal postavshikov","2025-12-27T13:43:33.9931988Z"
"session_00000487","user_0015","org_002","kanctovri moskva","kanctovri moskva","2025-10-06T13:10:33.9931988Z"
"session_00000488","user_0015","org_002","kommutator","kommutator","2025-12-15T16:09:33.9931988Z"
"session_00000489","user_0015","org_002","printer moskva","printer moskva","2026-01-01T07:49:33.9931988Z"
"session_00000490","user_0015","org_002","server","server","2025-09-30T13:31:33.9931988Z"
"session_00000491","user_0015","org_002","kommutator dlya zakupok","kommutator dlya zakupok","2025-12-31T19:43:33.9931988Z"
"session_00000492","user_0015","org_002","server municipal","server municipal","2025-10-11T12:53:33.9931988Z"
"session_00000493","user_0015","org_002","setevoe oborudovanie municipal","setevoe oborudovanie municipal","2025-11-27T06:04:33.9931988Z"
"session_00000494","user_0015","org_002","bumaga municipal","bumaga municipal","2026-03-18T14:14:33.9931988Z"
"session_00000495","user_0016","org_002","printer municipal","printer municipal","2025-12-03T01:23:33.9931988Z"
"session_00000496","user_0016","org_002","bumaga dlya zakupok","bumaga dlya zakupok","2026-02-22T01:45:33.9931988Z"
"session_00000497","user_0016","org_002","server portal postavshikov","server portal postavshikov","2025-11-15T03:04:33.9931988Z"
"session_00000498","user_0016","org_002","kanctovary","kanctovary","2025-12-09T10:21:33.9931988Z"
"session_00000499","user_0016","org_002","kommutator","kommutator","2025-11-16T04:06:33.9931988Z"
"session_00000500","user_0016","org_002","ofisnaya mebel municipal","ofisnaya mebel municipal","2026-01-06T21:59:33.9931988Z"
"session_00000501","user_0016","org_002","katridzh municipal","katridzh municipal","2025-10-29T16:55:33.9931988Z"
"session_00000502","user_0016","org_002","setevoe oborudovanie moskva","setevoe oborudovanie moskva","2025-10-26T08:40:33.9931988Z"
"session_00000503","user_0016","org_002","kanctovri portal postavshikov","kanctovri portal postavshikov","2025-12-19T04:45:33.9931988Z"
"session_00000504","user_0016","org_002","setevoe oborudovanie portal postavshikov","setevoe oborudovanie portal postavshikov","2025-11-28T20:37:33.9931988Z"
"session_00000505","user_0016","org_002","laptop","laptop","2026-02-11T10:08:33.9931988Z"
"session_00000506","user_0016","org_002","server portal postavshikov","server portal postavshikov","2025-12-14T15:57:33.9931988Z"
"session_00000507","user_0016","org_002","bumga portal postavshikov","bumga portal postavshikov","2026-03-25T00:38:33.9931988Z"
"session_00000508","user_0016","org_002","kommutator","kommutator","2026-01-29T23:53:33.9931988Z"
"session_00000509","user_0016","org_002","server portal postavshikov","server portal postavshikov","2025-12-26T10:00:33.9931988Z"
"session_00000510","user_0016","org_002","noutbuk dlya zakupok","noutbuk dlya zakupok","2025-10-06T04:55:33.9931988Z"
"session_00000511","user_0016","org_002","setevoe oborudovanie moskva","setevoe oborudovanie moskva","2025-10-20T22:55:33.9931988Z"
"session_00000512","user_0016","org_002","bumga moskva","bumga moskva","2025-10-12T16:36:33.9931988Z"
"session_00000513","user_0016","org_002","ofisnaya mebel portal postavshikov","ofisnaya mebel portal postavshikov","2026-01-18T21:48:33.9931988Z"
"session_00000514","user_0016","org_002","printer dlya zakupok","printer dlya zakupok","2026-02-02T12:47:33.9931988Z"
"session_00000515","user_0016","org_002","compute node","compute node","2026-02-01T08:28:33.9931988Z"
"session_00000516","user_0016","org_002","servernoe oborudovanie municipal","servernoe oborudovanie municipal","2026-03-20T21:43:33.9931988Z"
"session_00000517","user_0016","org_002","noutbuk moskva","noutbuk moskva","2025-10-10T18:31:33.9931988Z"
"session_00000518","user_0016","org_002","ofisnaya mebel portal postavshikov","ofisnaya mebel portal postavshikov","2026-03-06T15:23:33.9931988Z"
"session_00000519","user_0016","org_002","bumga municipal","bumga municipal","2026-02-10T11:59:33.9931988Z"
"session_00000520","user_0016","org_002","kommutator dlya zakupok","kommutator dlya zakupok","2025-10-01T22:12:33.9931988Z"
"session_00000521","user_0016","org_002","compute node dlya zakupok","compute node dlya zakupok","2026-02-10T19:13:33.9931988Z"
"session_00000522","user_0017","org_003","printer municipal","printer municipal","2025-10-20T20:33:33.9931988Z"
"session_00000523","user_0017","org_003","passazhirskie perevozki","passazhirskie perevozki","2025-10-04T11:18:33.9931988Z"
"session_00000524","user_0017","org_003","arenda transporta municipal","arenda transporta municipal","2025-10-27T06:35:33.9931988Z"
"session_00000525","user_0017","org_003","perevozki","perevozki","2025-10-28T08:31:33.9931988Z"
"session_00000526","user_0017","org_003","ofisnaya mebel","ofisnaya mebel","2025-10-08T11:35:33.9931988Z"
"session_00000527","user_0017","org_003","printer moskva","printer moskva","2026-02-16T23:37:33.9931988Z"
"session_00000528","user_0017","org_003","logstika dlya zakupok","logstika dlya zakupok","2025-11-11T01:13:33.9931988Z"
"session_00000529","user_0017","org_003","ofisnaya mebel","ofisnaya mebel","2026-03-25T15:02:33.9931988Z"
"session_00000530","user_0017","org_003","bumaga municipal","bumaga municipal","2025-12-16T20:24:33.9931988Z"
"session_00000531","user_0017","org_003","kanctovary portal postavshikov","kanctovary portal postavshikov","2025-10-27T12:16:33.9931988Z"
"session_00000532","user_0017","org_003","arenda transporta moskva","arenda transporta moskva","2025-10-17T20:37:33.9931988Z"
"session_00000533","user_0017","org_003","transportnaya logistika municipal","transportnaya logistika municipal","2026-01-18T01:19:33.9931988Z"
"session_00000534","user_0017","org_003","minibus dlya zakupok","minibus dlya zakupok","2025-11-15T03:02:33.9931988Z"
"session_00000535","user_0017","org_003","bumaga municipal","bumaga municipal","2025-12-26T10:32:33.9931988Z"
"session_00000536","user_0017","org_003","bumaga dlya zakupok","bumaga dlya zakupok","2025-12-04T21:35:33.9931988Z"
"session_00000537","user_0017","org_003","ofisnaya mebel moskva","ofisnaya mebel moskva","2026-02-26T05:48:33.9931988Z"
"session_00000538","user_0017","org_003","avtobus portal postavshikov","avtobus portal postavshikov","2026-02-25T16:12:33.9931988Z"
"session_00000539","user_0017","org_003","mikroavtobus dlya zakupok","mikroavtobus dlya zakupok","2025-11-16T04:22:33.9931988Z"
"session_00000540","user_0017","org_003","bus municipal","bus municipal","2026-03-06T05:39:33.9931988Z"
"session_00000541","user_0017","org_003","arenda transporta municipal","arenda transporta municipal","2025-12-15T22:01:33.9931988Z"
"session_00000542","user_0017","org_003","mikroavtobus dlya zakupok","mikroavtobus dlya zakupok","2025-11-11T09:04:33.9931988Z"
"session_00000543","user_0017","org_003","passazhirskie perevozki municipal","passazhirskie perevozki municipal","2025-10-25T18:19:33.9931988Z"
"session_00000544","user_0017","org_003","mikroavtobus","mikroavtobus","2025-10-25T00:10:33.9931988Z"
"session_00000545","user_0017","org_003","office paper municipal","office paper municipal","2025-11-10T10:31:33.9931988Z"
"session_00000546","user_0017","org_003","kanctovary moskva","kanctovary moskva","2026-01-24T16:52:33.9931988Z"
"session_00000547","user_0017","org_003","arenda transporta","arenda transporta","2026-02-06T22:21:33.9931988Z"
"session_00000548","user_0017","org_003","ofisnaya mebel moskva","ofisnaya mebel moskva","2026-03-20T19:46:33.9931988Z"
"session_00000549","user_0017","org_003","logistika dlya zakupok","logistika dlya zakupok","2025-11-01T16:03:33.9931988Z"
"session_00000550","user_0017","org_003","logistika portal postavshikov","logistika portal postavshikov","2025-10-07T06:42:33.9931988Z"
"session_00000551","user_0017","org_003","printer moskva","printer moskva","2025-11-19T15:33:33.9931988Z"
"session_00000552","user_0017","org_003","logistika municipal","logistika municipal","2026-01-16T17:37:33.9931988Z"
"session_00000553","user_0017","org_003","print consumables","print consumables","2025-10-17T03:54:33.9931988Z"
"session_00000554","user_0017","org_003","ofisnaya mebel dlya zakupok","ofisnaya mebel dlya zakupok","2026-02-26T07:13:33.9931988Z"
"session_00000555","user_0018","org_003","soprovozhdenie portal postavshikov","soprovozhdenie portal postavshikov","2025-12-15T14:26:33.9931988Z"
"session_00000556","user_0018","org_003","autsorsing portal postavshikov","autsorsing portal postavshikov","2025-11-05T17:50:33.9931988Z"
"session_00000557","user_0018","org_003","soprovozhdenie moskva","soprovozhdenie moskva","2025-12-12T14:53:33.9931988Z"
"session_00000558","user_0018","org_003","obsluzhivanie moskva","obsluzhivanie moskva","2025-10-26T04:43:33.9931988Z"
"session_00000559","user_0018","org_003","uborka pomescheniy municipal","uborka pomescheniy municipal","2026-02-02T06:44:33.9931988Z"
"session_00000560","user_0018","org_003","klinng moskva","klinng moskva","2026-02-21T08:13:33.9931988Z"
"session_00000561","user_0018","org_003","autsorsing","autsorsing","2025-10-13T12:41:33.9931988Z"
"session_00000562","user_0018","org_003","katridzh moskva","katridzh moskva","2026-01-23T17:08:33.9931988Z"
"session_00000563","user_0018","org_003","bumaga municipal","bumaga municipal","2025-10-04T21:39:33.9931988Z"
"session_00000564","user_0018","org_003","klining municipal","klining municipal","2025-12-09T07:32:33.9931988Z"
"session_00000565","user_0018","org_003","ekspluataciya","ekspluataciya","2025-09-29T22:09:33.9931988Z"
"session_00000566","user_0018","org_003","printer","printer","2026-01-14T22:02:33.9931988Z"
"session_00000567","user_0018","org_003","ekspluataciya portal postavshikov","ekspluataciya portal postavshikov","2026-02-23T07:51:33.9931988Z"
"session_00000568","user_0018","org_003","klining moskva","klining moskva","2026-03-02T23:59:33.9931988Z"
"session_00000569","user_0018","org_003","kanctovary","kanctovary","2026-01-24T19:14:33.9931988Z"
"session_00000570","user_0018","org_003","ofisnaya mebel moskva","ofisnaya mebel moskva","2026-02-14T12:44:33.9931988Z"
"session_00000571","user_0018","org_003","tehpodderzhka","tehpodderzhka","2025-11-01T17:51:33.9931988Z"
"session_00000572","user_0018","org_003","stationery","stationery","2025-11-10T21:25:33.9931988Z"
"session_00000573","user_0018","org_003","printer portal postavshikov","printer portal postavshikov","2025-12-19T20:54:33.9931988Z"
"session_00000574","user_0018","org_003","klining municipal","klining municipal","2025-10-23T20:39:33.9931988Z"
"session_00000575","user_0018","org_003","tehpodderzhka municipal","tehpodderzhka municipal","2026-02-14T00:58:33.9931988Z"
"session_00000576","user_0018","org_003","bumaga portal postavshikov","bumaga portal postavshikov","2026-01-31T09:57:33.9931988Z"
"session_00000577","user_0018","org_003","kartridzh portal postavshikov","kartridzh portal postavshikov","2026-01-23T12:58:33.9931988Z"
"session_00000578","user_0018","org_003","soprovozhdenie municipal","soprovozhdenie municipal","2026-03-08T12:54:33.9931988Z"
"session_00000579","user_0018","org_003","toner moskva","toner moskva","2025-10-10T19:05:33.9931988Z"
"session_00000580","user_0018","org_003","printer portal postavshikov","printer portal postavshikov","2026-01-14T16:02:33.9931988Z"
"session_00000581","user_0018","org_003","kanctovary moskva","kanctovary moskva","2026-02-07T02:35:33.9931988Z"
"session_00000582","user_0018","org_003","obsluzhivanie municipal","obsluzhivanie municipal","2026-01-12T11:29:33.9931988Z"
"session_00000583","user_0018","org_003","soprovozhdenie dlya zakupok","soprovozhdenie dlya zakupok","2026-03-03T02:02:33.9931988Z"
"session_00000584","user_0019","org_003","klining portal postavshikov","klining portal postavshikov","2025-11-03T17:33:33.9931988Z"
"session_00000585","user_0019","org_003","kanctovary moskva","kanctovary moskva","2026-02-15T22:58:33.9931988Z"
"session_00000586","user_0019","org_003","obsluzhivanie portal postavshikov","obsluzhivanie portal postavshikov","2025-10-19T07:59:33.9931988Z"
"session_00000587","user_0019","org_003","obsluzhvaniye municipal","obsluzhvaniye municipal","2026-02-27T03:31:33.9931988Z"
"session_00000588","user_0019","org_003","autsorsing municipal","autsorsing municipal","2026-02-09T16:14:33.9931988Z"
"session_00000589","user_0019","org_003","kartridzh","kartridzh","2025-12-29T12:13:33.9931988Z"
"session_00000590","user_0019","org_003","ofisnaya mebel municipal","ofisnaya mebel municipal","2026-02-23T02:15:33.9931988Z"
"session_00000591","user_0019","org_003","obsluzhvaniye dlya zakupok","obsluzhvaniye dlya zakupok","2025-12-20T22:26:33.9931988Z"
"session_00000592","user_0019","org_003","bumga dlya zakupok","bumga dlya zakupok","2025-10-14T04:34:33.9931988Z"
"session_00000593","user_0019","org_003","bumga moskva","bumga moskva","2026-03-15T05:45:33.9931988Z"
"session_00000594","user_0019","org_003","ofisnaya mebel dlya zakupok","ofisnaya mebel dlya zakupok","2026-03-16T14:30:33.9931988Z"
"session_00000595","user_0019","org_003","bumga portal postavshikov","bumga portal postavshikov","2025-12-11T06:10:33.9931988Z"
"session_00000596","user_0019","org_003","autsorsing moskva","autsorsing moskva","2026-01-02T09:32:33.9931988Z"
"session_00000597","user_0019","org_003","paper municipal","paper municipal","2025-12-27T08:17:33.9931988Z"
"session_00000598","user_0019","org_003","autsorsing municipal","autsorsing municipal","2025-12-21T22:17:33.9931988Z"
"session_00000599","user_0019","org_003","kanctovri portal postavshikov","kanctovri portal postavshikov","2026-02-15T11:20:33.9931988Z"
"session_00000600","user_0019","org_003","service desk moskva","service desk moskva","2025-10-20T15:48:33.9931988Z"
"session_00000601","user_0019","org_003","stationery moskva","stationery moskva","2025-10-10T05:00:33.9931988Z"
"session_00000602","user_0019","org_003","tehpodderzhka municipal","tehpodderzhka municipal","2025-10-10T22:26:33.9931988Z"
"session_00000603","user_0019","org_003","obsluzhivanie","obsluzhivanie","2025-12-17T09:25:33.9931988Z"
"session_00000604","user_0019","org_003","klining municipal","klining municipal","2026-02-05T10:58:33.9931988Z"
"session_00000605","user_0019","org_003","ofisnaya mebel dlya zakupok","ofisnaya mebel dlya zakupok","2025-10-17T17:49:33.9931988Z"
"session_00000606","user_0019","org_003","soprovozhdenie portal postavshikov","soprovozhdenie portal postavshikov","2025-12-31T13:40:33.9931988Z"
"session_00000607","user_0019","org_003","printer dlya zakupok","printer dlya zakupok","2025-10-30T08:42:33.9931988Z"
"session_00000608","user_0019","org_003","tehpodderzhka municipal","tehpodderzhka municipal","2025-12-06T00:26:33.9931988Z"
"session_00000609","user_0019","org_003","klining","klining","2026-03-23T09:43:33.9931988Z"
"session_00000610","user_0019","org_003","kanctovri","kanctovri","2025-10-20T18:09:33.9931988Z"
"session_00000611","user_0019","org_003","ofisnaya mebel dlya zakupok","ofisnaya mebel dlya zakupok","2026-01-09T10:04:33.9931988Z"
"session_00000612","user_0019","org_003","servis moskva","servis moskva","2025-12-12T17:34:33.9931988Z"
"session_00000613","user_0020","org_003","passazhirskie perevozki municipal","passazhirskie perevozki municipal","2025-12-19T22:11:33.9931988Z"
"session_00000614","user_0020","org_003","logistika dlya zakupok","logistika dlya zakupok","2025-12-18T10:35:33.9931988Z"
"session_00000615","user_0020","org_003","minibus dlya zakupok","minibus dlya zakupok","2025-12-12T06:08:33.9931988Z"
"session_00000616","user_0020","org_003","passazhirskie perevozki dlya zakupok","passazhirskie perevozki dlya zakupok","2025-12-23T04:11:33.9931988Z"
"session_00000617","user_0020","org_003","logistika portal postavshikov","logistika portal postavshikov","2026-01-19T20:52:33.9931988Z"
"session_00000618","user_0020","org_003","printer portal postavshikov","printer portal postavshikov","2026-01-02T14:36:33.9931988Z"
"session_00000619","user_0020","org_003","arenda transporta dlya zakupok","arenda transporta dlya zakupok","2026-01-02T05:45:33.9931988Z"
"session_00000620","user_0020","org_003","logistika","logistika","2025-10-23T22:07:33.9931988Z"
"session_00000621","user_0020","org_003","bumaga","bumaga","2026-03-17T04:03:33.9931988Z"
"session_00000622","user_0020","org_003","kanctovary portal postavshikov","kanctovary portal postavshikov","2026-03-08T21:37:33.9931988Z"
"session_00000623","user_0020","org_003","mikroavtobus","mikroavtobus","2026-03-21T03:25:33.9931988Z"
"session_00000624","user_0020","org_003","ofisnaya mebel dlya zakupok","ofisnaya mebel dlya zakupok","2026-01-17T17:04:33.9931988Z"
"session_00000625","user_0020","org_003","transportnaya logistika","transportnaya logistika","2025-11-27T03:16:33.9931988Z"
"session_00000626","user_0020","org_003","arenda transporta moskva","arenda transporta moskva","2025-12-09T04:34:33.9931988Z"
"session_00000627","user_0020","org_003","kanctovri portal postavshikov","kanctovri portal postavshikov","2026-01-30T12:22:33.9931988Z"
"session_00000628","user_0020","org_003","logstika municipal","logstika municipal","2026-01-30T07:32:33.9931988Z"
"session_00000629","user_0020","org_003","mikroavtobus moskva","mikroavtobus moskva","2025-11-13T16:44:33.9931988Z"
"session_00000630","user_0020","org_003","bumga portal postavshikov","bumga portal postavshikov","2026-01-20T14:36:33.9931988Z"
"session_00000631","user_0020","org_003","arenda transporta dlya zakupok","arenda transporta dlya zakupok","2026-02-21T03:54:33.9931988Z"
"session_00000632","user_0020","org_003","printer moskva","printer moskva","2025-10-06T13:24:33.9931988Z"
"session_00000633","user_0020","org_003","toner portal postavshikov","toner portal postavshikov","2025-12-21T09:40:33.9931988Z"
"session_00000634","user_0020","org_003","arenda transporta municipal","arenda transporta municipal","2026-03-10T08:07:33.9931988Z"
"session_00000635","user_0020","org_003","logistika moskva","logistika moskva","2026-02-23T22:22:33.9931988Z"
"session_00000636","user_0020","org_003","avtobus dlya zakupok","avtobus dlya zakupok","2026-02-02T07:25:33.9931988Z"
"session_00000637","user_0020","org_003","kartridzh","kartridzh","2026-02-27T06:57:33.9931988Z"
"session_00000638","user_0020","org_003","ofisnaya mebel portal postavshikov","ofisnaya mebel portal postavshikov","2026-02-08T22:18:33.9931988Z"
"session_00000639","user_0020","org_003","katridzh dlya zakupok","katridzh dlya zakupok","2026-02-17T22:09:33.9931988Z"
"session_00000640","user_0020","org_003","kartridzh dlya zakupok","kartridzh dlya zakupok","2025-11-26T08:40:33.9931988Z"
"session_00000641","user_0020","org_003","logistika municipal","logistika municipal","2025-10-05T18:19:33.9931988Z"
"session_00000642","user_0020","org_003","minibus portal postavshikov","minibus portal postavshikov","2025-10-13T14:00:33.9931988Z"
"session_00000643","user_0020","org_003","passazhirskie perevozki","passazhirskie perevozki","2026-02-21T10:01:33.9931988Z"
"session_00000644","user_0020","org_003","stationery","stationery","2026-01-31T09:16:33.9931988Z"
"session_00000645","user_0020","org_003","bumaga moskva","bumaga moskva","2026-02-12T23:54:33.9931988Z"
"session_00000646","user_0021","org_003","stationery moskva","stationery moskva","2025-10-28T11:28:33.9931988Z"
"session_00000647","user_0021","org_003","kanctovri moskva","kanctovri moskva","2025-12-30T01:01:33.9931988Z"
"session_00000648","user_0021","org_003","bus","bus","2026-03-23T03:51:33.9931988Z"
"session_00000649","user_0021","org_003","printer portal postavshikov","printer portal postavshikov","2026-02-08T06:44:33.9931988Z"
"session_00000650","user_0021","org_003","mikroaftobus moskva","mikroaftobus moskva","2025-12-17T18:30:33.9931988Z"
"session_00000651","user_0021","org_003","logistika moskva","logistika moskva","2026-01-05T00:15:33.9931988Z"
"session_00000652","user_0021","org_003","kartridzh dlya zakupok","kartridzh dlya zakupok","2026-02-19T19:16:33.9931988Z"
"session_00000653","user_0021","org_003","kartridzh portal postavshikov","kartridzh portal postavshikov","2026-03-01T04:14:33.9931988Z"
"session_00000654","user_0021","org_003","printer moskva","printer moskva","2025-10-08T23:48:33.9931988Z"
"session_00000655","user_0021","org_003","printer moskva","printer moskva","2026-03-25T15:31:33.9931988Z"
"session_00000656","user_0021","org_003","aftobus dlya zakupok","aftobus dlya zakupok","2026-03-25T10:13:33.9931988Z"
"session_00000657","user_0021","org_003","transportnaya logistika","transportnaya logistika","2026-01-13T02:55:33.9931988Z"
"session_00000658","user_0021","org_003","kartridzh","kartridzh","2026-03-22T08:13:33.9931988Z"
"session_00000659","user_0021","org_003","mikroavtobus moskva","mikroavtobus moskva","2025-11-09T20:28:33.9931988Z"
"session_00000660","user_0021","org_003","bumaga municipal","bumaga municipal","2025-10-18T00:46:33.9931988Z"
"session_00000661","user_0021","org_003","passazhirskie perevozki","passazhirskie perevozki","2025-11-20T09:59:33.9931988Z"
"session_00000662","user_0021","org_003","passazhirskie perevozki dlya zakupok","passazhirskie perevozki dlya zakupok","2025-11-30T00:24:33.9931988Z"
"session_00000663","user_0021","org_003","office supplies moskva","office supplies moskva","2025-10-03T18:17:33.9931988Z"
"session_00000664","user_0021","org_003","kartridzh municipal","kartridzh municipal","2026-03-08T17:26:33.9931988Z"
"session_00000665","user_0021","org_003","kanctovary municipal","kanctovary municipal","2026-01-06T12:14:33.9931988Z"
"session_00000666","user_0021","org_003","arenda transporta municipal","arenda transporta municipal","2025-10-07T08:22:33.9931988Z"
"session_00000667","user_0021","org_003","kartridzh portal postavshikov","kartridzh portal postavshikov","2025-11-22T02:02:33.9931988Z"
"session_00000668","user_0021","org_003","logistika","logistika","2025-10-30T19:59:33.9931988Z"
"session_00000669","user_0021","org_003","logstika municipal","logstika municipal","2026-03-26T13:01:33.9931988Z"
"session_00000670","user_0021","org_003","printer moskva","printer moskva","2025-12-09T09:54:33.9931988Z"
"session_00000671","user_0021","org_003","kanctovary portal postavshikov","kanctovary portal postavshikov","2026-02-02T19:15:33.9931988Z"
"session_00000672","user_0021","org_003","kanctovary moskva","kanctovary moskva","2025-12-20T05:14:33.9931988Z"
"session_00000673","user_0021","org_003","kartridzh","kartridzh","2025-10-13T02:59:33.9931988Z"
"session_00000674","user_0021","org_003","avtobus dlya zakupok","avtobus dlya zakupok","2026-02-03T13:13:33.9931988Z"
"session_00000675","user_0021","org_003","ofisnaya mebel municipal","ofisnaya mebel municipal","2025-12-27T08:06:33.9931988Z"
"session_00000676","user_0021","org_003","arenda transporta dlya zakupok","arenda transporta dlya zakupok","2025-12-24T16:02:33.9931988Z"
"session_00000677","user_0021","org_003","ofisnaya mebel portal postavshikov","ofisnaya mebel portal postavshikov","2026-01-08T03:18:33.9931988Z"
"session_00000678","user_0021","org_003","passazhirskie perevozki dlya zakupok","passazhirskie perevozki dlya zakupok","2025-11-26T13:31:33.9931988Z"
"session_00000679","user_0021","org_003","katridzh portal postavshikov","katridzh portal postavshikov","2026-02-02T17:48:33.9931988Z"
"session_00000680","user_0021","org_003","logstika moskva","logstika moskva","2025-10-15T13:36:33.9931988Z"
"session_00000681","user_0021","org_003","ofisnaya mebel dlya zakupok","ofisnaya mebel dlya zakupok","2025-12-17T21:29:33.9931988Z"
"session_00000682","user_0021","org_003","arenda transporta","arenda transporta","2026-02-12T20:10:33.9931988Z"
"session_00000683","user_0022","org_003","ofisnaya mebel dlya zakupok","ofisnaya mebel dlya zakupok","2026-01-22T03:21:33.9931988Z"
"session_00000684","user_0022","org_003","avtobus portal postavshikov","avtobus portal postavshikov","2026-01-06T08:46:33.9931988Z"
"session_00000685","user_0022","org_003","ofisnaya mebel municipal","ofisnaya mebel municipal","2026-01-18T13:23:33.9931988Z"
"session_00000686","user_0022","org_003","stationery","stationery","2025-10-06T05:05:33.9931988Z"
"session_00000687","user_0022","org_003","kanctovri moskva","kanctovri moskva","2026-03-24T16:35:33.9931988Z"
"session_00000688","user_0022","org_003","paper","paper","2026-02-20T07:09:33.9931988Z"
"session_00000689","user_0022","org_003","kanctovary","kanctovary","2025-12-25T05:52:33.9931988Z"
"session_00000690","user_0022","org_003","mikroavtobus portal postavshikov","mikroavtobus portal postavshikov","2025-10-11T06:46:33.9931988Z"
"session_00000691","user_0022","org_003","arenda transporta moskva","arenda transporta moskva","2025-10-25T07:45:33.9931988Z"
"session_00000692","user_0022","org_003","passazhirskie perevozki dlya zakupok","passazhirskie perevozki dlya zakupok","2025-11-18T18:35:33.9931988Z"
"session_00000693","user_0022","org_003","ofisnaya mebel dlya zakupok","ofisnaya mebel dlya zakupok","2026-03-20T22:55:33.9931988Z"
"session_00000694","user_0022","org_003","logistika","logistika","2026-03-06T04:33:33.9931988Z"
"session_00000695","user_0022","org_003","arenda transporta municipal","arenda transporta municipal","2026-03-24T21:09:33.9931988Z"
"session_00000696","user_0022","org_003","printer moskva","printer moskva","2025-10-20T06:24:33.9931988Z"
"session_00000697","user_0022","org_003","ofisnaya mebel dlya zakupok","ofisnaya mebel dlya zakupok","2026-01-23T21:56:33.9931988Z"
"session_00000698","user_0022","org_003","printer portal postavshikov","printer portal postavshikov","2026-02-06T18:27:33.9931988Z"
"session_00000699","user_0022","org_003","printer moskva","printer moskva","2026-03-25T20:46:33.9931988Z"
"session_00000700","user_0022","org_003","office supplies portal postavshikov","office supplies portal postavshikov","2025-12-21T04:28:33.9931988Z"
"session_00000701","user_0022","org_003","stationery","stationery","2025-10-02T18:13:33.9931988Z"
"session_00000702","user_0022","org_003","logistika municipal","logistika municipal","2025-10-13T13:09:33.9931988Z"
"session_00000703","user_0022","org_003","kanctovary municipal","kanctovary municipal","2026-02-16T22:11:33.9931988Z"
"session_00000704","user_0022","org_003","printer portal postavshikov","printer portal postavshikov","2025-12-07T03:59:33.9931988Z"
"session_00000705","user_0022","org_003","printer","printer","2025-09-29T20:43:33.9931988Z"
"session_00000706","user_0022","org_003","bumaga moskva","bumaga moskva","2026-01-08T23:08:33.9931988Z"
"session_00000707","user_0022","org_003","arenda transporta dlya zakupok","arenda transporta dlya zakupok","2026-03-16T15:21:33.9931988Z"
"session_00000708","user_0022","org_003","bumaga moskva","bumaga moskva","2025-09-30T14:03:33.9931988Z"
"session_00000709","user_0022","org_003","bumaga dlya zakupok","bumaga dlya zakupok","2026-03-23T15:53:33.9931988Z"
"session_00000710","user_0022","org_003","passazhirskie perevozki dlya zakupok","passazhirskie perevozki dlya zakupok","2026-01-10T16:47:33.9931988Z"
"session_00000711","user_0022","org_003","kartridzh portal postavshikov","kartridzh portal postavshikov","2025-11-01T07:25:33.9931988Z"
"session_00000712","user_0022","org_003","minibus dlya zakupok","minibus dlya zakupok","2025-12-28T02:41:33.9931988Z"
"session_00000713","user_0022","org_003","kanctovary","kanctovary","2025-12-25T10:42:33.9931988Z"
"session_00000714","user_0022","org_003","passazhirskie perevozki municipal","passazhirskie perevozki municipal","2026-01-29T21:26:33.9931988Z"
"session_00000715","user_0023","org_003","uborka pomescheniy moskva","uborka pomescheniy moskva","2026-02-26T19:27:33.9931988Z"
"session_00000716","user_0023","org_003","klinng","klinng","2025-10-21T16:37:33.9931988Z"
"session_00000717","user_0023","org_003","autsorsing","autsorsing","2026-02-23T00:54:33.9931988Z"
"session_00000718","user_0023","org_003","soprovozhdenie dlya zakupok","soprovozhdenie dlya zakupok","2025-10-04T18:29:33.9931988Z"
"session_00000719","user_0023","org_003","avtobus municipal","avtobus municipal","2025-11-14T14:02:33.9931988Z"
"session_00000720","user_0023","org_003","mikroavtobus portal postavshikov","mikroavtobus portal postavshikov","2025-11-19T01:48:33.9931988Z"
"session_00000721","user_0023","org_003","passazhirskie perevozki moskva","passazhirskie perevozki moskva","2025-11-11T14:35:33.9931988Z"
"session_00000722","user_0023","org_003","autsorsing dlya zakupok","autsorsing dlya zakupok","2025-10-09T08:58:33.9931988Z"
"session_00000723","user_0023","org_003","logistika","logistika","2025-11-16T09:27:33.9931988Z"
"session_00000724","user_0023","org_003","arenda transporta","arenda transporta","2025-12-23T21:47:33.9931988Z"
"session_00000725","user_0023","org_003","avtobus","avtobus","2025-10-21T05:18:33.9931988Z"
"session_00000726","user_0023","org_003","autsorsing moskva","autsorsing moskva","2025-11-04T09:07:33.9931988Z"
"session_00000727","user_0023","org_003","soprovozhdenie dlya zakupok","soprovozhdenie dlya zakupok","2025-11-17T10:34:33.9931988Z"
"session_00000728","user_0023","org_003","service desk municipal","service desk municipal","2026-01-01T05:33:33.9931988Z"
"session_00000729","user_0023","org_003","soprovozhdenie municipal","soprovozhdenie municipal","2026-01-30T10:47:33.9931988Z"
"session_00000730","user_0023","org_003","passazhirskie perevozki moskva","passazhirskie perevozki moskva","2026-02-24T14:51:33.9931988Z"
"session_00000731","user_0023","org_003","klining portal postavshikov","klining portal postavshikov","2025-11-02T21:59:33.9931988Z"
"session_00000732","user_0023","org_003","tehpodderzhka portal postavshikov","tehpodderzhka portal postavshikov","2025-11-12T20:23:33.9931988Z"
"session_00000733","user_0023","org_003","passazhirskie perevozki municipal","passazhirskie perevozki municipal","2025-11-02T08:45:33.9931988Z"
"session_00000734","user_0023","org_003","autsorsing","autsorsing","2026-03-19T03:15:33.9931988Z"
"session_00000735","user_0023","org_003","passazhirskie perevozki","passazhirskie perevozki","2025-12-07T04:18:33.9931988Z"
"session_00000736","user_0023","org_003","passazhirskie perevozki","passazhirskie perevozki","2026-03-09T00:52:33.9931988Z"
"session_00000737","user_0023","org_003","arenda transporta municipal","arenda transporta municipal","2025-11-30T02:01:33.9931988Z"
"session_00000738","user_0023","org_003","klinng portal postavshikov","klinng portal postavshikov","2025-11-28T11:06:33.9931988Z"
"session_00000739","user_0023","org_003","klining","klining","2025-12-27T03:53:33.9931988Z"
"session_00000740","user_0023","org_003","soprovozhdenie municipal","soprovozhdenie municipal","2026-03-26T09:33:33.9931988Z"
"session_00000741","user_0023","org_003","minibus","minibus","2026-02-13T17:29:33.9931988Z"
"session_00000742","user_0023","org_003","mikroavtobus municipal","mikroavtobus municipal","2026-02-18T16:12:33.9931988Z"
"session_00000743","user_0023","org_003","avtobus moskva","avtobus moskva","2026-02-18T18:58:33.9931988Z"
"session_00000744","user_0023","org_003","logistika","logistika","2025-09-30T15:45:33.9931988Z"
"session_00000745","user_0023","org_003","mikroavtobus","mikroavtobus","2026-01-16T16:12:33.9931988Z"
"session_00000746","user_0024","org_003","logistika","logistika","2026-03-15T12:55:33.9931988Z"
"session_00000747","user_0024","org_003","passazhirskie perevozki moskva","passazhirskie perevozki moskva","2026-03-01T02:45:33.9931988Z"
"session_00000748","user_0024","org_003","soprovozhdenie portal postavshikov","soprovozhdenie portal postavshikov","2025-12-31T04:53:33.9931988Z"
"session_00000749","user_0024","org_003","service desk municipal","service desk municipal","2025-11-09T11:44:33.9931988Z"
"session_00000750","user_0024","org_003","soprovozhdenie moskva","soprovozhdenie moskva","2026-03-04T22:44:33.9931988Z"
"session_00000751","user_0024","org_003","arenda transporta","arenda transporta","2025-12-09T02:30:33.9931988Z"
"session_00000752","user_0024","org_003","passazhirskie perevozki portal postavshikov","passazhirskie perevozki portal postavshikov","2025-10-30T04:28:33.9931988Z"
"session_00000753","user_0024","org_003","marshrutny transport portal postavshikov","marshrutny transport portal postavshikov","2026-02-19T06:45:33.9931988Z"
"session_00000754","user_0024","org_003","mikroavtobus moskva","mikroavtobus moskva","2026-03-27T03:27:33.9931988Z"
"session_00000755","user_0024","org_003","soprovozhdenie municipal","soprovozhdenie municipal","2025-11-24T11:55:33.9931988Z"
"session_00000756","user_0024","org_003","arenda transporta portal postavshikov","arenda transporta portal postavshikov","2025-11-26T20:54:33.9931988Z"
"session_00000757","user_0024","org_003","avtobus municipal","avtobus municipal","2026-02-22T01:55:33.9931988Z"
"session_00000758","user_0024","org_003","arenda transporta municipal","arenda transporta municipal","2026-02-07T04:47:33.9931988Z"
"session_00000759","user_0024","org_003","obsluzhivanie dlya zakupok","obsluzhivanie dlya zakupok","2025-11-25T11:37:33.9931988Z"
"session_00000760","user_0024","org_003","autsorsing moskva","autsorsing moskva","2026-03-15T23:10:33.9931988Z"
"session_00000761","user_0024","org_003","mikroaftobus moskva","mikroaftobus moskva","2025-11-12T16:51:33.9931988Z"
"session_00000762","user_0024","org_003","tehpodderzhka","tehpodderzhka","2026-03-14T01:42:33.9931988Z"
"session_00000763","user_0024","org_003","soprovozhdenie dlya zakupok","soprovozhdenie dlya zakupok","2026-03-21T02:03:33.9931988Z"
"session_00000764","user_0024","org_003","soprovozhdenie portal postavshikov","soprovozhdenie portal postavshikov","2026-02-26T04:49:33.9931988Z"
"session_00000765","user_0024","org_003","klining portal postavshikov","klining portal postavshikov","2025-11-23T14:53:33.9931988Z"
"session_00000766","user_0024","org_003","tehpodderzka municipal","tehpodderzka municipal","2025-11-11T02:22:33.9931988Z"
"session_00000767","user_0024","org_003","arenda transporta","arenda transporta","2026-01-01T00:45:33.9931988Z"
"session_00000768","user_0024","org_003","autsorsing portal postavshikov","autsorsing portal postavshikov","2025-12-21T09:50:33.9931988Z"
"session_00000769","user_0024","org_003","avtobus municipal","avtobus municipal","2026-01-30T05:11:33.9931988Z"
"session_00000770","user_0024","org_003","arenda transporta portal postavshikov","arenda transporta portal postavshikov","2025-11-18T19:10:33.9931988Z"
"session_00000771","user_0024","org_003","passazhirskie perevozki moskva","passazhirskie perevozki moskva","2025-10-28T00:13:33.9931988Z"
"session_00000772","user_0024","org_003","arenda transporta portal postavshikov","arenda transporta portal postavshikov","2026-03-12T00:58:33.9931988Z"
"session_00000773","user_0024","org_003","arenda transporta municipal","arenda transporta municipal","2026-03-06T09:28:33.9931988Z"
"session_00000774","user_0024","org_003","autsorsing dlya zakupok","autsorsing dlya zakupok","2025-10-27T17:54:33.9931988Z"
"session_00000775","user_0024","org_003","soprovozhdenie","soprovozhdenie","2025-10-19T11:24:33.9931988Z"
"session_00000776","user_0024","org_003","obsluzhvaniye dlya zakupok","obsluzhvaniye dlya zakupok","2025-09-29T12:13:33.9931988Z"
"session_00000777","user_0024","org_003","arenda transporta moskva","arenda transporta moskva","2025-11-16T01:36:33.9931988Z"
"session_00000778","user_0024","org_003","passazhirskie perevozki dlya zakupok","passazhirskie perevozki dlya zakupok","2026-01-20T14:15:33.9931988Z"
"session_00000779","user_0024","org_003","tehpodderzka portal postavshikov","tehpodderzka portal postavshikov","2025-11-23T10:05:33.9931988Z"
"session_00000780","user_0024","org_003","soprovozhdenie moskva","soprovozhdenie moskva","2025-10-07T15:49:33.9931988Z"
"session_00000781","user_0024","org_003","avtobus","avtobus","2026-03-26T19:21:33.9931988Z"
"session_00000782","user_0024","org_003","soprovozhdenie municipal","soprovozhdenie municipal","2026-02-12T21:56:33.9931988Z"
"session_00000783","user_0025","org_004","arenda transporta","arenda transporta","2026-02-14T12:49:33.9931988Z"
"session_00000784","user_0025","org_004","tehpodderzka municipal","tehpodderzka municipal","2026-01-19T07:44:33.9931988Z"
"session_00000785","user_0025","org_004","soprovozhdenie dlya zakupok","soprovozhdenie dlya zakupok","2025-11-06T23:26:33.9931988Z"
"session_00000786","user_0025","org_004","autsorsing portal postavshikov","autsorsing portal postavshikov","2025-12-01T19:42:33.9931988Z"
"session_00000787","user_0025","org_004","logistika moskva","logistika moskva","2025-12-25T21:24:33.9931988Z"
"session_00000788","user_0025","org_004","avtobus municipal","avtobus municipal","2026-02-25T06:14:33.9931988Z"
"session_00000789","user_0025","org_004","mikroavtobus portal postavshikov","mikroavtobus portal postavshikov","2026-01-31T02:23:33.9931988Z"
"session_00000790","user_0025","org_004","tehpodderzhka municipal","tehpodderzhka municipal","2025-11-08T19:35:33.9931988Z"
"session_00000791","user_0025","org_004","autsorsing dlya zakupok","autsorsing dlya zakupok","2025-12-13T14:35:33.9931988Z"
"session_00000792","user_0025","org_004","logistika portal postavshikov","logistika portal postavshikov","2026-02-06T10:30:33.9931988Z"
"session_00000793","user_0025","org_004","klinng","klinng","2026-02-03T00:44:33.9931988Z"
"session_00000794","user_0025","org_004","logstika dlya zakupok","logstika dlya zakupok","2026-01-13T12:12:33.9931988Z"
"session_00000795","user_0025","org_004","aftobus municipal","aftobus municipal","2026-02-05T00:45:33.9931988Z"
"session_00000796","user_0025","org_004","mikroavtobus dlya zakupok","mikroavtobus dlya zakupok","2025-12-14T02:11:33.9931988Z"
"session_00000797","user_0025","org_004","arenda transporta portal postavshikov","arenda transporta portal postavshikov","2026-01-26T04:11:33.9931988Z"
"session_00000798","user_0025","org_004","avtobus","avtobus","2025-12-12T01:10:33.9931988Z"
"session_00000799","user_0025","org_004","soprovozhdenie dlya zakupok","soprovozhdenie dlya zakupok","2025-10-23T21:16:33.9931988Z"
"session_00000800","user_0025","org_004","autsorsing","autsorsing","2026-03-22T04:42:33.9931988Z"
"session_00000801","user_0025","org_004","mikroavtobus moskva","mikroavtobus moskva","2025-11-27T02:31:33.9931988Z"
"session_00000802","user_0025","org_004","passazhirskie perevozki dlya zakupok","passazhirskie perevozki dlya zakupok","2025-11-05T10:58:33.9931988Z"
"session_00000803","user_0025","org_004","klinng","klinng","2026-02-19T16:52:33.9931988Z"
"session_00000804","user_0025","org_004","marshrutny transport dlya zakupok","marshrutny transport dlya zakupok","2026-01-17T00:55:33.9931988Z"
"session_00000805","user_0025","org_004","klining dlya zakupok","klining dlya zakupok","2026-02-23T12:48:33.9931988Z"
"session_00000806","user_0025","org_004","klinng","klinng","2025-11-24T18:42:33.9931988Z"
"session_00000807","user_0025","org_004","it support moskva","it support moskva","2025-10-07T01:47:33.9931988Z"
"session_00000808","user_0025","org_004","ekspluataciya dlya zakupok","ekspluataciya dlya zakupok","2026-01-17T12:27:33.9931988Z"
"session_00000809","user_0025","org_004","passazhirskie perevozki dlya zakupok","passazhirskie perevozki dlya zakupok","2026-01-20T22:40:33.9931988Z"
"session_00000810","user_0025","org_004","arenda transporta moskva","arenda transporta moskva","2025-12-28T15:01:33.9931988Z"
"session_00000811","user_0025","org_004","autsorsing dlya zakupok","autsorsing dlya zakupok","2025-10-23T09:30:33.9931988Z"
"session_00000812","user_0025","org_004","passazhirskie perevozki portal postavshikov","passazhirskie perevozki portal postavshikov","2026-01-21T16:29:33.9931988Z"
"session_00000813","user_0025","org_004","soprovozhdenie moskva","soprovozhdenie moskva","2026-02-05T21:30:33.9931988Z"
"session_00000814","user_0025","org_004","passazhirskiy transport portal postavshikov","passazhirskiy transport portal postavshikov","2025-12-06T07:53:33.9931988Z"
"session_00000815","user_0026","org_004","arenda transporta","arenda transporta","2026-01-08T18:20:33.9931988Z"
"session_00000816","user_0026","org_004","arenda transporta dlya zakupok","arenda transporta dlya zakupok","2025-11-28T02:28:33.9931988Z"
"session_00000817","user_0026","org_004","logistika portal postavshikov","logistika portal postavshikov","2026-03-06T22:34:33.9931988Z"
"session_00000818","user_0026","org_004","mikroaftobus municipal","mikroaftobus municipal","2026-01-17T18:16:33.9931988Z"
"session_00000819","user_0026","org_004","soprovozhdenie municipal","soprovozhdenie municipal","2026-02-01T21:15:33.9931988Z"
"session_00000820","user_0026","org_004","passazhirskie perevozki portal postavshikov","passazhirskie perevozki portal postavshikov","2026-03-09T12:03:33.9931988Z"
"session_00000821","user_0026","org_004","logistika portal postavshikov","logistika portal postavshikov","2025-10-25T13:43:33.9931988Z"
"session_00000822","user_0026","org_004","arenda transporta municipal","arenda transporta municipal","2026-03-10T04:12:33.9931988Z"
"session_00000823","user_0026","org_004","soprovozhdenie municipal","soprovozhdenie municipal","2026-01-07T18:55:33.9931988Z"
"session_00000824","user_0026","org_004","uborka pomescheniy portal postavshikov","uborka pomescheniy portal postavshikov","2026-02-04T22:45:33.9931988Z"
"session_00000825","user_0026","org_004","klining dlya zakupok","klining dlya zakupok","2026-02-07T21:37:33.9931988Z"
"session_00000826","user_0026","org_004","obsluzhivanie","obsluzhivanie","2026-02-10T05:01:33.9931988Z"
"session_00000827","user_0026","org_004","it support","it support","2025-12-31T17:18:33.9931988Z"
"session_00000828","user_0026","org_004","transportnaya logistika moskva","transportnaya logistika moskva","2026-02-15T13:59:33.9931988Z"
"session_00000829","user_0026","org_004","arenda transporta dlya zakupok","arenda transporta dlya zakupok","2025-10-17T23:16:33.9931988Z"
"session_00000830","user_0026","org_004","soprovozhdenie","soprovozhdenie","2026-03-03T03:47:33.9931988Z"
"session_00000831","user_0026","org_004","autsorsing moskva","autsorsing moskva","2025-10-14T19:52:33.9931988Z"
"session_00000832","user_0026","org_004","klining moskva","klining moskva","2026-03-03T11:59:33.9931988Z"
"session_00000833","user_0026","org_004","bus moskva","bus moskva","2026-01-20T09:42:33.9931988Z"
"session_00000834","user_0026","org_004","arenda transporta","arenda transporta","2026-01-17T00:25:33.9931988Z"
"session_00000835","user_0026","org_004","logistika dlya zakupok","logistika dlya zakupok","2025-09-30T11:40:33.9931988Z"
"session_00000836","user_0026","org_004","passazhirskie perevozki municipal","passazhirskie perevozki municipal","2026-03-03T08:57:33.9931988Z"
"session_00000837","user_0026","org_004","autsorsing dlya zakupok","autsorsing dlya zakupok","2026-02-05T15:27:33.9931988Z"
"session_00000838","user_0026","org_004","soprovozhdenie municipal","soprovozhdenie municipal","2026-02-10T11:36:33.9931988Z"
"session_00000839","user_0026","org_004","service desk portal postavshikov","service desk portal postavshikov","2026-03-26T06:05:33.9931988Z"
"session_00000840","user_0026","org_004","autsorsing dlya zakupok","autsorsing dlya zakupok","2026-01-03T08:45:33.9931988Z"
"session_00000841","user_0026","org_004","avtobus dlya zakupok","avtobus dlya zakupok","2026-02-23T13:07:33.9931988Z"
"session_00000842","user_0026","org_004","logistika municipal","logistika municipal","2026-02-22T23:27:33.9931988Z"
"session_00000843","user_0027","org_004","passazhirskie perevozki portal postavshikov","passazhirskie perevozki portal postavshikov","2026-03-03T15:43:33.9931988Z"
"session_00000844","user_0027","org_004","ofisnaya mebel dlya zakupok","ofisnaya mebel dlya zakupok","2026-02-07T01:21:33.9931988Z"
"session_00000845","user_0027","org_004","avtobus municipal","avtobus municipal","2025-11-05T14:56:33.9931988Z"
"session_00000846","user_0027","org_004","office supplies portal postavshikov","office supplies portal postavshikov","2025-12-09T16:45:33.9931988Z"
"session_00000847","user_0027","org_004","arenda transporta moskva","arenda transporta moskva","2026-02-27T11:05:33.9931988Z"
"session_00000848","user_0027","org_004","kanctovary municipal","kanctovary municipal","2026-01-10T03:47:33.9931988Z"
"session_00000849","user_0027","org_004","bumga moskva","bumga moskva","2025-11-03T05:20:33.9931988Z"
"session_00000850","user_0027","org_004","bumaga portal postavshikov","bumaga portal postavshikov","2025-10-29T13:33:33.9931988Z"
"session_00000851","user_0027","org_004","mikroavtobus","mikroavtobus","2025-11-22T10:39:33.9931988Z"
"session_00000852","user_0027","org_004","ofisnaya mebel moskva","ofisnaya mebel moskva","2026-02-17T15:07:33.9931988Z"
"session_00000853","user_0027","org_004","marshrutny transport municipal","marshrutny transport municipal","2026-01-05T13:54:33.9931988Z"
"session_00000854","user_0027","org_004","passazhirskie perevozki municipal","passazhirskie perevozki municipal","2025-10-21T05:58:33.9931988Z"
"session_00000855","user_0027","org_004","logistika portal postavshikov","logistika portal postavshikov","2026-01-03T12:25:33.9931988Z"
"session_00000856","user_0027","org_004","logistika moskva","logistika moskva","2025-12-08T00:53:33.9931988Z"
"session_00000857","user_0027","org_004","kartridzh moskva","kartridzh moskva","2025-11-09T17:15:33.9931988Z"
"session_00000858","user_0027","org_004","kartridzh portal postavshikov","kartridzh portal postavshikov","2025-11-20T09:09:33.9931988Z"
"session_00000859","user_0027","org_004","kartridzh moskva","kartridzh moskva","2025-12-10T12:45:33.9931988Z"
"session_00000860","user_0027","org_004","mikroaftobus municipal","mikroaftobus municipal","2025-12-16T12:49:33.9931988Z"
"session_00000861","user_0027","org_004","passazhirskie perevozki","passazhirskie perevozki","2025-12-23T23:47:33.9931988Z"
"session_00000862","user_0027","org_004","marshrutny transport dlya zakupok","marshrutny transport dlya zakupok","2025-10-20T04:45:33.9931988Z"
"session_00000863","user_0027","org_004","ofisnaya mebel moskva","ofisnaya mebel moskva","2026-03-08T13:55:33.9931988Z"
"session_00000864","user_0027","org_004","logstika portal postavshikov","logstika portal postavshikov","2026-02-06T12:04:33.9931988Z"
"session_00000865","user_0027","org_004","passazhirskie perevozki","passazhirskie perevozki","2025-12-12T19:50:33.9931988Z"
"session_00000866","user_0027","org_004","passazhirskie perevozki","passazhirskie perevozki","2026-03-17T23:28:33.9931988Z"
"session_00000867","user_0027","org_004","kartridzh moskva","kartridzh moskva","2025-12-14T04:35:33.9931988Z"
"session_00000868","user_0027","org_004","kanctovri dlya zakupok","kanctovri dlya zakupok","2026-02-07T04:51:33.9931988Z"
"session_00000869","user_0027","org_004","printer portal postavshikov","printer portal postavshikov","2025-12-29T09:30:33.9931988Z"
"session_00000870","user_0027","org_004","mikroavtobus portal postavshikov","mikroavtobus portal postavshikov","2025-10-07T14:55:33.9931988Z"
"session_00000871","user_0027","org_004","mikroaftobus moskva","mikroaftobus moskva","2026-03-15T06:46:33.9931988Z"
"session_00000872","user_0027","org_004","printer moskva","printer moskva","2026-03-01T22:32:33.9931988Z"
"session_00000873","user_0028","org_004","bumaga","bumaga","2025-10-21T04:23:33.9931988Z"
"session_00000874","user_0028","org_004","tehpodderzhka municipal","tehpodderzhka municipal","2025-10-01T15:40:33.9931988Z"
"session_00000875","user_0028","org_004","bumaga portal postavshikov","bumaga portal postavshikov","2026-01-05T06:55:33.9931988Z"
"session_00000876","user_0028","org_004","ofisnaya mebel portal postavshikov","ofisnaya mebel portal postavshikov","2025-12-21T22:17:33.9931988Z"
"session_00000877","user_0028","org_004","tehpodderzhka portal postavshikov","tehpodderzhka portal postavshikov","2026-01-10T23:15:33.9931988Z"
"session_00000878","user_0028","org_004","kanctovary","kanctovary","2026-01-23T07:09:33.9931988Z"
"session_00000879","user_0028","org_004","klining","klining","2026-03-14T22:36:33.9931988Z"
"session_00000880","user_0028","org_004","kanctovri moskva","kanctovri moskva","2026-03-05T08:37:33.9931988Z"
"session_00000881","user_0028","org_004","soprovozhdenie municipal","soprovozhdenie municipal","2026-03-10T23:24:33.9931988Z"
"session_00000882","user_0028","org_004","soprovozhdenie","soprovozhdenie","2025-10-23T11:53:33.9931988Z"
"session_00000883","user_0028","org_004","soprovozhdenie municipal","soprovozhdenie municipal","2026-02-21T03:59:33.9931988Z"
"session_00000884","user_0028","org_004","ofisnaya mebel moskva","ofisnaya mebel moskva","2025-11-14T06:21:33.9931988Z"
"session_00000885","user_0028","org_004","bumaga portal postavshikov","bumaga portal postavshikov","2025-11-26T02:06:33.9931988Z"
"session_00000886","user_0028","org_004","tehpodderzhka dlya zakupok","tehpodderzhka dlya zakupok","2025-11-16T01:59:33.9931988Z"
"session_00000887","user_0028","org_004","print consumables","print consumables","2025-12-17T10:52:33.9931988Z"
"session_00000888","user_0028","org_004","tehpodderzka municipal","tehpodderzka municipal","2026-01-09T10:53:33.9931988Z"
"session_00000889","user_0028","org_004","it support moskva","it support moskva","2025-11-18T22:52:33.9931988Z"
"session_00000890","user_0028","org_004","printer portal postavshikov","printer portal postavshikov","2026-02-02T05:54:33.9931988Z"
"session_00000891","user_0028","org_004","autsorsing dlya zakupok","autsorsing dlya zakupok","2026-01-26T16:19:33.9931988Z"
"session_00000892","user_0028","org_004","bumaga dlya zakupok","bumaga dlya zakupok","2026-03-07T15:29:33.9931988Z"
"session_00000893","user_0028","org_004","office supplies municipal","office supplies municipal","2026-01-22T21:21:33.9931988Z"
"session_00000894","user_0028","org_004","kartridzh dlya zakupok","kartridzh dlya zakupok","2026-02-15T01:47:33.9931988Z"
"session_00000895","user_0028","org_004","bumaga municipal","bumaga municipal","2025-10-08T12:06:33.9931988Z"
"session_00000896","user_0028","org_004","autsorsing","autsorsing","2026-01-28T17:54:33.9931988Z"
"session_00000897","user_0028","org_004","kanctovary portal postavshikov","kanctovary portal postavshikov","2025-12-29T08:39:33.9931988Z"
"session_00000898","user_0028","org_004","klining portal postavshikov","klining portal postavshikov","2026-02-15T11:02:33.9931988Z"
"session_00000899","user_0028","org_004","soprovozhdenie municipal","soprovozhdenie municipal","2026-01-21T10:29:33.9931988Z"
"session_00000900","user_0028","org_004","tehpodderzhka municipal","tehpodderzhka municipal","2026-02-04T18:12:33.9931988Z"
"session_00000901","user_0028","org_004","bumaga","bumaga","2025-11-26T01:06:33.9931988Z"
"session_00000902","user_0028","org_004","tehpodderzhka dlya zakupok","tehpodderzhka dlya zakupok","2026-03-21T06:21:33.9931988Z"
"session_00000903","user_0028","org_004","tehpodderzhka municipal","tehpodderzhka municipal","2025-10-13T21:40:33.9931988Z"
"session_00000904","user_0028","org_004","autsorsing","autsorsing","2026-01-12T00:12:33.9931988Z"
"session_00000905","user_0029","org_004","klinng","klinng","2025-11-21T06:09:33.9931988Z"
"session_00000906","user_0029","org_004","tehpodderzhka moskva","tehpodderzhka moskva","2026-01-27T15:16:33.9931988Z"
"session_00000907","user_0029","org_004","rabochaya stanciya dlya zakupok","rabochaya stanciya dlya zakupok","2025-12-13T12:33:33.9931988Z"
"session_00000908","user_0029","org_004","tehpodderzhka dlya zakupok","tehpodderzhka dlya zakupok","2025-12-02T21:05:33.9931988Z"
"session_00000909","user_0029","org_004","mobilnaya rabochaya stanciya dlya zakupok","mobilnaya rabochaya stanciya dlya zakupok","2026-01-14T21:06:33.9931988Z"
"session_00000910","user_0029","org_004","obsluzhvaniye","obsluzhvaniye","2025-11-10T05:22:33.9931988Z"
"session_00000911","user_0029","org_004","klining","klining","2025-12-23T17:53:33.9931988Z"
"session_00000912","user_0029","org_004","tehpodderzhka moskva","tehpodderzhka moskva","2025-10-16T00:25:33.9931988Z"
"session_00000913","user_0029","org_004","klinng portal postavshikov","klinng portal postavshikov","2026-02-25T10:28:33.9931988Z"
"session_00000914","user_0029","org_004","setevoe oborudovanie portal postavshikov","setevoe oborudovanie portal postavshikov","2026-01-02T20:07:33.9931988Z"
"session_00000915","user_0029","org_004","obsluzhvaniye moskva","obsluzhvaniye moskva","2025-10-27T22:10:33.9931988Z"
"session_00000916","user_0029","org_004","setevoe oborudovanie moskva","setevoe oborudovanie moskva","2025-11-01T11:29:33.9931988Z"
"session_00000917","user_0029","org_004","soprovozhdenie municipal","soprovozhdenie municipal","2026-03-20T06:56:33.9931988Z"
"session_00000918","user_0029","org_004","soprovozhdenie municipal","soprovozhdenie municipal","2025-12-27T06:29:33.9931988Z"
"session_00000919","user_0029","org_004","obsluzhivanie portal postavshikov","obsluzhivanie portal postavshikov","2025-12-03T15:49:33.9931988Z"
"session_00000920","user_0029","org_004","kommutator moskva","kommutator moskva","2026-01-31T07:10:33.9931988Z"
"session_00000921","user_0029","org_004","klining","klining","2025-10-18T23:37:33.9931988Z"
"session_00000922","user_0029","org_004","tehpodderzhka portal postavshikov","tehpodderzhka portal postavshikov","2025-10-30T13:00:33.9931988Z"
"session_00000923","user_0029","org_004","rabochaya stanciya municipal","rabochaya stanciya municipal","2025-12-03T00:58:33.9931988Z"
"session_00000924","user_0029","org_004","rabochaya stanciya municipal","rabochaya stanciya municipal","2026-03-23T21:36:33.9931988Z"
"session_00000925","user_0029","org_004","komutator dlya zakupok","komutator dlya zakupok","2026-01-30T06:29:33.9931988Z"
"session_00000926","user_0029","org_004","soprovozhdenie dlya zakupok","soprovozhdenie dlya zakupok","2025-10-08T09:35:33.9931988Z"
"session_00000927","user_0029","org_004","kommutator portal postavshikov","kommutator portal postavshikov","2026-03-22T22:11:33.9931988Z"
"session_00000928","user_0029","org_004","rabochaya stanciya municipal","rabochaya stanciya municipal","2025-11-02T03:31:33.9931988Z"
"session_00000929","user_0029","org_004","setevoy kommutator","setevoy kommutator","2026-01-29T22:32:33.9931988Z"
"session_00000930","user_0029","org_004","service desk moskva","service desk moskva","2025-12-30T10:19:33.9931988Z"
"session_00000931","user_0029","org_004","soprovozhdenie dlya zakupok","soprovozhdenie dlya zakupok","2025-10-29T04:20:33.9931988Z"
"session_00000932","user_0030","org_004","office paper dlya zakupok","office paper dlya zakupok","2026-01-24T19:56:33.9931988Z"
"session_00000933","user_0030","org_004","ofisnaya mebel municipal","ofisnaya mebel municipal","2026-01-04T11:33:33.9931988Z"
"session_00000934","user_0030","org_004","ofisnaya mebel municipal","ofisnaya mebel municipal","2026-01-04T07:35:33.9931988Z"
"session_00000935","user_0030","org_004","ofisnaya mebel","ofisnaya mebel","2026-02-07T21:03:33.9931988Z"
"session_00000936","user_0030","org_004","tehpodderzhka municipal","tehpodderzhka municipal","2025-10-23T19:48:33.9931988Z"
"session_00000937","user_0030","org_004","soprovozhdenie","soprovozhdenie","2025-10-22T02:05:33.9931988Z"
"session_00000938","user_0030","org_004","ofisnaya mebel","ofisnaya mebel","2026-03-04T16:30:33.9931988Z"
"session_00000939","user_0030","org_004","kartridzh moskva","kartridzh moskva","2025-12-31T19:01:33.9931988Z"
"session_00000940","user_0030","org_004","print consumables municipal","print consumables municipal","2025-12-26T01:19:33.9931988Z"
"session_00000941","user_0030","org_004","ofisnaya mebel municipal","ofisnaya mebel municipal","2025-12-09T09:59:33.9931988Z"
"session_00000942","user_0030","org_004","printer","printer","2025-10-23T07:30:33.9931988Z"
"session_00000943","user_0030","org_004","cleaning service","cleaning service","2026-03-05T02:13:33.9931988Z"
"session_00000944","user_0030","org_004","autsorsing","autsorsing","2026-03-25T09:37:33.9931988Z"
"session_00000945","user_0030","org_004","bumaga municipal","bumaga municipal","2026-02-27T03:00:33.9931988Z"
"session_00000946","user_0030","org_004","office supplies portal postavshikov","office supplies portal postavshikov","2026-02-09T15:33:33.9931988Z"
"session_00000947","user_0030","org_004","bumga moskva","bumga moskva","2026-01-15T20:12:33.9931988Z"
"session_00000948","user_0030","org_004","autsorsing","autsorsing","2026-03-09T19:55:33.9931988Z"
"session_00000949","user_0030","org_004","obsluzhivanie","obsluzhivanie","2025-11-13T06:19:33.9931988Z"
"session_00000950","user_0030","org_004","klining municipal","klining municipal","2025-10-19T17:20:33.9931988Z"
"session_00000951","user_0030","org_004","soprovozhdenie moskva","soprovozhdenie moskva","2025-12-25T22:17:33.9931988Z"
"session_00000952","user_0030","org_004","service desk moskva","service desk moskva","2025-11-30T13:04:33.9931988Z"
"session_00000953","user_0030","org_004","ekspluataciya dlya zakupok","ekspluataciya dlya zakupok","2026-03-09T16:41:33.9931988Z"
"session_00000954","user_0030","org_004","katridzh portal postavshikov","katridzh portal postavshikov","2026-03-08T06:24:33.9931988Z"
"session_00000955","user_0030","org_004","klinng municipal","klinng municipal","2025-09-30T04:52:33.9931988Z"
"session_00000956","user_0030","org_004","kartridzh dlya zakupok","kartridzh dlya zakupok","2026-02-10T05:49:33.9931988Z"
"session_00000957","user_0030","org_004","office paper","office paper","2025-10-06T01:26:33.9931988Z"
"session_00000958","user_0030","org_004","kanctovri dlya zakupok","kanctovri dlya zakupok","2025-11-04T17:24:33.9931988Z"
"session_00000959","user_0030","org_004","autsorsing municipal","autsorsing municipal","2026-03-03T17:11:33.9931988Z"
"session_00000960","user_0030","org_004","soprovozhdenie municipal","soprovozhdenie municipal","2026-01-31T17:23:33.9931988Z"
"session_00000961","user_0030","org_004","printer municipal","printer municipal","2026-02-11T15:24:33.9931988Z"
"session_00000962","user_0031","org_004","paper portal postavshikov","paper portal postavshikov","2025-11-25T10:07:33.9931988Z"
"session_00000963","user_0031","org_004","arenda transporta municipal","arenda transporta municipal","2025-12-17T11:08:33.9931988Z"
"session_00000964","user_0031","org_004","marshrutny transport dlya zakupok","marshrutny transport dlya zakupok","2025-10-15T14:27:33.9931988Z"
"session_00000965","user_0031","org_004","passazhirskiy transport moskva","passazhirskiy transport moskva","2026-03-22T09:20:33.9931988Z"
"session_00000966","user_0031","org_004","bumaga","bumaga","2025-12-04T13:06:33.9931988Z"
"session_00000967","user_0031","org_004","logistika moskva","logistika moskva","2026-02-22T01:05:33.9931988Z"
"session_00000968","user_0031","org_004","minibus portal postavshikov","minibus portal postavshikov","2025-10-26T22:06:33.9931988Z"
"session_00000969","user_0031","org_004","passazhirskie perevozki portal postavshikov","passazhirskie perevozki portal postavshikov","2025-10-17T09:39:33.9931988Z"
"session_00000970","user_0031","org_004","passazhirskie perevozki moskva","passazhirskie perevozki moskva","2025-11-23T06:24:33.9931988Z"
"session_00000971","user_0031","org_004","transportnaya logistika","transportnaya logistika","2025-10-01T04:14:33.9931988Z"
"session_00000972","user_0031","org_004","perevozki moskva","perevozki moskva","2026-01-17T07:41:33.9931988Z"
"session_00000973","user_0031","org_004","avtobus moskva","avtobus moskva","2026-02-22T04:59:33.9931988Z"
"session_00000974","user_0031","org_004","ofisnaya mebel","ofisnaya mebel","2025-10-13T06:13:33.9931988Z"
"session_00000975","user_0031","org_004","passazhirskie perevozki","passazhirskie perevozki","2026-01-10T02:17:33.9931988Z"
"session_00000976","user_0031","org_004","kartridzh portal postavshikov","kartridzh portal postavshikov","2026-01-30T12:15:33.9931988Z"
"session_00000977","user_0031","org_004","logistika municipal","logistika municipal","2025-11-25T15:39:33.9931988Z"
"session_00000978","user_0031","org_004","katridzh moskva","katridzh moskva","2025-12-24T04:08:33.9931988Z"
"session_00000979","user_0031","org_004","kartridzh moskva","kartridzh moskva","2026-02-01T16:44:33.9931988Z"
"session_00000980","user_0031","org_004","bumaga","bumaga","2026-03-20T16:14:33.9931988Z"
"session_00000981","user_0031","org_004","office supplies municipal","office supplies municipal","2025-12-11T11:36:33.9931988Z"
"session_00000982","user_0031","org_004","passazhirskie perevozki municipal","passazhirskie perevozki municipal","2026-02-11T21:13:33.9931988Z"
"session_00000983","user_0031","org_004","kanctovri dlya zakupok","kanctovri dlya zakupok","2025-11-15T03:39:33.9931988Z"
"session_00000984","user_0031","org_004","bumga portal postavshikov","bumga portal postavshikov","2025-12-23T05:59:33.9931988Z"
"session_00000985","user_0031","org_004","transportnaya logistika municipal","transportnaya logistika municipal","2025-10-11T14:24:33.9931988Z"
"session_00000986","user_0031","org_004","stationery municipal","stationery municipal","2025-12-01T12:56:33.9931988Z"
"session_00000987","user_0031","org_004","ofisnaya mebel portal postavshikov","ofisnaya mebel portal postavshikov","2026-01-07T20:48:33.9931988Z"
"session_00000988","user_0031","org_004","print consumables municipal","print consumables municipal","2026-01-07T05:42:33.9931988Z"
"session_00000989","user_0031","org_004","printer moskva","printer moskva","2026-03-19T08:30:33.9931988Z"
"session_00000990","user_0031","org_004","passazhirskie perevozki municipal","passazhirskie perevozki municipal","2026-03-03T11:25:33.9931988Z"
"session_00000991","user_0031","org_004","aftobus portal postavshikov","aftobus portal postavshikov","2026-02-02T18:49:33.9931988Z"
"session_00000992","user_0031","org_004","kartridzh dlya zakupok","kartridzh dlya zakupok","2026-02-13T21:41:33.9931988Z"
"session_00000993","user_0031","org_004","ofisnaya mebel","ofisnaya mebel","2026-02-24T15:37:33.9931988Z"
"session_00000994","user_0031","org_004","katridzh moskva","katridzh moskva","2026-01-26T04:41:33.9931988Z"
"session_00000995","user_0031","org_004","mikroavtobus moskva","mikroavtobus moskva","2025-10-20T14:45:33.9931988Z"
"session_00000996","user_0032","org_004","avtobus","avtobus","2025-11-10T16:32:33.9931988Z"
"session_00000997","user_0032","org_004","katridzh municipal","katridzh municipal","2025-11-01T16:21:33.9931988Z"
"session_00000998","user_0032","org_004","passazhirskie perevozki dlya zakupok","passazhirskie perevozki dlya zakupok","2025-10-23T02:10:33.9931988Z"
"session_00000999","user_0032","org_004","logistika moskva","logistika moskva","2025-10-06T10:57:33.9931988Z"
"session_00001000","user_0032","org_004","ofisnaya mebel municipal","ofisnaya mebel municipal","2026-01-03T08:47:33.9931988Z"
"session_00001001","user_0032","org_004","ofisnaya mebel","ofisnaya mebel","2026-02-13T04:40:33.9931988Z"
"session_00001002","user_0032","org_004","print consumables municipal","print consumables municipal","2026-03-15T08:09:33.9931988Z"
"session_00001003","user_0032","org_004","ofisnaya mebel municipal","ofisnaya mebel municipal","2025-11-18T10:00:33.9931988Z"
"session_00001004","user_0032","org_004","arenda transporta","arenda transporta","2026-01-25T07:02:33.9931988Z"
"session_00001005","user_0032","org_004","arenda transporta dlya zakupok","arenda transporta dlya zakupok","2025-11-12T06:58:33.9931988Z"
"session_00001006","user_0032","org_004","printer","printer","2026-02-16T08:22:33.9931988Z"
"session_00001007","user_0032","org_004","avtobus portal postavshikov","avtobus portal postavshikov","2026-01-22T06:49:33.9931988Z"
"session_00001008","user_0032","org_004","logistika portal postavshikov","logistika portal postavshikov","2025-11-07T04:08:33.9931988Z"
"session_00001009","user_0032","org_004","kanctovri","kanctovri","2026-02-13T22:41:33.9931988Z"
"session_00001010","user_0032","org_004","logstika","logstika","2026-02-22T19:39:33.9931988Z"
"session_00001011","user_0032","org_004","logistika dlya zakupok","logistika dlya zakupok","2025-11-05T17:49:33.9931988Z"
"session_00001012","user_0032","org_004","kartridzh municipal","kartridzh municipal","2026-03-02T01:30:33.9931988Z"
"session_00001013","user_0032","org_004","avtobus municipal","avtobus municipal","2025-10-22T01:14:33.9931988Z"
"session_00001014","user_0032","org_004","kanctovri municipal","kanctovri municipal","2026-01-31T23:00:33.9931988Z"
"session_00001015","user_0032","org_004","arenda transporta dlya zakupok","arenda transporta dlya zakupok","2026-02-21T10:34:33.9931988Z"
"session_00001016","user_0032","org_004","katridzh moskva","katridzh moskva","2025-12-18T05:35:33.9931988Z"
"session_00001017","user_0032","org_004","passazhirskie perevozki moskva","passazhirskie perevozki moskva","2025-12-24T01:15:33.9931988Z"
"session_00001018","user_0032","org_004","kanctovri moskva","kanctovri moskva","2026-03-07T11:35:33.9931988Z"
"session_00001019","user_0032","org_004","toner portal postavshikov","toner portal postavshikov","2026-01-22T13:21:33.9931988Z"
"session_00001020","user_0032","org_004","arenda transporta","arenda transporta","2025-11-24T15:03:33.9931988Z"
"session_00001021","user_0032","org_004","mikroavtobus","mikroavtobus","2025-11-26T08:41:33.9931988Z"
"session_00001022","user_0032","org_004","bumaga dlya zakupok","bumaga dlya zakupok","2026-02-19T07:04:33.9931988Z"
"session_00001023","user_0032","org_004","minibus","minibus","2025-12-05T03:06:33.9931988Z"
"session_00001024","user_0032","org_004","passazhirskiy transport portal postavshikov","passazhirskiy transport portal postavshikov","2025-10-02T00:20:33.9931988Z"
"session_00001025","user_0033","org_005","passazhirskie perevozki","passazhirskie perevozki","2025-10-06T18:10:33.9931988Z"
"session_00001026","user_0033","org_005","arenda transporta dlya zakupok","arenda transporta dlya zakupok","2026-02-01T13:01:33.9931988Z"
"session_00001027","user_0033","org_005","passazhirskie perevozki moskva","passazhirskie perevozki moskva","2025-12-27T05:59:33.9931988Z"
"session_00001028","user_0033","org_005","soprovozhdenie","soprovozhdenie","2025-10-13T17:40:33.9931988Z"
"session_00001029","user_0033","org_005","passazhirskie perevozki portal postavshikov","passazhirskie perevozki portal postavshikov","2025-11-13T22:03:33.9931988Z"
"session_00001030","user_0033","org_005","arenda transporta dlya zakupok","arenda transporta dlya zakupok","2025-10-21T05:27:33.9931988Z"
"session_00001031","user_0033","org_005","passazhirskie perevozki","passazhirskie perevozki","2025-11-06T08:27:33.9931988Z"
"session_00001032","user_0033","org_005","logistika","logistika","2026-02-26T02:24:33.9931988Z"
"session_00001033","user_0033","org_005","arenda transporta","arenda transporta","2026-01-23T01:00:33.9931988Z"
"session_00001034","user_0033","org_005","soprovozhdenie moskva","soprovozhdenie moskva","2025-11-29T12:25:33.9931988Z"
"session_00001035","user_0033","org_005","avtobus","avtobus","2025-10-18T16:26:33.9931988Z"
"session_00001036","user_0033","org_005","autsorsing portal postavshikov","autsorsing portal postavshikov","2025-12-19T20:58:33.9931988Z"
"session_00001037","user_0033","org_005","tehpodderzhka portal postavshikov","tehpodderzhka portal postavshikov","2026-01-12T11:43:33.9931988Z"
"session_00001038","user_0033","org_005","autsorsing dlya zakupok","autsorsing dlya zakupok","2025-11-02T07:23:33.9931988Z"
"session_00001039","user_0033","org_005","uborka pomescheniy moskva","uborka pomescheniy moskva","2025-12-23T05:23:33.9931988Z"
"session_00001040","user_0033","org_005","logistika moskva","logistika moskva","2026-02-19T18:59:33.9931988Z"
"session_00001041","user_0033","org_005","ekspluataciya dlya zakupok","ekspluataciya dlya zakupok","2025-12-22T12:51:33.9931988Z"
"session_00001042","user_0033","org_005","mikroavtobus","mikroavtobus","2026-03-20T02:41:33.9931988Z"
"session_00001043","user_0033","org_005","autsorsing dlya zakupok","autsorsing dlya zakupok","2025-11-30T05:21:33.9931988Z"
"session_00001044","user_0033","org_005","logistika dlya zakupok","logistika dlya zakupok","2025-12-19T07:57:33.9931988Z"
"session_00001045","user_0033","org_005","logistika dlya zakupok","logistika dlya zakupok","2025-10-14T16:14:33.9931988Z"
"session_00001046","user_0033","org_005","arenda transporta","arenda transporta","2026-01-22T01:32:33.9931988Z"
"session_00001047","user_0033","org_005","tehpodderzhka","tehpodderzhka","2026-03-02T00:28:33.9931988Z"
"session_00001048","user_0033","org_005","it support portal postavshikov","it support portal postavshikov","2026-03-09T14:19:33.9931988Z"
"session_00001049","user_0033","org_005","tehpodderzhka municipal","tehpodderzhka municipal","2025-12-24T21:09:33.9931988Z"
"session_00001050","user_0033","org_005","klining municipal","klining municipal","2026-01-02T03:14:33.9931988Z"
"session_00001051","user_0033","org_005","avtobus municipal","avtobus municipal","2025-10-22T03:16:33.9931988Z"
"session_00001052","user_0033","org_005","perevozki portal postavshikov","perevozki portal postavshikov","2026-01-09T05:07:33.9931988Z"
"session_00001053","user_0033","org_005","arenda transporta","arenda transporta","2026-03-15T08:28:33.9931988Z"
"session_00001054","user_0033","org_005","logistika","logistika","2025-12-24T01:07:33.9931988Z"
"session_00001055","user_0033","org_005","transportnaya logistika moskva","transportnaya logistika moskva","2026-01-04T06:08:33.9931988Z"
"session_00001056","user_0033","org_005","passazhirskie perevozki","passazhirskie perevozki","2026-03-27T14:35:33.9931988Z"
"session_00001057","user_0033","org_005","logistika portal postavshikov","logistika portal postavshikov","2025-10-01T11:02:33.9931988Z"
"session_00001058","user_0033","org_005","autsorsing moskva","autsorsing moskva","2025-11-02T12:43:33.9931988Z"
"session_00001059","user_0034","org_005","setevoe oborudovanie portal postavshikov","setevoe oborudovanie portal postavshikov","2026-03-21T01:03:33.9931988Z"
"session_00001060","user_0034","org_005","noutbuk municipal","noutbuk municipal","2026-03-17T20:48:33.9931988Z"
"session_00001061","user_0034","org_005","rabochaya stanciya moskva","rabochaya stanciya moskva","2026-02-24T14:08:33.9931988Z"
"session_00001062","user_0034","org_005","passazhirskie perevozki","passazhirskie perevozki","2025-10-14T08:04:33.9931988Z"
"session_00001063","user_0034","org_005","setevoe oborudovanie","setevoe oborudovanie","2025-12-31T12:32:33.9931988Z"
"session_00001064","user_0034","org_005","noutbukk portal postavshikov","noutbukk portal postavshikov","2026-02-23T01:34:33.9931988Z"
"session_00001065","user_0034","org_005","setevoe oborudovanie portal postavshikov","setevoe oborudovanie portal postavshikov","2025-10-01T00:44:33.9931988Z"
"session_00001066","user_0034","org_005","setevoe oborudovanie moskva","setevoe oborudovanie moskva","2026-01-08T01:49:33.9931988Z"
"session_00001067","user_0034","org_005","noutbukk municipal","noutbukk municipal","2025-10-29T05:56:33.9931988Z"
"session_00001068","user_0034","org_005","arenda transporta moskva","arenda transporta moskva","2026-03-06T08:23:33.9931988Z"
"session_00001069","user_0034","org_005","passazhirskie perevozki municipal","passazhirskie perevozki municipal","2026-01-26T08:09:33.9931988Z"
"session_00001070","user_0034","org_005","avtobus moskva","avtobus moskva","2025-12-31T01:31:33.9931988Z"
"session_00001071","user_0034","org_005","noutbukk municipal","noutbukk municipal","2026-03-12T12:34:33.9931988Z"
"session_00001072","user_0034","org_005","setevoe oborudovanie","setevoe oborudovanie","2025-11-10T11:00:33.9931988Z"
"session_00001073","user_0034","org_005","logistika municipal","logistika municipal","2025-10-25T14:52:33.9931988Z"
"session_00001074","user_0034","org_005","server dlya zakupok","server dlya zakupok","2025-10-13T07:19:33.9931988Z"
"session_00001075","user_0034","org_005","noutbuk dlya zakupok","noutbuk dlya zakupok","2025-11-21T21:43:33.9931988Z"
"session_00001076","user_0034","org_005","arenda transporta portal postavshikov","arenda transporta portal postavshikov","2026-01-20T23:40:33.9931988Z"
"session_00001077","user_0034","org_005","mikroaftobus","mikroaftobus","2026-01-31T14:39:33.9931988Z"
"session_00001078","user_0034","org_005","avtobus dlya zakupok","avtobus dlya zakupok","2026-02-25T02:40:33.9931988Z"
"session_00001079","user_0034","org_005","noutbukk moskva","noutbukk moskva","2026-02-26T18:10:33.9931988Z"
"session_00001080","user_0034","org_005","noutbuk portal postavshikov","noutbuk portal postavshikov","2026-03-20T22:24:33.9931988Z"
"session_00001081","user_0034","org_005","logistika dlya zakupok","logistika dlya zakupok","2026-01-16T06:18:33.9931988Z"
"session_00001082","user_0034","org_005","rabochaya stanciya portal postavshikov","rabochaya stanciya portal postavshikov","2026-03-04T02:57:33.9931988Z"
"session_00001083","user_0034","org_005","servernoe oborudovanie dlya zakupok","servernoe oborudovanie dlya zakupok","2026-03-25T07:58:33.9931988Z"
"session_00001084","user_0034","org_005","passazhirskie perevozki municipal","passazhirskie perevozki municipal","2025-10-20T10:10:33.9931988Z"
"session_00001085","user_0034","org_005","setevoe oborudovanie","setevoe oborudovanie","2025-11-13T08:36:33.9931988Z"
"session_00001086","user_0034","org_005","passazhirskie perevozki","passazhirskie perevozki","2025-12-20T19:43:33.9931988Z"
"session_00001087","user_0034","org_005","logistika","logistika","2026-02-11T11:52:33.9931988Z"
"session_00001088","user_0034","org_005","noutbuk moskva","noutbuk moskva","2026-03-24T11:45:33.9931988Z"
"session_00001089","user_0034","org_005","rabochaya stanciya dlya zakupok","rabochaya stanciya dlya zakupok","2025-10-26T14:48:33.9931988Z"
"session_00001090","user_0034","org_005","avtobus portal postavshikov","avtobus portal postavshikov","2026-03-12T21:26:33.9931988Z"
"session_00001091","user_0034","org_005","rabochaya stanciya municipal","rabochaya stanciya municipal","2026-03-20T10:15:33.9931988Z"
"session_00001092","user_0034","org_005","mikroavtobus","mikroavtobus","2025-10-01T12:35:33.9931988Z"
"session_00001093","user_0034","org_005","servernoe oborudovanie dlya zakupok","servernoe oborudovanie dlya zakupok","2026-03-13T06:57:33.9931988Z"
"session_00001094","user_0034","org_005","noutbuk municipal","noutbuk municipal","2026-02-20T01:16:33.9931988Z"
"session_00001095","user_0034","org_005","logistika dlya zakupok","logistika dlya zakupok","2025-10-17T02:00:33.9931988Z"
"session_00001096","user_0035","org_005","arenda transporta dlya zakupok","arenda transporta dlya zakupok","2025-09-30T11:27:33.9931988Z"
"session_00001097","user_0035","org_005","logistika moskva","logistika moskva","2025-10-03T05:38:33.9931988Z"
"session_00001098","user_0035","org_005","avtobus","avtobus","2025-11-12T21:01:33.9931988Z"
"session_00001099","user_0035","org_005","arenda transporta municipal","arenda transporta municipal","2025-10-14T15:01:33.9931988Z"
"session_00001100","user_0035","org_005","passazhirskie perevozki","passazhirskie perevozki","2025-10-01T06:52:33.9931988Z"
"session_00001101","user_0035","org_005","minibus","minibus","2025-10-10T17:17:33.9931988Z"
"session_00001102","user_0035","org_005","passazhirskie perevozki moskva","passazhirskie perevozki moskva","2025-12-31T13:04:33.9931988Z"
"session_00001103","user_0035","org_005","katridzh municipal","katridzh municipal","2025-11-04T05:11:33.9931988Z"
"session_00001104","user_0035","org_005","arenda transporta moskva","arenda transporta moskva","2025-10-22T19:50:33.9931988Z"
"session_00001105","user_0035","org_005","ofisnaya mebel portal postavshikov","ofisnaya mebel portal postavshikov","2025-10-22T10:39:33.9931988Z"
"session_00001106","user_0035","org_005","passazhirskie perevozki municipal","passazhirskie perevozki municipal","2025-10-20T07:55:33.9931988Z"
"session_00001107","user_0035","org_005","mikroavtobus portal postavshikov","mikroavtobus portal postavshikov","2026-03-10T09:49:33.9931988Z"
"session_00001108","user_0035","org_005","mikroavtobus moskva","mikroavtobus moskva","2026-03-16T13:38:33.9931988Z"
"session_00001109","user_0035","org_005","logistika dlya zakupok","logistika dlya zakupok","2025-12-17T18:33:33.9931988Z"
"session_00001110","user_0035","org_005","passazhirskie perevozki dlya zakupok","passazhirskie perevozki dlya zakupok","2026-01-04T01:52:33.9931988Z"
"session_00001111","user_0035","org_005","ofisnaya mebel municipal","ofisnaya mebel municipal","2025-10-09T20:53:33.9931988Z"
"session_00001112","user_0035","org_005","ofisnaya mebel","ofisnaya mebel","2026-02-18T01:31:33.9931988Z"
"session_00001113","user_0035","org_005","ofisnaya mebel portal postavshikov","ofisnaya mebel portal postavshikov","2026-02-05T11:03:33.9931988Z"
"session_00001114","user_0035","org_005","kanctovri moskva","kanctovri moskva","2025-10-10T08:16:33.9931988Z"
"session_00001115","user_0035","org_005","mikroavtobus","mikroavtobus","2026-01-19T12:35:33.9931988Z"
"session_00001116","user_0035","org_005","avtobus portal postavshikov","avtobus portal postavshikov","2026-01-18T01:50:33.9931988Z"
"session_00001117","user_0035","org_005","bumaga","bumaga","2025-10-25T14:34:33.9931988Z"
"session_00001118","user_0035","org_005","printer dlya zakupok","printer dlya zakupok","2025-12-09T07:57:33.9931988Z"
"session_00001119","user_0035","org_005","arenda transporta","arenda transporta","2026-02-09T11:33:33.9931988Z"
"session_00001120","user_0035","org_005","passazhirskiy transport municipal","passazhirskiy transport municipal","2026-01-03T17:19:33.9931988Z"
"session_00001121","user_0035","org_005","office supplies","office supplies","2025-12-02T11:31:33.9931988Z"
"session_00001122","user_0035","org_005","passazhirskie perevozki moskva","passazhirskie perevozki moskva","2026-02-02T20:42:33.9931988Z"
"session_00001123","user_0035","org_005","kartridzh","kartridzh","2026-03-27T08:01:33.9931988Z"
"session_00001124","user_0035","org_005","arenda transporta municipal","arenda transporta municipal","2026-02-05T14:56:33.9931988Z"
"session_00001125","user_0035","org_005","logistika","logistika","2026-01-23T08:23:33.9931988Z"
"session_00001126","user_0036","org_005","katridzh","katridzh","2026-03-08T20:58:33.9931988Z"
"session_00001127","user_0036","org_005","ekspluataciya portal postavshikov","ekspluataciya portal postavshikov","2026-03-04T21:11:33.9931988Z"
"session_00001128","user_0036","org_005","autsorsing dlya zakupok","autsorsing dlya zakupok","2026-02-12T02:09:33.9931988Z"
"session_00001129","user_0036","org_005","obsluzhvaniye portal postavshikov","obsluzhvaniye portal postavshikov","2026-01-04T00:30:33.9931988Z"
"session_00001130","user_0036","org_005","service desk municipal","service desk municipal","2025-11-02T20:41:33.9931988Z"
"session_00001131","user_0036","org_005","bumga","bumga","2025-10-11T03:15:33.9931988Z"
"session_00001132","user_0036","org_005","bumaga dlya zakupok","bumaga dlya zakupok","2025-10-06T18:27:33.9931988Z"
"session_00001133","user_0036","org_005","autsorsing moskva","autsorsing moskva","2026-03-17T04:41:33.9931988Z"
"session_00001134","user_0036","org_005","kanctovary","kanctovary","2026-01-15T18:28:33.9931988Z"
"session_00001135","user_0036","org_005","tehpodderzka","tehpodderzka","2026-01-13T10:01:33.9931988Z"
"session_00001136","user_0036","org_005","klining municipal","klining municipal","2026-01-21T15:43:33.9931988Z"
"session_00001137","user_0036","org_005","kanctovri portal postavshikov","kanctovri portal postavshikov","2025-11-07T09:31:33.9931988Z"
"session_00001138","user_0036","org_005","printer moskva","printer moskva","2025-12-29T10:31:33.9931988Z"
"session_00001139","user_0036","org_005","obsluzhivanie dlya zakupok","obsluzhivanie dlya zakupok","2025-10-21T08:59:33.9931988Z"
"session_00001140","user_0036","org_005","printer dlya zakupok","printer dlya zakupok","2025-11-20T19:17:33.9931988Z"
"session_00001141","user_0036","org_005","autsorsing moskva","autsorsing moskva","2026-01-22T20:36:33.9931988Z"
"session_00001142","user_0036","org_005","printer moskva","printer moskva","2025-11-03T12:18:33.9931988Z"
"session_00001143","user_0036","org_005","bumaga municipal","bumaga municipal","2025-09-30T04:05:33.9931988Z"
"session_00001144","user_0036","org_005","office supplies municipal","office supplies municipal","2026-01-31T19:03:33.9931988Z"
"session_00001145","user_0036","org_005","kanctovri dlya zakupok","kanctovri dlya zakupok","2025-11-29T05:24:33.9931988Z"
"session_00001146","user_0036","org_005","tehpodderzka","tehpodderzka","2026-03-04T15:31:33.9931988Z"
"session_00001147","user_0036","org_005","kartridzh municipal","kartridzh municipal","2025-11-20T14:27:33.9931988Z"
"session_00001148","user_0036","org_005","kanctovary dlya zakupok","kanctovary dlya zakupok","2025-10-23T13:53:33.9931988Z"
"session_00001149","user_0036","org_005","ofisnaya mebel portal postavshikov","ofisnaya mebel portal postavshikov","2026-03-24T04:02:33.9931988Z"
"session_00001150","user_0036","org_005","bumaga dlya zakupok","bumaga dlya zakupok","2025-10-31T05:58:33.9931988Z"
"session_00001151","user_0036","org_005","soprovozhdenie","soprovozhdenie","2026-02-04T00:03:33.9931988Z"
"session_00001152","user_0036","org_005","klining dlya zakupok","klining dlya zakupok","2025-11-13T11:35:33.9931988Z"
"session_00001153","user_0036","org_005","soprovozhdenie","soprovozhdenie","2025-12-06T19:23:33.9931988Z"
"session_00001154","user_0036","org_005","ofisnaya mebel municipal","ofisnaya mebel municipal","2025-12-12T08:48:33.9931988Z"
"session_00001155","user_0036","org_005","klinng moskva","klinng moskva","2025-11-05T16:50:33.9931988Z"
"session_00001156","user_0036","org_005","tehpodderzka moskva","tehpodderzka moskva","2026-01-27T08:58:33.9931988Z"
"session_00001157","user_0036","org_005","klinng","klinng","2026-02-10T03:40:33.9931988Z"
"session_00001158","user_0036","org_005","tehpodderzhka portal postavshikov","tehpodderzhka portal postavshikov","2025-11-26T14:29:33.9931988Z"
"session_00001159","user_0037","org_005","klining","klining","2026-02-05T16:35:33.9931988Z"
"session_00001160","user_0037","org_005","obsluzhivanie portal postavshikov","obsluzhivanie portal postavshikov","2026-01-01T11:25:33.9931988Z"
"session_00001161","user_0037","org_005","passazhirskie perevozki dlya zakupok","passazhirskie perevozki dlya zakupok","2026-01-03T23:45:33.9931988Z"
"session_00001162","user_0037","org_005","perevozki","perevozki","2025-10-15T02:38:33.9931988Z"
"session_00001163","user_0037","org_005","tehpodderzhka portal postavshikov","tehpodderzhka portal postavshikov","2025-12-11T06:31:33.9931988Z"
"session_00001164","user_0037","org_005","klining","klining","2026-01-01T23:19:33.9931988Z"
"session_00001165","user_0037","org_005","soprovozhdenie","soprovozhdenie","2025-12-09T23:43:33.9931988Z"
"session_00001166","user_0037","org_005","it support","it support","2025-12-03T09:20:33.9931988Z"
"session_00001167","user_0037","org_005","klining dlya zakupok","klining dlya zakupok","2025-10-21T14:58:33.9931988Z"
"session_00001168","user_0037","org_005","soprovozhdenie portal postavshikov","soprovozhdenie portal postavshikov","2026-01-31T01:50:33.9931988Z"
"session_00001169","user_0037","org_005","avtobus moskva","avtobus moskva","2025-12-12T07:42:33.9931988Z"
"session_00001170","user_0037","org_005","mikroavtobus portal postavshikov","mikroavtobus portal postavshikov","2025-12-26T20:09:33.9931988Z"
"session_00001171","user_0037","org_005","perevozki municipal","perevozki municipal","2026-01-12T01:15:33.9931988Z"
"session_00001172","user_0037","org_005","passazhirskie perevozki moskva","passazhirskie perevozki moskva","2025-12-26T19:49:33.9931988Z"
"session_00001173","user_0037","org_005","soprovozhdenie moskva","soprovozhdenie moskva","2025-10-12T15:04:33.9931988Z"
"session_00001174","user_0037","org_005","tehpodderzhka portal postavshikov","tehpodderzhka portal postavshikov","2026-01-16T13:07:33.9931988Z"
"session_00001175","user_0037","org_005","autsorsing portal postavshikov","autsorsing portal postavshikov","2025-10-22T12:14:33.9931988Z"
"session_00001176","user_0037","org_005","obsluzhvaniye municipal","obsluzhvaniye municipal","2026-02-17T20:56:33.9931988Z"
"session_00001177","user_0037","org_005","tehpodderzhka portal postavshikov","tehpodderzhka portal postavshikov","2025-12-01T01:39:33.9931988Z"
"session_00001178","user_0037","org_005","arenda transporta municipal","arenda transporta municipal","2025-11-15T02:26:33.9931988Z"
"session_00001179","user_0037","org_005","mikroaftobus portal postavshikov","mikroaftobus portal postavshikov","2025-11-18T16:57:33.9931988Z"
"session_00001180","user_0037","org_005","logstika","logstika","2025-10-18T22:53:33.9931988Z"
"session_00001181","user_0037","org_005","soprovozhdenie dlya zakupok","soprovozhdenie dlya zakupok","2026-03-02T18:58:33.9931988Z"
"session_00001182","user_0037","org_005","perevozki","perevozki","2026-01-12T11:50:33.9931988Z"
"session_00001183","user_0037","org_005","klinng municipal","klinng municipal","2025-11-22T11:44:33.9931988Z"
"session_00001184","user_0037","org_005","avtobus municipal","avtobus municipal","2026-02-26T07:43:33.9931988Z"
"session_00001185","user_0037","org_005","mikroavtobus dlya zakupok","mikroavtobus dlya zakupok","2026-02-19T16:57:33.9931988Z"
"session_00001186","user_0037","org_005","autsorsing","autsorsing","2026-03-07T10:17:33.9931988Z"
"session_00001187","user_0037","org_005","ekspluataciya municipal","ekspluataciya municipal","2025-12-20T20:39:33.9931988Z"
"session_00001188","user_0037","org_005","passazhirskie perevozki municipal","passazhirskie perevozki municipal","2025-11-07T00:36:33.9931988Z"
"session_00001189","user_0037","org_005","tehpodderzhka dlya zakupok","tehpodderzhka dlya zakupok","2026-02-24T09:01:33.9931988Z"
"session_00001190","user_0038","org_005","arenda transporta","arenda transporta","2025-12-05T16:28:33.9931988Z"
"session_00001191","user_0038","org_005","klinng portal postavshikov","klinng portal postavshikov","2025-12-17T23:38:33.9931988Z"
"session_00001192","user_0038","org_005","logstika dlya zakupok","logstika dlya zakupok","2026-02-07T11:28:33.9931988Z"
"session_00001193","user_0038","org_005","obsluzhivanie","obsluzhivanie","2026-02-10T08:37:33.9931988Z"
"session_00001194","user_0038","org_005","soprovozhdenie municipal","soprovozhdenie municipal","2026-03-18T08:49:33.9931988Z"
"session_00001195","user_0038","org_005","tehpodderzhka dlya zakupok","tehpodderzhka dlya zakupok","2025-11-03T05:12:33.9931988Z"
"session_00001196","user_0038","org_005","autsorsing portal postavshikov","autsorsing portal postavshikov","2025-12-27T00:11:33.9931988Z"
"session_00001197","user_0038","org_005","klining dlya zakupok","klining dlya zakupok","2026-03-23T17:04:33.9931988Z"
"session_00001198","user_0038","org_005","arenda transporta","arenda transporta","2026-02-08T04:39:33.9931988Z"
"session_00001199","user_0038","org_005","cleaning service dlya zakupok","cleaning service dlya zakupok","2026-02-01T22:09:33.9931988Z"
"session_00001200","user_0038","org_005","arenda transporta","arenda transporta","2025-12-19T23:55:33.9931988Z"
"session_00001201","user_0038","org_005","autsorsing municipal","autsorsing municipal","2026-02-12T02:43:33.9931988Z"
"session_00001202","user_0038","org_005","mikroavtobus dlya zakupok","mikroavtobus dlya zakupok","2025-10-12T18:15:33.9931988Z"
"session_00001203","user_0038","org_005","mikroavtobus","mikroavtobus","2026-01-28T17:31:33.9931988Z"
"session_00001204","user_0038","org_005","passazhirskie perevozki municipal","passazhirskie perevozki municipal","2026-03-25T14:56:33.9931988Z"
"session_00001205","user_0038","org_005","mikroavtobus municipal","mikroavtobus municipal","2026-01-25T04:42:33.9931988Z"
"session_00001206","user_0038","org_005","logistika portal postavshikov","logistika portal postavshikov","2026-01-09T05:35:33.9931988Z"
"session_00001207","user_0038","org_005","mikroavtobus municipal","mikroavtobus municipal","2026-03-17T18:09:33.9931988Z"
"session_00001208","user_0038","org_005","autsorsing municipal","autsorsing municipal","2026-02-01T05:19:33.9931988Z"
"session_00001209","user_0038","org_005","autsorsing moskva","autsorsing moskva","2026-01-04T03:41:33.9931988Z"
"session_00001210","user_0038","org_005","mikroavtobus","mikroavtobus","2026-03-09T17:16:33.9931988Z"
"session_00001211","user_0038","org_005","passazhirskie perevozki dlya zakupok","passazhirskie perevozki dlya zakupok","2026-02-27T21:21:33.9931988Z"
"session_00001212","user_0038","org_005","klining moskva","klining moskva","2025-10-02T16:04:33.9931988Z"
"session_00001213","user_0038","org_005","tehpodderzhka dlya zakupok","tehpodderzhka dlya zakupok","2026-01-18T11:25:33.9931988Z"
"session_00001214","user_0038","org_005","mikroavtobus moskva","mikroavtobus moskva","2026-03-22T04:49:33.9931988Z"
"session_00001215","user_0038","org_005","klining","klining","2025-12-03T08:11:33.9931988Z"
"session_00001216","user_0038","org_005","mikroavtobus municipal","mikroavtobus municipal","2026-01-14T15:56:33.9931988Z"
"session_00001217","user_0039","org_005","bus portal postavshikov","bus portal postavshikov","2026-03-11T19:27:33.9931988Z"
"session_00001218","user_0039","org_005","bus portal postavshikov","bus portal postavshikov","2025-11-07T01:01:33.9931988Z"
"session_00001219","user_0039","org_005","kartridzh dlya zakupok","kartridzh dlya zakupok","2025-10-21T10:41:33.9931988Z"
"session_00001220","user_0039","org_005","bus dlya zakupok","bus dlya zakupok","2025-12-06T00:30:33.9931988Z"
"session_00001221","user_0039","org_005","kanctovary dlya zakupok","kanctovary dlya zakupok","2025-10-02T06:35:33.9931988Z"
"session_00001222","user_0039","org_005","logistika moskva","logistika moskva","2025-10-04T10:33:33.9931988Z"
"session_00001223","user_0039","org_005","print consumables","print consumables","2026-02-10T02:58:33.9931988Z"
"session_00001224","user_0039","org_005","avtobus moskva","avtobus moskva","2025-12-11T09:23:33.9931988Z"
"session_00001225","user_0039","org_005","toner portal postavshikov","toner portal postavshikov","2026-02-08T10:00:33.9931988Z"
"session_00001226","user_0039","org_005","bumaga","bumaga","2025-10-21T23:21:33.9931988Z"
"session_00001227","user_0039","org_005","avtobus municipal","avtobus municipal","2026-01-20T07:25:33.9931988Z"
"session_00001228","user_0039","org_005","printer moskva","printer moskva","2026-02-14T06:36:33.9931988Z"
"session_00001229","user_0039","org_005","bus portal postavshikov","bus portal postavshikov","2026-01-01T03:44:33.9931988Z"
"session_00001230","user_0039","org_005","printer portal postavshikov","printer portal postavshikov","2025-10-16T10:00:33.9931988Z"
"session_00001231","user_0039","org_005","ofisnaya mebel dlya zakupok","ofisnaya mebel dlya zakupok","2025-12-31T14:25:33.9931988Z"
"session_00001232","user_0039","org_005","print consumables","print consumables","2026-02-08T14:34:33.9931988Z"
"session_00001233","user_0039","org_005","perevozki dlya zakupok","perevozki dlya zakupok","2025-11-20T06:53:33.9931988Z"
"session_00001234","user_0039","org_005","arenda transporta municipal","arenda transporta municipal","2025-10-11T10:51:33.9931988Z"
"session_00001235","user_0039","org_005","bumga municipal","bumga municipal","2026-03-12T17:10:33.9931988Z"
"session_00001236","user_0039","org_005","printer moskva","printer moskva","2026-01-30T12:20:33.9931988Z"
"session_00001237","user_0039","org_005","mikroavtobus","mikroavtobus","2026-02-26T06:48:33.9931988Z"
"session_00001238","user_0039","org_005","printer","printer","2026-02-17T17:39:33.9931988Z"
"session_00001239","user_0039","org_005","kanctovary dlya zakupok","kanctovary dlya zakupok","2025-09-30T08:33:33.9931988Z"
"session_00001240","user_0039","org_005","printer municipal","printer municipal","2026-01-27T07:27:33.9931988Z"
"session_00001241","user_0039","org_005","mikroaftobus","mikroaftobus","2026-01-15T16:30:33.9931988Z"
"session_00001242","user_0039","org_005","mikroavtobus moskva","mikroavtobus moskva","2026-03-02T16:39:33.9931988Z"
"session_00001243","user_0039","org_005","bumaga dlya zakupok","bumaga dlya zakupok","2025-11-12T15:23:33.9931988Z"
"session_00001244","user_0039","org_005","paper municipal","paper municipal","2025-09-29T04:52:33.9931988Z"
"session_00001245","user_0039","org_005","minibus portal postavshikov","minibus portal postavshikov","2026-03-10T06:17:33.9931988Z"
"session_00001246","user_0039","org_005","ofisnaya mebel municipal","ofisnaya mebel municipal","2025-11-08T02:55:33.9931988Z"
"session_00001247","user_0039","org_005","arenda transporta portal postavshikov","arenda transporta portal postavshikov","2026-02-26T13:59:33.9931988Z"
"session_00001248","user_0039","org_005","ofisnaya mebel moskva","ofisnaya mebel moskva","2026-01-30T03:37:33.9931988Z"
"session_00001249","user_0039","org_005","ofisnaya mebel municipal","ofisnaya mebel municipal","2025-11-21T21:12:33.9931988Z"
"session_00001250","user_0040","org_005","klining portal postavshikov","klining portal postavshikov","2025-10-12T19:09:33.9931988Z"
"session_00001251","user_0040","org_005","ofisnaya mebel dlya zakupok","ofisnaya mebel dlya zakupok","2025-11-28T11:41:33.9931988Z"
"session_00001252","user_0040","org_005","obsluzhvaniye moskva","obsluzhvaniye moskva","2026-01-17T00:57:33.9931988Z"
"session_00001253","user_0040","org_005","printer municipal","printer municipal","2025-11-20T15:04:33.9931988Z"
"session_00001254","user_0040","org_005","tehpodderzhka municipal","tehpodderzhka municipal","2025-10-04T00:46:33.9931988Z"
"session_00001255","user_0040","org_005","stationery municipal","stationery municipal","2025-10-03T00:08:33.9931988Z"
"session_00001256","user_0040","org_005","bumaga dlya zakupok","bumaga dlya zakupok","2026-01-23T08:12:33.9931988Z"
"session_00001257","user_0040","org_005","katridzh moskva","katridzh moskva","2026-01-07T10:11:33.9931988Z"
"session_00001258","user_0040","org_005","bumga municipal","bumga municipal","2026-01-13T13:42:33.9931988Z"
"session_00001259","user_0040","org_005","klining portal postavshikov","klining portal postavshikov","2025-12-25T13:18:33.9931988Z"
"session_00001260","user_0040","org_005","klining municipal","klining municipal","2026-02-15T03:21:33.9931988Z"
"session_00001261","user_0040","org_005","soprovozhdenie municipal","soprovozhdenie municipal","2026-03-14T01:01:33.9931988Z"
"session_00001262","user_0040","org_005","kartridzh municipal","kartridzh municipal","2026-02-27T13:50:33.9931988Z"
"session_00001263","user_0040","org_005","bumaga moskva","bumaga moskva","2026-03-04T23:02:33.9931988Z"
"session_00001264","user_0040","org_005","autsorsing","autsorsing","2025-10-26T02:01:33.9931988Z"
"session_00001265","user_0040","org_005","soprovozhdenie municipal","soprovozhdenie municipal","2026-01-20T18:18:33.9931988Z"
"session_00001266","user_0040","org_005","printer portal postavshikov","printer portal postavshikov","2025-11-10T07:03:33.9931988Z"
"session_00001267","user_0040","org_005","kanctovri","kanctovri","2025-12-11T02:17:33.9931988Z"
"session_00001268","user_0040","org_005","soprovozhdenie dlya zakupok","soprovozhdenie dlya zakupok","2026-02-09T18:57:33.9931988Z"
"session_00001269","user_0040","org_005","autsorsing moskva","autsorsing moskva","2025-12-11T16:29:33.9931988Z"
"session_00001270","user_0040","org_005","kartridzh municipal","kartridzh municipal","2026-03-23T01:00:33.9931988Z"
"session_00001271","user_0040","org_005","klining dlya zakupok","klining dlya zakupok","2025-12-31T00:58:33.9931988Z"
"session_00001272","user_0040","org_005","printer","printer","2025-11-09T14:15:33.9931988Z"
"session_00001273","user_0040","org_005","klining","klining","2026-01-07T19:00:33.9931988Z"
"session_00001274","user_0040","org_005","tehpodderzhka municipal","tehpodderzhka municipal","2025-11-09T17:08:33.9931988Z"
"session_00001275","user_0040","org_005","office paper moskva","office paper moskva","2025-12-19T13:06:33.9931988Z"
"session_00001276","user_0040","org_005","printer","printer","2026-02-26T20:00:33.9931988Z"
"session_00001277","user_0040","org_005","obsluzhivanie municipal","obsluzhivanie municipal","2026-02-02T03:35:33.9931988Z"
"session_00001278","user_0040","org_005","kanctovary dlya zakupok","kanctovary dlya zakupok","2025-11-21T01:58:33.9931988Z"
"session_00001279","user_0040","org_005","kanctovary","kanctovary","2026-03-14T23:44:33.9931988Z"
"session_00001280","user_0040","org_005","it support","it support","2026-01-05T07:32:33.9931988Z"
"session_00001281","user_0040","org_005","klining","klining","2025-11-11T10:09:33.9931988Z"
"session_00001282","user_0040","org_005","bumaga municipal","bumaga municipal","2026-03-03T05:11:33.9931988Z"
"session_00001283","user_0040","org_005","klining municipal","klining municipal","2026-01-07T00:18:33.9931988Z"
"session_00001284","user_0040","org_005","ofisnaya mebel dlya zakupok","ofisnaya mebel dlya zakupok","2026-02-03T00:37:33.9931988Z"
"session_00001285","user_0040","org_005","klinng municipal","klinng municipal","2025-11-22T05:18:33.9931988Z"
"session_00001286","user_0040","org_005","ofisnaya mebel moskva","ofisnaya mebel moskva","2025-11-30T15:09:33.9931988Z"
"session_00001287","user_0041","org_006","arenda transporta municipal","arenda transporta municipal","2025-12-18T11:16:33.9931988Z"
"session_00001288","user_0041","org_006","bumaga","bumaga","2026-01-19T03:42:33.9931988Z"
"session_00001289","user_0041","org_006","arenda transporta dlya zakupok","arenda transporta dlya zakupok","2025-10-28T05:08:33.9931988Z"
"session_00001290","user_0041","org_006","printer","printer","2026-03-04T10:23:33.9931988Z"
"session_00001291","user_0041","org_006","passazhirskie perevozki municipal","passazhirskie perevozki municipal","2025-12-23T14:33:33.9931988Z"
"session_00001292","user_0041","org_006","ofisnaya mebel portal postavshikov","ofisnaya mebel portal postavshikov","2026-03-22T02:49:33.9931988Z"
"session_00001293","user_0041","org_006","mikroavtobus municipal","mikroavtobus municipal","2026-01-29T01:55:33.9931988Z"
"session_00001294","user_0041","org_006","kanctovri portal postavshikov","kanctovri portal postavshikov","2025-10-27T09:23:33.9931988Z"
"session_00001295","user_0041","org_006","bumaga municipal","bumaga municipal","2025-10-15T23:35:33.9931988Z"
"session_00001296","user_0041","org_006","ofisnaya mebel municipal","ofisnaya mebel municipal","2025-11-22T18:54:33.9931988Z"
"session_00001297","user_0041","org_006","bumaga portal postavshikov","bumaga portal postavshikov","2025-10-10T23:32:33.9931988Z"
"session_00001298","user_0041","org_006","ofisnaya mebel portal postavshikov","ofisnaya mebel portal postavshikov","2026-02-15T01:59:33.9931988Z"
"session_00001299","user_0041","org_006","logstika dlya zakupok","logstika dlya zakupok","2026-01-22T13:43:33.9931988Z"
"session_00001300","user_0041","org_006","print consumables portal postavshikov","print consumables portal postavshikov","2026-03-03T15:40:33.9931988Z"
"session_00001301","user_0041","org_006","bumaga moskva","bumaga moskva","2026-01-19T05:54:33.9931988Z"
"session_00001302","user_0041","org_006","office paper dlya zakupok","office paper dlya zakupok","2026-01-01T16:08:33.9931988Z"
"session_00001303","user_0041","org_006","mikroavtobus","mikroavtobus","2026-01-24T18:57:33.9931988Z"
"session_00001304","user_0041","org_006","arenda transporta moskva","arenda transporta moskva","2025-09-29T09:26:33.9931988Z"
"session_00001305","user_0041","org_006","aftobus municipal","aftobus municipal","2026-03-19T07:38:33.9931988Z"
"session_00001306","user_0041","org_006","kanctovary municipal","kanctovary municipal","2026-01-31T04:28:33.9931988Z"
"session_00001307","user_0041","org_006","mikroavtobus portal postavshikov","mikroavtobus portal postavshikov","2025-10-02T13:16:33.9931988Z"
"session_00001308","user_0041","org_006","mikroavtobus moskva","mikroavtobus moskva","2026-03-15T23:15:33.9931988Z"
"session_00001309","user_0041","org_006","logistika portal postavshikov","logistika portal postavshikov","2026-01-29T17:59:33.9931988Z"
"session_00001310","user_0041","org_006","arenda transporta","arenda transporta","2026-02-17T22:54:33.9931988Z"
"session_00001311","user_0041","org_006","minibus portal postavshikov","minibus portal postavshikov","2026-03-17T15:43:33.9931988Z"
"session_00001312","user_0041","org_006","minibus municipal","minibus municipal","2025-12-28T10:59:33.9931988Z"
"session_00001313","user_0041","org_006","passazhirskie perevozki moskva","passazhirskie perevozki moskva","2026-02-19T08:26:33.9931988Z"
"session_00001314","user_0041","org_006","ofisnaya mebel dlya zakupok","ofisnaya mebel dlya zakupok","2025-11-20T05:58:33.9931988Z"
"session_00001315","user_0041","org_006","avtobus","avtobus","2026-02-22T14:06:33.9931988Z"
"session_00001316","user_0041","org_006","mikroavtobus moskva","mikroavtobus moskva","2026-03-09T19:41:33.9931988Z"
"session_00001317","user_0041","org_006","bumaga municipal","bumaga municipal","2025-12-16T14:41:33.9931988Z"
"session_00001318","user_0041","org_006","passazhirskie perevozki moskva","passazhirskie perevozki moskva","2025-11-21T16:04:33.9931988Z"
"session_00001319","user_0041","org_006","passazhirskie perevozki portal postavshikov","passazhirskie perevozki portal postavshikov","2026-02-15T00:47:33.9931988Z"
"session_00001320","user_0041","org_006","ofisnaya mebel moskva","ofisnaya mebel moskva","2025-12-02T09:17:33.9931988Z"
"session_00001321","user_0042","org_006","logstika","logstika","2025-12-12T09:11:33.9931988Z"
"session_00001322","user_0042","org_006","kanctovri municipal","kanctovri municipal","2025-10-29T08:20:33.9931988Z"
"session_00001323","user_0042","org_006","logistika","logistika","2025-10-26T22:22:33.9931988Z"
"session_00001324","user_0042","org_006","logistika","logistika","2025-10-29T01:22:33.9931988Z"
"session_00001325","user_0042","org_006","logstika dlya zakupok","logstika dlya zakupok","2026-03-19T17:16:33.9931988Z"
"session_00001326","user_0042","org_006","ofisnaya mebel dlya zakupok","ofisnaya mebel dlya zakupok","2025-11-15T13:50:33.9931988Z"
"session_00001327","user_0042","org_006","logistika dlya zakupok","logistika dlya zakupok","2025-10-14T15:43:33.9931988Z"
"session_00001328","user_0042","org_006","arenda transporta","arenda transporta","2026-01-29T15:09:33.9931988Z"
"session_00001329","user_0042","org_006","ofisnaya mebel municipal","ofisnaya mebel municipal","2025-11-03T06:58:33.9931988Z"
"session_00001330","user_0042","org_006","arenda transporta portal postavshikov","arenda transporta portal postavshikov","2025-10-10T22:44:33.9931988Z"
"session_00001331","user_0042","org_006","arenda transporta portal postavshikov","arenda transporta portal postavshikov","2025-10-08T13:50:33.9931988Z"
"session_00001332","user_0042","org_006","marshrutny transport moskva","marshrutny transport moskva","2026-03-22T18:07:33.9931988Z"
"session_00001333","user_0042","org_006","passazhirskie perevozki portal postavshikov","passazhirskie perevozki portal postavshikov","2025-12-08T03:11:33.9931988Z"
"session_00001334","user_0042","org_006","transportnaya logistika moskva","transportnaya logistika moskva","2026-03-14T20:35:33.9931988Z"
"session_00001335","user_0042","org_006","passazhirskie perevozki dlya zakupok","passazhirskie perevozki dlya zakupok","2025-12-20T13:07:33.9931988Z"
"session_00001336","user_0042","org_006","passazhirskie perevozki moskva","passazhirskie perevozki moskva","2025-11-09T13:41:33.9931988Z"
"session_00001337","user_0042","org_006","marshrutny transport portal postavshikov","marshrutny transport portal postavshikov","2026-01-27T10:56:33.9931988Z"
"session_00001338","user_0042","org_006","kanctovary","kanctovary","2025-11-17T08:29:33.9931988Z"
"session_00001339","user_0042","org_006","printer dlya zakupok","printer dlya zakupok","2025-12-20T17:19:33.9931988Z"
"session_00001340","user_0042","org_006","ofisnaya mebel","ofisnaya mebel","2026-01-30T23:07:33.9931988Z"
"session_00001341","user_0042","org_006","katridzh municipal","katridzh municipal","2025-12-17T07:50:33.9931988Z"
"session_00001342","user_0042","org_006","avtobus moskva","avtobus moskva","2026-03-25T11:46:33.9931988Z"
"session_00001343","user_0042","org_006","toner","toner","2026-03-14T21:03:33.9931988Z"
"session_00001344","user_0042","org_006","arenda transporta municipal","arenda transporta municipal","2025-11-04T08:36:33.9931988Z"
"session_00001345","user_0042","org_006","ofisnaya mebel portal postavshikov","ofisnaya mebel portal postavshikov","2026-03-27T04:01:33.9931988Z"
"session_00001346","user_0042","org_006","avtobus dlya zakupok","avtobus dlya zakupok","2025-09-29T22:09:33.9931988Z"
"session_00001347","user_0042","org_006","arenda transporta dlya zakupok","arenda transporta dlya zakupok","2025-12-19T03:17:33.9931988Z"
"session_00001348","user_0042","org_006","bumaga dlya zakupok","bumaga dlya zakupok","2025-11-16T04:08:33.9931988Z"
"session_00001349","user_0042","org_006","logistika moskva","logistika moskva","2026-01-21T09:10:33.9931988Z"
"session_00001350","user_0042","org_006","ofisnaya mebel portal postavshikov","ofisnaya mebel portal postavshikov","2025-11-20T06:53:33.9931988Z"
"session_00001351","user_0042","org_006","passazhirskie perevozki dlya zakupok","passazhirskie perevozki dlya zakupok","2026-02-13T16:59:33.9931988Z"
"session_00001352","user_0042","org_006","paper","paper","2026-03-27T08:58:33.9931988Z"
"session_00001353","user_0042","org_006","passazhirskie perevozki moskva","passazhirskie perevozki moskva","2025-10-09T03:34:33.9931988Z"
"session_00001354","user_0042","org_006","arenda transporta moskva","arenda transporta moskva","2026-01-28T00:35:33.9931988Z"
"session_00001355","user_0043","org_006","uborka pomescheniy municipal","uborka pomescheniy municipal","2026-02-27T21:31:33.9931988Z"
"session_00001356","user_0043","org_006","rabochaya stanciya portal postavshikov","rabochaya stanciya portal postavshikov","2025-12-28T15:28:33.9931988Z"
"session_00001357","user_0043","org_006","klinng","klinng","2025-11-28T00:07:33.9931988Z"
"session_00001358","user_0043","org_006","autsorsing portal postavshikov","autsorsing portal postavshikov","2025-11-01T22:33:33.9931988Z"
"session_00001359","user_0043","org_006","soprovozhdenie portal postavshikov","soprovozhdenie portal postavshikov","2025-11-22T18:50:33.9931988Z"
"session_00001360","user_0043","org_006","rabochaya stanciya","rabochaya stanciya","2025-11-23T17:33:33.9931988Z"
"session_00001361","user_0043","org_006","serer moskva","serer moskva","2026-03-13T06:49:33.9931988Z"
"session_00001362","user_0043","org_006","setevoe oborudovanie","setevoe oborudovanie","2026-03-05T14:39:33.9931988Z"
"session_00001363","user_0043","org_006","kommutator","kommutator","2025-10-20T23:09:33.9931988Z"
"session_00001364","user_0043","org_006","autsorsing","autsorsing","2025-10-28T15:21:33.9931988Z"
"session_00001365","user_0043","org_006","rabochaya stanciya","rabochaya stanciya","2026-03-08T15:39:33.9931988Z"
"session_00001366","user_0043","org_006","soprovozhdenie municipal","soprovozhdenie municipal","2026-01-29T18:19:33.9931988Z"
"session_00001367","user_0043","org_006","setevoy kommutator","setevoy kommutator","2026-03-27T13:05:33.9931988Z"
"session_00001368","user_0043","org_006","rabochaya stanciya dlya zakupok","rabochaya stanciya dlya zakupok","2025-11-20T10:45:33.9931988Z"
"session_00001369","user_0043","org_006","cleaning service","cleaning service","2025-10-30T03:17:33.9931988Z"
"session_00001370","user_0043","org_006","autsorsing dlya zakupok","autsorsing dlya zakupok","2026-02-25T23:20:33.9931988Z"
"session_00001371","user_0043","org_006","server dlya zakupok","server dlya zakupok","2025-10-01T15:50:33.9931988Z"
"session_00001372","user_0043","org_006","noutbuk","noutbuk","2025-11-21T17:33:33.9931988Z"
"session_00001373","user_0043","org_006","server dlya zakupok","server dlya zakupok","2026-03-08T17:31:33.9931988Z"
"session_00001374","user_0043","org_006","server dlya zakupok","server dlya zakupok","2025-12-18T08:33:33.9931988Z"
"session_00001375","user_0043","org_006","klining","klining","2025-11-30T08:03:33.9931988Z"
"session_00001376","user_0043","org_006","komutator portal postavshikov","komutator portal postavshikov","2026-03-13T05:23:33.9931988Z"
"session_00001377","user_0043","org_006","serer municipal","serer municipal","2026-03-06T08:50:33.9931988Z"
"session_00001378","user_0043","org_006","kommutator","kommutator","2026-01-28T09:37:33.9931988Z"
"session_00001379","user_0043","org_006","kommutator moskva","kommutator moskva","2025-09-29T07:56:33.9931988Z"
"session_00001380","user_0043","org_006","setevoy kommutator portal postavshikov","setevoy kommutator portal postavshikov","2025-12-03T17:39:33.9931988Z"
"session_00001381","user_0043","org_006","noutbuk dlya zakupok","noutbuk dlya zakupok","2026-03-09T13:49:33.9931988Z"
"session_00001382","user_0043","org_006","autsorsing municipal","autsorsing municipal","2025-12-24T16:18:33.9931988Z"
"session_00001383","user_0043","org_006","klinng municipal","klinng municipal","2026-03-03T12:00:33.9931988Z"
"session_00001384","user_0044","org_006","printer","printer","2026-03-11T10:33:33.9931988Z"
"session_00001385","user_0044","org_006","ofisnaya mebel dlya zakupok","ofisnaya mebel dlya zakupok","2025-12-06T13:35:33.9931988Z"
"session_00001386","user_0044","org_006","arenda transporta municipal","arenda transporta municipal","2025-10-22T15:18:33.9931988Z"
"session_00001387","user_0044","org_006","passazhirskie perevozki dlya zakupok","passazhirskie perevozki dlya zakupok","2025-12-10T00:33:33.9931988Z"
"session_00001388","user_0044","org_006","bumga","bumga","2025-10-16T00:04:33.9931988Z"
"session_00001389","user_0044","org_006","arenda transporta moskva","arenda transporta moskva","2025-12-01T09:33:33.9931988Z"
"session_00001390","user_0044","org_006","printer","printer","2026-03-12T08:13:33.9931988Z"
"session_00001391","user_0044","org_006","ofisnaya mebel","ofisnaya mebel","2025-10-31T13:36:33.9931988Z"
"session_00001392","user_0044","org_006","kartridzh moskva","kartridzh moskva","2025-12-10T17:04:33.9931988Z"
"session_00001393","user_0044","org_006","ofisnaya mebel moskva","ofisnaya mebel moskva","2026-02-02T15:48:33.9931988Z"
"session_00001394","user_0044","org_006","printer portal postavshikov","printer portal postavshikov","2025-10-21T12:51:33.9931988Z"
"session_00001395","user_0044","org_006","transportnaya logistika","transportnaya logistika","2025-12-05T15:14:33.9931988Z"
"session_00001396","user_0044","org_006","bumaga portal postavshikov","bumaga portal postavshikov","2026-03-17T14:29:33.9931988Z"
"session_00001397","user_0044","org_006","ofisnaya mebel municipal","ofisnaya mebel municipal","2025-10-28T05:04:33.9931988Z"
"session_00001398","user_0044","org_006","transportnaya logistika municipal","transportnaya logistika municipal","2025-12-01T10:32:33.9931988Z"
"session_00001399","user_0044","org_006","arenda transporta municipal","arenda transporta municipal","2025-10-08T06:24:33.9931988Z"
"session_00001400","user_0044","org_006","printer portal postavshikov","printer portal postavshikov","2026-02-09T14:44:33.9931988Z"
"session_00001401","user_0044","org_006","office supplies moskva","office supplies moskva","2025-11-16T06:03:33.9931988Z"
"session_00001402","user_0044","org_006","kartridzh dlya zakupok","kartridzh dlya zakupok","2026-01-04T00:52:33.9931988Z"
"session_00001403","user_0044","org_006","kartridzh dlya zakupok","kartridzh dlya zakupok","2025-11-08T21:58:33.9931988Z"
"session_00001404","user_0044","org_006","kartridzh","kartridzh","2025-11-16T15:39:33.9931988Z"
"session_00001405","user_0044","org_006","stationery municipal","stationery municipal","2026-01-10T06:02:33.9931988Z"
"session_00001406","user_0044","org_006","kanctovary","kanctovary","2025-11-23T02:37:33.9931988Z"
"session_00001407","user_0044","org_006","mikroaftobus municipal","mikroaftobus municipal","2026-01-26T08:33:33.9931988Z"
"session_00001408","user_0044","org_006","ofisnaya mebel portal postavshikov","ofisnaya mebel portal postavshikov","2025-10-31T15:00:33.9931988Z"
"session_00001409","user_0044","org_006","ofisnaya mebel dlya zakupok","ofisnaya mebel dlya zakupok","2026-01-19T03:10:33.9931988Z"
"session_00001410","user_0044","org_006","printer dlya zakupok","printer dlya zakupok","2025-10-25T16:57:33.9931988Z"
"session_00001411","user_0044","org_006","logistika","logistika","2026-02-18T12:15:33.9931988Z"
"session_00001412","user_0044","org_006","arenda transporta","arenda transporta","2025-12-23T06:12:33.9931988Z"
"session_00001413","user_0044","org_006","passazhirskie perevozki portal postavshikov","passazhirskie perevozki portal postavshikov","2026-01-15T04:18:33.9931988Z"
"session_00001414","user_0044","org_006","bumaga","bumaga","2025-10-28T23:11:33.9931988Z"
"session_00001415","user_0044","org_006","logistika","logistika","2026-03-09T19:53:33.9931988Z"
"session_00001416","user_0044","org_006","passazhirskie perevozki dlya zakupok","passazhirskie perevozki dlya zakupok","2026-01-17T20:33:33.9931988Z"
"session_00001417","user_0044","org_006","avtobus portal postavshikov","avtobus portal postavshikov","2025-12-23T20:12:33.9931988Z"
"session_00001418","user_0044","org_006","arenda transporta municipal","arenda transporta municipal","2026-03-12T13:18:33.9931988Z"
"session_00001419","user_0044","org_006","ofisnaya mebel","ofisnaya mebel","2025-11-24T19:05:33.9931988Z"
"session_00001420","user_0045","org_006","server portal postavshikov","server portal postavshikov","2025-10-13T09:05:33.9931988Z"
"session_00001421","user_0045","org_006","office paper dlya zakupok","office paper dlya zakupok","2025-11-16T14:27:33.9931988Z"
"session_00001422","user_0045","org_006","kanctovary dlya zakupok","kanctovary dlya zakupok","2026-03-12T05:56:33.9931988Z"
"session_00001423","user_0045","org_006","setevoe oborudovanie moskva","setevoe oborudovanie moskva","2025-11-21T06:35:33.9931988Z"
"session_00001424","user_0045","org_006","komutator moskva","komutator moskva","2026-01-17T13:51:33.9931988Z"
"session_00001425","user_0045","org_006","office paper municipal","office paper municipal","2026-01-17T00:22:33.9931988Z"
"session_00001426","user_0045","org_006","mobilnaya rabochaya stanciya","mobilnaya rabochaya stanciya","2025-11-25T18:37:33.9931988Z"
"session_00001427","user_0045","org_006","noutbuk","noutbuk","2026-01-04T03:34:33.9931988Z"
"session_00001428","user_0045","org_006","printer dlya zakupok","printer dlya zakupok","2026-03-20T16:57:33.9931988Z"
"session_00001429","user_0045","org_006","ofisnaya mebel","ofisnaya mebel","2025-11-06T23:33:33.9931988Z"
"session_00001430","user_0045","org_006","printer","printer","2025-10-15T11:26:33.9931988Z"
"session_00001431","user_0045","org_006","setevoe oborudovanie dlya zakupok","setevoe oborudovanie dlya zakupok","2025-10-26T11:38:33.9931988Z"
"session_00001432","user_0045","org_006","setevoe oborudovanie municipal","setevoe oborudovanie municipal","2025-10-21T16:00:33.9931988Z"
"session_00001433","user_0045","org_006","katridzh municipal","katridzh municipal","2026-01-16T00:28:33.9931988Z"
"session_00001434","user_0045","org_006","katridzh municipal","katridzh municipal","2025-12-31T04:21:33.9931988Z"
"session_00001435","user_0045","org_006","printer moskva","printer moskva","2026-02-21T21:48:33.9931988Z"
"session_00001436","user_0045","org_006","kanctovri","kanctovri","2026-02-19T16:01:33.9931988Z"
"session_00001437","user_0045","org_006","noutbuk dlya zakupok","noutbuk dlya zakupok","2026-02-10T05:29:33.9931988Z"
"session_00001438","user_0045","org_006","printer","printer","2025-11-15T21:57:33.9931988Z"
"session_00001439","user_0045","org_006","kommutator dlya zakupok","kommutator dlya zakupok","2025-12-11T04:14:33.9931988Z"
"session_00001440","user_0045","org_006","rabochaya stanciya","rabochaya stanciya","2026-01-16T15:07:33.9931988Z"
"session_00001441","user_0045","org_006","printer portal postavshikov","printer portal postavshikov","2025-11-24T07:38:33.9931988Z"
"session_00001442","user_0045","org_006","kartridzh dlya zakupok","kartridzh dlya zakupok","2025-11-10T17:41:33.9931988Z"
"session_00001443","user_0045","org_006","rabochaya stanciya portal postavshikov","rabochaya stanciya portal postavshikov","2025-12-09T02:27:33.9931988Z"
"session_00001444","user_0045","org_006","kommutator municipal","kommutator municipal","2025-10-20T16:36:33.9931988Z"
"session_00001445","user_0045","org_006","noutbuk dlya zakupok","noutbuk dlya zakupok","2026-01-10T18:30:33.9931988Z"
"session_00001446","user_0045","org_006","laptop moskva","laptop moskva","2025-10-11T13:25:33.9931988Z"
"session_00001447","user_0045","org_006","kartridzh moskva","kartridzh moskva","2026-03-15T22:01:33.9931988Z"
"session_00001448","user_0045","org_006","komutator moskva","komutator moskva","2025-10-22T16:33:33.9931988Z"
"session_00001449","user_0045","org_006","noutbuk municipal","noutbuk municipal","2026-01-27T18:43:33.9931988Z"
"session_00001450","user_0045","org_006","server dlya zakupok","server dlya zakupok","2025-09-29T13:43:33.9931988Z"
"session_00001451","user_0045","org_006","kartridzh portal postavshikov","kartridzh portal postavshikov","2025-10-18T12:02:33.9931988Z"
"session_00001452","user_0045","org_006","kanctovri moskva","kanctovri moskva","2026-02-01T00:18:33.9931988Z"
"session_00001453","user_0045","org_006","setevoe oborudovanie portal postavshikov","setevoe oborudovanie portal postavshikov","2025-10-29T03:44:33.9931988Z"
"session_00001454","user_0045","org_006","ofisnaya mebel","ofisnaya mebel","2026-02-26T19:19:33.9931988Z"
"session_00001455","user_0045","org_006","server portal postavshikov","server portal postavshikov","2026-02-28T03:40:33.9931988Z"
"session_00001456","user_0046","org_006","rabochaya stanciya moskva","rabochaya stanciya moskva","2025-10-23T19:10:33.9931988Z"
"session_00001457","user_0046","org_006","serer moskva","serer moskva","2026-01-27T08:50:33.9931988Z"
"session_00001458","user_0046","org_006","kommutator","kommutator","2026-02-12T06:30:33.9931988Z"
"session_00001459","user_0046","org_006","server moskva","server moskva","2025-11-05T02:52:33.9931988Z"
"session_00001460","user_0046","org_006","mikroavtobus municipal","mikroavtobus municipal","2026-02-03T08:43:33.9931988Z"
"session_00001461","user_0046","org_006","setevoe oborudovanie moskva","setevoe oborudovanie moskva","2025-11-26T12:03:33.9931988Z"
"session_00001462","user_0046","org_006","noutbuk","noutbuk","2026-02-06T02:36:33.9931988Z"
"session_00001463","user_0046","org_006","switch portal postavshikov","switch portal postavshikov","2025-12-25T22:53:33.9931988Z"
"session_00001464","user_0046","org_006","setevoe oborudovanie","setevoe oborudovanie","2026-01-23T14:55:33.9931988Z"
"session_00001465","user_0046","org_006","server","server","2025-11-13T18:55:33.9931988Z"
"session_00001466","user_0046","org_006","passazhirskie perevozki portal postavshikov","passazhirskie perevozki portal postavshikov","2026-02-21T22:11:33.9931988Z"
"session_00001467","user_0046","org_006","switch portal postavshikov","switch portal postavshikov","2025-12-07T14:27:33.9931988Z"
"session_00001468","user_0046","org_006","avtobus moskva","avtobus moskva","2025-11-20T08:48:33.9931988Z"
"session_00001469","user_0046","org_006","rabochaya stanciya dlya zakupok","rabochaya stanciya dlya zakupok","2026-01-19T13:23:33.9931988Z"
"session_00001470","user_0046","org_006","passazhirskie perevozki","passazhirskie perevozki","2025-12-08T10:35:33.9931988Z"
"session_00001471","user_0046","org_006","arenda transporta dlya zakupok","arenda transporta dlya zakupok","2026-03-10T08:14:33.9931988Z"
"session_00001472","user_0046","org_006","mikroavtobus portal postavshikov","mikroavtobus portal postavshikov","2025-11-02T12:28:33.9931988Z"
"session_00001473","user_0046","org_006","avtobus dlya zakupok","avtobus dlya zakupok","2025-10-31T11:47:33.9931988Z"
"session_00001474","user_0046","org_006","passazhirskie perevozki","passazhirskie perevozki","2026-01-06T03:25:33.9931988Z"
"session_00001475","user_0046","org_006","setevoe oborudovanie moskva","setevoe oborudovanie moskva","2026-02-10T16:03:33.9931988Z"
"session_00001476","user_0046","org_006","avtobus","avtobus","2026-01-07T11:14:33.9931988Z"
"session_00001477","user_0046","org_006","avtobus moskva","avtobus moskva","2025-12-03T14:06:33.9931988Z"
"session_00001478","user_0046","org_006","logistika","logistika","2025-11-26T15:15:33.9931988Z"
"session_00001479","user_0046","org_006","passazhirskie perevozki municipal","passazhirskie perevozki municipal","2025-12-28T13:02:33.9931988Z"
"session_00001480","user_0046","org_006","arenda transporta municipal","arenda transporta municipal","2025-11-23T06:04:33.9931988Z"
"session_00001481","user_0046","org_006","server municipal","server municipal","2025-11-25T18:46:33.9931988Z"
"session_00001482","user_0046","org_006","servernoe oborudovanie municipal","servernoe oborudovanie municipal","2026-01-16T09:45:33.9931988Z"
"session_00001483","user_0046","org_006","passazhirskie perevozki portal postavshikov","passazhirskie perevozki portal postavshikov","2026-01-03T22:25:33.9931988Z"
"session_00001484","user_0046","org_006","logstika dlya zakupok","logstika dlya zakupok","2025-10-03T01:53:33.9931988Z"
"session_00001485","user_0046","org_006","passazhirskie perevozki dlya zakupok","passazhirskie perevozki dlya zakupok","2026-02-20T09:08:33.9931988Z"
"session_00001486","user_0047","org_006","kanctovary municipal","kanctovary municipal","2025-12-30T03:06:33.9931988Z"
"session_00001487","user_0047","org_006","office supplies","office supplies","2026-01-15T03:21:33.9931988Z"
"session_00001488","user_0047","org_006","mikroavtobus","mikroavtobus","2025-12-27T21:45:33.9931988Z"
"session_00001489","user_0047","org_006","kanctovary portal postavshikov","kanctovary portal postavshikov","2026-03-11T08:38:33.9931988Z"
"session_00001490","user_0047","org_006","mikroaftobus municipal","mikroaftobus municipal","2025-12-17T12:49:33.9931988Z"
"session_00001491","user_0047","org_006","avtobus dlya zakupok","avtobus dlya zakupok","2025-12-02T12:20:33.9931988Z"
"session_00001492","user_0047","org_006","kartridzh moskva","kartridzh moskva","2025-12-21T18:38:33.9931988Z"
"session_00001493","user_0047","org_006","printer portal postavshikov","printer portal postavshikov","2025-12-06T17:09:33.9931988Z"
"session_00001494","user_0047","org_006","stationery dlya zakupok","stationery dlya zakupok","2025-12-27T05:05:33.9931988Z"
"session_00001495","user_0047","org_006","printer moskva","printer moskva","2025-10-29T18:54:33.9931988Z"
"session_00001496","user_0047","org_006","aftobus","aftobus","2025-11-30T19:44:33.9931988Z"
"session_00001497","user_0047","org_006","kanctovri","kanctovri","2025-10-28T06:40:33.9931988Z"
"session_00001498","user_0047","org_006","arenda transporta moskva","arenda transporta moskva","2026-02-22T19:54:33.9931988Z"
"session_00001499","user_0047","org_006","avtobus portal postavshikov","avtobus portal postavshikov","2025-11-17T18:50:33.9931988Z"
"session_00001500","user_0047","org_006","katridzh dlya zakupok","katridzh dlya zakupok","2025-10-23T06:37:33.9931988Z"
"session_00001501","user_0047","org_006","kartridzh municipal","kartridzh municipal","2025-12-28T06:47:33.9931988Z"
"session_00001502","user_0047","org_006","arenda transporta municipal","arenda transporta municipal","2026-01-17T19:36:33.9931988Z"
"session_00001503","user_0047","org_006","printer municipal","printer municipal","2026-03-04T21:06:33.9931988Z"
"session_00001504","user_0047","org_006","bumaga portal postavshikov","bumaga portal postavshikov","2026-02-05T02:43:33.9931988Z"
"session_00001505","user_0047","org_006","printer dlya zakupok","printer dlya zakupok","2026-01-28T04:53:33.9931988Z"
"session_00001506","user_0047","org_006","kartridzh moskva","kartridzh moskva","2026-01-08T23:01:33.9931988Z"
"session_00001507","user_0047","org_006","kartridzh moskva","kartridzh moskva","2025-10-31T08:30:33.9931988Z"
"session_00001508","user_0047","org_006","ofisnaya mebel portal postavshikov","ofisnaya mebel portal postavshikov","2026-02-22T10:22:33.9931988Z"
"session_00001509","user_0047","org_006","aftobus moskva","aftobus moskva","2025-10-21T20:32:33.9931988Z"
"session_00001510","user_0047","org_006","ofisnaya mebel municipal","ofisnaya mebel municipal","2025-10-15T22:09:33.9931988Z"
"session_00001511","user_0047","org_006","bumaga municipal","bumaga municipal","2025-11-10T21:39:33.9931988Z"
"session_00001512","user_0047","org_006","ofisnaya mebel dlya zakupok","ofisnaya mebel dlya zakupok","2026-02-10T01:39:33.9931988Z"
"session_00001513","user_0047","org_006","perevozki portal postavshikov","perevozki portal postavshikov","2025-10-25T00:06:33.9931988Z"
"session_00001514","user_0047","org_006","printer dlya zakupok","printer dlya zakupok","2025-11-04T16:23:33.9931988Z"
"session_00001515","user_0048","org_006","kommutator moskva","kommutator moskva","2026-01-09T07:03:33.9931988Z"
"session_00001516","user_0048","org_006","logistika moskva","logistika moskva","2026-02-28T15:20:33.9931988Z"
"session_00001517","user_0048","org_006","perevozki dlya zakupok","perevozki dlya zakupok","2025-12-23T09:16:33.9931988Z"
"session_00001518","user_0048","org_006","passazhirskie perevozki portal postavshikov","passazhirskie perevozki portal postavshikov","2025-12-26T13:36:33.9931988Z"
"session_00001519","user_0048","org_006","noutbuk municipal","noutbuk municipal","2026-03-19T05:20:33.9931988Z"
"session_00001520","user_0048","org_006","rabochaya stanciya moskva","rabochaya stanciya moskva","2025-12-06T02:50:33.9931988Z"
"session_00001521","user_0048","org_006","server municipal","server municipal","2025-09-30T11:18:33.9931988Z"
"session_00001522","user_0048","org_006","server portal postavshikov","server portal postavshikov","2025-12-22T20:41:33.9931988Z"
"session_00001523","user_0048","org_006","logistika municipal","logistika municipal","2026-03-25T03:31:33.9931988Z"
"session_00001524","user_0048","org_006","noutbuk moskva","noutbuk moskva","2026-02-13T16:24:33.9931988Z"
"session_00001525","user_0048","org_006","arenda transporta dlya zakupok","arenda transporta dlya zakupok","2025-12-22T16:07:33.9931988Z"
"session_00001526","user_0048","org_006","server portal postavshikov","server portal postavshikov","2026-02-25T23:38:33.9931988Z"
"session_00001527","user_0048","org_006","rabochaya stanciya municipal","rabochaya stanciya municipal","2025-11-14T12:34:33.9931988Z"
"session_00001528","user_0048","org_006","passazhirskie perevozki","passazhirskie perevozki","2026-01-13T17:36:33.9931988Z"
"session_00001529","user_0048","org_006","rabochaya stanciya dlya zakupok","rabochaya stanciya dlya zakupok","2025-11-13T06:34:33.9931988Z"
"session_00001530","user_0048","org_006","noutbuk municipal","noutbuk municipal","2026-03-16T23:58:33.9931988Z"
"session_00001531","user_0048","org_006","switch dlya zakupok","switch dlya zakupok","2026-03-09T03:19:33.9931988Z"
"session_00001532","user_0048","org_006","passazhirskie perevozki municipal","passazhirskie perevozki municipal","2025-10-09T14:59:33.9931988Z"
"session_00001533","user_0048","org_006","setevoe oborudovanie portal postavshikov","setevoe oborudovanie portal postavshikov","2025-11-12T11:57:33.9931988Z"
"session_00001534","user_0048","org_006","mikroavtobus portal postavshikov","mikroavtobus portal postavshikov","2026-03-25T10:30:33.9931988Z"
"session_00001535","user_0048","org_006","kommutator","kommutator","2025-12-04T16:37:33.9931988Z"
"session_00001536","user_0048","org_006","mikroavtobus moskva","mikroavtobus moskva","2025-11-25T16:21:33.9931988Z"
"session_00001537","user_0048","org_006","setevoe oborudovanie","setevoe oborudovanie","2026-01-21T14:54:33.9931988Z"
"session_00001538","user_0048","org_006","noutbuk","noutbuk","2025-10-01T13:23:33.9931988Z"
"session_00001539","user_0048","org_006","avtobus municipal","avtobus municipal","2025-11-17T14:20:33.9931988Z"
"session_00001540","user_0048","org_006","arenda transporta moskva","arenda transporta moskva","2026-02-02T14:50:33.9931988Z"
"session_00001541","user_0048","org_006","rabochaya stanciya","rabochaya stanciya","2026-01-24T06:13:33.9931988Z"
"session_00001542","user_0048","org_006","arenda transporta dlya zakupok","arenda transporta dlya zakupok","2026-03-13T04:16:33.9931988Z"
"session_00001543","user_0048","org_006","logistika","logistika","2025-11-19T07:56:33.9931988Z"
"session_00001544","user_0048","org_006","rabochaya stanciya moskva","rabochaya stanciya moskva","2025-12-16T18:47:33.9931988Z"
"session_00001545","user_0048","org_006","setevoy kommutator portal postavshikov","setevoy kommutator portal postavshikov","2026-03-07T16:31:33.9931988Z"
"session_00001546","user_0049","org_007","bumga moskva","bumga moskva","2025-12-30T14:08:33.9931988Z"
"session_00001547","user_0049","org_007","ofisnaya mebel","ofisnaya mebel","2025-12-05T19:01:33.9931988Z"
"session_00001548","user_0049","org_007","tehpodderzhka moskva","tehpodderzhka moskva","2025-10-04T18:38:33.9931988Z"
"session_00001549","user_0049","org_007","autsorsing municipal","autsorsing municipal","2026-02-05T01:38:33.9931988Z"
"session_00001550","user_0049","org_007","kartridzh","kartridzh","2025-11-17T03:05:33.9931988Z"
"session_00001551","user_0049","org_007","bumaga moskva","bumaga moskva","2026-01-30T10:58:33.9931988Z"
"session_00001552","user_0049","org_007","tehpodderzka dlya zakupok","tehpodderzka dlya zakupok","2025-10-02T05:28:33.9931988Z"
"session_00001553","user_0049","org_007","kanctovary","kanctovary","2025-12-16T12:28:33.9931988Z"
"session_00001554","user_0049","org_007","klining dlya zakupok","klining dlya zakupok","2025-11-03T18:38:33.9931988Z"
"session_00001555","user_0049","org_007","printer dlya zakupok","printer dlya zakupok","2026-02-16T10:33:33.9931988Z"
"session_00001556","user_0049","org_007","ofisnaya mebel dlya zakupok","ofisnaya mebel dlya zakupok","2026-01-24T01:50:33.9931988Z"
"session_00001557","user_0049","org_007","klinng moskva","klinng moskva","2026-03-02T22:01:33.9931988Z"
"session_00001558","user_0049","org_007","kanctovri moskva","kanctovri moskva","2025-10-28T20:04:33.9931988Z"
"session_00001559","user_0049","org_007","autsorsing","autsorsing","2025-10-31T21:27:33.9931988Z"
"session_00001560","user_0049","org_007","kartridzh dlya zakupok","kartridzh dlya zakupok","2025-10-29T12:58:33.9931988Z"
"session_00001561","user_0049","org_007","klining dlya zakupok","klining dlya zakupok","2026-01-24T20:16:33.9931988Z"
"session_00001562","user_0049","org_007","ekspluataciya","ekspluataciya","2026-01-27T13:15:33.9931988Z"
"session_00001563","user_0049","org_007","printer municipal","printer municipal","2025-10-26T12:05:33.9931988Z"
"session_00001564","user_0049","org_007","klining portal postavshikov","klining portal postavshikov","2026-02-10T20:21:33.9931988Z"
"session_00001565","user_0049","org_007","autsorsing dlya zakupok","autsorsing dlya zakupok","2026-01-28T14:04:33.9931988Z"
"session_00001566","user_0049","org_007","bumaga moskva","bumaga moskva","2026-01-03T05:46:33.9931988Z"
"session_00001567","user_0049","org_007","autsorsing","autsorsing","2026-02-13T21:53:33.9931988Z"
"session_00001568","user_0049","org_007","ekspluataciya moskva","ekspluataciya moskva","2026-03-04T23:59:33.9931988Z"
"session_00001569","user_0049","org_007","obsluzhivanie portal postavshikov","obsluzhivanie portal postavshikov","2026-01-10T12:29:33.9931988Z"
"session_00001570","user_0049","org_007","soprovozhdenie","soprovozhdenie","2025-10-10T19:59:33.9931988Z"
"session_00001571","user_0049","org_007","kanctovary","kanctovary","2026-02-07T09:08:33.9931988Z"
"session_00001572","user_0049","org_007","printer dlya zakupok","printer dlya zakupok","2026-03-08T01:56:33.9931988Z"
"session_00001573","user_0049","org_007","tehpodderzhka","tehpodderzhka","2025-10-22T02:13:33.9931988Z"
"session_00001574","user_0049","org_007","printer","printer","2026-02-13T00:03:33.9931988Z"
"session_00001575","user_0050","org_007","tehpodderzhka","tehpodderzhka","2025-11-05T08:15:33.9931988Z"
"session_00001576","user_0050","org_007","obsluzhivanie municipal","obsluzhivanie municipal","2026-01-16T19:25:33.9931988Z"
"session_00001577","user_0050","org_007","kommutator portal postavshikov","kommutator portal postavshikov","2025-12-16T12:50:33.9931988Z"
"session_00001578","user_0050","org_007","mobilnaya rabochaya stanciya portal postavshikov","mobilnaya rabochaya stanciya portal postavshikov","2025-12-29T08:35:33.9931988Z"
"session_00001579","user_0050","org_007","rabochaya stanciya portal postavshikov","rabochaya stanciya portal postavshikov","2025-11-18T16:27:33.9931988Z"
"session_00001580","user_0050","org_007","mobilnaya rabochaya stanciya municipal","mobilnaya rabochaya stanciya municipal","2025-10-11T16:28:33.9931988Z"
"session_00001581","user_0050","org_007","soprovozhdenie moskva","soprovozhdenie moskva","2026-01-26T06:25:33.9931988Z"
"session_00001582","user_0050","org_007","tehpodderzka municipal","tehpodderzka municipal","2025-12-24T13:18:33.9931988Z"
"session_00001583","user_0050","org_007","setevoe oborudovanie moskva","setevoe oborudovanie moskva","2026-01-27T19:57:33.9931988Z"
"session_00001584","user_0050","org_007","obsluzhivanie","obsluzhivanie","2025-11-02T01:29:33.9931988Z"
"session_00001585","user_0050","org_007","setevoe oborudovanie portal postavshikov","setevoe oborudovanie portal postavshikov","2026-02-08T16:58:33.9931988Z"
"session_00001586","user_0050","org_007","autsorsing dlya zakupok","autsorsing dlya zakupok","2026-02-09T15:31:33.9931988Z"
"session_00001587","user_0050","org_007","kommutator","kommutator","2026-01-24T09:49:33.9931988Z"
"session_00001588","user_0050","org_007","klinng","klinng","2025-12-02T22:55:33.9931988Z"
"session_00001589","user_0050","org_007","kommutator municipal","kommutator municipal","2025-12-22T06:16:33.9931988Z"
"session_00001590","user_0050","org_007","klining moskva","klining moskva","2026-02-17T06:52:33.9931988Z"
"session_00001591","user_0050","org_007","soprovozhdenie municipal","soprovozhdenie municipal","2026-01-16T05:37:33.9931988Z"
"session_00001592","user_0050","org_007","noutbuk portal postavshikov","noutbuk portal postavshikov","2025-10-09T20:44:33.9931988Z"
"session_00001593","user_0050","org_007","server","server","2025-12-01T17:24:33.9931988Z"
"session_00001594","user_0050","org_007","kommutator municipal","kommutator municipal","2026-03-05T14:01:33.9931988Z"
"session_00001595","user_0050","org_007","tehpodderzhka dlya zakupok","tehpodderzhka dlya zakupok","2026-01-12T21:53:33.9931988Z"
"session_00001596","user_0050","org_007","soprovozhdenie","soprovozhdenie","2025-10-07T08:46:33.9931988Z"
"session_00001597","user_0050","org_007","setevoe oborudovanie portal postavshikov","setevoe oborudovanie portal postavshikov","2026-02-09T17:40:33.9931988Z"
"session_00001598","user_0050","org_007","noutbuk","noutbuk","2026-01-17T04:12:33.9931988Z"
"session_00001599","user_0050","org_007","noutbuk portal postavshikov","noutbuk portal postavshikov","2025-10-01T04:59:33.9931988Z"
"session_00001600","user_0050","org_007","autsorsing","autsorsing","2025-11-26T20:16:33.9931988Z"
"session_00001601","user_0050","org_007","rabochaya stanciya moskva","rabochaya stanciya moskva","2026-03-02T10:21:33.9931988Z"
"session_00001602","user_0050","org_007","soprovozhdenie moskva","soprovozhdenie moskva","2025-12-29T11:33:33.9931988Z"
"session_00001603","user_0050","org_007","rabochaya stanciya portal postavshikov","rabochaya stanciya portal postavshikov","2026-02-13T11:28:33.9931988Z"
"session_00001604","user_0050","org_007","compute node moskva","compute node moskva","2025-10-28T10:56:33.9931988Z"
"session_00001605","user_0050","org_007","setevoe oborudovanie municipal","setevoe oborudovanie municipal","2025-10-03T19:11:33.9931988Z"
"session_00001606","user_0050","org_007","tehpodderzka portal postavshikov","tehpodderzka portal postavshikov","2025-10-22T16:30:33.9931988Z"
"session_00001607","user_0051","org_007","rabochaya stanciya","rabochaya stanciya","2025-12-31T02:01:33.9931988Z"
"session_00001608","user_0051","org_007","arenda transporta portal postavshikov","arenda transporta portal postavshikov","2025-10-14T00:34:33.9931988Z"
"session_00001609","user_0051","org_007","arenda transporta municipal","arenda transporta municipal","2025-10-28T22:56:33.9931988Z"
"session_00001610","user_0051","org_007","perevozki municipal","perevozki municipal","2025-12-25T16:00:33.9931988Z"
"session_00001611","user_0051","org_007","noutbuk portal postavshikov","noutbuk portal postavshikov","2026-01-23T15:11:33.9931988Z"
"session_00001612","user_0051","org_007","aftobus","aftobus","2026-02-28T03:34:33.9931988Z"
"session_00001613","user_0051","org_007","passazhirskie perevozki","passazhirskie perevozki","2025-11-02T09:46:33.9931988Z"
"session_00001614","user_0051","org_007","noutbuk","noutbuk","2026-02-23T23:31:33.9931988Z"
"session_00001615","user_0051","org_007","rabochaya stanciya dlya zakupok","rabochaya stanciya dlya zakupok","2025-12-13T23:32:33.9931988Z"
"session_00001616","user_0051","org_007","kommutator portal postavshikov","kommutator portal postavshikov","2025-12-29T01:53:33.9931988Z"
"session_00001617","user_0051","org_007","mikroavtobus moskva","mikroavtobus moskva","2025-12-30T02:35:33.9931988Z"
"session_00001618","user_0051","org_007","transportnaya logistika portal postavshikov","transportnaya logistika portal postavshikov","2025-11-24T23:48:33.9931988Z"
"session_00001619","user_0051","org_007","passazhirskie perevozki portal postavshikov","passazhirskie perevozki portal postavshikov","2025-11-24T12:17:33.9931988Z"
"session_00001620","user_0051","org_007","logistika","logistika","2025-09-29T01:21:33.9931988Z"
"session_00001621","user_0051","org_007","komutator portal postavshikov","komutator portal postavshikov","2026-01-28T04:30:33.9931988Z"
"session_00001622","user_0051","org_007","setevoe oborudovanie portal postavshikov","setevoe oborudovanie portal postavshikov","2026-01-02T09:19:33.9931988Z"
"session_00001623","user_0051","org_007","perevozki moskva","perevozki moskva","2026-02-28T10:59:33.9931988Z"
"session_00001624","user_0051","org_007","perevozki dlya zakupok","perevozki dlya zakupok","2026-02-12T08:26:33.9931988Z"
"session_00001625","user_0051","org_007","aftobus moskva","aftobus moskva","2026-03-10T14:35:33.9931988Z"
"session_00001626","user_0051","org_007","setevoe oborudovanie portal postavshikov","setevoe oborudovanie portal postavshikov","2025-11-12T16:50:33.9931988Z"
"session_00001627","user_0051","org_007","mikroavtobus municipal","mikroavtobus municipal","2026-03-01T17:49:33.9931988Z"
"session_00001628","user_0051","org_007","mikroavtobus portal postavshikov","mikroavtobus portal postavshikov","2025-11-29T16:19:33.9931988Z"
"session_00001629","user_0051","org_007","server","server","2026-02-27T19:14:33.9931988Z"
"session_00001630","user_0051","org_007","setevoe oborudovanie","setevoe oborudovanie","2025-11-20T07:39:33.9931988Z"
"session_00001631","user_0051","org_007","logistika moskva","logistika moskva","2026-03-03T21:20:33.9931988Z"
"session_00001632","user_0051","org_007","arenda transporta portal postavshikov","arenda transporta portal postavshikov","2025-12-25T10:36:33.9931988Z"
"session_00001633","user_0051","org_007","setevoe oborudovanie municipal","setevoe oborudovanie municipal","2026-02-12T00:28:33.9931988Z"
"session_00001634","user_0051","org_007","kommutator moskva","kommutator moskva","2026-03-24T23:30:33.9931988Z"
"session_00001635","user_0051","org_007","passazhirskie perevozki municipal","passazhirskie perevozki municipal","2025-10-23T07:05:33.9931988Z"
"session_00001636","user_0051","org_007","rabochaya stanciya portal postavshikov","rabochaya stanciya portal postavshikov","2026-02-06T13:40:33.9931988Z"
"session_00001637","user_0051","org_007","passazhirskie perevozki portal postavshikov","passazhirskie perevozki portal postavshikov","2025-12-10T09:26:33.9931988Z"
"session_00001638","user_0051","org_007","mikroavtobus moskva","mikroavtobus moskva","2025-12-16T08:17:33.9931988Z"
"session_00001639","user_0051","org_007","passazhirskie perevozki municipal","passazhirskie perevozki municipal","2025-10-08T07:37:33.9931988Z"
"session_00001640","user_0051","org_007","mikroaftobus moskva","mikroaftobus moskva","2025-12-11T08:09:33.9931988Z"
"session_00001641","user_0052","org_007","rabochaya stanciya","rabochaya stanciya","2026-02-16T16:30:33.9931988Z"
"session_00001642","user_0052","org_007","rabochaya stanciya moskva","rabochaya stanciya moskva","2025-10-25T21:22:33.9931988Z"
"session_00001643","user_0052","org_007","rabochaya stanciya portal postavshikov","rabochaya stanciya portal postavshikov","2025-11-26T23:03:33.9931988Z"
"session_00001644","user_0052","org_007","ofisnaya mebel portal postavshikov","ofisnaya mebel portal postavshikov","2025-12-21T05:42:33.9931988Z"
"session_00001645","user_0052","org_007","mobilnaya rabochaya stanciya dlya zakupok","mobilnaya rabochaya stanciya dlya zakupok","2025-11-17T02:59:33.9931988Z"
"session_00001646","user_0052","org_007","bumaga municipal","bumaga municipal","2026-01-27T13:01:33.9931988Z"
"session_00001647","user_0052","org_007","printer dlya zakupok","printer dlya zakupok","2025-11-09T05:18:33.9931988Z"
"session_00001648","user_0052","org_007","kartridzh","kartridzh","2025-11-29T13:16:33.9931988Z"
"session_00001649","user_0052","org_007","laptop portal postavshikov","laptop portal postavshikov","2026-01-23T08:49:33.9931988Z"
"session_00001650","user_0052","org_007","printer dlya zakupok","printer dlya zakupok","2025-12-27T19:46:33.9931988Z"
"session_00001651","user_0052","org_007","office supplies","office supplies","2025-12-03T03:31:33.9931988Z"
"session_00001652","user_0052","org_007","rabochaya stanciya","rabochaya stanciya","2026-03-22T23:06:33.9931988Z"
"session_00001653","user_0052","org_007","stationery portal postavshikov","stationery portal postavshikov","2026-03-03T19:49:33.9931988Z"
"session_00001654","user_0052","org_007","stationery","stationery","2025-12-28T21:49:33.9931988Z"
"session_00001655","user_0052","org_007","kartridzh portal postavshikov","kartridzh portal postavshikov","2026-01-21T18:21:33.9931988Z"
"session_00001656","user_0052","org_007","noutbuk portal postavshikov","noutbuk portal postavshikov","2026-01-28T13:08:33.9931988Z"
"session_00001657","user_0052","org_007","laptop","laptop","2025-12-07T23:24:33.9931988Z"
"session_00001658","user_0052","org_007","noutbuk dlya zakupok","noutbuk dlya zakupok","2026-02-21T11:53:33.9931988Z"
"session_00001659","user_0052","org_007","noutbuk municipal","noutbuk municipal","2026-03-04T17:07:33.9931988Z"
"session_00001660","user_0052","org_007","bumaga moskva","bumaga moskva","2025-12-30T07:57:33.9931988Z"
"session_00001661","user_0052","org_007","rabochaya stanciya portal postavshikov","rabochaya stanciya portal postavshikov","2026-01-12T01:55:33.9931988Z"
"session_00001662","user_0052","org_007","server","server","2026-03-06T05:03:33.9931988Z"
"session_00001663","user_0052","org_007","switch portal postavshikov","switch portal postavshikov","2025-11-19T13:12:33.9931988Z"
"session_00001664","user_0052","org_007","toner municipal","toner municipal","2025-10-03T14:13:33.9931988Z"
"session_00001665","user_0052","org_007","server","server","2026-02-21T22:17:33.9931988Z"
"session_00001666","user_0052","org_007","noutbuk dlya zakupok","noutbuk dlya zakupok","2026-03-23T15:57:33.9931988Z"
"session_00001667","user_0052","org_007","setevoe oborudovanie moskva","setevoe oborudovanie moskva","2025-10-23T01:06:33.9931988Z"
"session_00001668","user_0052","org_007","noutbuk dlya zakupok","noutbuk dlya zakupok","2025-11-15T21:03:33.9931988Z"
"session_00001669","user_0052","org_007","servernoe oborudovanie","servernoe oborudovanie","2025-10-17T22:09:33.9931988Z"
"session_00001670","user_0052","org_007","kanctovary moskva","kanctovary moskva","2026-02-16T11:21:33.9931988Z"
"session_00001671","user_0052","org_007","bumaga","bumaga","2026-01-12T09:25:33.9931988Z"
"session_00001672","user_0052","org_007","printer","printer","2026-01-28T06:52:33.9931988Z"
"session_00001673","user_0053","org_007","bumga moskva","bumga moskva","2025-10-11T12:49:33.9931988Z"
"session_00001674","user_0053","org_007","minibus dlya zakupok","minibus dlya zakupok","2026-03-13T18:13:33.9931988Z"
"session_00001675","user_0053","org_007","mikroavtobus","mikroavtobus","2025-10-13T18:14:33.9931988Z"
"session_00001676","user_0053","org_007","kartridzh moskva","kartridzh moskva","2025-12-10T19:47:33.9931988Z"
"session_00001677","user_0053","org_007","minibus portal postavshikov","minibus portal postavshikov","2026-03-18T03:43:33.9931988Z"
"session_00001678","user_0053","org_007","arenda transporta moskva","arenda transporta moskva","2025-10-28T21:48:33.9931988Z"
"session_00001679","user_0053","org_007","bus moskva","bus moskva","2025-11-17T16:18:33.9931988Z"
"session_00001680","user_0053","org_007","passazhirskie perevozki portal postavshikov","passazhirskie perevozki portal postavshikov","2025-11-25T13:59:33.9931988Z"
"session_00001681","user_0053","org_007","paper municipal","paper municipal","2026-03-26T20:06:33.9931988Z"
"session_00001682","user_0053","org_007","mikroavtobus portal postavshikov","mikroavtobus portal postavshikov","2025-10-27T17:25:33.9931988Z"
"session_00001683","user_0053","org_007","kartridzh portal postavshikov","kartridzh portal postavshikov","2026-03-21T16:16:33.9931988Z"
"session_00001684","user_0053","org_007","logistika portal postavshikov","logistika portal postavshikov","2025-10-25T17:18:33.9931988Z"
"session_00001685","user_0053","org_007","passazhirskie perevozki portal postavshikov","passazhirskie perevozki portal postavshikov","2025-09-30T15:21:33.9931988Z"
"session_00001686","user_0053","org_007","arenda transporta","arenda transporta","2025-12-29T08:35:33.9931988Z"
"session_00001687","user_0053","org_007","minibus municipal","minibus municipal","2026-02-17T13:44:33.9931988Z"
"session_00001688","user_0053","org_007","passazhirskie perevozki portal postavshikov","passazhirskie perevozki portal postavshikov","2026-03-11T14:38:33.9931988Z"
"session_00001689","user_0053","org_007","printer","printer","2025-10-20T04:44:33.9931988Z"
"session_00001690","user_0053","org_007","avtobus dlya zakupok","avtobus dlya zakupok","2026-02-14T17:12:33.9931988Z"
"session_00001691","user_0053","org_007","kanctovary dlya zakupok","kanctovary dlya zakupok","2026-01-03T10:19:33.9931988Z"
"session_00001692","user_0053","org_007","kartridzh municipal","kartridzh municipal","2025-10-30T15:58:33.9931988Z"
"session_00001693","user_0053","org_007","passazhirskie perevozki dlya zakupok","passazhirskie perevozki dlya zakupok","2025-12-14T16:16:33.9931988Z"
"session_00001694","user_0053","org_007","ofisnaya mebel moskva","ofisnaya mebel moskva","2026-01-15T21:35:33.9931988Z"
"session_00001695","user_0053","org_007","ofisnaya mebel municipal","ofisnaya mebel municipal","2025-11-02T18:12:33.9931988Z"
"session_00001696","user_0053","org_007","avtobus portal postavshikov","avtobus portal postavshikov","2026-01-08T05:35:33.9931988Z"
"session_00001697","user_0053","org_007","arenda transporta portal postavshikov","arenda transporta portal postavshikov","2025-11-30T06:27:33.9931988Z"
"session_00001698","user_0053","org_007","bumaga dlya zakupok","bumaga dlya zakupok","2025-12-24T00:55:33.9931988Z"
"session_00001699","user_0053","org_007","arenda transporta moskva","arenda transporta moskva","2025-11-14T14:01:33.9931988Z"
"session_00001700","user_0053","org_007","avtobus portal postavshikov","avtobus portal postavshikov","2026-01-17T12:41:33.9931988Z"
"session_00001701","user_0053","org_007","passazhirskie perevozki portal postavshikov","passazhirskie perevozki portal postavshikov","2025-11-02T02:47:33.9931988Z"
"session_00001702","user_0053","org_007","printer dlya zakupok","printer dlya zakupok","2026-01-03T01:23:33.9931988Z"
"session_00001703","user_0053","org_007","printer dlya zakupok","printer dlya zakupok","2025-10-04T23:48:33.9931988Z"
"session_00001704","user_0053","org_007","kanctovri moskva","kanctovri moskva","2025-10-16T18:05:33.9931988Z"
"session_00001705","user_0053","org_007","aftobus dlya zakupok","aftobus dlya zakupok","2025-12-08T05:19:33.9931988Z"
"session_00001706","user_0053","org_007","bumga dlya zakupok","bumga dlya zakupok","2025-11-09T06:53:33.9931988Z"
"session_00001707","user_0053","org_007","arenda transporta municipal","arenda transporta municipal","2025-11-03T09:05:33.9931988Z"
"session_00001708","user_0053","org_007","kanctovary municipal","kanctovary municipal","2026-03-22T21:47:33.9931988Z"
"session_00001709","user_0053","org_007","transportnaya logistika dlya zakupok","transportnaya logistika dlya zakupok","2026-01-19T19:08:33.9931988Z"
"session_00001710","user_0054","org_007","autsorsing portal postavshikov","autsorsing portal postavshikov","2026-01-29T03:29:33.9931988Z"
"session_00001711","user_0054","org_007","autsorsing","autsorsing","2025-11-23T17:02:33.9931988Z"
"session_00001712","user_0054","org_007","kartridzh dlya zakupok","kartridzh dlya zakupok","2026-02-08T05:06:33.9931988Z"
"session_00001713","user_0054","org_007","autsorsing portal postavshikov","autsorsing portal postavshikov","2026-01-15T14:12:33.9931988Z"
"session_00001714","user_0054","org_007","klinng municipal","klinng municipal","2025-11-18T03:45:33.9931988Z"
"session_00001715","user_0054","org_007","tehpodderzhka municipal","tehpodderzhka municipal","2026-01-22T12:13:33.9931988Z"
"session_00001716","user_0054","org_007","printer","printer","2025-10-30T08:50:33.9931988Z"
"session_00001717","user_0054","org_007","kanctovary dlya zakupok","kanctovary dlya zakupok","2025-10-29T01:54:33.9931988Z"
"session_00001718","user_0054","org_007","kanctovary portal postavshikov","kanctovary portal postavshikov","2026-02-21T15:46:33.9931988Z"
"session_00001719","user_0054","org_007","autsorsing moskva","autsorsing moskva","2026-02-12T11:47:33.9931988Z"
"session_00001720","user_0054","org_007","bumaga moskva","bumaga moskva","2026-02-23T02:55:33.9931988Z"
"session_00001721","user_0054","org_007","autsorsing municipal","autsorsing municipal","2025-11-13T16:42:33.9931988Z"
"session_00001722","user_0054","org_007","it support dlya zakupok","it support dlya zakupok","2025-12-27T22:51:33.9931988Z"
"session_00001723","user_0054","org_007","ofisnaya mebel dlya zakupok","ofisnaya mebel dlya zakupok","2026-02-18T22:41:33.9931988Z"
"session_00001724","user_0054","org_007","ofisnaya mebel municipal","ofisnaya mebel municipal","2025-12-07T12:22:33.9931988Z"
"session_00001725","user_0054","org_007","autsorsing portal postavshikov","autsorsing portal postavshikov","2026-03-12T06:57:33.9931988Z"
"session_00001726","user_0054","org_007","tehpodderzhka","tehpodderzhka","2025-12-18T22:34:33.9931988Z"
"session_00001727","user_0054","org_007","soprovozhdenie municipal","soprovozhdenie municipal","2026-03-19T20:16:33.9931988Z"
"session_00001728","user_0054","org_007","autsorsing dlya zakupok","autsorsing dlya zakupok","2025-10-09T06:21:33.9931988Z"
"session_00001729","user_0054","org_007","tehpodderzhka municipal","tehpodderzhka municipal","2026-03-24T08:41:33.9931988Z"
"session_00001730","user_0054","org_007","obsluzhivanie portal postavshikov","obsluzhivanie portal postavshikov","2026-01-12T09:58:33.9931988Z"
"session_00001731","user_0054","org_007","soprovozhdenie moskva","soprovozhdenie moskva","2026-03-03T03:20:33.9931988Z"
"session_00001732","user_0054","org_007","soprovozhdenie municipal","soprovozhdenie municipal","2026-01-22T23:44:33.9931988Z"
"session_00001733","user_0054","org_007","autsorsing moskva","autsorsing moskva","2025-10-26T12:50:33.9931988Z"
"session_00001734","user_0054","org_007","autsorsing portal postavshikov","autsorsing portal postavshikov","2026-03-08T14:36:33.9931988Z"
"session_00001735","user_0054","org_007","soprovozhdenie","soprovozhdenie","2026-02-27T08:21:33.9931988Z"
"session_00001736","user_0054","org_007","bumaga portal postavshikov","bumaga portal postavshikov","2025-12-04T23:19:33.9931988Z"
"session_00001737","user_0054","org_007","soprovozhdenie dlya zakupok","soprovozhdenie dlya zakupok","2026-02-24T15:42:33.9931988Z"
"session_00001738","user_0054","org_007","autsorsing portal postavshikov","autsorsing portal postavshikov","2025-12-02T09:18:33.9931988Z"
"session_00001739","user_0054","org_007","kartridzh municipal","kartridzh municipal","2026-01-29T20:04:33.9931988Z"
"session_00001740","user_0054","org_007","autsorsing","autsorsing","2026-01-22T15:44:33.9931988Z"
"session_00001741","user_0054","org_007","klining","klining","2026-03-21T09:36:33.9931988Z"
"session_00001742","user_0054","org_007","soprovozhdenie dlya zakupok","soprovozhdenie dlya zakupok","2025-10-02T23:18:33.9931988Z"
"session_00001743","user_0054","org_007","bumaga","bumaga","2026-01-31T17:05:33.9931988Z"
"session_00001744","user_0054","org_007","tehpodderzhka","tehpodderzhka","2025-10-11T02:03:33.9931988Z"
"session_00001745","user_0054","org_007","autsorsing moskva","autsorsing moskva","2026-02-24T00:41:33.9931988Z"
"session_00001746","user_0054","org_007","bumaga moskva","bumaga moskva","2025-12-31T10:56:33.9931988Z"
"session_00001747","user_0055","org_007","tehpodderzhka","tehpodderzhka","2025-11-06T23:19:33.9931988Z"
"session_00001748","user_0055","org_007","klinng municipal","klinng municipal","2026-02-22T10:19:33.9931988Z"
"session_00001749","user_0055","org_007","autsorsing","autsorsing","2026-02-16T12:28:33.9931988Z"
"session_00001750","user_0055","org_007","autsorsing municipal","autsorsing municipal","2025-12-09T21:20:33.9931988Z"
"session_00001751","user_0055","org_007","tehpodderzhka dlya zakupok","tehpodderzhka dlya zakupok","2025-11-26T09:16:33.9931988Z"
"session_00001752","user_0055","org_007","cleaning service dlya zakupok","cleaning service dlya zakupok","2026-01-16T06:40:33.9931988Z"
"session_00001753","user_0055","org_007","bus","bus","2026-03-26T17:35:33.9931988Z"
"session_00001754","user_0055","org_007","obsluzhvaniye municipal","obsluzhvaniye municipal","2026-01-18T13:03:33.9931988Z"
"session_00001755","user_0055","org_007","logistika","logistika","2026-01-14T05:28:33.9931988Z"
"session_00001756","user_0055","org_007","passazhirskie perevozki portal postavshikov","passazhirskie perevozki portal postavshikov","2025-10-20T03:03:33.9931988Z"
"session_00001757","user_0055","org_007","logistika portal postavshikov","logistika portal postavshikov","2026-02-22T18:23:33.9931988Z"
"session_00001758","user_0055","org_007","passazhirskie perevozki municipal","passazhirskie perevozki municipal","2026-03-08T17:36:33.9931988Z"
"session_00001759","user_0055","org_007","klining municipal","klining municipal","2026-03-23T23:52:33.9931988Z"
"session_00001760","user_0055","org_007","bus","bus","2025-11-05T01:26:33.9931988Z"
"session_00001761","user_0055","org_007","mikroavtobus dlya zakupok","mikroavtobus dlya zakupok","2025-11-01T03:18:33.9931988Z"
"session_00001762","user_0055","org_007","klinng dlya zakupok","klinng dlya zakupok","2026-03-17T04:45:33.9931988Z"
"session_00001763","user_0055","org_007","perevozki","perevozki","2026-02-07T10:47:33.9931988Z"
"session_00001764","user_0055","org_007","autsorsing dlya zakupok","autsorsing dlya zakupok","2025-11-04T04:21:33.9931988Z"
"session_00001765","user_0055","org_007","obsluzhivanie","obsluzhivanie","2025-12-03T08:45:33.9931988Z"
"session_00001766","user_0055","org_007","obsluzhivanie","obsluzhivanie","2026-03-13T23:20:33.9931988Z"
"session_00001767","user_0055","org_007","mikroavtobus dlya zakupok","mikroavtobus dlya zakupok","2025-10-19T22:42:33.9931988Z"
"session_00001768","user_0055","org_007","autsorsing","autsorsing","2026-01-15T02:10:33.9931988Z"
"session_00001769","user_0055","org_007","autsorsing municipal","autsorsing municipal","2025-11-28T04:38:33.9931988Z"
"session_00001770","user_0055","org_007","soprovozhdenie moskva","soprovozhdenie moskva","2026-01-26T23:23:33.9931988Z"
"session_00001771","user_0055","org_007","avtobus portal postavshikov","avtobus portal postavshikov","2026-03-08T22:38:33.9931988Z"
"session_00001772","user_0055","org_007","autsorsing dlya zakupok","autsorsing dlya zakupok","2025-12-07T02:00:33.9931988Z"
"session_00001773","user_0055","org_007","autsorsing municipal","autsorsing municipal","2025-10-23T18:35:33.9931988Z"
"session_00001774","user_0055","org_007","autsorsing portal postavshikov","autsorsing portal postavshikov","2026-02-05T17:19:33.9931988Z"
"session_00001775","user_0055","org_007","arenda transporta portal postavshikov","arenda transporta portal postavshikov","2025-12-13T12:06:33.9931988Z"
"session_00001776","user_0055","org_007","tehpodderzka dlya zakupok","tehpodderzka dlya zakupok","2025-10-16T12:58:33.9931988Z"
"session_00001777","user_0055","org_007","cleaning service moskva","cleaning service moskva","2025-11-30T05:38:33.9931988Z"
"session_00001778","user_0055","org_007","mikroavtobus moskva","mikroavtobus moskva","2026-01-12T23:49:33.9931988Z"
"session_00001779","user_0055","org_007","soprovozhdenie portal postavshikov","soprovozhdenie portal postavshikov","2025-12-18T22:39:33.9931988Z"
"session_00001780","user_0055","org_007","uborka pomescheniy moskva","uborka pomescheniy moskva","2025-12-29T22:10:33.9931988Z"
"session_00001781","user_0056","org_007","laptop","laptop","2026-01-12T23:55:33.9931988Z"
"session_00001782","user_0056","org_007","setevoy kommutator dlya zakupok","setevoy kommutator dlya zakupok","2026-02-13T03:16:33.9931988Z"
"session_00001783","user_0056","org_007","ekspluataciya portal postavshikov","ekspluataciya portal postavshikov","2025-10-19T14:21:33.9931988Z"
"session_00001784","user_0056","org_007","setevoe oborudovanie moskva","setevoe oborudovanie moskva","2025-10-02T14:29:33.9931988Z"
"session_00001785","user_0056","org_007","noutbuk portal postavshikov","noutbuk portal postavshikov","2026-01-11T19:27:33.9931988Z"
"session_00001786","user_0056","org_007","tehpodderzhka","tehpodderzhka","2026-01-04T19:41:33.9931988Z"
"session_00001787","user_0056","org_007","soprovozhdenie moskva","soprovozhdenie moskva","2025-09-29T19:27:33.9931988Z"
"session_00001788","user_0056","org_007","kommutator portal postavshikov","kommutator portal postavshikov","2025-10-04T17:17:33.9931988Z"
"session_00001789","user_0056","org_007","soprovozhdenie municipal","soprovozhdenie municipal","2025-12-25T13:15:33.9931988Z"
"session_00001790","user_0056","org_007","klining moskva","klining moskva","2025-11-07T22:29:33.9931988Z"
"session_00001791","user_0056","org_007","it support municipal","it support municipal","2025-10-22T06:22:33.9931988Z"
"session_00001792","user_0056","org_007","server municipal","server municipal","2025-10-10T07:03:33.9931988Z"
"session_00001793","user_0056","org_007","kommutator","kommutator","2026-03-14T14:29:33.9931988Z"
"session_00001794","user_0056","org_007","tehpodderzhka","tehpodderzhka","2026-02-28T08:01:33.9931988Z"
"session_00001795","user_0056","org_007","noutbukk moskva","noutbukk moskva","2025-11-03T14:29:33.9931988Z"
"session_00001796","user_0056","org_007","it support municipal","it support municipal","2026-03-07T12:00:33.9931988Z"
"session_00001797","user_0056","org_007","obsluzhivanie municipal","obsluzhivanie municipal","2025-12-11T03:01:33.9931988Z"
"session_00001798","user_0056","org_007","tehpodderzhka","tehpodderzhka","2026-01-31T07:19:33.9931988Z"
"session_00001799","user_0056","org_007","obsluzhvaniye moskva","obsluzhvaniye moskva","2026-02-11T23:22:33.9931988Z"
"session_00001800","user_0056","org_007","obsluzhivanie dlya zakupok","obsluzhivanie dlya zakupok","2026-03-26T14:10:33.9931988Z"
"session_00001801","user_0056","org_007","autsorsing moskva","autsorsing moskva","2026-03-23T20:57:33.9931988Z"
"session_00001802","user_0056","org_007","autsorsing municipal","autsorsing municipal","2025-12-06T19:32:33.9931988Z"
"session_00001803","user_0056","org_007","kommutator dlya zakupok","kommutator dlya zakupok","2026-03-05T07:54:33.9931988Z"
"session_00001804","user_0056","org_007","soprovozhdenie portal postavshikov","soprovozhdenie portal postavshikov","2025-11-08T01:16:33.9931988Z"
"session_00001805","user_0056","org_007","klinng municipal","klinng municipal","2026-03-10T04:03:33.9931988Z"
"session_00001806","user_0056","org_007","klining moskva","klining moskva","2026-01-27T01:38:33.9931988Z"
"session_00001807","user_0056","org_007","server municipal","server municipal","2026-03-03T13:06:33.9931988Z"
"session_00001808","user_0056","org_007","autsorsing portal postavshikov","autsorsing portal postavshikov","2025-10-26T17:12:33.9931988Z"
"session_00001809","user_0056","org_007","uborka pomescheniy","uborka pomescheniy","2026-01-27T07:00:33.9931988Z"
"session_00001810","user_0056","org_007","setevoe oborudovanie dlya zakupok","setevoe oborudovanie dlya zakupok","2026-01-12T02:27:33.9931988Z"
"session_00001811","user_0056","org_007","obsluzhivanie municipal","obsluzhivanie municipal","2025-11-12T15:23:33.9931988Z"
"session_00001812","user_0056","org_007","obsluzhivanie municipal","obsluzhivanie municipal","2025-10-06T09:07:33.9931988Z"
"session_00001813","user_0056","org_007","servernoe oborudovanie dlya zakupok","servernoe oborudovanie dlya zakupok","2025-11-13T01:26:33.9931988Z"
"session_00001814","user_0056","org_007","kommutator moskva","kommutator moskva","2025-10-17T23:20:33.9931988Z"
"session_00001815","user_0056","org_007","setevoy kommutator","setevoy kommutator","2026-02-04T07:03:33.9931988Z"
"session_00001816","user_0057","org_008","noutbuk dlya zakupok","noutbuk dlya zakupok","2026-03-23T11:52:33.9931988Z"
"session_00001817","user_0057","org_008","rabochaya stanciya portal postavshikov","rabochaya stanciya portal postavshikov","2025-12-06T11:19:33.9931988Z"
"session_00001818","user_0057","org_008","server municipal","server municipal","2026-01-17T13:55:33.9931988Z"
"session_00001819","user_0057","org_008","serer moskva","serer moskva","2025-12-16T06:31:33.9931988Z"
"session_00001820","user_0057","org_008","soprovozhdenie dlya zakupok","soprovozhdenie dlya zakupok","2026-03-07T03:56:33.9931988Z"
"session_00001821","user_0057","org_008","kommutator","kommutator","2026-01-28T13:40:33.9931988Z"
"session_00001822","user_0057","org_008","soprovozhdenie municipal","soprovozhdenie municipal","2026-01-25T05:59:33.9931988Z"
"session_00001823","user_0057","org_008","kommutator moskva","kommutator moskva","2025-10-15T02:05:33.9931988Z"
"session_00001824","user_0057","org_008","rabochaya stanciya moskva","rabochaya stanciya moskva","2025-11-09T07:03:33.9931988Z"
"session_00001825","user_0057","org_008","setevoe oborudovanie","setevoe oborudovanie","2026-03-19T03:49:33.9931988Z"
"session_00001826","user_0057","org_008","tehpodderzhka moskva","tehpodderzhka moskva","2026-01-30T21:37:33.9931988Z"
"session_00001827","user_0057","org_008","tehpodderzhka portal postavshikov","tehpodderzhka portal postavshikov","2025-10-05T21:41:33.9931988Z"
"session_00001828","user_0057","org_008","autsorsing portal postavshikov","autsorsing portal postavshikov","2025-10-10T12:43:33.9931988Z"
"session_00001829","user_0057","org_008","tehpodderzhka","tehpodderzhka","2025-12-18T15:50:33.9931988Z"
"session_00001830","user_0057","org_008","ekspluataciya moskva","ekspluataciya moskva","2025-10-12T04:42:33.9931988Z"
"session_00001831","user_0057","org_008","servis municipal","servis municipal","2026-01-17T04:59:33.9931988Z"
"session_00001832","user_0057","org_008","rabochaya stanciya moskva","rabochaya stanciya moskva","2025-12-12T10:55:33.9931988Z"
"session_00001833","user_0057","org_008","klining municipal","klining municipal","2025-11-27T06:53:33.9931988Z"
"session_00001834","user_0057","org_008","autsorsing portal postavshikov","autsorsing portal postavshikov","2026-03-07T09:37:33.9931988Z"
"session_00001835","user_0057","org_008","obsluzhivanie municipal","obsluzhivanie municipal","2025-10-05T03:54:33.9931988Z"
"session_00001836","user_0057","org_008","obsluzhivanie municipal","obsluzhivanie municipal","2025-12-02T11:14:33.9931988Z"
"session_00001837","user_0057","org_008","tehpodderzka","tehpodderzka","2026-01-11T04:03:33.9931988Z"
"session_00001838","user_0057","org_008","klining moskva","klining moskva","2025-11-16T10:51:33.9931988Z"
"session_00001839","user_0057","org_008","autsorsing municipal","autsorsing municipal","2026-03-09T04:57:33.9931988Z"
"session_00001840","user_0057","org_008","noutbuk portal postavshikov","noutbuk portal postavshikov","2025-10-06T08:40:33.9931988Z"
"session_00001841","user_0057","org_008","tehpodderzka municipal","tehpodderzka municipal","2026-03-01T11:09:33.9931988Z"
"session_00001842","user_0057","org_008","obsluzhivanie municipal","obsluzhivanie municipal","2025-12-18T14:48:33.9931988Z"
"session_00001843","user_0057","org_008","rabochaya stanciya moskva","rabochaya stanciya moskva","2025-11-27T10:38:33.9931988Z"
"session_00001844","user_0057","org_008","klining dlya zakupok","klining dlya zakupok","2025-12-11T19:06:33.9931988Z"
"session_00001845","user_0057","org_008","soprovozhdenie","soprovozhdenie","2026-02-26T08:56:33.9931988Z"
"session_00001846","user_0057","org_008","it support dlya zakupok","it support dlya zakupok","2026-03-26T20:22:33.9931988Z"
"session_00001847","user_0057","org_008","rabochaya stanciya","rabochaya stanciya","2026-03-19T17:45:33.9931988Z"
"session_00001848","user_0057","org_008","server portal postavshikov","server portal postavshikov","2025-10-09T10:59:33.9931988Z"
"session_00001849","user_0057","org_008","obsluzhivanie","obsluzhivanie","2026-03-12T06:58:33.9931988Z"
"session_00001850","user_0057","org_008","soprovozhdenie","soprovozhdenie","2026-01-03T00:00:33.9931988Z"
"session_00001851","user_0057","org_008","laptop","laptop","2025-11-08T11:20:33.9931988Z"
"session_00001852","user_0057","org_008","serer municipal","serer municipal","2026-01-29T04:34:33.9931988Z"
"session_00001853","user_0058","org_008","arenda transporta municipal","arenda transporta municipal","2025-12-28T14:11:33.9931988Z"
"session_00001854","user_0058","org_008","rabochaya stanciya","rabochaya stanciya","2026-01-18T00:10:33.9931988Z"
"session_00001855","user_0058","org_008","servernoe oborudovanie municipal","servernoe oborudovanie municipal","2025-10-16T03:36:33.9931988Z"
"session_00001856","user_0058","org_008","kommutator","kommutator","2025-10-24T01:32:33.9931988Z"
"session_00001857","user_0058","org_008","aftobus","aftobus","2025-12-09T21:03:33.9931988Z"
"session_00001858","user_0058","org_008","setevoe oborudovanie moskva","setevoe oborudovanie moskva","2026-01-03T21:53:33.9931988Z"
"session_00001859","user_0058","org_008","logistika portal postavshikov","logistika portal postavshikov","2026-03-14T00:06:33.9931988Z"
"session_00001860","user_0058","org_008","kommutator municipal","kommutator municipal","2025-12-02T04:58:33.9931988Z"
"session_00001861","user_0058","org_008","mikroavtobus portal postavshikov","mikroavtobus portal postavshikov","2026-03-19T17:25:33.9931988Z"
"session_00001862","user_0058","org_008","serer municipal","serer municipal","2026-02-12T00:47:33.9931988Z"
"session_00001863","user_0058","org_008","passazhirskie perevozki moskva","passazhirskie perevozki moskva","2025-10-18T07:03:33.9931988Z"
"session_00001864","user_0058","org_008","noutbuk","noutbuk","2025-12-19T14:14:33.9931988Z"
"session_00001865","user_0058","org_008","noutbuk","noutbuk","2025-11-14T06:16:33.9931988Z"
"session_00001866","user_0058","org_008","arenda transporta","arenda transporta","2026-03-13T14:23:33.9931988Z"
"session_00001867","user_0058","org_008","rabochaya stanciya","rabochaya stanciya","2026-01-10T17:22:33.9931988Z"
"session_00001868","user_0058","org_008","arenda transporta municipal","arenda transporta municipal","2025-12-03T17:18:33.9931988Z"
"session_00001869","user_0058","org_008","laptop moskva","laptop moskva","2026-02-01T19:46:33.9931988Z"
"session_00001870","user_0058","org_008","passazhirskie perevozki dlya zakupok","passazhirskie perevozki dlya zakupok","2026-01-03T00:00:33.9931988Z"
"session_00001871","user_0058","org_008","passazhirskie perevozki municipal","passazhirskie perevozki municipal","2026-02-14T02:01:33.9931988Z"
"session_00001872","user_0058","org_008","server","server","2026-01-12T10:16:33.9931988Z"
"session_00001873","user_0058","org_008","rabochaya stanciya dlya zakupok","rabochaya stanciya dlya zakupok","2025-10-30T18:59:33.9931988Z"
"session_00001874","user_0058","org_008","bus dlya zakupok","bus dlya zakupok","2025-10-20T15:11:33.9931988Z"
"session_00001875","user_0058","org_008","komutator municipal","komutator municipal","2026-03-16T09:04:33.9931988Z"
"session_00001876","user_0058","org_008","arenda transporta dlya zakupok","arenda transporta dlya zakupok","2025-11-19T19:30:33.9931988Z"
"session_00001877","user_0058","org_008","passazhirskie perevozki portal postavshikov","passazhirskie perevozki portal postavshikov","2026-02-18T06:20:33.9931988Z"
"session_00001878","user_0058","org_008","kommutator municipal","kommutator municipal","2025-12-01T23:33:33.9931988Z"
"session_00001879","user_0058","org_008","rabochaya stanciya","rabochaya stanciya","2025-10-31T08:37:33.9931988Z"
"session_00001880","user_0058","org_008","server","server","2025-12-11T09:52:33.9931988Z"
"session_00001881","user_0058","org_008","kommutator municipal","kommutator municipal","2025-10-12T21:17:33.9931988Z"
"session_00001882","user_0058","org_008","noutbuk moskva","noutbuk moskva","2026-02-07T10:44:33.9931988Z"
"session_00001883","user_0058","org_008","komutator moskva","komutator moskva","2026-02-18T04:23:33.9931988Z"
"session_00001884","user_0059","org_008","noutbuk municipal","noutbuk municipal","2026-02-24T07:29:33.9931988Z"
"session_00001885","user_0059","org_008","ofisnaya mebel municipal","ofisnaya mebel municipal","2026-01-21T12:08:33.9931988Z"
"session_00001886","user_0059","org_008","server municipal","server municipal","2026-03-11T08:18:33.9931988Z"
"session_00001887","user_0059","org_008","rabochaya stanciya dlya zakupok","rabochaya stanciya dlya zakupok","2025-10-17T17:16:33.9931988Z"
"session_00001888","user_0059","org_008","ofisnaya mebel dlya zakupok","ofisnaya mebel dlya zakupok","2025-12-07T01:59:33.9931988Z"
"session_00001889","user_0059","org_008","katridzh dlya zakupok","katridzh dlya zakupok","2026-02-06T07:34:33.9931988Z"
"session_00001890","user_0059","org_008","kommutator portal postavshikov","kommutator portal postavshikov","2026-01-17T05:16:33.9931988Z"
"session_00001891","user_0059","org_008","bumga dlya zakupok","bumga dlya zakupok","2025-10-13T02:42:33.9931988Z"
"session_00001892","user_0059","org_008","kanctovary","kanctovary","2025-11-20T05:51:33.9931988Z"
"session_00001893","user_0059","org_008","paper portal postavshikov","paper portal postavshikov","2026-01-15T21:49:33.9931988Z"
"session_00001894","user_0059","org_008","bumga","bumga","2026-01-11T05:51:33.9931988Z"
"session_00001895","user_0059","org_008","kartridzh dlya zakupok","kartridzh dlya zakupok","2026-02-28T17:15:33.9931988Z"
"session_00001896","user_0059","org_008","rabochaya stanciya municipal","rabochaya stanciya municipal","2025-10-10T20:06:33.9931988Z"
"session_00001897","user_0059","org_008","ofisnaya mebel","ofisnaya mebel","2026-03-19T23:13:33.9931988Z"
"session_00001898","user_0059","org_008","rabochaya stanciya","rabochaya stanciya","2025-10-26T17:52:33.9931988Z"
"session_00001899","user_0059","org_008","printer moskva","printer moskva","2025-10-27T08:29:33.9931988Z"
"session_00001900","user_0059","org_008","setevoy kommutator moskva","setevoy kommutator moskva","2025-11-28T13:47:33.9931988Z"
"session_00001901","user_0059","org_008","noutbukk portal postavshikov","noutbukk portal postavshikov","2025-12-09T09:23:33.9931988Z"
"session_00001902","user_0059","org_008","ofisnaya mebel","ofisnaya mebel","2026-02-23T21:18:33.9931988Z"
"session_00001903","user_0059","org_008","kartridzh dlya zakupok","kartridzh dlya zakupok","2026-02-14T02:48:33.9931988Z"
"session_00001904","user_0059","org_008","ofisnaya mebel moskva","ofisnaya mebel moskva","2026-01-19T00:38:33.9931988Z"
"session_00001905","user_0059","org_008","print consumables moskva","print consumables moskva","2026-01-30T03:30:33.9931988Z"
"session_00001906","user_0059","org_008","kommutator portal postavshikov","kommutator portal postavshikov","2026-02-13T13:44:33.9931988Z"
"session_00001907","user_0059","org_008","printer municipal","printer municipal","2026-01-26T15:20:33.9931988Z"
"session_00001908","user_0059","org_008","office supplies municipal","office supplies municipal","2026-03-27T04:41:33.9931988Z"
"session_00001909","user_0059","org_008","serer dlya zakupok","serer dlya zakupok","2025-11-04T09:04:33.9931988Z"
"session_00001910","user_0059","org_008","rabochaya stanciya portal postavshikov","rabochaya stanciya portal postavshikov","2025-11-29T08:17:33.9931988Z"
"session_00001911","user_0059","org_008","printer dlya zakupok","printer dlya zakupok","2025-10-20T06:35:33.9931988Z"
"session_00001912","user_0059","org_008","printer portal postavshikov","printer portal postavshikov","2026-02-26T23:07:33.9931988Z"
"session_00001913","user_0059","org_008","bumaga portal postavshikov","bumaga portal postavshikov","2025-11-02T17:09:33.9931988Z"
"session_00001914","user_0059","org_008","kommutator","kommutator","2026-01-06T06:12:33.9931988Z"
"session_00001915","user_0059","org_008","kartridzh dlya zakupok","kartridzh dlya zakupok","2025-12-22T12:04:33.9931988Z"
"session_00001916","user_0059","org_008","ofisnaya mebel municipal","ofisnaya mebel municipal","2025-12-17T23:28:33.9931988Z"
"session_00001917","user_0059","org_008","ofisnaya mebel municipal","ofisnaya mebel municipal","2025-12-04T14:07:33.9931988Z"
"session_00001918","user_0059","org_008","printer moskva","printer moskva","2026-03-23T13:29:33.9931988Z"
"session_00001919","user_0059","org_008","rabochaya stanciya portal postavshikov","rabochaya stanciya portal postavshikov","2025-11-30T01:07:33.9931988Z"
"session_00001920","user_0059","org_008","setevoe oborudovanie","setevoe oborudovanie","2026-02-07T03:40:33.9931988Z"
"session_00001921","user_0060","org_008","autsorsing dlya zakupok","autsorsing dlya zakupok","2025-10-17T10:10:33.9931988Z"
"session_00001922","user_0060","org_008","soprovozhdenie municipal","soprovozhdenie municipal","2025-12-12T21:55:33.9931988Z"
"session_00001923","user_0060","org_008","arenda transporta portal postavshikov","arenda transporta portal postavshikov","2025-09-30T21:05:33.9931988Z"
"session_00001924","user_0060","org_008","passazhirskie perevozki portal postavshikov","passazhirskie perevozki portal postavshikov","2025-10-07T21:12:33.9931988Z"
"session_00001925","user_0060","org_008","obsluzhivanie municipal","obsluzhivanie municipal","2025-10-22T05:44:33.9931988Z"
"session_00001926","user_0060","org_008","soprovozhdenie","soprovozhdenie","2026-03-26T21:22:33.9931988Z"
"session_00001927","user_0060","org_008","logistika moskva","logistika moskva","2025-11-04T04:23:33.9931988Z"
"session_00001928","user_0060","org_008","logstika moskva","logstika moskva","2025-12-27T19:38:33.9931988Z"
"session_00001929","user_0060","org_008","passazhirskie perevozki","passazhirskie perevozki","2025-11-13T03:29:33.9931988Z"
"session_00001930","user_0060","org_008","mikroavtobus municipal","mikroavtobus municipal","2025-10-30T14:29:33.9931988Z"
"session_00001931","user_0060","org_008","obsluzhivanie dlya zakupok","obsluzhivanie dlya zakupok","2025-11-06T12:22:33.9931988Z"
"session_00001932","user_0060","org_008","soprovozhdenie","soprovozhdenie","2025-10-22T16:07:33.9931988Z"
"session_00001933","user_0060","org_008","obsluzhivanie moskva","obsluzhivanie moskva","2026-01-23T12:16:33.9931988Z"
"session_00001934","user_0060","org_008","soprovozhdenie moskva","soprovozhdenie moskva","2026-01-20T01:18:33.9931988Z"
"session_00001935","user_0060","org_008","tehpodderzhka moskva","tehpodderzhka moskva","2026-03-27T16:47:33.9931988Z"
"session_00001936","user_0060","org_008","obsluzhivanie municipal","obsluzhivanie municipal","2025-12-28T12:14:33.9931988Z"
"session_00001937","user_0060","org_008","klining","klining","2026-03-22T09:32:33.9931988Z"
"session_00001938","user_0060","org_008","klining moskva","klining moskva","2025-11-05T04:57:33.9931988Z"
"session_00001939","user_0060","org_008","passazhirskie perevozki","passazhirskie perevozki","2026-02-14T18:24:33.9931988Z"
"session_00001940","user_0060","org_008","logistika portal postavshikov","logistika portal postavshikov","2026-01-29T06:49:33.9931988Z"
"session_00001941","user_0060","org_008","tehpodderzhka moskva","tehpodderzhka moskva","2025-11-23T16:20:33.9931988Z"
"session_00001942","user_0060","org_008","passazhirskie perevozki portal postavshikov","passazhirskie perevozki portal postavshikov","2026-01-18T18:25:33.9931988Z"
"session_00001943","user_0060","org_008","cleaning service moskva","cleaning service moskva","2025-10-20T08:43:33.9931988Z"
"session_00001944","user_0060","org_008","tehpodderzhka moskva","tehpodderzhka moskva","2025-10-14T10:37:33.9931988Z"
"session_00001945","user_0060","org_008","passazhirskie perevozki portal postavshikov","passazhirskie perevozki portal postavshikov","2026-03-11T09:46:33.9931988Z"
"session_00001946","user_0060","org_008","transportnaya logistika municipal","transportnaya logistika municipal","2025-11-21T09:56:33.9931988Z"
"session_00001947","user_0060","org_008","soprovozhdenie municipal","soprovozhdenie municipal","2026-02-04T23:46:33.9931988Z"
"session_00001948","user_0060","org_008","bus portal postavshikov","bus portal postavshikov","2025-11-05T14:44:33.9931988Z"
"session_00001949","user_0060","org_008","arenda transporta municipal","arenda transporta municipal","2026-02-13T01:55:33.9931988Z"
"session_00001950","user_0060","org_008","avtobus portal postavshikov","avtobus portal postavshikov","2025-10-29T14:42:33.9931988Z"
"session_00001951","user_0060","org_008","tehpodderzhka dlya zakupok","tehpodderzhka dlya zakupok","2025-11-19T21:48:33.9931988Z"
"session_00001952","user_0060","org_008","arenda transporta dlya zakupok","arenda transporta dlya zakupok","2025-12-26T04:48:33.9931988Z"
"session_00001953","user_0060","org_008","obsluzhivanie dlya zakupok","obsluzhivanie dlya zakupok","2025-12-28T06:26:33.9931988Z"
"session_00001954","user_0060","org_008","soprovozhdenie dlya zakupok","soprovozhdenie dlya zakupok","2026-01-26T19:44:33.9931988Z"
"session_00001955","user_0061","org_008","servernoe oborudovanie dlya zakupok","servernoe oborudovanie dlya zakupok","2025-11-22T00:34:33.9931988Z"
"session_00001956","user_0061","org_008","klinng municipal","klinng municipal","2026-01-03T10:58:33.9931988Z"
"session_00001957","user_0061","org_008","serer","serer","2025-10-12T09:00:33.9931988Z"
"session_00001958","user_0061","org_008","tehpodderzka dlya zakupok","tehpodderzka dlya zakupok","2026-01-12T12:47:33.9931988Z"
"session_00001959","user_0061","org_008","server moskva","server moskva","2026-02-15T14:08:33.9931988Z"
"session_00001960","user_0061","org_008","it support","it support","2025-12-07T05:49:33.9931988Z"
"session_00001961","user_0061","org_008","autsorsing dlya zakupok","autsorsing dlya zakupok","2025-11-18T13:40:33.9931988Z"
"session_00001962","user_0061","org_008","cleaning service","cleaning service","2026-01-13T15:46:33.9931988Z"
"session_00001963","user_0061","org_008","obsluzhivanie moskva","obsluzhivanie moskva","2025-11-30T23:43:33.9931988Z"
"session_00001964","user_0061","org_008","soprovozhdenie dlya zakupok","soprovozhdenie dlya zakupok","2025-12-10T09:19:33.9931988Z"
"session_00001965","user_0061","org_008","noutbuk municipal","noutbuk municipal","2026-02-09T11:23:33.9931988Z"
"session_00001966","user_0061","org_008","soprovozhdenie dlya zakupok","soprovozhdenie dlya zakupok","2025-12-03T13:53:33.9931988Z"
"session_00001967","user_0061","org_008","noutbukk moskva","noutbukk moskva","2026-01-13T23:56:33.9931988Z"
"session_00001968","user_0061","org_008","soprovozhdenie moskva","soprovozhdenie moskva","2025-11-07T14:42:33.9931988Z"
"session_00001969","user_0061","org_008","noutbuk moskva","noutbuk moskva","2026-02-23T14:25:33.9931988Z"
"session_00001970","user_0061","org_008","noutbukk municipal","noutbukk municipal","2026-02-17T14:47:33.9931988Z"
"session_00001971","user_0061","org_008","noutbuk municipal","noutbuk municipal","2026-01-21T06:49:33.9931988Z"
"session_00001972","user_0061","org_008","noutbuk dlya zakupok","noutbuk dlya zakupok","2025-11-01T16:18:33.9931988Z"
"session_00001973","user_0061","org_008","setevoe oborudovanie moskva","setevoe oborudovanie moskva","2025-12-14T23:26:33.9931988Z"
"session_00001974","user_0061","org_008","rabochaya stanciya portal postavshikov","rabochaya stanciya portal postavshikov","2025-12-29T18:07:33.9931988Z"
"session_00001975","user_0061","org_008","soprovozhdenie moskva","soprovozhdenie moskva","2025-11-17T04:16:33.9931988Z"
"session_00001976","user_0061","org_008","cleaning service","cleaning service","2025-12-14T07:40:33.9931988Z"
"session_00001977","user_0061","org_008","servis portal postavshikov","servis portal postavshikov","2025-11-26T01:58:33.9931988Z"
"session_00001978","user_0061","org_008","noutbuk dlya zakupok","noutbuk dlya zakupok","2025-10-16T23:21:33.9931988Z"
"session_00001979","user_0061","org_008","noutbukk portal postavshikov","noutbukk portal postavshikov","2026-03-01T00:02:33.9931988Z"
"session_00001980","user_0061","org_008","tehpodderzhka portal postavshikov","tehpodderzhka portal postavshikov","2026-02-04T11:31:33.9931988Z"
"session_00001981","user_0061","org_008","it support municipal","it support municipal","2025-10-28T07:42:33.9931988Z"
"session_00001982","user_0061","org_008","tehpodderzka portal postavshikov","tehpodderzka portal postavshikov","2025-11-05T02:37:33.9931988Z"
"session_00001983","user_0061","org_008","noutbuk portal postavshikov","noutbuk portal postavshikov","2026-01-28T15:06:33.9931988Z"
"session_00001984","user_0061","org_008","setevoe oborudovanie municipal","setevoe oborudovanie municipal","2025-10-04T00:23:33.9931988Z"
"session_00001985","user_0061","org_008","noutbukk portal postavshikov","noutbukk portal postavshikov","2025-10-30T00:24:33.9931988Z"
"session_00001986","user_0061","org_008","obsluzhivanie moskva","obsluzhivanie moskva","2026-01-28T11:13:33.9931988Z"
"session_00001987","user_0061","org_008","klining portal postavshikov","klining portal postavshikov","2026-01-20T17:11:33.9931988Z"
"session_00001988","user_0061","org_008","server moskva","server moskva","2026-03-24T02:05:33.9931988Z"
"session_00001989","user_0061","org_008","noutbuk municipal","noutbuk municipal","2025-12-17T21:33:33.9931988Z"
"session_00001990","user_0062","org_008","server","server","2025-11-20T03:53:33.9931988Z"
"session_00001991","user_0062","org_008","kommutator moskva","kommutator moskva","2026-02-20T09:44:33.9931988Z"
"session_00001992","user_0062","org_008","setevoe oborudovanie portal postavshikov","setevoe oborudovanie portal postavshikov","2026-01-31T17:46:33.9931988Z"
"session_00001993","user_0062","org_008","komutator dlya zakupok","komutator dlya zakupok","2025-10-23T17:14:33.9931988Z"
"session_00001994","user_0062","org_008","passazhirskie perevozki","passazhirskie perevozki","2026-03-03T00:25:33.9931988Z"
"session_00001995","user_0062","org_008","noutbuk moskva","noutbuk moskva","2025-10-25T22:11:33.9931988Z"
"session_00001996","user_0062","org_008","logstika","logstika","2025-11-12T10:51:33.9931988Z"
"session_00001997","user_0062","org_008","setevoe oborudovanie","setevoe oborudovanie","2026-03-18T20:21:33.9931988Z"
"session_00001998","user_0062","org_008","arenda transporta","arenda transporta","2025-12-19T21:35:33.9931988Z"
"session_00001999","user_0062","org_008","server dlya zakupok","server dlya zakupok","2026-01-18T15:51:33.9931988Z"
"session_00002000","user_0062","org_008","avtobus portal postavshikov","avtobus portal postavshikov","2025-11-24T10:37:33.9931988Z"
"session_00002001","user_0062","org_008","kommutator portal postavshikov","kommutator portal postavshikov","2026-02-28T22:31:33.9931988Z"
"session_00002002","user_0062","org_008","aftobus portal postavshikov","aftobus portal postavshikov","2026-01-18T17:13:33.9931988Z"
"session_00002003","user_0062","org_008","serer municipal","serer municipal","2026-01-13T16:49:33.9931988Z"
"session_00002004","user_0062","org_008","noutbuk municipal","noutbuk municipal","2025-12-24T19:01:33.9931988Z"
"session_00002005","user_0062","org_008","arenda transporta moskva","arenda transporta moskva","2026-01-03T13:49:33.9931988Z"
"session_00002006","user_0062","org_008","noutbukk","noutbukk","2026-02-09T05:59:33.9931988Z"
"session_00002007","user_0062","org_008","rabochaya stanciya","rabochaya stanciya","2025-11-11T10:29:33.9931988Z"
"session_00002008","user_0062","org_008","noutbukk moskva","noutbukk moskva","2026-02-04T09:20:33.9931988Z"
"session_00002009","user_0062","org_008","arenda transporta","arenda transporta","2025-11-27T18:54:33.9931988Z"
"session_00002010","user_0062","org_008","setevoe oborudovanie municipal","setevoe oborudovanie municipal","2025-12-08T09:20:33.9931988Z"
"session_00002011","user_0062","org_008","mikroaftobus dlya zakupok","mikroaftobus dlya zakupok","2026-01-12T01:47:33.9931988Z"
"session_00002012","user_0062","org_008","avtobus dlya zakupok","avtobus dlya zakupok","2025-10-29T23:42:33.9931988Z"
"session_00002013","user_0062","org_008","servernoe oborudovanie","servernoe oborudovanie","2026-03-21T23:48:33.9931988Z"
"session_00002014","user_0062","org_008","marshrutny transport municipal","marshrutny transport municipal","2026-02-15T19:34:33.9931988Z"
"session_00002015","user_0062","org_008","arenda transporta","arenda transporta","2025-10-14T18:07:33.9931988Z"
"session_00002016","user_0062","org_008","setevoe oborudovanie dlya zakupok","setevoe oborudovanie dlya zakupok","2026-02-01T05:13:33.9931988Z"
"session_00002017","user_0062","org_008","rabochaya stanciya dlya zakupok","rabochaya stanciya dlya zakupok","2026-03-25T10:23:33.9931988Z"
"session_00002018","user_0063","org_008","autsorsing dlya zakupok","autsorsing dlya zakupok","2025-12-31T01:44:33.9931988Z"
"session_00002019","user_0063","org_008","obsluzhvaniye municipal","obsluzhvaniye municipal","2026-03-16T03:52:33.9931988Z"
"session_00002020","user_0063","org_008","obsluzhivanie portal postavshikov","obsluzhivanie portal postavshikov","2025-11-02T06:44:33.9931988Z"
"session_00002021","user_0063","org_008","tehpodderzka portal postavshikov","tehpodderzka portal postavshikov","2026-03-07T19:17:33.9931988Z"
"session_00002022","user_0063","org_008","rabochaya stanciya moskva","rabochaya stanciya moskva","2025-10-05T03:37:33.9931988Z"
"session_00002023","user_0063","org_008","server","server","2025-10-30T23:45:33.9931988Z"
"session_00002024","user_0063","org_008","klining portal postavshikov","klining portal postavshikov","2026-03-25T06:31:33.9931988Z"
"session_00002025","user_0063","org_008","rabochaya stanciya municipal","rabochaya stanciya municipal","2025-12-05T01:43:33.9931988Z"
"session_00002026","user_0063","org_008","soprovozhdenie","soprovozhdenie","2026-02-25T22:20:33.9931988Z"
"session_00002027","user_0063","org_008","setevoy kommutator municipal","setevoy kommutator municipal","2025-11-27T16:18:33.9931988Z"
"session_00002028","user_0063","org_008","autsorsing dlya zakupok","autsorsing dlya zakupok","2026-02-12T02:32:33.9931988Z"
"session_00002029","user_0063","org_008","obsluzhivanie dlya zakupok","obsluzhivanie dlya zakupok","2025-11-17T19:33:33.9931988Z"
"session_00002030","user_0063","org_008","switch portal postavshikov","switch portal postavshikov","2025-12-06T16:26:33.9931988Z"
"session_00002031","user_0063","org_008","rabochaya stanciya portal postavshikov","rabochaya stanciya portal postavshikov","2025-10-02T20:23:33.9931988Z"
"session_00002032","user_0063","org_008","noutbuk municipal","noutbuk municipal","2026-03-07T14:27:33.9931988Z"
"session_00002033","user_0063","org_008","komutator portal postavshikov","komutator portal postavshikov","2026-02-17T23:17:33.9931988Z"
"session_00002034","user_0063","org_008","rabochaya stanciya municipal","rabochaya stanciya municipal","2026-03-11T13:04:33.9931988Z"
"session_00002035","user_0063","org_008","laptop","laptop","2026-01-26T02:34:33.9931988Z"
"session_00002036","user_0063","org_008","cleaning service moskva","cleaning service moskva","2025-10-14T08:35:33.9931988Z"
"session_00002037","user_0063","org_008","klinng municipal","klinng municipal","2026-02-11T01:53:33.9931988Z"
"session_00002038","user_0063","org_008","obsluzhivanie municipal","obsluzhivanie municipal","2026-02-27T04:13:33.9931988Z"
"session_00002039","user_0063","org_008","serer portal postavshikov","serer portal postavshikov","2026-03-12T14:11:33.9931988Z"
"session_00002040","user_0063","org_008","noutbuk moskva","noutbuk moskva","2026-02-21T14:09:33.9931988Z"
"session_00002041","user_0063","org_008","soprovozhdenie dlya zakupok","soprovozhdenie dlya zakupok","2025-11-20T04:09:33.9931988Z"
"session_00002042","user_0063","org_008","obsluzhivanie dlya zakupok","obsluzhivanie dlya zakupok","2026-02-06T03:24:33.9931988Z"
"session_00002043","user_0063","org_008","rabochaya stanciya dlya zakupok","rabochaya stanciya dlya zakupok","2025-11-15T04:02:33.9931988Z"
"session_00002044","user_0063","org_008","klinng dlya zakupok","klinng dlya zakupok","2025-10-07T14:15:33.9931988Z"
"session_00002045","user_0063","org_008","obsluzhivanie dlya zakupok","obsluzhivanie dlya zakupok","2025-12-23T00:43:33.9931988Z"
"session_00002046","user_0063","org_008","klining portal postavshikov","klining portal postavshikov","2026-02-01T12:47:33.9931988Z"
"session_00002047","user_0063","org_008","soprovozhdenie portal postavshikov","soprovozhdenie portal postavshikov","2025-12-18T21:25:33.9931988Z"
"session_00002048","user_0063","org_008","kommutator dlya zakupok","kommutator dlya zakupok","2025-10-16T12:27:33.9931988Z"
"session_00002049","user_0064","org_008","ofisnaya mebel dlya zakupok","ofisnaya mebel dlya zakupok","2026-02-24T13:52:33.9931988Z"
"session_00002050","user_0064","org_008","ofisnaya mebel portal postavshikov","ofisnaya mebel portal postavshikov","2026-01-04T11:28:33.9931988Z"
"session_00002051","user_0064","org_008","rabochaya stanciya municipal","rabochaya stanciya municipal","2026-01-16T19:44:33.9931988Z"
"session_00002052","user_0064","org_008","kommutator dlya zakupok","kommutator dlya zakupok","2025-11-22T23:19:33.9931988Z"
"session_00002053","user_0064","org_008","rabochaya stanciya moskva","rabochaya stanciya moskva","2026-02-18T03:24:33.9931988Z"
"session_00002054","user_0064","org_008","noutbuk moskva","noutbuk moskva","2026-01-03T02:54:33.9931988Z"
"session_00002055","user_0064","org_008","setevoe oborudovanie municipal","setevoe oborudovanie municipal","2026-02-01T11:54:33.9931988Z"
"session_00002056","user_0064","org_008","server dlya zakupok","server dlya zakupok","2026-02-23T05:31:33.9931988Z"
"session_00002057","user_0064","org_008","setevoe oborudovanie municipal","setevoe oborudovanie municipal","2025-10-13T21:29:33.9931988Z"
"session_00002058","user_0064","org_008","setevoe oborudovanie portal postavshikov","setevoe oborudovanie portal postavshikov","2026-01-15T17:24:33.9931988Z"
"session_00002059","user_0064","org_008","katridzh","katridzh","2025-12-05T01:11:33.9931988Z"
"session_00002060","user_0064","org_008","setevoy kommutator moskva","setevoy kommutator moskva","2026-02-12T22:40:33.9931988Z"
"session_00002061","user_0064","org_008","server","server","2025-11-13T16:38:33.9931988Z"
"session_00002062","user_0064","org_008","setevoe oborudovanie municipal","setevoe oborudovanie municipal","2026-01-12T21:28:33.9931988Z"
"session_00002063","user_0064","org_008","server","server","2025-12-13T14:36:33.9931988Z"
"session_00002064","user_0064","org_008","kommutator dlya zakupok","kommutator dlya zakupok","2026-01-17T08:34:33.9931988Z"
"session_00002065","user_0064","org_008","bumaga portal postavshikov","bumaga portal postavshikov","2025-11-25T10:40:33.9931988Z"
"session_00002066","user_0064","org_008","noutbuk moskva","noutbuk moskva","2025-11-23T17:14:33.9931988Z"
"session_00002067","user_0064","org_008","bumaga portal postavshikov","bumaga portal postavshikov","2025-12-23T04:23:33.9931988Z"
"session_00002068","user_0064","org_008","noutbuk moskva","noutbuk moskva","2026-03-23T12:54:33.9931988Z"
"session_00002069","user_0064","org_008","setevoe oborudovanie portal postavshikov","setevoe oborudovanie portal postavshikov","2026-03-05T11:56:33.9931988Z"
"session_00002070","user_0064","org_008","printer dlya zakupok","printer dlya zakupok","2025-10-14T02:56:33.9931988Z"
"session_00002071","user_0064","org_008","setevoe oborudovanie portal postavshikov","setevoe oborudovanie portal postavshikov","2026-03-21T00:50:33.9931988Z"
"session_00002072","user_0064","org_008","printer portal postavshikov","printer portal postavshikov","2025-11-24T12:15:33.9931988Z"
"session_00002073","user_0064","org_008","noutbuk moskva","noutbuk moskva","2026-01-29T13:30:33.9931988Z"
"session_00002074","user_0064","org_008","katridzh","katridzh","2026-02-07T00:04:33.9931988Z"
"session_00002075","user_0064","org_008","printer moskva","printer moskva","2025-12-08T07:19:33.9931988Z"
"session_00002076","user_0064","org_008","rabochaya stanciya moskva","rabochaya stanciya moskva","2025-09-30T02:11:33.9931988Z"
"session_00002077","user_0065","org_009","bumaga municipal","bumaga municipal","2026-02-28T19:16:33.9931988Z"
"session_00002078","user_0065","org_009","office paper municipal","office paper municipal","2026-02-02T19:21:33.9931988Z"
"session_00002079","user_0065","org_009","it support municipal","it support municipal","2026-02-14T01:28:33.9931988Z"
"session_00002080","user_0065","org_009","bumaga moskva","bumaga moskva","2025-11-06T18:57:33.9931988Z"
"session_00002081","user_0065","org_009","klining municipal","klining municipal","2025-10-11T05:34:33.9931988Z"
"session_00002082","user_0065","org_009","obsluzhivanie portal postavshikov","obsluzhivanie portal postavshikov","2026-01-08T16:35:33.9931988Z"
"session_00002083","user_0065","org_009","obsluzhivanie portal postavshikov","obsluzhivanie portal postavshikov","2025-12-27T06:16:33.9931988Z"
"session_00002084","user_0065","org_009","autsorsing dlya zakupok","autsorsing dlya zakupok","2025-10-17T06:49:33.9931988Z"
"session_00002085","user_0065","org_009","bumaga municipal","bumaga municipal","2026-03-04T14:02:33.9931988Z"
"session_00002086","user_0065","org_009","soprovozhdenie municipal","soprovozhdenie municipal","2026-02-18T03:46:33.9931988Z"
"session_00002087","user_0065","org_009","klining moskva","klining moskva","2025-12-31T18:57:33.9931988Z"
"session_00002088","user_0065","org_009","ofisnaya mebel","ofisnaya mebel","2026-03-09T11:06:33.9931988Z"
"session_00002089","user_0065","org_009","klining moskva","klining moskva","2025-12-27T18:21:33.9931988Z"
"session_00002090","user_0065","org_009","printer","printer","2026-02-02T15:47:33.9931988Z"
"session_00002091","user_0065","org_009","autsorsing dlya zakupok","autsorsing dlya zakupok","2026-03-02T09:56:33.9931988Z"
"session_00002092","user_0065","org_009","tehpodderzka dlya zakupok","tehpodderzka dlya zakupok","2025-11-01T23:07:33.9931988Z"
"session_00002093","user_0065","org_009","obsluzhivanie dlya zakupok","obsluzhivanie dlya zakupok","2026-02-19T03:41:33.9931988Z"
"session_00002094","user_0065","org_009","kanctovary dlya zakupok","kanctovary dlya zakupok","2025-10-10T22:31:33.9931988Z"
"session_00002095","user_0065","org_009","obsluzhivanie dlya zakupok","obsluzhivanie dlya zakupok","2025-10-15T11:37:33.9931988Z"
"session_00002096","user_0065","org_009","office paper dlya zakupok","office paper dlya zakupok","2026-01-19T03:37:33.9931988Z"
"session_00002097","user_0065","org_009","paper moskva","paper moskva","2026-03-16T08:14:33.9931988Z"
"session_00002098","user_0065","org_009","tehpodderzhka dlya zakupok","tehpodderzhka dlya zakupok","2025-12-16T17:27:33.9931988Z"
"session_00002099","user_0065","org_009","office supplies portal postavshikov","office supplies portal postavshikov","2025-12-19T02:16:33.9931988Z"
"session_00002100","user_0065","org_009","soprovozhdenie portal postavshikov","soprovozhdenie portal postavshikov","2026-03-01T22:09:33.9931988Z"
"session_00002101","user_0065","org_009","bumaga dlya zakupok","bumaga dlya zakupok","2025-12-06T17:55:33.9931988Z"
"session_00002102","user_0065","org_009","katridzh portal postavshikov","katridzh portal postavshikov","2026-03-04T23:25:33.9931988Z"
"session_00002103","user_0065","org_009","bumga moskva","bumga moskva","2026-01-23T12:45:33.9931988Z"
"session_00002104","user_0065","org_009","klining moskva","klining moskva","2026-02-01T19:04:33.9931988Z"
"session_00002105","user_0065","org_009","soprovozhdenie municipal","soprovozhdenie municipal","2026-03-24T00:50:33.9931988Z"
"session_00002106","user_0065","org_009","printer","printer","2026-03-26T20:15:33.9931988Z"
"session_00002107","user_0066","org_009","printer","printer","2026-01-11T00:06:33.9931988Z"
"session_00002108","user_0066","org_009","avtobus dlya zakupok","avtobus dlya zakupok","2025-12-29T14:24:33.9931988Z"
"session_00002109","user_0066","org_009","ofisnaya mebel municipal","ofisnaya mebel municipal","2025-11-24T04:21:33.9931988Z"
"session_00002110","user_0066","org_009","stationery moskva","stationery moskva","2025-11-12T17:22:33.9931988Z"
"session_00002111","user_0066","org_009","ofisnaya mebel","ofisnaya mebel","2025-12-03T06:14:33.9931988Z"
"session_00002112","user_0066","org_009","bumaga","bumaga","2026-02-03T05:19:33.9931988Z"
"session_00002113","user_0066","org_009","toner","toner","2025-12-31T10:02:33.9931988Z"
"session_00002114","user_0066","org_009","printer portal postavshikov","printer portal postavshikov","2025-11-10T14:42:33.9931988Z"
"session_00002115","user_0066","org_009","passazhirskie perevozki portal postavshikov","passazhirskie perevozki portal postavshikov","2026-02-25T15:42:33.9931988Z"
"session_00002116","user_0066","org_009","passazhirskie perevozki moskva","passazhirskie perevozki moskva","2026-02-21T10:48:33.9931988Z"
"session_00002117","user_0066","org_009","office supplies","office supplies","2026-02-01T15:45:33.9931988Z"
"session_00002118","user_0066","org_009","office supplies municipal","office supplies municipal","2025-12-18T13:09:33.9931988Z"
"session_00002119","user_0066","org_009","logistika dlya zakupok","logistika dlya zakupok","2026-01-05T12:30:33.9931988Z"
"session_00002120","user_0066","org_009","bumga dlya zakupok","bumga dlya zakupok","2026-01-13T22:58:33.9931988Z"
"session_00002121","user_0066","org_009","bumaga dlya zakupok","bumaga dlya zakupok","2026-03-03T00:05:33.9931988Z"
"session_00002122","user_0066","org_009","kanctovary","kanctovary","2025-10-22T21:28:33.9931988Z"
"session_00002123","user_0066","org_009","logistika portal postavshikov","logistika portal postavshikov","2026-02-13T14:24:33.9931988Z"
"session_00002124","user_0066","org_009","transportnaya logistika dlya zakupok","transportnaya logistika dlya zakupok","2025-12-01T20:04:33.9931988Z"
"session_00002125","user_0066","org_009","minibus portal postavshikov","minibus portal postavshikov","2026-02-09T16:56:33.9931988Z"
"session_00002126","user_0066","org_009","kartridzh","kartridzh","2025-11-06T19:10:33.9931988Z"
"session_00002127","user_0066","org_009","mikroavtobus","mikroavtobus","2025-10-08T00:41:33.9931988Z"
"session_00002128","user_0066","org_009","mikroavtobus portal postavshikov","mikroavtobus portal postavshikov","2025-10-11T14:55:33.9931988Z"
"session_00002129","user_0066","org_009","aftobus municipal","aftobus municipal","2025-11-07T17:03:33.9931988Z"
"session_00002130","user_0066","org_009","ofisnaya mebel portal postavshikov","ofisnaya mebel portal postavshikov","2026-01-27T09:12:33.9931988Z"
"session_00002131","user_0066","org_009","aftobus municipal","aftobus municipal","2025-12-27T16:51:33.9931988Z"
"session_00002132","user_0066","org_009","kartridzh municipal","kartridzh municipal","2025-10-25T06:50:33.9931988Z"
"session_00002133","user_0066","org_009","stationery portal postavshikov","stationery portal postavshikov","2025-12-01T19:18:33.9931988Z"
"session_00002134","user_0067","org_009","soprovozhdenie","soprovozhdenie","2025-10-14T15:52:33.9931988Z"
"session_00002135","user_0067","org_009","tehpodderzhka dlya zakupok","tehpodderzhka dlya zakupok","2025-12-03T01:23:33.9931988Z"
"session_00002136","user_0067","org_009","soprovozhdenie municipal","soprovozhdenie municipal","2025-10-05T10:55:33.9931988Z"
"session_00002137","user_0067","org_009","soprovozhdenie dlya zakupok","soprovozhdenie dlya zakupok","2026-02-07T07:02:33.9931988Z"
"session_00002138","user_0067","org_009","soprovozhdenie municipal","soprovozhdenie municipal","2025-12-23T07:36:33.9931988Z"
"session_00002139","user_0067","org_009","ofisnaya mebel","ofisnaya mebel","2026-01-04T14:35:33.9931988Z"
"session_00002140","user_0067","org_009","obsluzhivanie dlya zakupok","obsluzhivanie dlya zakupok","2025-11-02T22:54:33.9931988Z"
"session_00002141","user_0067","org_009","ofisnaya mebel dlya zakupok","ofisnaya mebel dlya zakupok","2026-01-02T14:25:33.9931988Z"
"session_00002142","user_0067","org_009","obsluzhvaniye moskva","obsluzhvaniye moskva","2026-01-18T20:58:33.9931988Z"
"session_00002143","user_0067","org_009","ekspluataciya dlya zakupok","ekspluataciya dlya zakupok","2026-02-03T02:53:33.9931988Z"
"session_00002144","user_0067","org_009","tehpodderzhka","tehpodderzhka","2025-12-26T03:59:33.9931988Z"
"session_00002145","user_0067","org_009","katridzh dlya zakupok","katridzh dlya zakupok","2026-03-20T07:37:33.9931988Z"
"session_00002146","user_0067","org_009","kanctovary","kanctovary","2025-12-04T11:30:33.9931988Z"
"session_00002147","user_0067","org_009","obsluzhvaniye municipal","obsluzhvaniye municipal","2026-01-29T11:26:33.9931988Z"
"session_00002148","user_0067","org_009","bumga dlya zakupok","bumga dlya zakupok","2026-02-25T02:04:33.9931988Z"
"session_00002149","user_0067","org_009","kartridzh portal postavshikov","kartridzh portal postavshikov","2025-10-14T02:16:33.9931988Z"
"session_00002150","user_0067","org_009","ofisnaya mebel","ofisnaya mebel","2025-10-30T10:28:33.9931988Z"
"session_00002151","user_0067","org_009","ofisnaya mebel municipal","ofisnaya mebel municipal","2026-03-06T06:40:33.9931988Z"
"session_00002152","user_0067","org_009","kanctovri municipal","kanctovri municipal","2026-02-03T05:06:33.9931988Z"
"session_00002153","user_0067","org_009","ofisnaya mebel","ofisnaya mebel","2025-11-01T12:43:33.9931988Z"
"session_00002154","user_0067","org_009","stationery dlya zakupok","stationery dlya zakupok","2025-12-21T15:24:33.9931988Z"
"session_00002155","user_0067","org_009","kanctovary moskva","kanctovary moskva","2026-01-15T05:33:33.9931988Z"
"session_00002156","user_0067","org_009","tehpodderzhka portal postavshikov","tehpodderzhka portal postavshikov","2025-12-31T20:49:33.9931988Z"
"session_00002157","user_0067","org_009","ofisnaya mebel","ofisnaya mebel","2026-01-24T04:54:33.9931988Z"
"session_00002158","user_0067","org_009","kanctovri moskva","kanctovri moskva","2026-02-12T08:16:33.9931988Z"
"session_00002159","user_0067","org_009","bumga portal postavshikov","bumga portal postavshikov","2025-11-03T04:02:33.9931988Z"
"session_00002160","user_0067","org_009","office paper dlya zakupok","office paper dlya zakupok","2026-03-18T03:31:33.9931988Z"
"session_00002161","user_0067","org_009","autsorsing dlya zakupok","autsorsing dlya zakupok","2025-10-04T17:12:33.9931988Z"
"session_00002162","user_0067","org_009","ofisnaya mebel","ofisnaya mebel","2025-10-26T03:04:33.9931988Z"
"session_00002163","user_0067","org_009","uborka pomescheniy municipal","uborka pomescheniy municipal","2026-03-26T20:20:33.9931988Z"
"session_00002164","user_0067","org_009","obsluzhivanie moskva","obsluzhivanie moskva","2025-12-20T11:10:33.9931988Z"
"session_00002165","user_0067","org_009","ofisnaya mebel municipal","ofisnaya mebel municipal","2025-12-11T21:16:33.9931988Z"
"session_00002166","user_0067","org_009","kanctovri moskva","kanctovri moskva","2026-01-11T03:18:33.9931988Z"
"session_00002167","user_0067","org_009","kanctovri municipal","kanctovri municipal","2026-02-15T12:33:33.9931988Z"
"session_00002168","user_0067","org_009","soprovozhdenie dlya zakupok","soprovozhdenie dlya zakupok","2025-10-12T08:01:33.9931988Z"
"session_00002169","user_0067","org_009","katridzh municipal","katridzh municipal","2025-11-10T03:18:33.9931988Z"
"session_00002170","user_0068","org_009","logistika moskva","logistika moskva","2026-01-08T14:50:33.9931988Z"
"session_00002171","user_0068","org_009","avtobus","avtobus","2025-12-19T13:23:33.9931988Z"
"session_00002172","user_0068","org_009","setevoe oborudovanie portal postavshikov","setevoe oborudovanie portal postavshikov","2025-12-19T14:40:33.9931988Z"
"session_00002173","user_0068","org_009","transportnaya logistika","transportnaya logistika","2025-10-08T08:30:33.9931988Z"
"session_00002174","user_0068","org_009","minibus portal postavshikov","minibus portal postavshikov","2026-02-01T12:54:33.9931988Z"
"session_00002175","user_0068","org_009","setevoe oborudovanie dlya zakupok","setevoe oborudovanie dlya zakupok","2026-02-09T17:44:33.9931988Z"
"session_00002176","user_0068","org_009","aftobus municipal","aftobus municipal","2026-01-01T11:52:33.9931988Z"
"session_00002177","user_0068","org_009","switch moskva","switch moskva","2025-10-31T01:13:33.9931988Z"
"session_00002178","user_0068","org_009","arenda transporta municipal","arenda transporta municipal","2025-11-10T09:49:33.9931988Z"
"session_00002179","user_0068","org_009","setevoe oborudovanie","setevoe oborudovanie","2025-12-02T10:35:33.9931988Z"
"session_00002180","user_0068","org_009","logistika dlya zakupok","logistika dlya zakupok","2026-02-07T04:03:33.9931988Z"
"session_00002181","user_0068","org_009","arenda transporta dlya zakupok","arenda transporta dlya zakupok","2026-01-07T08:56:33.9931988Z"
"session_00002182","user_0068","org_009","logistika municipal","logistika municipal","2025-12-01T00:40:33.9931988Z"
"session_00002183","user_0068","org_009","arenda transporta","arenda transporta","2026-02-02T21:33:33.9931988Z"
"session_00002184","user_0068","org_009","serer portal postavshikov","serer portal postavshikov","2026-02-28T13:17:33.9931988Z"
"session_00002185","user_0068","org_009","setevoe oborudovanie municipal","setevoe oborudovanie municipal","2026-02-07T12:53:33.9931988Z"
"session_00002186","user_0068","org_009","logistika municipal","logistika municipal","2025-10-12T10:41:33.9931988Z"
"session_00002187","user_0068","org_009","avtobus dlya zakupok","avtobus dlya zakupok","2025-10-06T20:44:33.9931988Z"
"session_00002188","user_0068","org_009","server moskva","server moskva","2025-11-08T13:14:33.9931988Z"
"session_00002189","user_0068","org_009","setevoe oborudovanie","setevoe oborudovanie","2025-11-29T18:01:33.9931988Z"
"session_00002190","user_0068","org_009","arenda transporta","arenda transporta","2025-10-29T19:41:33.9931988Z"
"session_00002191","user_0068","org_009","setevoe oborudovanie dlya zakupok","setevoe oborudovanie dlya zakupok","2026-03-07T01:51:33.9931988Z"
"session_00002192","user_0068","org_009","mikroavtobus dlya zakupok","mikroavtobus dlya zakupok","2026-01-23T08:16:33.9931988Z"
"session_00002193","user_0068","org_009","mikroavtobus dlya zakupok","mikroavtobus dlya zakupok","2026-03-06T20:21:33.9931988Z"
"session_00002194","user_0068","org_009","mobilnaya rabochaya stanciya moskva","mobilnaya rabochaya stanciya moskva","2026-02-27T19:46:33.9931988Z"
"session_00002195","user_0068","org_009","setevoe oborudovanie portal postavshikov","setevoe oborudovanie portal postavshikov","2025-12-21T09:47:33.9931988Z"
"session_00002196","user_0068","org_009","rabochaya stanciya dlya zakupok","rabochaya stanciya dlya zakupok","2025-10-03T12:03:33.9931988Z"
"session_00002197","user_0068","org_009","rabochaya stanciya dlya zakupok","rabochaya stanciya dlya zakupok","2025-12-29T23:15:33.9931988Z"
"session_00002198","user_0068","org_009","kommutator municipal","kommutator municipal","2025-11-11T09:24:33.9931988Z"
"session_00002199","user_0068","org_009","laptop","laptop","2025-10-29T19:03:33.9931988Z"
"session_00002200","user_0068","org_009","arenda transporta portal postavshikov","arenda transporta portal postavshikov","2025-10-12T23:30:33.9931988Z"
"session_00002201","user_0068","org_009","passazhirskie perevozki municipal","passazhirskie perevozki municipal","2025-10-09T03:01:33.9931988Z"
"session_00002202","user_0069","org_009","soprovozhdenie moskva","soprovozhdenie moskva","2025-11-04T20:26:33.9931988Z"
"session_00002203","user_0069","org_009","soprovozhdenie municipal","soprovozhdenie municipal","2026-03-15T07:54:33.9931988Z"
"session_00002204","user_0069","org_009","setevoe oborudovanie dlya zakupok","setevoe oborudovanie dlya zakupok","2026-01-07T14:12:33.9931988Z"
"session_00002205","user_0069","org_009","kommutator municipal","kommutator municipal","2025-10-02T19:59:33.9931988Z"
"session_00002206","user_0069","org_009","setevoy kommutator moskva","setevoy kommutator moskva","2026-01-05T22:25:33.9931988Z"
"session_00002207","user_0069","org_009","server dlya zakupok","server dlya zakupok","2026-02-02T01:11:33.9931988Z"
"session_00002208","user_0069","org_009","rabochaya stanciya dlya zakupok","rabochaya stanciya dlya zakupok","2026-02-12T23:32:33.9931988Z"
"session_00002209","user_0069","org_009","noutbuk","noutbuk","2026-03-01T15:31:33.9931988Z"
"session_00002210","user_0069","org_009","obsluzhivanie municipal","obsluzhivanie municipal","2025-12-26T22:17:33.9931988Z"
"session_00002211","user_0069","org_009","soprovozhdenie dlya zakupok","soprovozhdenie dlya zakupok","2025-12-06T01:04:33.9931988Z"
"session_00002212","user_0069","org_009","noutbuk portal postavshikov","noutbuk portal postavshikov","2025-12-27T09:13:33.9931988Z"
"session_00002213","user_0069","org_009","setevoe oborudovanie","setevoe oborudovanie","2025-10-20T07:27:33.9931988Z"
"session_00002214","user_0069","org_009","kommutator municipal","kommutator municipal","2025-11-11T23:19:33.9931988Z"
"session_00002215","user_0069","org_009","tehpodderzhka portal postavshikov","tehpodderzhka portal postavshikov","2026-02-02T17:46:33.9931988Z"
"session_00002216","user_0069","org_009","rabochaya stanciya municipal","rabochaya stanciya municipal","2025-12-25T08:21:33.9931988Z"
"session_00002217","user_0069","org_009","setevoe oborudovanie dlya zakupok","setevoe oborudovanie dlya zakupok","2025-12-24T01:15:33.9931988Z"
"session_00002218","user_0069","org_009","klinng moskva","klinng moskva","2025-12-23T15:30:33.9931988Z"
"session_00002219","user_0069","org_009","ekspluataciya municipal","ekspluataciya municipal","2026-02-12T08:25:33.9931988Z"
"session_00002220","user_0069","org_009","klining","klining","2025-12-21T05:34:33.9931988Z"
"session_00002221","user_0069","org_009","cleaning service","cleaning service","2025-12-05T17:35:33.9931988Z"
"session_00002222","user_0069","org_009","autsorsing","autsorsing","2026-01-12T18:46:33.9931988Z"
"session_00002223","user_0069","org_009","setevoe oborudovanie portal postavshikov","setevoe oborudovanie portal postavshikov","2025-10-10T00:07:33.9931988Z"
"session_00002224","user_0069","org_009","rabochaya stanciya","rabochaya stanciya","2026-01-05T19:00:33.9931988Z"
"session_00002225","user_0069","org_009","server portal postavshikov","server portal postavshikov","2025-11-12T19:50:33.9931988Z"
"session_00002226","user_0069","org_009","soprovozhdenie portal postavshikov","soprovozhdenie portal postavshikov","2025-10-23T01:48:33.9931988Z"
"session_00002227","user_0069","org_009","kommutator","kommutator","2026-02-11T15:30:33.9931988Z"
"session_00002228","user_0069","org_009","laptop","laptop","2025-11-07T21:42:33.9931988Z"
"session_00002229","user_0069","org_009","noutbuk dlya zakupok","noutbuk dlya zakupok","2026-01-21T03:02:33.9931988Z"
"session_00002230","user_0070","org_009","passazhirskie perevozki municipal","passazhirskie perevozki municipal","2025-10-11T15:44:33.9931988Z"
"session_00002231","user_0070","org_009","avtobus municipal","avtobus municipal","2026-03-05T15:46:33.9931988Z"
"session_00002232","user_0070","org_009","aftobus moskva","aftobus moskva","2025-10-26T17:31:33.9931988Z"
"session_00002233","user_0070","org_009","bus moskva","bus moskva","2026-03-16T22:20:33.9931988Z"
"session_00002234","user_0070","org_009","obsluzhivanie portal postavshikov","obsluzhivanie portal postavshikov","2026-03-22T16:22:33.9931988Z"
"session_00002235","user_0070","org_009","logistika moskva","logistika moskva","2025-10-20T01:16:33.9931988Z"
"session_00002236","user_0070","org_009","mikroavtobus portal postavshikov","mikroavtobus portal postavshikov","2025-12-05T00:21:33.9931988Z"
"session_00002237","user_0070","org_009","klining dlya zakupok","klining dlya zakupok","2025-10-30T18:09:33.9931988Z"
"session_00002238","user_0070","org_009","obsluzhivanie","obsluzhivanie","2026-01-04T19:14:33.9931988Z"
"session_00002239","user_0070","org_009","tehpodderzka municipal","tehpodderzka municipal","2026-01-01T11:18:33.9931988Z"
"session_00002240","user_0070","org_009","tehpodderzka dlya zakupok","tehpodderzka dlya zakupok","2025-12-07T12:38:33.9931988Z"
"session_00002241","user_0070","org_009","mikroavtobus municipal","mikroavtobus municipal","2026-03-07T04:05:33.9931988Z"
"session_00002242","user_0070","org_009","logistika municipal","logistika municipal","2026-03-08T05:17:33.9931988Z"
"session_00002243","user_0070","org_009","cleaning service","cleaning service","2026-02-16T06:46:33.9931988Z"
"session_00002244","user_0070","org_009","marshrutny transport dlya zakupok","marshrutny transport dlya zakupok","2025-12-23T12:53:33.9931988Z"
"session_00002245","user_0070","org_009","autsorsing portal postavshikov","autsorsing portal postavshikov","2025-10-06T15:09:33.9931988Z"
"session_00002246","user_0070","org_009","obsluzhivanie moskva","obsluzhivanie moskva","2026-03-06T20:43:33.9931988Z"
"session_00002247","user_0070","org_009","it support moskva","it support moskva","2026-03-09T07:20:33.9931988Z"
"session_00002248","user_0070","org_009","ekspluataciya municipal","ekspluataciya municipal","2025-12-16T18:04:33.9931988Z"
"session_00002249","user_0070","org_009","passazhirskie perevozki municipal","passazhirskie perevozki municipal","2026-01-28T12:49:33.9931988Z"
"session_00002250","user_0070","org_009","aftobus","aftobus","2026-03-15T17:37:33.9931988Z"
"session_00002251","user_0070","org_009","perevozki portal postavshikov","perevozki portal postavshikov","2026-02-10T21:20:33.9931988Z"
"session_00002252","user_0070","org_009","soprovozhdenie","soprovozhdenie","2025-12-31T04:13:33.9931988Z"
"session_00002253","user_0070","org_009","avtobus","avtobus","2026-01-20T07:20:33.9931988Z"
"session_00002254","user_0070","org_009","ekspluataciya moskva","ekspluataciya moskva","2025-11-12T09:43:33.9931988Z"
"session_00002255","user_0070","org_009","mikroavtobus portal postavshikov","mikroavtobus portal postavshikov","2025-12-03T08:42:33.9931988Z"
"session_00002256","user_0070","org_009","logstika portal postavshikov","logstika portal postavshikov","2025-11-25T10:58:33.9931988Z"
"session_00002257","user_0070","org_009","autsorsing","autsorsing","2025-10-10T17:33:33.9931988Z"
"session_00002258","user_0070","org_009","logistika moskva","logistika moskva","2026-03-16T18:28:33.9931988Z"
"session_00002259","user_0070","org_009","obsluzhivanie moskva","obsluzhivanie moskva","2025-12-28T23:03:33.9931988Z"
"session_00002260","user_0070","org_009","tehpodderzhka","tehpodderzhka","2026-01-13T13:56:33.9931988Z"
"session_00002261","user_0070","org_009","service desk municipal","service desk municipal","2025-09-30T17:11:33.9931988Z"
"session_00002262","user_0070","org_009","tehpodderzka portal postavshikov","tehpodderzka portal postavshikov","2026-02-15T20:09:33.9931988Z"
"session_00002263","user_0070","org_009","arenda transporta dlya zakupok","arenda transporta dlya zakupok","2025-10-08T03:21:33.9931988Z"
"session_00002264","user_0070","org_009","logistika","logistika","2025-11-28T13:02:33.9931988Z"
"session_00002265","user_0070","org_009","autsorsing portal postavshikov","autsorsing portal postavshikov","2026-01-20T12:44:33.9931988Z"
"session_00002266","user_0071","org_009","tehpodderzka dlya zakupok","tehpodderzka dlya zakupok","2026-01-11T08:55:33.9931988Z"
"session_00002267","user_0071","org_009","autsorsing moskva","autsorsing moskva","2026-03-22T05:54:33.9931988Z"
"session_00002268","user_0071","org_009","bumaga municipal","bumaga municipal","2025-10-30T14:32:33.9931988Z"
"session_00002269","user_0071","org_009","obsluzhivanie dlya zakupok","obsluzhivanie dlya zakupok","2025-10-31T14:14:33.9931988Z"
"session_00002270","user_0071","org_009","stationery dlya zakupok","stationery dlya zakupok","2025-10-12T06:07:33.9931988Z"
"session_00002271","user_0071","org_009","autsorsing portal postavshikov","autsorsing portal postavshikov","2025-10-30T08:18:33.9931988Z"
"session_00002272","user_0071","org_009","kartridzh municipal","kartridzh municipal","2025-11-12T08:21:33.9931988Z"
"session_00002273","user_0071","org_009","soprovozhdenie dlya zakupok","soprovozhdenie dlya zakupok","2026-01-30T14:35:33.9931988Z"
"session_00002274","user_0071","org_009","autsorsing portal postavshikov","autsorsing portal postavshikov","2025-12-25T15:51:33.9931988Z"
"session_00002275","user_0071","org_009","printer","printer","2025-10-04T17:35:33.9931988Z"
"session_00002276","user_0071","org_009","paper moskva","paper moskva","2025-12-26T01:35:33.9931988Z"
"session_00002277","user_0071","org_009","soprovozhdenie dlya zakupok","soprovozhdenie dlya zakupok","2026-03-20T01:38:33.9931988Z"
"session_00002278","user_0071","org_009","obsluzhivanie dlya zakupok","obsluzhivanie dlya zakupok","2025-12-17T04:23:33.9931988Z"
"session_00002279","user_0071","org_009","klining moskva","klining moskva","2026-01-26T12:10:33.9931988Z"
"session_00002280","user_0071","org_009","ofisnaya mebel portal postavshikov","ofisnaya mebel portal postavshikov","2026-02-05T04:16:33.9931988Z"
"session_00002281","user_0071","org_009","kanctovary dlya zakupok","kanctovary dlya zakupok","2025-09-30T20:09:33.9931988Z"
"session_00002282","user_0071","org_009","kartridzh","kartridzh","2025-10-13T05:47:33.9931988Z"
"session_00002283","user_0071","org_009","ofisnaya mebel municipal","ofisnaya mebel municipal","2025-12-30T20:43:33.9931988Z"
"session_00002284","user_0071","org_009","soprovozhdenie portal postavshikov","soprovozhdenie portal postavshikov","2026-03-20T15:44:33.9931988Z"
"session_00002285","user_0071","org_009","kanctovary municipal","kanctovary municipal","2025-12-14T13:14:33.9931988Z"
"session_00002286","user_0071","org_009","office paper","office paper","2025-11-21T14:05:33.9931988Z"
"session_00002287","user_0071","org_009","bumaga dlya zakupok","bumaga dlya zakupok","2026-02-07T09:17:33.9931988Z"
"session_00002288","user_0071","org_009","kanctovary portal postavshikov","kanctovary portal postavshikov","2026-03-06T12:24:33.9931988Z"
"session_00002289","user_0071","org_009","it support portal postavshikov","it support portal postavshikov","2026-03-13T07:02:33.9931988Z"
"session_00002290","user_0071","org_009","autsorsing","autsorsing","2026-02-01T07:12:33.9931988Z"
"session_00002291","user_0071","org_009","obsluzhivanie","obsluzhivanie","2026-02-08T16:41:33.9931988Z"
"session_00002292","user_0071","org_009","tehpodderzhka municipal","tehpodderzhka municipal","2025-10-19T10:58:33.9931988Z"
"session_00002293","user_0071","org_009","tehpodderzhka portal postavshikov","tehpodderzhka portal postavshikov","2025-12-13T04:18:33.9931988Z"
"session_00002294","user_0071","org_009","printer moskva","printer moskva","2026-01-08T04:18:33.9931988Z"
"session_00002295","user_0072","org_009","soprovozhdenie dlya zakupok","soprovozhdenie dlya zakupok","2026-03-05T21:08:33.9931988Z"
"session_00002296","user_0072","org_009","rabochaya stanciya portal postavshikov","rabochaya stanciya portal postavshikov","2025-12-08T15:43:33.9931988Z"
"session_00002297","user_0072","org_009","kommutator portal postavshikov","kommutator portal postavshikov","2026-02-17T01:42:33.9931988Z"
"session_00002298","user_0072","org_009","setevoe oborudovanie municipal","setevoe oborudovanie municipal","2026-03-17T11:40:33.9931988Z"
"session_00002299","user_0072","org_009","soprovozhdenie municipal","soprovozhdenie municipal","2025-10-11T06:29:33.9931988Z"
"session_00002300","user_0072","org_009","tehpodderzhka moskva","tehpodderzhka moskva","2026-01-27T19:56:33.9931988Z"
"session_00002301","user_0072","org_009","uborka pomescheniy portal postavshikov","uborka pomescheniy portal postavshikov","2026-03-18T04:18:33.9931988Z"
"session_00002302","user_0072","org_009","noutbuk portal postavshikov","noutbuk portal postavshikov","2025-12-18T11:08:33.9931988Z"
"session_00002303","user_0072","org_009","autsorsing","autsorsing","2025-10-30T20:51:33.9931988Z"
"session_00002304","user_0072","org_009","kommutator portal postavshikov","kommutator portal postavshikov","2025-12-06T12:29:33.9931988Z"
"session_00002305","user_0072","org_009","soprovozhdenie dlya zakupok","soprovozhdenie dlya zakupok","2026-03-18T11:22:33.9931988Z"
"session_00002306","user_0072","org_009","obsluzhivanie moskva","obsluzhivanie moskva","2025-11-26T21:32:33.9931988Z"
"session_00002307","user_0072","org_009","tehpodderzhka","tehpodderzhka","2026-01-09T00:55:33.9931988Z"
"session_00002308","user_0072","org_009","noutbuk municipal","noutbuk municipal","2025-10-30T19:10:33.9931988Z"
"session_00002309","user_0072","org_009","autsorsing municipal","autsorsing municipal","2025-12-16T14:53:33.9931988Z"
"session_00002310","user_0072","org_009","compute node portal postavshikov","compute node portal postavshikov","2025-10-24T23:11:33.9931988Z"
"session_00002311","user_0072","org_009","soprovozhdenie","soprovozhdenie","2026-02-08T18:58:33.9931988Z"
"session_00002312","user_0072","org_009","setevoe oborudovanie dlya zakupok","setevoe oborudovanie dlya zakupok","2026-01-18T14:57:33.9931988Z"
"session_00002313","user_0072","org_009","kommutator moskva","kommutator moskva","2026-01-02T12:43:33.9931988Z"
"session_00002314","user_0072","org_009","klining moskva","klining moskva","2026-03-05T02:24:33.9931988Z"
"session_00002315","user_0072","org_009","rabochaya stanciya dlya zakupok","rabochaya stanciya dlya zakupok","2025-11-22T19:05:33.9931988Z"
"session_00002316","user_0072","org_009","autsorsing dlya zakupok","autsorsing dlya zakupok","2026-03-27T07:47:33.9931988Z"
"session_00002317","user_0072","org_009","setevoe oborudovanie dlya zakupok","setevoe oborudovanie dlya zakupok","2025-12-26T01:36:33.9931988Z"
"session_00002318","user_0072","org_009","soprovozhdenie moskva","soprovozhdenie moskva","2025-11-13T20:11:33.9931988Z"
"session_00002319","user_0072","org_009","autsorsing portal postavshikov","autsorsing portal postavshikov","2026-01-16T17:20:33.9931988Z"
"session_00002320","user_0072","org_009","rabochaya stanciya moskva","rabochaya stanciya moskva","2025-10-22T22:29:33.9931988Z"
"session_00002321","user_0072","org_009","server municipal","server municipal","2025-10-03T19:21:33.9931988Z"
"session_00002322","user_0072","org_009","tehpodderzhka municipal","tehpodderzhka municipal","2026-01-05T14:32:33.9931988Z"
"session_00002323","user_0072","org_009","tehpodderzhka dlya zakupok","tehpodderzhka dlya zakupok","2026-03-07T21:10:33.9931988Z"
"session_00002324","user_0072","org_009","server portal postavshikov","server portal postavshikov","2026-01-04T15:57:33.9931988Z"
"session_00002325","user_0072","org_009","tehpodderzka moskva","tehpodderzka moskva","2026-03-07T17:54:33.9931988Z"
"session_00002326","user_0072","org_009","soprovozhdenie moskva","soprovozhdenie moskva","2026-03-17T18:17:33.9931988Z"
"session_00002327","user_0072","org_009","kommutator moskva","kommutator moskva","2025-11-04T17:49:33.9931988Z"
"session_00002328","user_0072","org_009","setevoe oborudovanie portal postavshikov","setevoe oborudovanie portal postavshikov","2025-10-08T05:52:33.9931988Z"
"session_00002329","user_0073","org_010","uborka pomescheniy portal postavshikov","uborka pomescheniy portal postavshikov","2026-03-01T22:29:33.9931988Z"
"session_00002330","user_0073","org_010","soprovozhdenie","soprovozhdenie","2025-10-02T21:07:33.9931988Z"
"session_00002331","user_0073","org_010","printer portal postavshikov","printer portal postavshikov","2025-12-29T13:04:33.9931988Z"
"session_00002332","user_0073","org_010","ofisnaya mebel","ofisnaya mebel","2026-03-08T06:21:33.9931988Z"
"session_00002333","user_0073","org_010","bumaga","bumaga","2025-10-24T04:15:33.9931988Z"
"session_00002334","user_0073","org_010","printer dlya zakupok","printer dlya zakupok","2025-10-11T12:07:33.9931988Z"
"session_00002335","user_0073","org_010","autsorsing portal postavshikov","autsorsing portal postavshikov","2026-02-24T22:29:33.9931988Z"
"session_00002336","user_0073","org_010","printer portal postavshikov","printer portal postavshikov","2025-11-12T04:20:33.9931988Z"
"session_00002337","user_0073","org_010","soprovozhdenie dlya zakupok","soprovozhdenie dlya zakupok","2025-10-29T10:16:33.9931988Z"
"session_00002338","user_0073","org_010","office supplies moskva","office supplies moskva","2026-03-22T16:14:33.9931988Z"
"session_00002339","user_0073","org_010","autsorsing municipal","autsorsing municipal","2025-12-12T23:51:33.9931988Z"
"session_00002340","user_0073","org_010","autsorsing moskva","autsorsing moskva","2025-11-23T19:37:33.9931988Z"
"session_00002341","user_0073","org_010","kanctovary municipal","kanctovary municipal","2026-02-19T12:43:33.9931988Z"
"session_00002342","user_0073","org_010","soprovozhdenie moskva","soprovozhdenie moskva","2025-11-26T06:09:33.9931988Z"
"session_00002343","user_0073","org_010","tehpodderzka moskva","tehpodderzka moskva","2025-12-31T20:35:33.9931988Z"
"session_00002344","user_0073","org_010","ofisnaya mebel portal postavshikov","ofisnaya mebel portal postavshikov","2025-11-08T21:29:33.9931988Z"
"session_00002345","user_0073","org_010","tehpodderzhka portal postavshikov","tehpodderzhka portal postavshikov","2025-12-30T18:34:33.9931988Z"
"session_00002346","user_0073","org_010","katridzh portal postavshikov","katridzh portal postavshikov","2026-01-29T20:06:33.9931988Z"
"session_00002347","user_0073","org_010","obsluzhvaniye dlya zakupok","obsluzhvaniye dlya zakupok","2026-03-18T09:24:33.9931988Z"
"session_00002348","user_0073","org_010","obsluzhivanie portal postavshikov","obsluzhivanie portal postavshikov","2026-03-17T22:00:33.9931988Z"
"session_00002349","user_0073","org_010","ofisnaya mebel","ofisnaya mebel","2025-12-24T04:16:33.9931988Z"
"session_00002350","user_0073","org_010","tehpodderzhka municipal","tehpodderzhka municipal","2026-01-05T07:37:33.9931988Z"
"session_00002351","user_0073","org_010","soprovozhdenie municipal","soprovozhdenie municipal","2026-01-12T15:41:33.9931988Z"
"session_00002352","user_0073","org_010","tehpodderzhka portal postavshikov","tehpodderzhka portal postavshikov","2025-10-30T18:27:33.9931988Z"
"session_00002353","user_0073","org_010","ofisnaya mebel","ofisnaya mebel","2025-11-14T02:20:33.9931988Z"
"session_00002354","user_0073","org_010","autsorsing portal postavshikov","autsorsing portal postavshikov","2026-02-03T06:18:33.9931988Z"
"session_00002355","user_0073","org_010","office paper municipal","office paper municipal","2025-11-01T00:19:33.9931988Z"
"session_00002356","user_0073","org_010","ofisnaya mebel municipal","ofisnaya mebel municipal","2025-10-24T21:22:33.9931988Z"
"session_00002357","user_0073","org_010","printer municipal","printer municipal","2025-10-17T23:54:33.9931988Z"
"session_00002358","user_0073","org_010","ofisnaya mebel portal postavshikov","ofisnaya mebel portal postavshikov","2026-01-25T15:55:33.9931988Z"
"session_00002359","user_0074","org_010","tehpodderzhka dlya zakupok","tehpodderzhka dlya zakupok","2026-03-10T00:14:33.9931988Z"
"session_00002360","user_0074","org_010","autsorsing municipal","autsorsing municipal","2026-02-25T13:19:33.9931988Z"
"session_00002361","user_0074","org_010","soprovozhdenie municipal","soprovozhdenie municipal","2025-11-05T05:22:33.9931988Z"
"session_00002362","user_0074","org_010","mikroavtobus moskva","mikroavtobus moskva","2026-03-22T04:29:33.9931988Z"
"session_00002363","user_0074","org_010","tehpodderzhka","tehpodderzhka","2026-03-19T00:57:33.9931988Z"
"session_00002364","user_0074","org_010","avtobus moskva","avtobus moskva","2026-03-04T15:22:33.9931988Z"
"session_00002365","user_0074","org_010","obsluzhivanie","obsluzhivanie","2025-10-08T02:13:33.9931988Z"
"session_00002366","user_0074","org_010","tehpodderzhka moskva","tehpodderzhka moskva","2026-02-17T15:51:33.9931988Z"
"session_00002367","user_0074","org_010","mikroaftobus dlya zakupok","mikroaftobus dlya zakupok","2025-12-20T17:45:33.9931988Z"
"session_00002368","user_0074","org_010","obsluzhvaniye dlya zakupok","obsluzhvaniye dlya zakupok","2025-10-25T17:24:33.9931988Z"
"session_00002369","user_0074","org_010","autsorsing moskva","autsorsing moskva","2025-10-03T07:59:33.9931988Z"
"session_00002370","user_0074","org_010","klinng portal postavshikov","klinng portal postavshikov","2025-11-20T21:56:33.9931988Z"
"session_00002371","user_0074","org_010","arenda transporta dlya zakupok","arenda transporta dlya zakupok","2026-01-09T09:52:33.9931988Z"
"session_00002372","user_0074","org_010","mikroavtobus dlya zakupok","mikroavtobus dlya zakupok","2026-01-22T16:35:33.9931988Z"
"session_00002373","user_0074","org_010","klining portal postavshikov","klining portal postavshikov","2025-10-16T04:45:33.9931988Z"
"session_00002374","user_0074","org_010","obsluzhivanie dlya zakupok","obsluzhivanie dlya zakupok","2026-02-03T23:26:33.9931988Z"
"session_00002375","user_0074","org_010","uborka pomescheniy municipal","uborka pomescheniy municipal","2025-10-24T20:16:33.9931988Z"
"session_00002376","user_0074","org_010","mikroaftobus moskva","mikroaftobus moskva","2025-10-25T06:02:33.9931988Z"
"session_00002377","user_0074","org_010","service desk moskva","service desk moskva","2025-12-19T03:57:33.9931988Z"
"session_00002378","user_0074","org_010","it support municipal","it support municipal","2026-02-20T23:41:33.9931988Z"
"session_00002379","user_0074","org_010","autsorsing moskva","autsorsing moskva","2026-01-18T14:18:33.9931988Z"
"session_00002380","user_0074","org_010","tehpodderzka","tehpodderzka","2026-02-03T12:33:33.9931988Z"
"session_00002381","user_0074","org_010","aftobus dlya zakupok","aftobus dlya zakupok","2025-11-25T05:18:33.9931988Z"
"session_00002382","user_0074","org_010","arenda transporta moskva","arenda transporta moskva","2025-09-29T04:34:33.9931988Z"
"session_00002383","user_0074","org_010","soprovozhdenie","soprovozhdenie","2026-01-27T22:38:33.9931988Z"
"session_00002384","user_0074","org_010","avtobus","avtobus","2026-02-14T17:27:33.9931988Z"
"session_00002385","user_0074","org_010","autsorsing dlya zakupok","autsorsing dlya zakupok","2025-10-29T17:41:33.9931988Z"
"session_00002386","user_0075","org_010","logstika portal postavshikov","logstika portal postavshikov","2026-03-25T20:35:33.9931988Z"
"session_00002387","user_0075","org_010","arenda transporta moskva","arenda transporta moskva","2026-03-15T19:29:33.9931988Z"
"session_00002388","user_0075","org_010","logstika","logstika","2026-03-19T10:34:33.9931988Z"
"session_00002389","user_0075","org_010","avtobus municipal","avtobus municipal","2026-02-28T03:12:33.9931988Z"
"session_00002390","user_0075","org_010","marshrutny transport moskva","marshrutny transport moskva","2026-03-18T04:46:33.9931988Z"
"session_00002391","user_0075","org_010","printer","printer","2025-11-02T22:49:33.9931988Z"
"session_00002392","user_0075","org_010","passazhirskie perevozki dlya zakupok","passazhirskie perevozki dlya zakupok","2026-02-07T03:36:33.9931988Z"
"session_00002393","user_0075","org_010","passazhirskie perevozki municipal","passazhirskie perevozki municipal","2025-10-26T19:37:33.9931988Z"
"session_00002394","user_0075","org_010","aftobus municipal","aftobus municipal","2025-10-05T11:58:33.9931988Z"
"session_00002395","user_0075","org_010","kartridzh moskva","kartridzh moskva","2025-10-08T07:39:33.9931988Z"
"session_00002396","user_0075","org_010","ofisnaya mebel municipal","ofisnaya mebel municipal","2025-12-23T22:05:33.9931988Z"
"session_00002397","user_0075","org_010","arenda transporta portal postavshikov","arenda transporta portal postavshikov","2025-11-22T15:55:33.9931988Z"
"session_00002398","user_0075","org_010","kanctovri dlya zakupok","kanctovri dlya zakupok","2026-03-22T18:53:33.9931988Z"
"session_00002399","user_0075","org_010","passazhirskie perevozki dlya zakupok","passazhirskie perevozki dlya zakupok","2026-01-25T15:11:33.9931988Z"
"session_00002400","user_0075","org_010","perevozki dlya zakupok","perevozki dlya zakupok","2025-12-03T09:28:33.9931988Z"
"session_00002401","user_0075","org_010","passazhirskiy transport municipal","passazhirskiy transport municipal","2026-03-24T10:32:33.9931988Z"
"session_00002402","user_0075","org_010","arenda transporta dlya zakupok","arenda transporta dlya zakupok","2026-01-12T01:07:33.9931988Z"
"session_00002403","user_0075","org_010","passazhirskie perevozki dlya zakupok","passazhirskie perevozki dlya zakupok","2025-11-15T16:10:33.9931988Z"
"session_00002404","user_0075","org_010","arenda transporta portal postavshikov","arenda transporta portal postavshikov","2026-01-28T03:03:33.9931988Z"
"session_00002405","user_0075","org_010","kanctovary","kanctovary","2026-01-21T00:02:33.9931988Z"
"session_00002406","user_0075","org_010","kartridzh portal postavshikov","kartridzh portal postavshikov","2025-12-07T14:13:33.9931988Z"
"session_00002407","user_0075","org_010","arenda transporta portal postavshikov","arenda transporta portal postavshikov","2026-03-25T05:48:33.9931988Z"
"session_00002408","user_0075","org_010","passazhirskie perevozki moskva","passazhirskie perevozki moskva","2025-11-26T11:08:33.9931988Z"
"session_00002409","user_0075","org_010","kanctovary moskva","kanctovary moskva","2025-12-01T23:54:33.9931988Z"
"session_00002410","user_0075","org_010","ofisnaya mebel municipal","ofisnaya mebel municipal","2025-12-25T21:21:33.9931988Z"
"session_00002411","user_0075","org_010","passazhirskie perevozki municipal","passazhirskie perevozki municipal","2026-01-08T13:50:33.9931988Z"
"session_00002412","user_0075","org_010","mikroaftobus portal postavshikov","mikroaftobus portal postavshikov","2025-11-02T23:15:33.9931988Z"
"session_00002413","user_0075","org_010","toner municipal","toner municipal","2026-01-08T08:56:33.9931988Z"
"session_00002414","user_0076","org_010","soprovozhdenie dlya zakupok","soprovozhdenie dlya zakupok","2026-02-22T18:22:33.9931988Z"
"session_00002415","user_0076","org_010","soprovozhdenie","soprovozhdenie","2025-11-24T16:00:33.9931988Z"
"session_00002416","user_0076","org_010","kanctovary","kanctovary","2026-03-10T07:57:33.9931988Z"
"session_00002417","user_0076","org_010","printer moskva","printer moskva","2025-10-28T02:46:33.9931988Z"
"session_00002418","user_0076","org_010","ofisnaya mebel moskva","ofisnaya mebel moskva","2026-02-27T21:16:33.9931988Z"
"session_00002419","user_0076","org_010","printer municipal","printer municipal","2026-03-11T14:50:33.9931988Z"
"session_00002420","user_0076","org_010","kanctovary portal postavshikov","kanctovary portal postavshikov","2025-12-28T00:26:33.9931988Z"
"session_00002421","user_0076","org_010","kartridzh moskva","kartridzh moskva","2026-03-18T14:13:33.9931988Z"
"session_00002422","user_0076","org_010","klining dlya zakupok","klining dlya zakupok","2025-10-15T00:53:33.9931988Z"
"session_00002423","user_0076","org_010","cleaning service moskva","cleaning service moskva","2025-10-19T14:26:33.9931988Z"
"session_00002424","user_0076","org_010","kartridzh moskva","kartridzh moskva","2026-02-17T06:34:33.9931988Z"
"session_00002425","user_0076","org_010","kanctovri municipal","kanctovri municipal","2026-01-23T00:08:33.9931988Z"
"session_00002426","user_0076","org_010","paper municipal","paper municipal","2026-03-26T08:55:33.9931988Z"
"session_00002427","user_0076","org_010","autsorsing","autsorsing","2025-11-29T19:49:33.9931988Z"
"session_00002428","user_0076","org_010","tehpodderzhka dlya zakupok","tehpodderzhka dlya zakupok","2025-11-12T15:04:33.9931988Z"
"session_00002429","user_0076","org_010","printer moskva","printer moskva","2025-10-25T09:30:33.9931988Z"
"session_00002430","user_0076","org_010","kanctovary moskva","kanctovary moskva","2025-10-12T21:03:33.9931988Z"
"session_00002431","user_0076","org_010","autsorsing municipal","autsorsing municipal","2026-03-03T23:53:33.9931988Z"
"session_00002432","user_0076","org_010","kartridzh moskva","kartridzh moskva","2026-03-08T08:08:33.9931988Z"
"session_00002433","user_0076","org_010","soprovozhdenie municipal","soprovozhdenie municipal","2026-02-24T14:11:33.9931988Z"
"session_00002434","user_0076","org_010","bumaga","bumaga","2025-12-27T06:01:33.9931988Z"
"session_00002435","user_0076","org_010","ofisnaya mebel moskva","ofisnaya mebel moskva","2026-01-24T00:39:33.9931988Z"
"session_00002436","user_0076","org_010","printer","printer","2025-11-15T17:22:33.9931988Z"
"session_00002437","user_0076","org_010","ofisnaya mebel municipal","ofisnaya mebel municipal","2026-02-10T05:42:33.9931988Z"
"session_00002438","user_0076","org_010","klining municipal","klining municipal","2025-12-28T20:17:33.9931988Z"
"session_00002439","user_0076","org_010","printer","printer","2026-01-27T14:48:33.9931988Z"
"session_00002440","user_0076","org_010","office paper","office paper","2025-12-30T12:01:33.9931988Z"
"session_00002441","user_0076","org_010","kartridzh dlya zakupok","kartridzh dlya zakupok","2026-01-14T16:25:33.9931988Z"
"session_00002442","user_0076","org_010","soprovozhdenie dlya zakupok","soprovozhdenie dlya zakupok","2025-12-01T04:14:33.9931988Z"
"session_00002443","user_0076","org_010","printer portal postavshikov","printer portal postavshikov","2026-02-22T22:03:33.9931988Z"
"session_00002444","user_0076","org_010","bumaga dlya zakupok","bumaga dlya zakupok","2025-12-01T14:50:33.9931988Z"
"session_00002445","user_0076","org_010","toner dlya zakupok","toner dlya zakupok","2026-01-19T14:11:33.9931988Z"
"session_00002446","user_0077","org_010","logstika","logstika","2025-10-07T12:45:33.9931988Z"
"session_00002447","user_0077","org_010","setevoe oborudovanie dlya zakupok","setevoe oborudovanie dlya zakupok","2025-10-19T20:03:33.9931988Z"
"session_00002448","user_0077","org_010","noutbuk dlya zakupok","noutbuk dlya zakupok","2026-03-16T21:49:33.9931988Z"
"session_00002449","user_0077","org_010","arenda transporta portal postavshikov","arenda transporta portal postavshikov","2026-03-06T23:04:33.9931988Z"
"session_00002450","user_0077","org_010","server moskva","server moskva","2025-10-07T19:50:33.9931988Z"
"session_00002451","user_0077","org_010","passazhirskie perevozki municipal","passazhirskie perevozki municipal","2025-11-29T11:19:33.9931988Z"
"session_00002452","user_0077","org_010","logistika portal postavshikov","logistika portal postavshikov","2026-02-15T07:02:33.9931988Z"
"session_00002453","user_0077","org_010","switch dlya zakupok","switch dlya zakupok","2025-12-24T03:51:33.9931988Z"
"session_00002454","user_0077","org_010","passazhirskiy transport","passazhirskiy transport","2026-01-04T06:11:33.9931988Z"
"session_00002455","user_0077","org_010","rabochaya stanciya moskva","rabochaya stanciya moskva","2026-01-13T23:22:33.9931988Z"
"session_00002456","user_0077","org_010","rabochaya stanciya","rabochaya stanciya","2026-02-27T19:57:33.9931988Z"
"session_00002457","user_0077","org_010","rabochaya stanciya dlya zakupok","rabochaya stanciya dlya zakupok","2025-12-16T04:33:33.9931988Z"
"session_00002458","user_0077","org_010","setevoe oborudovanie dlya zakupok","setevoe oborudovanie dlya zakupok","2025-12-24T10:55:33.9931988Z"
"session_00002459","user_0077","org_010","kommutator","kommutator","2026-03-22T03:55:33.9931988Z"
"session_00002460","user_0077","org_010","compute node dlya zakupok","compute node dlya zakupok","2026-03-15T17:02:33.9931988Z"
"session_00002461","user_0077","org_010","aftobus portal postavshikov","aftobus portal postavshikov","2026-03-27T06:48:33.9931988Z"
"session_00002462","user_0077","org_010","server portal postavshikov","server portal postavshikov","2025-12-10T21:07:33.9931988Z"
"session_00002463","user_0077","org_010","passazhirskiy transport","passazhirskiy transport","2026-02-23T07:56:33.9931988Z"
"session_00002464","user_0077","org_010","noutbukk moskva","noutbukk moskva","2025-12-21T00:16:33.9931988Z"
"session_00002465","user_0077","org_010","server","server","2025-10-16T04:16:33.9931988Z"
"session_00002466","user_0077","org_010","rabochaya stanciya dlya zakupok","rabochaya stanciya dlya zakupok","2026-02-18T12:48:33.9931988Z"
"session_00002467","user_0077","org_010","rabochaya stanciya municipal","rabochaya stanciya municipal","2025-10-27T13:59:33.9931988Z"
"session_00002468","user_0077","org_010","arenda transporta municipal","arenda transporta municipal","2026-02-15T21:44:33.9931988Z"
"session_00002469","user_0077","org_010","setevoe oborudovanie dlya zakupok","setevoe oborudovanie dlya zakupok","2025-11-12T17:33:33.9931988Z"
"session_00002470","user_0077","org_010","kommutator municipal","kommutator municipal","2026-01-29T03:45:33.9931988Z"
"session_00002471","user_0077","org_010","perevozki moskva","perevozki moskva","2025-10-14T03:36:33.9931988Z"
"session_00002472","user_0077","org_010","setevoe oborudovanie","setevoe oborudovanie","2026-02-18T07:18:33.9931988Z"
"session_00002473","user_0077","org_010","server municipal","server municipal","2026-01-13T10:11:33.9931988Z"
"session_00002474","user_0077","org_010","logistika municipal","logistika municipal","2025-11-24T21:55:33.9931988Z"
"session_00002475","user_0077","org_010","logistika dlya zakupok","logistika dlya zakupok","2025-12-06T19:17:33.9931988Z"
"session_00002476","user_0077","org_010","server dlya zakupok","server dlya zakupok","2025-12-03T17:50:33.9931988Z"
"session_00002477","user_0077","org_010","rabochaya stanciya","rabochaya stanciya","2026-03-19T22:33:33.9931988Z"
"session_00002478","user_0077","org_010","mobilnaya rabochaya stanciya municipal","mobilnaya rabochaya stanciya municipal","2025-10-13T17:33:33.9931988Z"
"session_00002479","user_0077","org_010","server","server","2025-12-12T23:40:33.9931988Z"
"session_00002480","user_0077","org_010","rabochaya stanciya moskva","rabochaya stanciya moskva","2026-01-20T19:15:33.9931988Z"
"session_00002481","user_0078","org_010","soprovozhdenie moskva","soprovozhdenie moskva","2025-10-22T15:39:33.9931988Z"
"session_00002482","user_0078","org_010","tehpodderzhka portal postavshikov","tehpodderzhka portal postavshikov","2025-10-22T16:27:33.9931988Z"
"session_00002483","user_0078","org_010","komutator moskva","komutator moskva","2026-03-12T23:54:33.9931988Z"
"session_00002484","user_0078","org_010","serer dlya zakupok","serer dlya zakupok","2025-10-05T05:35:33.9931988Z"
"session_00002485","user_0078","org_010","server","server","2025-11-13T13:01:33.9931988Z"
"session_00002486","user_0078","org_010","switch portal postavshikov","switch portal postavshikov","2025-10-03T21:33:33.9931988Z"
"session_00002487","user_0078","org_010","noutbuk dlya zakupok","noutbuk dlya zakupok","2025-09-29T21:24:33.9931988Z"
"session_00002488","user_0078","org_010","kommutator dlya zakupok","kommutator dlya zakupok","2025-10-03T16:57:33.9931988Z"
"session_00002489","user_0078","org_010","noutbuk moskva","noutbuk moskva","2025-12-15T03:16:33.9931988Z"
"session_00002490","user_0078","org_010","obsluzhivanie","obsluzhivanie","2025-12-23T02:05:33.9931988Z"
"session_00002491","user_0078","org_010","rabochaya stanciya municipal","rabochaya stanciya municipal","2025-12-18T19:28:33.9931988Z"
"session_00002492","user_0078","org_010","setevoe oborudovanie municipal","setevoe oborudovanie municipal","2025-10-04T06:31:33.9931988Z"
"session_00002493","user_0078","org_010","klining","klining","2025-12-02T08:33:33.9931988Z"
"session_00002494","user_0078","org_010","soprovozhdenie portal postavshikov","soprovozhdenie portal postavshikov","2025-12-08T23:48:33.9931988Z"
"session_00002495","user_0078","org_010","setevoe oborudovanie moskva","setevoe oborudovanie moskva","2025-10-03T11:45:33.9931988Z"
"session_00002496","user_0078","org_010","setevoe oborudovanie portal postavshikov","setevoe oborudovanie portal postavshikov","2025-10-18T17:48:33.9931988Z"
"session_00002497","user_0078","org_010","obsluzhivanie dlya zakupok","obsluzhivanie dlya zakupok","2025-12-25T18:15:33.9931988Z"
"session_00002498","user_0078","org_010","kommutator portal postavshikov","kommutator portal postavshikov","2025-12-29T07:37:33.9931988Z"
"session_00002499","user_0078","org_010","soprovozhdenie moskva","soprovozhdenie moskva","2026-01-23T14:41:33.9931988Z"
"session_00002500","user_0078","org_010","obsluzhvaniye dlya zakupok","obsluzhvaniye dlya zakupok","2026-02-06T16:01:33.9931988Z"
"session_00002501","user_0078","org_010","autsorsing","autsorsing","2026-01-22T00:11:33.9931988Z"
"session_00002502","user_0078","org_010","rabochaya stanciya","rabochaya stanciya","2025-10-05T10:43:33.9931988Z"
"session_00002503","user_0078","org_010","setevoe oborudovanie moskva","setevoe oborudovanie moskva","2025-12-01T02:25:33.9931988Z"
"session_00002504","user_0078","org_010","rabochaya stanciya municipal","rabochaya stanciya municipal","2025-11-03T09:09:33.9931988Z"
"session_00002505","user_0078","org_010","obsluzhivanie dlya zakupok","obsluzhivanie dlya zakupok","2025-09-30T07:21:33.9931988Z"
"session_00002506","user_0078","org_010","kommutator municipal","kommutator municipal","2026-03-06T18:03:33.9931988Z"
"session_00002507","user_0078","org_010","kommutator municipal","kommutator municipal","2026-01-09T07:39:33.9931988Z"
"session_00002508","user_0078","org_010","rabochaya stanciya municipal","rabochaya stanciya municipal","2025-12-28T19:34:33.9931988Z"
"session_00002509","user_0078","org_010","kommutator portal postavshikov","kommutator portal postavshikov","2025-11-26T11:02:33.9931988Z"
"session_00002510","user_0078","org_010","noutbukk dlya zakupok","noutbukk dlya zakupok","2025-11-05T21:15:33.9931988Z"
"session_00002511","user_0078","org_010","noutbuk dlya zakupok","noutbuk dlya zakupok","2026-02-06T02:59:33.9931988Z"
"session_00002512","user_0078","org_010","obsluzhivanie portal postavshikov","obsluzhivanie portal postavshikov","2026-02-13T21:13:33.9931988Z"
"session_00002513","user_0079","org_010","noutbuk moskva","noutbuk moskva","2025-12-21T02:23:33.9931988Z"
"session_00002514","user_0079","org_010","mikroavtobus","mikroavtobus","2026-02-25T21:11:33.9931988Z"
"session_00002515","user_0079","org_010","rabochaya stanciya municipal","rabochaya stanciya municipal","2025-12-01T03:27:33.9931988Z"
"session_00002516","user_0079","org_010","arenda transporta municipal","arenda transporta municipal","2025-12-21T02:47:33.9931988Z"
"session_00002517","user_0079","org_010","kommutator","kommutator","2025-12-04T04:32:33.9931988Z"
"session_00002518","user_0079","org_010","setevoe oborudovanie","setevoe oborudovanie","2026-01-11T15:03:33.9931988Z"
"session_00002519","user_0079","org_010","logistika portal postavshikov","logistika portal postavshikov","2026-02-19T06:34:33.9931988Z"
"session_00002520","user_0079","org_010","logistika portal postavshikov","logistika portal postavshikov","2025-10-12T22:12:33.9931988Z"
"session_00002521","user_0079","org_010","arenda transporta dlya zakupok","arenda transporta dlya zakupok","2026-03-26T16:15:33.9931988Z"
"session_00002522","user_0079","org_010","servernoe oborudovanie dlya zakupok","servernoe oborudovanie dlya zakupok","2025-10-16T09:24:33.9931988Z"
"session_00002523","user_0079","org_010","komutator municipal","komutator municipal","2026-01-01T11:15:33.9931988Z"
"session_00002524","user_0079","org_010","noutbuk municipal","noutbuk municipal","2026-03-26T02:39:33.9931988Z"
"session_00002525","user_0079","org_010","rabochaya stanciya portal postavshikov","rabochaya stanciya portal postavshikov","2026-03-06T18:06:33.9931988Z"
"session_00002526","user_0079","org_010","noutbuk moskva","noutbuk moskva","2026-01-13T23:24:33.9931988Z"
"session_00002527","user_0079","org_010","noutbuk moskva","noutbuk moskva","2026-03-18T11:19:33.9931988Z"
"session_00002528","user_0079","org_010","server municipal","server municipal","2026-02-14T12:45:33.9931988Z"
"session_00002529","user_0079","org_010","mobilnaya rabochaya stanciya moskva","mobilnaya rabochaya stanciya moskva","2026-01-25T09:02:33.9931988Z"
"session_00002530","user_0079","org_010","logistika portal postavshikov","logistika portal postavshikov","2025-11-27T11:01:33.9931988Z"
"session_00002531","user_0079","org_010","noutbuk dlya zakupok","noutbuk dlya zakupok","2025-11-18T23:05:33.9931988Z"
"session_00002532","user_0079","org_010","server dlya zakupok","server dlya zakupok","2025-11-08T20:02:33.9931988Z"
"session_00002533","user_0079","org_010","passazhirskie perevozki","passazhirskie perevozki","2026-01-30T22:12:33.9931988Z"
"session_00002534","user_0079","org_010","noutbuk","noutbuk","2026-03-09T23:50:33.9931988Z"
"session_00002535","user_0079","org_010","noutbuk municipal","noutbuk municipal","2025-10-11T23:56:33.9931988Z"
"session_00002536","user_0079","org_010","kommutator municipal","kommutator municipal","2025-12-12T17:43:33.9931988Z"
"session_00002537","user_0079","org_010","avtobus portal postavshikov","avtobus portal postavshikov","2025-12-06T04:27:33.9931988Z"
"session_00002538","user_0079","org_010","logistika","logistika","2025-11-16T10:58:33.9931988Z"
"session_00002539","user_0079","org_010","kommutator dlya zakupok","kommutator dlya zakupok","2026-01-03T10:02:33.9931988Z"
"session_00002540","user_0079","org_010","mikroavtobus","mikroavtobus","2025-10-08T12:18:33.9931988Z"
"session_00002541","user_0079","org_010","serer municipal","serer municipal","2025-10-29T21:18:33.9931988Z"
"session_00002542","user_0079","org_010","perevozki portal postavshikov","perevozki portal postavshikov","2026-02-01T00:20:33.9931988Z"
"session_00002543","user_0079","org_010","noutbukk dlya zakupok","noutbukk dlya zakupok","2026-02-28T18:47:33.9931988Z"
"session_00002544","user_0079","org_010","transportnaya logistika portal postavshikov","transportnaya logistika portal postavshikov","2025-11-30T19:49:33.9931988Z"
"session_00002545","user_0079","org_010","passazhirskie perevozki municipal","passazhirskie perevozki municipal","2026-03-04T16:03:33.9931988Z"
"session_00002546","user_0079","org_010","noutbuk","noutbuk","2026-03-27T02:26:33.9931988Z"
"session_00002547","user_0080","org_010","setevoe oborudovanie portal postavshikov","setevoe oborudovanie portal postavshikov","2025-10-11T10:12:33.9931988Z"
"session_00002548","user_0080","org_010","noutbukk dlya zakupok","noutbukk dlya zakupok","2025-11-12T19:28:33.9931988Z"
"session_00002549","user_0080","org_010","autsorsing portal postavshikov","autsorsing portal postavshikov","2025-11-29T16:52:33.9931988Z"
"session_00002550","user_0080","org_010","komutator municipal","komutator municipal","2025-11-03T11:45:33.9931988Z"
"session_00002551","user_0080","org_010","setevoe oborudovanie portal postavshikov","setevoe oborudovanie portal postavshikov","2026-03-16T12:24:33.9931988Z"
"session_00002552","user_0080","org_010","autsorsing","autsorsing","2025-11-06T18:33:33.9931988Z"
"session_00002553","user_0080","org_010","obsluzhivanie","obsluzhivanie","2025-10-20T06:32:33.9931988Z"
"session_00002554","user_0080","org_010","obsluzhivanie moskva","obsluzhivanie moskva","2026-03-15T08:19:33.9931988Z"
"session_00002555","user_0080","org_010","server dlya zakupok","server dlya zakupok","2025-12-28T17:58:33.9931988Z"
"session_00002556","user_0080","org_010","obsluzhivanie dlya zakupok","obsluzhivanie dlya zakupok","2025-10-12T03:59:33.9931988Z"
"session_00002557","user_0080","org_010","laptop municipal","laptop municipal","2026-01-30T21:09:33.9931988Z"
"session_00002558","user_0080","org_010","compute node portal postavshikov","compute node portal postavshikov","2025-10-15T08:38:33.9931988Z"
"session_00002559","user_0080","org_010","setevoe oborudovanie","setevoe oborudovanie","2025-10-06T04:05:33.9931988Z"
"session_00002560","user_0080","org_010","soprovozhdenie dlya zakupok","soprovozhdenie dlya zakupok","2026-01-26T14:49:33.9931988Z"
"session_00002561","user_0080","org_010","tehpodderzhka municipal","tehpodderzhka municipal","2026-01-21T13:20:33.9931988Z"
"session_00002562","user_0080","org_010","klining moskva","klining moskva","2025-10-07T13:47:33.9931988Z"
"session_00002563","user_0080","org_010","rabochaya stanciya dlya zakupok","rabochaya stanciya dlya zakupok","2025-10-09T14:00:33.9931988Z"
"session_00002564","user_0080","org_010","setevoe oborudovanie municipal","setevoe oborudovanie municipal","2025-10-25T12:18:33.9931988Z"
"session_00002565","user_0080","org_010","klining","klining","2025-11-17T01:24:33.9931988Z"
"session_00002566","user_0080","org_010","setevoe oborudovanie dlya zakupok","setevoe oborudovanie dlya zakupok","2025-11-08T17:58:33.9931988Z"
"session_00002567","user_0080","org_010","service desk dlya zakupok","service desk dlya zakupok","2025-12-28T05:31:33.9931988Z"
"session_00002568","user_0080","org_010","rabochaya stanciya dlya zakupok","rabochaya stanciya dlya zakupok","2025-10-11T07:15:33.9931988Z"
"session_00002569","user_0080","org_010","autsorsing","autsorsing","2026-02-05T05:45:33.9931988Z"
"session_00002570","user_0080","org_010","kommutator dlya zakupok","kommutator dlya zakupok","2025-12-31T12:32:33.9931988Z"
"session_00002571","user_0080","org_010","obsluzhivanie portal postavshikov","obsluzhivanie portal postavshikov","2025-12-22T03:49:33.9931988Z"
"session_00002572","user_0080","org_010","soprovozhdenie municipal","soprovozhdenie municipal","2025-10-03T16:55:33.9931988Z"
"session_00002573","user_0080","org_010","laptop portal postavshikov","laptop portal postavshikov","2026-03-21T00:48:33.9931988Z"
"session_00002574","user_0081","org_011","mikroavtobus municipal","mikroavtobus municipal","2025-12-09T21:27:33.9931988Z"
"session_00002575","user_0081","org_011","setevoe oborudovanie dlya zakupok","setevoe oborudovanie dlya zakupok","2026-03-27T11:43:33.9931988Z"
"session_00002576","user_0081","org_011","noutbuk municipal","noutbuk municipal","2025-10-24T07:46:33.9931988Z"
"session_00002577","user_0081","org_011","avtobus portal postavshikov","avtobus portal postavshikov","2026-01-06T12:11:33.9931988Z"
"session_00002578","user_0081","org_011","arenda transporta portal postavshikov","arenda transporta portal postavshikov","2026-02-19T04:33:33.9931988Z"
"session_00002579","user_0081","org_011","kommutator municipal","kommutator municipal","2025-12-01T18:33:33.9931988Z"
"session_00002580","user_0081","org_011","rabochaya stanciya","rabochaya stanciya","2026-02-04T23:39:33.9931988Z"
"session_00002581","user_0081","org_011","noutbuk dlya zakupok","noutbuk dlya zakupok","2026-03-11T18:13:33.9931988Z"
"session_00002582","user_0081","org_011","logistika dlya zakupok","logistika dlya zakupok","2026-02-02T02:09:33.9931988Z"
"session_00002583","user_0081","org_011","bus dlya zakupok","bus dlya zakupok","2026-01-07T13:19:33.9931988Z"
"session_00002584","user_0081","org_011","logistika municipal","logistika municipal","2025-10-15T12:02:33.9931988Z"
"session_00002585","user_0081","org_011","arenda transporta municipal","arenda transporta municipal","2025-12-17T04:33:33.9931988Z"
"session_00002586","user_0081","org_011","mobilnaya rabochaya stanciya","mobilnaya rabochaya stanciya","2026-01-16T14:14:33.9931988Z"
"session_00002587","user_0081","org_011","passazhirskie perevozki dlya zakupok","passazhirskie perevozki dlya zakupok","2025-11-15T06:37:33.9931988Z"
"session_00002588","user_0081","org_011","serer portal postavshikov","serer portal postavshikov","2026-01-08T12:34:33.9931988Z"
"session_00002589","user_0081","org_011","mikroavtobus municipal","mikroavtobus municipal","2025-12-28T23:56:33.9931988Z"
"session_00002590","user_0081","org_011","rabochaya stanciya","rabochaya stanciya","2025-12-25T22:25:33.9931988Z"
"session_00002591","user_0081","org_011","aftobus portal postavshikov","aftobus portal postavshikov","2025-12-04T02:03:33.9931988Z"
"session_00002592","user_0081","org_011","server portal postavshikov","server portal postavshikov","2026-03-23T15:06:33.9931988Z"
"session_00002593","user_0081","org_011","logistika dlya zakupok","logistika dlya zakupok","2026-03-27T09:08:33.9931988Z"
"session_00002594","user_0081","org_011","server portal postavshikov","server portal postavshikov","2026-03-15T06:04:33.9931988Z"
"session_00002595","user_0081","org_011","rabochaya stanciya moskva","rabochaya stanciya moskva","2026-03-20T02:43:33.9931988Z"
"session_00002596","user_0081","org_011","passazhirskie perevozki portal postavshikov","passazhirskie perevozki portal postavshikov","2026-03-08T04:17:33.9931988Z"
"session_00002597","user_0081","org_011","kommutator","kommutator","2025-10-29T06:05:33.9931988Z"
"session_00002598","user_0081","org_011","logistika dlya zakupok","logistika dlya zakupok","2025-11-23T13:34:33.9931988Z"
"session_00002599","user_0081","org_011","marshrutny transport moskva","marshrutny transport moskva","2025-10-14T15:03:33.9931988Z"
"session_00002600","user_0081","org_011","kommutator moskva","kommutator moskva","2026-02-13T07:24:33.9931988Z"
"session_00002601","user_0081","org_011","komutator moskva","komutator moskva","2025-11-27T04:14:33.9931988Z"
"session_00002602","user_0081","org_011","avtobus municipal","avtobus municipal","2025-10-24T23:51:33.9931988Z"
"session_00002603","user_0081","org_011","mikroavtobus dlya zakupok","mikroavtobus dlya zakupok","2026-01-10T02:49:33.9931988Z"
"session_00002604","user_0081","org_011","arenda transporta portal postavshikov","arenda transporta portal postavshikov","2026-01-15T19:15:33.9931988Z"
"session_00002605","user_0081","org_011","mikroavtobus","mikroavtobus","2025-11-01T08:25:33.9931988Z"
"session_00002606","user_0081","org_011","mikroavtobus dlya zakupok","mikroavtobus dlya zakupok","2026-02-22T04:54:33.9931988Z"
"session_00002607","user_0082","org_011","klining portal postavshikov","klining portal postavshikov","2025-12-14T03:13:33.9931988Z"
"session_00002608","user_0082","org_011","logistika dlya zakupok","logistika dlya zakupok","2026-03-08T08:37:33.9931988Z"
"session_00002609","user_0082","org_011","arenda transporta moskva","arenda transporta moskva","2026-03-26T06:10:33.9931988Z"
"session_00002610","user_0082","org_011","logistika portal postavshikov","logistika portal postavshikov","2025-10-15T12:49:33.9931988Z"
"session_00002611","user_0082","org_011","passazhirskie perevozki portal postavshikov","passazhirskie perevozki portal postavshikov","2025-11-13T18:57:33.9931988Z"
"session_00002612","user_0082","org_011","autsorsing moskva","autsorsing moskva","2026-01-25T06:26:33.9931988Z"
"session_00002613","user_0082","org_011","tehpodderzka municipal","tehpodderzka municipal","2026-01-27T18:06:33.9931988Z"
"session_00002614","user_0082","org_011","ekspluataciya portal postavshikov","ekspluataciya portal postavshikov","2025-12-22T07:48:33.9931988Z"
"session_00002615","user_0082","org_011","soprovozhdenie dlya zakupok","soprovozhdenie dlya zakupok","2025-10-25T13:16:33.9931988Z"
"session_00002616","user_0082","org_011","passazhirskie perevozki dlya zakupok","passazhirskie perevozki dlya zakupok","2025-11-05T10:20:33.9931988Z"
"session_00002617","user_0082","org_011","soprovozhdenie","soprovozhdenie","2026-02-05T01:07:33.9931988Z"
"session_00002618","user_0082","org_011","mikroavtobus moskva","mikroavtobus moskva","2026-01-31T08:40:33.9931988Z"
"session_00002619","user_0082","org_011","autsorsing dlya zakupok","autsorsing dlya zakupok","2026-02-01T16:46:33.9931988Z"
"session_00002620","user_0082","org_011","logistika dlya zakupok","logistika dlya zakupok","2025-12-02T05:36:33.9931988Z"
"session_00002621","user_0082","org_011","marshrutny transport dlya zakupok","marshrutny transport dlya zakupok","2025-10-28T08:02:33.9931988Z"
"session_00002622","user_0082","org_011","obsluzhvaniye dlya zakupok","obsluzhvaniye dlya zakupok","2026-01-04T21:07:33.9931988Z"
"session_00002623","user_0082","org_011","logistika moskva","logistika moskva","2025-11-16T22:57:33.9931988Z"
"session_00002624","user_0082","org_011","soprovozhdenie portal postavshikov","soprovozhdenie portal postavshikov","2025-11-16T00:34:33.9931988Z"
"session_00002625","user_0082","org_011","klinng portal postavshikov","klinng portal postavshikov","2026-02-05T09:14:33.9931988Z"
"session_00002626","user_0082","org_011","autsorsing municipal","autsorsing municipal","2026-01-05T20:07:33.9931988Z"
"session_00002627","user_0082","org_011","mikroaftobus portal postavshikov","mikroaftobus portal postavshikov","2025-11-10T01:09:33.9931988Z"
"session_00002628","user_0082","org_011","avtobus moskva","avtobus moskva","2026-01-07T10:29:33.9931988Z"
"session_00002629","user_0082","org_011","marshrutny transport","marshrutny transport","2025-10-28T12:22:33.9931988Z"
"session_00002630","user_0082","org_011","soprovozhdenie municipal","soprovozhdenie municipal","2025-11-24T22:59:33.9931988Z"
"session_00002631","user_0082","org_011","avtobus moskva","avtobus moskva","2025-11-12T21:54:33.9931988Z"
"session_00002632","user_0082","org_011","tehpodderzhka municipal","tehpodderzhka municipal","2025-10-25T17:12:33.9931988Z"
"session_00002633","user_0082","org_011","autsorsing dlya zakupok","autsorsing dlya zakupok","2025-10-14T19:44:33.9931988Z"
"session_00002634","user_0082","org_011","passazhirskiy transport dlya zakupok","passazhirskiy transport dlya zakupok","2026-03-16T17:47:33.9931988Z"
"session_00002635","user_0082","org_011","avtobus dlya zakupok","avtobus dlya zakupok","2026-02-12T02:07:33.9931988Z"
"session_00002636","user_0082","org_011","obsluzhivanie portal postavshikov","obsluzhivanie portal postavshikov","2026-01-19T03:59:33.9931988Z"
"session_00002637","user_0082","org_011","passazhirskie perevozki dlya zakupok","passazhirskie perevozki dlya zakupok","2026-02-25T12:32:33.9931988Z"
"session_00002638","user_0082","org_011","soprovozhdenie portal postavshikov","soprovozhdenie portal postavshikov","2026-01-05T16:16:33.9931988Z"
"session_00002639","user_0082","org_011","klining municipal","klining municipal","2025-10-05T05:00:33.9931988Z"
"session_00002640","user_0082","org_011","mikroavtobus moskva","mikroavtobus moskva","2026-01-27T04:12:33.9931988Z"
"session_00002641","user_0082","org_011","arenda transporta portal postavshikov","arenda transporta portal postavshikov","2026-01-31T21:37:33.9931988Z"
"session_00002642","user_0083","org_011","setevoe oborudovanie municipal","setevoe oborudovanie municipal","2026-03-12T05:48:33.9931988Z"
"session_00002643","user_0083","org_011","rabochaya stanciya portal postavshikov","rabochaya stanciya portal postavshikov","2025-10-08T08:14:33.9931988Z"
"session_00002644","user_0083","org_011","mikroaftobus","mikroaftobus","2026-02-18T15:11:33.9931988Z"
"session_00002645","user_0083","org_011","rabochaya stanciya portal postavshikov","rabochaya stanciya portal postavshikov","2025-11-04T14:59:33.9931988Z"
"session_00002646","user_0083","org_011","arenda transporta municipal","arenda transporta municipal","2025-11-13T03:12:33.9931988Z"
"session_00002647","user_0083","org_011","arenda transporta municipal","arenda transporta municipal","2025-11-02T23:25:33.9931988Z"
"session_00002648","user_0083","org_011","avtobus moskva","avtobus moskva","2026-03-06T08:46:33.9931988Z"
"session_00002649","user_0083","org_011","servernoe oborudovanie municipal","servernoe oborudovanie municipal","2025-12-09T23:42:33.9931988Z"
"session_00002650","user_0083","org_011","setevoe oborudovanie municipal","setevoe oborudovanie municipal","2025-11-09T10:31:33.9931988Z"
"session_00002651","user_0083","org_011","mikroaftobus dlya zakupok","mikroaftobus dlya zakupok","2026-02-06T20:33:33.9931988Z"
"session_00002652","user_0083","org_011","noutbuk dlya zakupok","noutbuk dlya zakupok","2025-12-31T01:33:33.9931988Z"
"session_00002653","user_0083","org_011","kommutator dlya zakupok","kommutator dlya zakupok","2025-11-03T05:56:33.9931988Z"
"session_00002654","user_0083","org_011","rabochaya stanciya moskva","rabochaya stanciya moskva","2026-03-19T13:27:33.9931988Z"
"session_00002655","user_0083","org_011","mobilnaya rabochaya stanciya municipal","mobilnaya rabochaya stanciya municipal","2026-03-22T07:06:33.9931988Z"
"session_00002656","user_0083","org_011","noutbuk moskva","noutbuk moskva","2026-03-21T18:35:33.9931988Z"
"session_00002657","user_0083","org_011","setevoe oborudovanie moskva","setevoe oborudovanie moskva","2026-01-11T18:07:33.9931988Z"
"session_00002658","user_0083","org_011","rabochaya stanciya portal postavshikov","rabochaya stanciya portal postavshikov","2025-11-13T23:59:33.9931988Z"
"session_00002659","user_0083","org_011","rabochaya stanciya municipal","rabochaya stanciya municipal","2026-01-31T14:46:33.9931988Z"
"session_00002660","user_0083","org_011","setevoe oborudovanie portal postavshikov","setevoe oborudovanie portal postavshikov","2025-11-09T18:14:33.9931988Z"
"session_00002661","user_0083","org_011","noutbuk portal postavshikov","noutbuk portal postavshikov","2025-11-04T11:13:33.9931988Z"
"session_00002662","user_0083","org_011","setevoe oborudovanie dlya zakupok","setevoe oborudovanie dlya zakupok","2026-01-29T06:29:33.9931988Z"
"session_00002663","user_0083","org_011","logistika portal postavshikov","logistika portal postavshikov","2026-01-30T18:17:33.9931988Z"
"session_00002664","user_0083","org_011","setevoy kommutator portal postavshikov","setevoy kommutator portal postavshikov","2026-03-26T10:59:33.9931988Z"
"session_00002665","user_0083","org_011","kommutator municipal","kommutator municipal","2026-03-03T09:45:33.9931988Z"
"session_00002666","user_0083","org_011","mobilnaya rabochaya stanciya","mobilnaya rabochaya stanciya","2025-12-08T11:54:33.9931988Z"
"session_00002667","user_0083","org_011","rabochaya stanciya municipal","rabochaya stanciya municipal","2026-02-16T12:54:33.9931988Z"
"session_00002668","user_0083","org_011","noutbukk portal postavshikov","noutbukk portal postavshikov","2025-12-29T07:01:33.9931988Z"
"session_00002669","user_0083","org_011","setevoe oborudovanie portal postavshikov","setevoe oborudovanie portal postavshikov","2025-10-06T08:04:33.9931988Z"
"session_00002670","user_0084","org_011","aftobus moskva","aftobus moskva","2025-10-13T23:41:33.9931988Z"
"session_00002671","user_0084","org_011","printer municipal","printer municipal","2025-11-30T02:25:33.9931988Z"
"session_00002672","user_0084","org_011","toner municipal","toner municipal","2026-02-06T19:06:33.9931988Z"
"session_00002673","user_0084","org_011","bumaga dlya zakupok","bumaga dlya zakupok","2025-11-21T04:37:33.9931988Z"
"session_00002674","user_0084","org_011","mikroavtobus moskva","mikroavtobus moskva","2026-03-18T04:42:33.9931988Z"
"session_00002675","user_0084","org_011","kanctovary municipal","kanctovary municipal","2025-11-13T23:06:33.9931988Z"
"session_00002676","user_0084","org_011","logistika moskva","logistika moskva","2026-01-24T04:09:33.9931988Z"
"session_00002677","user_0084","org_011","kanctovary dlya zakupok","kanctovary dlya zakupok","2026-01-30T01:16:33.9931988Z"
"session_00002678","user_0084","org_011","arenda transporta portal postavshikov","arenda transporta portal postavshikov","2025-11-28T13:50:33.9931988Z"
"session_00002679","user_0084","org_011","passazhirskie perevozki municipal","passazhirskie perevozki municipal","2026-02-27T16:43:33.9931988Z"
"session_00002680","user_0084","org_011","mikroaftobus portal postavshikov","mikroaftobus portal postavshikov","2025-12-12T07:52:33.9931988Z"
"session_00002681","user_0084","org_011","kartridzh portal postavshikov","kartridzh portal postavshikov","2025-10-06T19:59:33.9931988Z"
"session_00002682","user_0084","org_011","print consumables","print consumables","2026-01-02T21:53:33.9931988Z"
"session_00002683","user_0084","org_011","avtobus moskva","avtobus moskva","2026-03-05T19:02:33.9931988Z"
"session_00002684","user_0084","org_011","passazhirskie perevozki municipal","passazhirskie perevozki municipal","2025-12-13T23:25:33.9931988Z"
"session_00002685","user_0084","org_011","ofisnaya mebel moskva","ofisnaya mebel moskva","2026-03-14T07:35:33.9931988Z"
"session_00002686","user_0084","org_011","kanctovary dlya zakupok","kanctovary dlya zakupok","2025-11-29T08:15:33.9931988Z"
"session_00002687","user_0084","org_011","mikroavtobus dlya zakupok","mikroavtobus dlya zakupok","2026-03-18T03:39:33.9931988Z"
"session_00002688","user_0084","org_011","logistika moskva","logistika moskva","2025-12-15T12:33:33.9931988Z"
"session_00002689","user_0084","org_011","printer portal postavshikov","printer portal postavshikov","2025-11-10T00:12:33.9931988Z"
"session_00002690","user_0084","org_011","passazhirskiy transport moskva","passazhirskiy transport moskva","2026-02-25T18:49:33.9931988Z"
"session_00002691","user_0084","org_011","printer moskva","printer moskva","2026-02-04T21:46:33.9931988Z"
"session_00002692","user_0084","org_011","ofisnaya mebel municipal","ofisnaya mebel municipal","2026-02-23T19:45:33.9931988Z"
"session_00002693","user_0084","org_011","katridzh portal postavshikov","katridzh portal postavshikov","2026-01-29T07:30:33.9931988Z"
"session_00002694","user_0084","org_011","ofisnaya mebel portal postavshikov","ofisnaya mebel portal postavshikov","2025-12-03T06:11:33.9931988Z"
"session_00002695","user_0084","org_011","passazhirskie perevozki municipal","passazhirskie perevozki municipal","2025-10-31T13:55:33.9931988Z"
"session_00002696","user_0084","org_011","ofisnaya mebel portal postavshikov","ofisnaya mebel portal postavshikov","2026-02-12T15:20:33.9931988Z"
"session_00002697","user_0084","org_011","passazhirskie perevozki moskva","passazhirskie perevozki moskva","2025-12-05T22:42:33.9931988Z"
"session_00002698","user_0084","org_011","passazhirskie perevozki moskva","passazhirskie perevozki moskva","2026-02-08T11:36:33.9931988Z"
"session_00002699","user_0084","org_011","mikroaftobus","mikroaftobus","2026-01-23T20:18:33.9931988Z"
"session_00002700","user_0084","org_011","passazhirskie perevozki moskva","passazhirskie perevozki moskva","2026-01-20T15:31:33.9931988Z"
"session_00002701","user_0084","org_011","bumaga portal postavshikov","bumaga portal postavshikov","2026-02-26T09:10:33.9931988Z"
"session_00002702","user_0084","org_011","bumaga dlya zakupok","bumaga dlya zakupok","2026-03-23T04:45:33.9931988Z"
"session_00002703","user_0084","org_011","bumaga moskva","bumaga moskva","2026-01-25T10:36:33.9931988Z"
"session_00002704","user_0084","org_011","passazhirskiy transport moskva","passazhirskiy transport moskva","2025-12-11T16:29:33.9931988Z"
"session_00002705","user_0085","org_011","transportnaya logistika portal postavshikov","transportnaya logistika portal postavshikov","2026-03-21T21:34:33.9931988Z"
"session_00002706","user_0085","org_011","passazhirskie perevozki portal postavshikov","passazhirskie perevozki portal postavshikov","2025-12-12T10:27:33.9931988Z"
"session_00002707","user_0085","org_011","passazhirskie perevozki moskva","passazhirskie perevozki moskva","2025-11-07T12:29:33.9931988Z"
"session_00002708","user_0085","org_011","arenda transporta portal postavshikov","arenda transporta portal postavshikov","2025-12-27T02:04:33.9931988Z"
"session_00002709","user_0085","org_011","mikroaftobus portal postavshikov","mikroaftobus portal postavshikov","2026-01-16T09:53:33.9931988Z"
"session_00002710","user_0085","org_011","arenda transporta dlya zakupok","arenda transporta dlya zakupok","2025-10-08T19:17:33.9931988Z"
"session_00002711","user_0085","org_011","mikroaftobus moskva","mikroaftobus moskva","2026-03-19T21:17:33.9931988Z"
"session_00002712","user_0085","org_011","office supplies municipal","office supplies municipal","2025-12-13T19:57:33.9931988Z"
"session_00002713","user_0085","org_011","logistika moskva","logistika moskva","2026-01-29T09:44:33.9931988Z"
"session_00002714","user_0085","org_011","arenda transporta","arenda transporta","2026-03-24T11:41:33.9931988Z"
"session_00002715","user_0085","org_011","passazhirskie perevozki dlya zakupok","passazhirskie perevozki dlya zakupok","2025-10-25T21:28:33.9931988Z"
"session_00002716","user_0085","org_011","stationery municipal","stationery municipal","2026-03-09T23:43:33.9931988Z"
"session_00002717","user_0085","org_011","logistika moskva","logistika moskva","2025-12-27T15:45:33.9931988Z"
"session_00002718","user_0085","org_011","logistika dlya zakupok","logistika dlya zakupok","2025-10-22T03:02:33.9931988Z"
"session_00002719","user_0085","org_011","ofisnaya mebel moskva","ofisnaya mebel moskva","2026-02-20T04:39:33.9931988Z"
"session_00002720","user_0085","org_011","office paper portal postavshikov","office paper portal postavshikov","2026-02-22T07:04:33.9931988Z"
"session_00002721","user_0085","org_011","bumaga municipal","bumaga municipal","2026-01-15T05:14:33.9931988Z"
"session_00002722","user_0085","org_011","arenda transporta","arenda transporta","2025-10-21T08:59:33.9931988Z"
"session_00002723","user_0085","org_011","bumaga portal postavshikov","bumaga portal postavshikov","2025-10-17T02:05:33.9931988Z"
"session_00002724","user_0085","org_011","kanctovary dlya zakupok","kanctovary dlya zakupok","2025-09-29T09:13:33.9931988Z"
"session_00002725","user_0085","org_011","ofisnaya mebel moskva","ofisnaya mebel moskva","2025-11-11T06:11:33.9931988Z"
"session_00002726","user_0085","org_011","bumaga portal postavshikov","bumaga portal postavshikov","2025-12-19T23:43:33.9931988Z"
"session_00002727","user_0085","org_011","print consumables dlya zakupok","print consumables dlya zakupok","2026-02-15T15:03:33.9931988Z"
"session_00002728","user_0085","org_011","arenda transporta portal postavshikov","arenda transporta portal postavshikov","2025-10-18T11:06:33.9931988Z"
"session_00002729","user_0085","org_011","print consumables municipal","print consumables municipal","2025-10-30T08:08:33.9931988Z"
"session_00002730","user_0085","org_011","ofisnaya mebel municipal","ofisnaya mebel municipal","2026-03-14T08:00:33.9931988Z"
"session_00002731","user_0085","org_011","avtobus dlya zakupok","avtobus dlya zakupok","2026-03-16T13:21:33.9931988Z"
"session_00002732","user_0085","org_011","mikroavtobus portal postavshikov","mikroavtobus portal postavshikov","2026-03-21T02:47:33.9931988Z"
"session_00002733","user_0085","org_011","kanctovary portal postavshikov","kanctovary portal postavshikov","2025-11-05T09:47:33.9931988Z"
"session_00002734","user_0085","org_011","passazhirskie perevozki moskva","passazhirskie perevozki moskva","2026-02-27T12:35:33.9931988Z"
"session_00002735","user_0085","org_011","ofisnaya mebel dlya zakupok","ofisnaya mebel dlya zakupok","2026-02-06T02:14:33.9931988Z"
"session_00002736","user_0085","org_011","bus portal postavshikov","bus portal postavshikov","2025-12-27T14:43:33.9931988Z"
"session_00002737","user_0085","org_011","bumga municipal","bumga municipal","2026-02-15T15:57:33.9931988Z"
"session_00002738","user_0085","org_011","logstika","logstika","2026-01-28T19:44:33.9931988Z"
"session_00002739","user_0085","org_011","arenda transporta municipal","arenda transporta municipal","2026-03-01T18:37:33.9931988Z"
"session_00002740","user_0085","org_011","arenda transporta dlya zakupok","arenda transporta dlya zakupok","2025-12-23T01:47:33.9931988Z"
"session_00002741","user_0086","org_011","server dlya zakupok","server dlya zakupok","2026-03-20T01:04:33.9931988Z"
"session_00002742","user_0086","org_011","setevoe oborudovanie dlya zakupok","setevoe oborudovanie dlya zakupok","2026-02-26T09:06:33.9931988Z"
"session_00002743","user_0086","org_011","ekspluataciya moskva","ekspluataciya moskva","2025-11-14T23:01:33.9931988Z"
"session_00002744","user_0086","org_011","compute node portal postavshikov","compute node portal postavshikov","2026-02-20T03:42:33.9931988Z"
"session_00002745","user_0086","org_011","obsluzhivanie","obsluzhivanie","2026-02-06T21:22:33.9931988Z"
"session_00002746","user_0086","org_011","obsluzhvaniye dlya zakupok","obsluzhvaniye dlya zakupok","2025-09-30T08:17:33.9931988Z"
"session_00002747","user_0086","org_011","setevoe oborudovanie","setevoe oborudovanie","2025-11-16T07:19:33.9931988Z"
"session_00002748","user_0086","org_011","tehpodderzhka","tehpodderzhka","2026-01-16T15:43:33.9931988Z"
"session_00002749","user_0086","org_011","setevoe oborudovanie moskva","setevoe oborudovanie moskva","2026-01-04T09:26:33.9931988Z"
"session_00002750","user_0086","org_011","kommutator","kommutator","2026-01-07T14:36:33.9931988Z"
"session_00002751","user_0086","org_011","server portal postavshikov","server portal postavshikov","2025-11-17T12:21:33.9931988Z"
"session_00002752","user_0086","org_011","soprovozhdenie dlya zakupok","soprovozhdenie dlya zakupok","2026-03-20T03:53:33.9931988Z"
"session_00002753","user_0086","org_011","mobilnaya rabochaya stanciya portal postavshikov","mobilnaya rabochaya stanciya portal postavshikov","2026-01-26T11:38:33.9931988Z"
"session_00002754","user_0086","org_011","noutbuk dlya zakupok","noutbuk dlya zakupok","2025-12-28T14:13:33.9931988Z"
"session_00002755","user_0086","org_011","autsorsing dlya zakupok","autsorsing dlya zakupok","2025-12-13T20:59:33.9931988Z"
"session_00002756","user_0086","org_011","tehpodderzhka municipal","tehpodderzhka municipal","2026-03-05T05:54:33.9931988Z"
"session_00002757","user_0086","org_011","setevoe oborudovanie dlya zakupok","setevoe oborudovanie dlya zakupok","2025-11-30T08:41:33.9931988Z"
"session_00002758","user_0086","org_011","kommutator portal postavshikov","kommutator portal postavshikov","2026-01-25T17:24:33.9931988Z"
"session_00002759","user_0086","org_011","autsorsing dlya zakupok","autsorsing dlya zakupok","2026-01-09T20:48:33.9931988Z"
"session_00002760","user_0086","org_011","server","server","2025-12-01T15:09:33.9931988Z"
"session_00002761","user_0086","org_011","server portal postavshikov","server portal postavshikov","2025-12-08T03:39:33.9931988Z"
"session_00002762","user_0086","org_011","klining portal postavshikov","klining portal postavshikov","2026-03-06T18:25:33.9931988Z"
"session_00002763","user_0086","org_011","komutator moskva","komutator moskva","2025-12-23T12:16:33.9931988Z"
"session_00002764","user_0086","org_011","rabochaya stanciya moskva","rabochaya stanciya moskva","2025-11-26T16:05:33.9931988Z"
"session_00002765","user_0086","org_011","tehpodderzka moskva","tehpodderzka moskva","2026-01-09T20:25:33.9931988Z"
"session_00002766","user_0086","org_011","autsorsing moskva","autsorsing moskva","2025-10-05T22:01:33.9931988Z"
"session_00002767","user_0086","org_011","soprovozhdenie dlya zakupok","soprovozhdenie dlya zakupok","2025-11-16T18:29:33.9931988Z"
"session_00002768","user_0086","org_011","obsluzhvaniye moskva","obsluzhvaniye moskva","2026-03-16T12:22:33.9931988Z"
"session_00002769","user_0086","org_011","rabochaya stanciya portal postavshikov","rabochaya stanciya portal postavshikov","2026-03-11T12:21:33.9931988Z"
"session_00002770","user_0086","org_011","service desk","service desk","2026-01-20T14:33:33.9931988Z"
"session_00002771","user_0086","org_011","klining","klining","2025-10-23T05:21:33.9931988Z"
"session_00002772","user_0086","org_011","setevoe oborudovanie municipal","setevoe oborudovanie municipal","2025-11-25T19:22:33.9931988Z"
"session_00002773","user_0086","org_011","kommutator","kommutator","2025-11-23T10:10:33.9931988Z"
"session_00002774","user_0086","org_011","rabochaya stanciya portal postavshikov","rabochaya stanciya portal postavshikov","2026-02-17T21:28:33.9931988Z"
"session_00002775","user_0086","org_011","soprovozhdenie","soprovozhdenie","2026-02-16T09:19:33.9931988Z"
"session_00002776","user_0087","org_011","klining dlya zakupok","klining dlya zakupok","2025-10-20T10:45:33.9931988Z"
"session_00002777","user_0087","org_011","arenda transporta","arenda transporta","2025-09-29T01:13:33.9931988Z"
"session_00002778","user_0087","org_011","klinng","klinng","2025-12-08T01:43:33.9931988Z"
"session_00002779","user_0087","org_011","autsorsing dlya zakupok","autsorsing dlya zakupok","2026-02-23T09:47:33.9931988Z"
"session_00002780","user_0087","org_011","autsorsing municipal","autsorsing municipal","2026-02-23T13:23:33.9931988Z"
"session_00002781","user_0087","org_011","avtobus municipal","avtobus municipal","2026-03-15T05:27:33.9931988Z"
"session_00002782","user_0087","org_011","mikroaftobus portal postavshikov","mikroaftobus portal postavshikov","2026-01-07T12:07:33.9931988Z"
"session_00002783","user_0087","org_011","autsorsing portal postavshikov","autsorsing portal postavshikov","2025-11-10T09:46:33.9931988Z"
"session_00002784","user_0087","org_011","autsorsing municipal","autsorsing municipal","2026-02-01T18:28:33.9931988Z"
"session_00002785","user_0087","org_011","avtobus dlya zakupok","avtobus dlya zakupok","2026-03-08T13:01:33.9931988Z"
"session_00002786","user_0087","org_011","obsluzhivanie dlya zakupok","obsluzhivanie dlya zakupok","2026-01-23T17:30:33.9931988Z"
"session_00002787","user_0087","org_011","arenda transporta portal postavshikov","arenda transporta portal postavshikov","2025-10-20T01:01:33.9931988Z"
"session_00002788","user_0087","org_011","soprovozhdenie portal postavshikov","soprovozhdenie portal postavshikov","2025-11-29T09:12:33.9931988Z"
"session_00002789","user_0087","org_011","tehpodderzka municipal","tehpodderzka municipal","2026-01-09T16:48:33.9931988Z"
"session_00002790","user_0087","org_011","obsluzhivanie dlya zakupok","obsluzhivanie dlya zakupok","2025-12-04T05:41:33.9931988Z"
"session_00002791","user_0087","org_011","passazhirskie perevozki moskva","passazhirskie perevozki moskva","2025-10-21T02:49:33.9931988Z"
"session_00002792","user_0087","org_011","passazhirskie perevozki moskva","passazhirskie perevozki moskva","2025-12-29T00:09:33.9931988Z"
"session_00002793","user_0087","org_011","passazhirskie perevozki","passazhirskie perevozki","2026-03-08T01:31:33.9931988Z"
"session_00002794","user_0087","org_011","soprovozhdenie municipal","soprovozhdenie municipal","2026-02-22T03:05:33.9931988Z"
"session_00002795","user_0087","org_011","autsorsing portal postavshikov","autsorsing portal postavshikov","2025-12-12T21:25:33.9931988Z"
"session_00002796","user_0087","org_011","uborka pomescheniy portal postavshikov","uborka pomescheniy portal postavshikov","2025-11-11T00:26:33.9931988Z"
"session_00002797","user_0087","org_011","it support","it support","2026-01-19T23:06:33.9931988Z"
"session_00002798","user_0087","org_011","marshrutny transport moskva","marshrutny transport moskva","2026-01-08T01:23:33.9931988Z"
"session_00002799","user_0087","org_011","passazhirskie perevozki dlya zakupok","passazhirskie perevozki dlya zakupok","2026-02-20T08:23:33.9931988Z"
"session_00002800","user_0087","org_011","soprovozhdenie moskva","soprovozhdenie moskva","2026-01-08T18:31:33.9931988Z"
"session_00002801","user_0087","org_011","klinng municipal","klinng municipal","2026-02-21T14:10:33.9931988Z"
"session_00002802","user_0087","org_011","mikroavtobus municipal","mikroavtobus municipal","2026-01-25T12:37:33.9931988Z"
"session_00002803","user_0087","org_011","soprovozhdenie moskva","soprovozhdenie moskva","2026-03-19T07:10:33.9931988Z"
"session_00002804","user_0087","org_011","logistika municipal","logistika municipal","2025-12-03T11:06:33.9931988Z"
"session_00002805","user_0087","org_011","autsorsing portal postavshikov","autsorsing portal postavshikov","2026-01-24T18:37:33.9931988Z"
"session_00002806","user_0087","org_011","klining portal postavshikov","klining portal postavshikov","2026-03-03T20:27:33.9931988Z"
"session_00002807","user_0087","org_011","marshrutny transport portal postavshikov","marshrutny transport portal postavshikov","2025-12-18T03:45:33.9931988Z"
"session_00002808","user_0088","org_011","service desk municipal","service desk municipal","2025-10-06T08:04:33.9931988Z"
"session_00002809","user_0088","org_011","printer dlya zakupok","printer dlya zakupok","2026-03-07T18:11:33.9931988Z"
"session_00002810","user_0088","org_011","tehpodderzhka municipal","tehpodderzhka municipal","2026-03-24T21:59:33.9931988Z"
"session_00002811","user_0088","org_011","autsorsing municipal","autsorsing municipal","2026-02-07T11:31:33.9931988Z"
"session_00002812","user_0088","org_011","soprovozhdenie municipal","soprovozhdenie municipal","2025-12-13T10:29:33.9931988Z"
"session_00002813","user_0088","org_011","tehpodderzhka moskva","tehpodderzhka moskva","2025-11-24T18:08:33.9931988Z"
"session_00002814","user_0088","org_011","obsluzhvaniye municipal","obsluzhvaniye municipal","2026-03-04T15:06:33.9931988Z"
"session_00002815","user_0088","org_011","obsluzhivanie municipal","obsluzhivanie municipal","2026-02-01T10:35:33.9931988Z"
"session_00002816","user_0088","org_011","autsorsing","autsorsing","2026-01-18T03:49:33.9931988Z"
"session_00002817","user_0088","org_011","printer dlya zakupok","printer dlya zakupok","2026-02-09T19:23:33.9931988Z"
"session_00002818","user_0088","org_011","autsorsing municipal","autsorsing municipal","2025-10-19T19:28:33.9931988Z"
"session_00002819","user_0088","org_011","kartridzh portal postavshikov","kartridzh portal postavshikov","2025-11-20T16:45:33.9931988Z"
"session_00002820","user_0088","org_011","klining portal postavshikov","klining portal postavshikov","2025-10-23T00:02:33.9931988Z"
"session_00002821","user_0088","org_011","printer","printer","2025-10-15T03:43:33.9931988Z"
"session_00002822","user_0088","org_011","ofisnaya mebel moskva","ofisnaya mebel moskva","2025-10-24T00:27:33.9931988Z"
"session_00002823","user_0088","org_011","ofisnaya mebel portal postavshikov","ofisnaya mebel portal postavshikov","2026-03-11T16:41:33.9931988Z"
"session_00002824","user_0088","org_011","klining portal postavshikov","klining portal postavshikov","2026-02-07T14:56:33.9931988Z"
"session_00002825","user_0088","org_011","kanctovary portal postavshikov","kanctovary portal postavshikov","2026-03-11T21:21:33.9931988Z"
"session_00002826","user_0088","org_011","ofisnaya mebel portal postavshikov","ofisnaya mebel portal postavshikov","2025-11-05T01:49:33.9931988Z"
"session_00002827","user_0088","org_011","klining municipal","klining municipal","2026-02-11T13:28:33.9931988Z"
"session_00002828","user_0088","org_011","klining dlya zakupok","klining dlya zakupok","2025-11-04T16:38:33.9931988Z"
"session_00002829","user_0088","org_011","autsorsing moskva","autsorsing moskva","2025-12-07T00:16:33.9931988Z"
"session_00002830","user_0088","org_011","printer dlya zakupok","printer dlya zakupok","2026-01-21T12:16:33.9931988Z"
"session_00002831","user_0088","org_011","kartridzh moskva","kartridzh moskva","2026-02-05T13:26:33.9931988Z"
"session_00002832","user_0088","org_011","obsluzhivanie dlya zakupok","obsluzhivanie dlya zakupok","2026-03-24T16:16:33.9931988Z"
"session_00002833","user_0088","org_011","obsluzhivanie moskva","obsluzhivanie moskva","2025-10-19T04:54:33.9931988Z"
"session_00002834","user_0088","org_011","kartridzh moskva","kartridzh moskva","2026-02-17T15:26:33.9931988Z"
"session_00002835","user_0088","org_011","tehpodderzhka moskva","tehpodderzhka moskva","2025-10-15T23:40:33.9931988Z"
"session_00002836","user_0088","org_011","ofisnaya mebel","ofisnaya mebel","2025-12-26T23:46:33.9931988Z"
"session_00002837","user_0089","org_012","printer moskva","printer moskva","2025-09-29T02:22:33.9931988Z"
"session_00002838","user_0089","org_012","bumaga dlya zakupok","bumaga dlya zakupok","2025-10-01T15:36:33.9931988Z"
"session_00002839","user_0089","org_012","bumaga municipal","bumaga municipal","2025-09-29T23:59:33.9931988Z"
"session_00002840","user_0089","org_012","ekspluataciya dlya zakupok","ekspluataciya dlya zakupok","2025-12-11T11:21:33.9931988Z"
"session_00002841","user_0089","org_012","kanctovri municipal","kanctovri municipal","2025-10-25T10:17:33.9931988Z"
"session_00002842","user_0089","org_012","obsluzhivanie municipal","obsluzhivanie municipal","2025-12-12T13:27:33.9931988Z"
"session_00002843","user_0089","org_012","ofisnaya mebel moskva","ofisnaya mebel moskva","2025-10-28T15:00:33.9931988Z"
"session_00002844","user_0089","org_012","autsorsing portal postavshikov","autsorsing portal postavshikov","2026-03-14T14:10:33.9931988Z"
"session_00002845","user_0089","org_012","tehpodderzhka municipal","tehpodderzhka municipal","2025-12-13T12:55:33.9931988Z"
"session_00002846","user_0089","org_012","autsorsing dlya zakupok","autsorsing dlya zakupok","2025-11-23T19:16:33.9931988Z"
"session_00002847","user_0089","org_012","printer moskva","printer moskva","2026-02-05T22:59:33.9931988Z"
"session_00002848","user_0089","org_012","obsluzhivanie municipal","obsluzhivanie municipal","2025-12-08T18:49:33.9931988Z"
"session_00002849","user_0089","org_012","bumaga","bumaga","2025-10-10T01:49:33.9931988Z"
"session_00002850","user_0089","org_012","soprovozhdenie municipal","soprovozhdenie municipal","2026-02-15T02:54:33.9931988Z"
"session_00002851","user_0089","org_012","tehpodderzka moskva","tehpodderzka moskva","2026-03-12T15:36:33.9931988Z"
"session_00002852","user_0089","org_012","kartridzh moskva","kartridzh moskva","2025-12-19T23:59:33.9931988Z"
"session_00002853","user_0089","org_012","tehpodderzhka moskva","tehpodderzhka moskva","2026-02-08T20:47:33.9931988Z"
"session_00002854","user_0089","org_012","soprovozhdenie moskva","soprovozhdenie moskva","2026-01-04T17:38:33.9931988Z"
"session_00002855","user_0089","org_012","ofisnaya mebel portal postavshikov","ofisnaya mebel portal postavshikov","2026-02-06T10:00:33.9931988Z"
"session_00002856","user_0089","org_012","kartridzh moskva","kartridzh moskva","2025-11-23T05:28:33.9931988Z"
"session_00002857","user_0089","org_012","autsorsing portal postavshikov","autsorsing portal postavshikov","2025-10-26T10:49:33.9931988Z"
"session_00002858","user_0089","org_012","bumaga portal postavshikov","bumaga portal postavshikov","2025-11-25T07:15:33.9931988Z"
"session_00002859","user_0089","org_012","paper dlya zakupok","paper dlya zakupok","2025-12-26T15:52:33.9931988Z"
"session_00002860","user_0089","org_012","autsorsing moskva","autsorsing moskva","2026-03-24T10:01:33.9931988Z"
"session_00002861","user_0089","org_012","klining portal postavshikov","klining portal postavshikov","2025-10-31T02:09:33.9931988Z"
"session_00002862","user_0089","org_012","obsluzhivanie","obsluzhivanie","2026-02-09T13:28:33.9931988Z"
"session_00002863","user_0089","org_012","printer dlya zakupok","printer dlya zakupok","2025-10-06T08:24:33.9931988Z"
"session_00002864","user_0090","org_012","logistika portal postavshikov","logistika portal postavshikov","2025-10-11T07:37:33.9931988Z"
"session_00002865","user_0090","org_012","logstika dlya zakupok","logstika dlya zakupok","2026-03-22T07:40:33.9931988Z"
"session_00002866","user_0090","org_012","printer municipal","printer municipal","2026-01-21T12:37:33.9931988Z"
"session_00002867","user_0090","org_012","kanctovary dlya zakupok","kanctovary dlya zakupok","2026-02-18T13:15:33.9931988Z"
"session_00002868","user_0090","org_012","bumga moskva","bumga moskva","2025-10-08T16:14:33.9931988Z"
"session_00002869","user_0090","org_012","passazhirskie perevozki moskva","passazhirskie perevozki moskva","2025-11-16T17:57:33.9931988Z"
"session_00002870","user_0090","org_012","logistika dlya zakupok","logistika dlya zakupok","2025-12-20T04:47:33.9931988Z"
"session_00002871","user_0090","org_012","bus municipal","bus municipal","2026-02-04T21:17:33.9931988Z"
"session_00002872","user_0090","org_012","passazhirskie perevozki moskva","passazhirskie perevozki moskva","2025-12-14T00:34:33.9931988Z"
"session_00002873","user_0090","org_012","mikroavtobus dlya zakupok","mikroavtobus dlya zakupok","2026-01-13T20:51:33.9931988Z"
"session_00002874","user_0090","org_012","arenda transporta","arenda transporta","2026-02-03T15:50:33.9931988Z"
"session_00002875","user_0090","org_012","katridzh municipal","katridzh municipal","2026-01-22T04:50:33.9931988Z"
"session_00002876","user_0090","org_012","avtobus portal postavshikov","avtobus portal postavshikov","2026-01-28T03:16:33.9931988Z"
"session_00002877","user_0090","org_012","printer moskva","printer moskva","2025-12-05T11:29:33.9931988Z"
"session_00002878","user_0090","org_012","printer portal postavshikov","printer portal postavshikov","2026-02-13T03:00:33.9931988Z"
"session_00002879","user_0090","org_012","logistika moskva","logistika moskva","2025-12-03T03:30:33.9931988Z"
"session_00002880","user_0090","org_012","arenda transporta moskva","arenda transporta moskva","2025-12-18T03:27:33.9931988Z"
"session_00002881","user_0090","org_012","mikroaftobus dlya zakupok","mikroaftobus dlya zakupok","2025-10-18T18:42:33.9931988Z"
"session_00002882","user_0090","org_012","ofisnaya mebel municipal","ofisnaya mebel municipal","2025-10-16T16:35:33.9931988Z"
"session_00002883","user_0090","org_012","logistika","logistika","2026-02-16T22:58:33.9931988Z"
"session_00002884","user_0090","org_012","bumaga portal postavshikov","bumaga portal postavshikov","2025-12-18T21:23:33.9931988Z"
"session_00002885","user_0090","org_012","katridzh moskva","katridzh moskva","2025-10-12T19:13:33.9931988Z"
"session_00002886","user_0090","org_012","kanctovary portal postavshikov","kanctovary portal postavshikov","2025-12-12T21:44:33.9931988Z"
"session_00002887","user_0090","org_012","toner moskva","toner moskva","2026-01-14T18:54:33.9931988Z"
"session_00002888","user_0090","org_012","print consumables portal postavshikov","print consumables portal postavshikov","2025-10-09T15:26:33.9931988Z"
"session_00002889","user_0090","org_012","bumga dlya zakupok","bumga dlya zakupok","2025-10-01T08:06:33.9931988Z"
"session_00002890","user_0090","org_012","logistika moskva","logistika moskva","2026-02-03T23:50:33.9931988Z"
"session_00002891","user_0090","org_012","bumaga","bumaga","2025-11-01T05:05:33.9931988Z"
"session_00002892","user_0090","org_012","mikroaftobus","mikroaftobus","2025-10-23T23:43:33.9931988Z"
"session_00002893","user_0090","org_012","aftobus dlya zakupok","aftobus dlya zakupok","2026-01-17T02:55:33.9931988Z"
"session_00002894","user_0090","org_012","arenda transporta moskva","arenda transporta moskva","2026-03-10T00:08:33.9931988Z"
"session_00002895","user_0091","org_012","passazhirskie perevozki portal postavshikov","passazhirskie perevozki portal postavshikov","2025-10-07T19:59:33.9931988Z"
"session_00002896","user_0091","org_012","obsluzhivanie","obsluzhivanie","2026-03-20T20:23:33.9931988Z"
"session_00002897","user_0091","org_012","autsorsing moskva","autsorsing moskva","2026-03-08T10:41:33.9931988Z"
"session_00002898","user_0091","org_012","obsluzhivanie dlya zakupok","obsluzhivanie dlya zakupok","2025-12-30T07:40:33.9931988Z"
"session_00002899","user_0091","org_012","autsorsing municipal","autsorsing municipal","2025-10-04T00:09:33.9931988Z"
"session_00002900","user_0091","org_012","passazhirskie perevozki moskva","passazhirskie perevozki moskva","2025-10-15T00:29:33.9931988Z"
"session_00002901","user_0091","org_012","arenda transporta","arenda transporta","2025-11-30T21:20:33.9931988Z"
"session_00002902","user_0091","org_012","klining moskva","klining moskva","2025-12-30T22:32:33.9931988Z"
"session_00002903","user_0091","org_012","mikroaftobus moskva","mikroaftobus moskva","2025-11-24T02:55:33.9931988Z"
"session_00002904","user_0091","org_012","klining municipal","klining municipal","2026-03-14T20:45:33.9931988Z"
"session_00002905","user_0091","org_012","uborka pomescheniy moskva","uborka pomescheniy moskva","2026-03-13T23:08:33.9931988Z"
"session_00002906","user_0091","org_012","servis","servis","2026-02-21T00:19:33.9931988Z"
"session_00002907","user_0091","org_012","autsorsing dlya zakupok","autsorsing dlya zakupok","2025-11-14T01:49:33.9931988Z"
"session_00002908","user_0091","org_012","obsluzhivanie moskva","obsluzhivanie moskva","2026-03-08T01:33:33.9931988Z"
"session_00002909","user_0091","org_012","avtobus","avtobus","2025-10-23T14:14:33.9931988Z"
"session_00002910","user_0091","org_012","autsorsing","autsorsing","2026-01-26T14:17:33.9931988Z"
"session_00002911","user_0091","org_012","soprovozhdenie portal postavshikov","soprovozhdenie portal postavshikov","2025-12-01T12:37:33.9931988Z"
"session_00002912","user_0091","org_012","arenda transporta moskva","arenda transporta moskva","2025-12-05T22:57:33.9931988Z"
"session_00002913","user_0091","org_012","autsorsing moskva","autsorsing moskva","2026-01-25T02:51:33.9931988Z"
"session_00002914","user_0091","org_012","soprovozhdenie","soprovozhdenie","2025-11-28T10:00:33.9931988Z"
"session_00002915","user_0091","org_012","mikroavtobus","mikroavtobus","2026-03-11T12:32:33.9931988Z"
"session_00002916","user_0091","org_012","passazhirskiy transport","passazhirskiy transport","2025-10-10T11:48:33.9931988Z"
"session_00002917","user_0091","org_012","soprovozhdenie","soprovozhdenie","2025-12-27T11:39:33.9931988Z"
"session_00002918","user_0091","org_012","avtobus municipal","avtobus municipal","2025-10-08T12:34:33.9931988Z"
"session_00002919","user_0091","org_012","minibus portal postavshikov","minibus portal postavshikov","2026-02-27T00:19:33.9931988Z"
"session_00002920","user_0091","org_012","arenda transporta municipal","arenda transporta municipal","2026-02-02T14:13:33.9931988Z"
"session_00002921","user_0091","org_012","avtobus portal postavshikov","avtobus portal postavshikov","2026-03-23T12:29:33.9931988Z"
"session_00002922","user_0091","org_012","autsorsing","autsorsing","2026-01-27T23:42:33.9931988Z"
"session_00002923","user_0091","org_012","tehpodderzka municipal","tehpodderzka municipal","2026-02-26T23:39:33.9931988Z"
"session_00002924","user_0092","org_012","printer municipal","printer municipal","2026-01-03T17:14:33.9931988Z"
"session_00002925","user_0092","org_012","server moskva","server moskva","2026-02-14T08:30:33.9931988Z"
"session_00002926","user_0092","org_012","bumaga portal postavshikov","bumaga portal postavshikov","2025-12-30T01:47:33.9931988Z"
"session_00002927","user_0092","org_012","kommutator municipal","kommutator municipal","2025-12-12T11:44:33.9931988Z"
"session_00002928","user_0092","org_012","kanctovary portal postavshikov","kanctovary portal postavshikov","2026-02-17T15:32:33.9931988Z"
"session_00002929","user_0092","org_012","katridzh","katridzh","2025-11-01T03:50:33.9931988Z"
"session_00002930","user_0092","org_012","setevoe oborudovanie dlya zakupok","setevoe oborudovanie dlya zakupok","2026-01-27T08:54:33.9931988Z"
"session_00002931","user_0092","org_012","printer moskva","printer moskva","2026-02-12T01:43:33.9931988Z"
"session_00002932","user_0092","org_012","setevoe oborudovanie","setevoe oborudovanie","2025-11-27T18:20:33.9931988Z"
"session_00002933","user_0092","org_012","kartridzh portal postavshikov","kartridzh portal postavshikov","2025-10-06T18:41:33.9931988Z"
"session_00002934","user_0092","org_012","printer","printer","2026-03-22T13:26:33.9931988Z"
"session_00002935","user_0092","org_012","katridzh municipal","katridzh municipal","2026-01-05T12:05:33.9931988Z"
"session_00002936","user_0092","org_012","ofisnaya mebel dlya zakupok","ofisnaya mebel dlya zakupok","2026-01-11T23:18:33.9931988Z"
"session_00002937","user_0092","org_012","printer dlya zakupok","printer dlya zakupok","2026-01-14T02:34:33.9931988Z"
"session_00002938","user_0092","org_012","ofisnaya mebel municipal","ofisnaya mebel municipal","2026-01-20T16:10:33.9931988Z"
"session_00002939","user_0092","org_012","noutbukk municipal","noutbukk municipal","2026-01-09T06:54:33.9931988Z"
"session_00002940","user_0092","org_012","kommutator dlya zakupok","kommutator dlya zakupok","2025-11-03T16:12:33.9931988Z"
"session_00002941","user_0092","org_012","mobilnaya rabochaya stanciya municipal","mobilnaya rabochaya stanciya municipal","2026-02-12T16:58:33.9931988Z"
"session_00002942","user_0092","org_012","kartridzh municipal","kartridzh municipal","2025-11-17T21:32:33.9931988Z"
"session_00002943","user_0092","org_012","rabochaya stanciya moskva","rabochaya stanciya moskva","2025-12-22T13:14:33.9931988Z"
"session_00002944","user_0092","org_012","mobilnaya rabochaya stanciya moskva","mobilnaya rabochaya stanciya moskva","2025-10-30T12:21:33.9931988Z"
"session_00002945","user_0092","org_012","ofisnaya mebel","ofisnaya mebel","2025-10-15T18:55:33.9931988Z"
"session_00002946","user_0092","org_012","setevoe oborudovanie dlya zakupok","setevoe oborudovanie dlya zakupok","2026-02-13T16:26:33.9931988Z"
"session_00002947","user_0092","org_012","server","server","2025-10-20T02:18:33.9931988Z"
"session_00002948","user_0092","org_012","bumga","bumga","2025-12-05T09:37:33.9931988Z"
"session_00002949","user_0092","org_012","servernoe oborudovanie moskva","servernoe oborudovanie moskva","2025-12-26T15:16:33.9931988Z"
"session_00002950","user_0092","org_012","ofisnaya mebel moskva","ofisnaya mebel moskva","2026-03-09T08:43:33.9931988Z"
"session_00002951","user_0092","org_012","compute node dlya zakupok","compute node dlya zakupok","2026-01-11T20:42:33.9931988Z"
"session_00002952","user_0092","org_012","rabochaya stanciya dlya zakupok","rabochaya stanciya dlya zakupok","2025-11-22T15:06:33.9931988Z"
"session_00002953","user_0092","org_012","kommutator","kommutator","2025-11-01T18:55:33.9931988Z"
"session_00002954","user_0092","org_012","printer portal postavshikov","printer portal postavshikov","2025-12-14T16:53:33.9931988Z"
"session_00002955","user_0093","org_012","passazhirskie perevozki dlya zakupok","passazhirskie perevozki dlya zakupok","2025-10-10T18:57:33.9931988Z"
"session_00002956","user_0093","org_012","logstika portal postavshikov","logstika portal postavshikov","2026-02-22T16:23:33.9931988Z"
"session_00002957","user_0093","org_012","ofisnaya mebel portal postavshikov","ofisnaya mebel portal postavshikov","2025-10-31T00:03:33.9931988Z"
"session_00002958","user_0093","org_012","kartridzh portal postavshikov","kartridzh portal postavshikov","2026-03-02T06:57:33.9931988Z"
"session_00002959","user_0093","org_012","avtobus municipal","avtobus municipal","2026-03-22T11:00:33.9931988Z"
"session_00002960","user_0093","org_012","bumaga moskva","bumaga moskva","2026-01-25T03:06:33.9931988Z"
"session_00002961","user_0093","org_012","passazhirskiy transport portal postavshikov","passazhirskiy transport portal postavshikov","2025-10-19T22:53:33.9931988Z"
"session_00002962","user_0093","org_012","logistika moskva","logistika moskva","2026-03-20T20:57:33.9931988Z"
"session_00002963","user_0093","org_012","ofisnaya mebel municipal","ofisnaya mebel municipal","2026-02-06T16:05:33.9931988Z"
"session_00002964","user_0093","org_012","printer municipal","printer municipal","2026-01-22T20:10:33.9931988Z"
"session_00002965","user_0093","org_012","bumaga dlya zakupok","bumaga dlya zakupok","2025-11-21T22:35:33.9931988Z"
"session_00002966","user_0093","org_012","arenda transporta","arenda transporta","2025-10-02T17:23:33.9931988Z"
"session_00002967","user_0093","org_012","passazhirskie perevozki moskva","passazhirskie perevozki moskva","2026-03-14T07:54:33.9931988Z"
"session_00002968","user_0093","org_012","logistika portal postavshikov","logistika portal postavshikov","2025-11-22T17:21:33.9931988Z"
"session_00002969","user_0093","org_012","kartridzh municipal","kartridzh municipal","2026-02-14T05:43:33.9931988Z"
"session_00002970","user_0093","org_012","kanctovary dlya zakupok","kanctovary dlya zakupok","2025-10-09T02:29:33.9931988Z"
"session_00002971","user_0093","org_012","kartridzh portal postavshikov","kartridzh portal postavshikov","2026-03-27T08:09:33.9931988Z"
"session_00002972","user_0093","org_012","office paper municipal","office paper municipal","2025-11-10T05:47:33.9931988Z"
"session_00002973","user_0093","org_012","mikroaftobus portal postavshikov","mikroaftobus portal postavshikov","2025-11-20T16:10:33.9931988Z"
"session_00002974","user_0093","org_012","printer moskva","printer moskva","2025-10-04T00:16:33.9931988Z"
"session_00002975","user_0093","org_012","kartridzh portal postavshikov","kartridzh portal postavshikov","2026-03-02T06:19:33.9931988Z"
"session_00002976","user_0093","org_012","logistika municipal","logistika municipal","2026-03-19T18:14:33.9931988Z"
"session_00002977","user_0093","org_012","logistika dlya zakupok","logistika dlya zakupok","2025-11-26T07:19:33.9931988Z"
"session_00002978","user_0093","org_012","ofisnaya mebel moskva","ofisnaya mebel moskva","2025-10-03T20:39:33.9931988Z"
"session_00002979","user_0093","org_012","kanctovri municipal","kanctovri municipal","2026-03-11T08:34:33.9931988Z"
"session_00002980","user_0093","org_012","kartridzh dlya zakupok","kartridzh dlya zakupok","2025-12-22T00:54:33.9931988Z"
"session_00002981","user_0093","org_012","printer dlya zakupok","printer dlya zakupok","2026-01-08T06:22:33.9931988Z"
"session_00002982","user_0093","org_012","mikroavtobus portal postavshikov","mikroavtobus portal postavshikov","2026-02-05T01:39:33.9931988Z"
"session_00002983","user_0093","org_012","avtobus dlya zakupok","avtobus dlya zakupok","2025-12-15T16:21:33.9931988Z"
"session_00002984","user_0093","org_012","kartridzh dlya zakupok","kartridzh dlya zakupok","2026-03-24T02:31:33.9931988Z"
"session_00002985","user_0093","org_012","printer dlya zakupok","printer dlya zakupok","2026-02-14T17:13:33.9931988Z"
"session_00002986","user_0094","org_012","bumga portal postavshikov","bumga portal postavshikov","2026-02-20T08:44:33.9931988Z"
"session_00002987","user_0094","org_012","printer dlya zakupok","printer dlya zakupok","2026-02-25T10:01:33.9931988Z"
"session_00002988","user_0094","org_012","kartridzh municipal","kartridzh municipal","2026-02-06T11:54:33.9931988Z"
"session_00002989","user_0094","org_012","arenda transporta municipal","arenda transporta municipal","2026-02-07T02:01:33.9931988Z"
"session_00002990","user_0094","org_012","ofisnaya mebel dlya zakupok","ofisnaya mebel dlya zakupok","2026-03-09T10:55:33.9931988Z"
"session_00002991","user_0094","org_012","logistika portal postavshikov","logistika portal postavshikov","2025-11-27T07:26:33.9931988Z"
"session_00002992","user_0094","org_012","kanctovri municipal","kanctovri municipal","2026-02-22T01:51:33.9931988Z"
"session_00002993","user_0094","org_012","ofisnaya mebel portal postavshikov","ofisnaya mebel portal postavshikov","2026-01-19T23:29:33.9931988Z"
"session_00002994","user_0094","org_012","kartridzh","kartridzh","2025-11-26T17:57:33.9931988Z"
"session_00002995","user_0094","org_012","ofisnaya mebel","ofisnaya mebel","2026-02-19T23:53:33.9931988Z"
"session_00002996","user_0094","org_012","kanctovary municipal","kanctovary municipal","2026-01-25T21:37:33.9931988Z"
"session_00002997","user_0094","org_012","avtobus portal postavshikov","avtobus portal postavshikov","2026-03-24T15:37:33.9931988Z"
"session_00002998","user_0094","org_012","mikroaftobus moskva","mikroaftobus moskva","2025-11-14T06:23:33.9931988Z"
"session_00002999","user_0094","org_012","kartridzh","kartridzh","2025-11-24T09:43:33.9931988Z"
"session_00003000","user_0094","org_012","arenda transporta portal postavshikov","arenda transporta portal postavshikov","2026-02-18T17:44:33.9931988Z"
"session_00003001","user_0094","org_012","logistika municipal","logistika municipal","2025-11-23T01:45:33.9931988Z"
"session_00003002","user_0094","org_012","passazhirskie perevozki municipal","passazhirskie perevozki municipal","2025-11-25T21:01:33.9931988Z"
"session_00003003","user_0094","org_012","logistika municipal","logistika municipal","2025-11-02T05:10:33.9931988Z"
"session_00003004","user_0094","org_012","kanctovary municipal","kanctovary municipal","2025-11-26T19:08:33.9931988Z"
"session_00003005","user_0094","org_012","katridzh","katridzh","2025-12-25T05:56:33.9931988Z"
"session_00003006","user_0094","org_012","ofisnaya mebel","ofisnaya mebel","2026-02-28T16:21:33.9931988Z"
"session_00003007","user_0094","org_012","printer dlya zakupok","printer dlya zakupok","2026-02-17T23:37:33.9931988Z"
"session_00003008","user_0094","org_012","passazhirskie perevozki dlya zakupok","passazhirskie perevozki dlya zakupok","2026-03-08T07:33:33.9931988Z"
"session_00003009","user_0094","org_012","logistika moskva","logistika moskva","2026-01-26T06:25:33.9931988Z"
"session_00003010","user_0094","org_012","office paper dlya zakupok","office paper dlya zakupok","2025-12-10T15:58:33.9931988Z"
"session_00003011","user_0094","org_012","arenda transporta moskva","arenda transporta moskva","2025-12-14T22:20:33.9931988Z"
"session_00003012","user_0094","org_012","arenda transporta dlya zakupok","arenda transporta dlya zakupok","2025-10-01T13:15:33.9931988Z"
"session_00003013","user_0094","org_012","print consumables","print consumables","2026-01-01T21:57:33.9931988Z"
"session_00003014","user_0094","org_012","paper portal postavshikov","paper portal postavshikov","2025-10-14T04:56:33.9931988Z"
"session_00003015","user_0094","org_012","kanctovri municipal","kanctovri municipal","2025-10-10T19:35:33.9931988Z"
"session_00003016","user_0094","org_012","logistika dlya zakupok","logistika dlya zakupok","2026-02-23T22:57:33.9931988Z"
"session_00003017","user_0094","org_012","printer moskva","printer moskva","2026-02-07T06:28:33.9931988Z"
"session_00003018","user_0094","org_012","marshrutny transport dlya zakupok","marshrutny transport dlya zakupok","2025-12-23T04:43:33.9931988Z"
"session_00003019","user_0094","org_012","mikroavtobus municipal","mikroavtobus municipal","2026-01-18T11:26:33.9931988Z"
"session_00003020","user_0094","org_012","kartridzh municipal","kartridzh municipal","2025-09-29T08:35:33.9931988Z"
"session_00003021","user_0095","org_012","arenda transporta portal postavshikov","arenda transporta portal postavshikov","2025-11-05T17:37:33.9931988Z"
"session_00003022","user_0095","org_012","tehpodderzhka","tehpodderzhka","2025-10-11T02:43:33.9931988Z"
"session_00003023","user_0095","org_012","logistika portal postavshikov","logistika portal postavshikov","2025-12-22T22:48:33.9931988Z"
"session_00003024","user_0095","org_012","mikroavtobus portal postavshikov","mikroavtobus portal postavshikov","2026-02-02T05:40:33.9931988Z"
"session_00003025","user_0095","org_012","obsluzhivanie dlya zakupok","obsluzhivanie dlya zakupok","2025-11-17T23:45:33.9931988Z"
"session_00003026","user_0095","org_012","soprovozhdenie moskva","soprovozhdenie moskva","2026-02-21T00:43:33.9931988Z"
"session_00003027","user_0095","org_012","klining dlya zakupok","klining dlya zakupok","2026-01-20T15:44:33.9931988Z"
"session_00003028","user_0095","org_012","cleaning service municipal","cleaning service municipal","2026-02-21T13:30:33.9931988Z"
"session_00003029","user_0095","org_012","autsorsing","autsorsing","2026-02-18T05:42:33.9931988Z"
"session_00003030","user_0095","org_012","tehpodderzhka municipal","tehpodderzhka municipal","2026-03-27T14:52:33.9931988Z"
"session_00003031","user_0095","org_012","passazhirskie perevozki moskva","passazhirskie perevozki moskva","2026-01-06T07:51:33.9931988Z"
"session_00003032","user_0095","org_012","obsluzhivanie portal postavshikov","obsluzhivanie portal postavshikov","2025-12-01T03:27:33.9931988Z"
"session_00003033","user_0095","org_012","obsluzhvaniye","obsluzhvaniye","2025-10-01T03:50:33.9931988Z"
"session_00003034","user_0095","org_012","arenda transporta municipal","arenda transporta municipal","2026-02-20T09:34:33.9931988Z"
"session_00003035","user_0095","org_012","avtobus","avtobus","2026-02-20T02:34:33.9931988Z"
"session_00003036","user_0095","org_012","soprovozhdenie municipal","soprovozhdenie municipal","2026-03-12T13:01:33.9931988Z"
"session_00003037","user_0095","org_012","passazhirskie perevozki dlya zakupok","passazhirskie perevozki dlya zakupok","2025-10-24T09:31:33.9931988Z"
"session_00003038","user_0095","org_012","aftobus","aftobus","2026-02-07T11:08:33.9931988Z"
"session_00003039","user_0095","org_012","cleaning service portal postavshikov","cleaning service portal postavshikov","2025-10-17T18:30:33.9931988Z"
"session_00003040","user_0095","org_012","passazhirskie perevozki dlya zakupok","passazhirskie perevozki dlya zakupok","2026-02-02T13:58:33.9931988Z"
"session_00003041","user_0095","org_012","mikroaftobus portal postavshikov","mikroaftobus portal postavshikov","2026-03-08T21:06:33.9931988Z"
"session_00003042","user_0095","org_012","autsorsing moskva","autsorsing moskva","2026-02-15T13:10:33.9931988Z"
"session_00003043","user_0095","org_012","arenda transporta dlya zakupok","arenda transporta dlya zakupok","2026-03-15T12:02:33.9931988Z"
"session_00003044","user_0095","org_012","perevozki portal postavshikov","perevozki portal postavshikov","2025-12-01T23:21:33.9931988Z"
"session_00003045","user_0095","org_012","autsorsing dlya zakupok","autsorsing dlya zakupok","2025-12-21T13:41:33.9931988Z"
"session_00003046","user_0095","org_012","perevozki dlya zakupok","perevozki dlya zakupok","2025-11-30T01:45:33.9931988Z"
"session_00003047","user_0095","org_012","arenda transporta moskva","arenda transporta moskva","2025-11-04T19:29:33.9931988Z"
"session_00003048","user_0095","org_012","mikroavtobus dlya zakupok","mikroavtobus dlya zakupok","2025-11-28T03:10:33.9931988Z"
"session_00003049","user_0095","org_012","marshrutny transport","marshrutny transport","2025-11-30T00:14:33.9931988Z"
"session_00003050","user_0095","org_012","mikroaftobus portal postavshikov","mikroaftobus portal postavshikov","2025-10-11T14:56:33.9931988Z"
"session_00003051","user_0095","org_012","mikroaftobus dlya zakupok","mikroaftobus dlya zakupok","2025-10-02T03:49:33.9931988Z"
"session_00003052","user_0095","org_012","passazhirskie perevozki moskva","passazhirskie perevozki moskva","2025-12-25T21:49:33.9931988Z"
"session_00003053","user_0095","org_012","tehpodderzhka","tehpodderzhka","2025-10-07T00:59:33.9931988Z"
"session_00003054","user_0095","org_012","autsorsing portal postavshikov","autsorsing portal postavshikov","2026-02-15T22:53:33.9931988Z"
"session_00003055","user_0095","org_012","klining municipal","klining municipal","2026-02-28T15:37:33.9931988Z"
"session_00003056","user_0095","org_012","passazhirskie perevozki dlya zakupok","passazhirskie perevozki dlya zakupok","2026-01-03T08:59:33.9931988Z"
"session_00003057","user_0096","org_012","setevoe oborudovanie moskva","setevoe oborudovanie moskva","2025-11-03T22:46:33.9931988Z"
"session_00003058","user_0096","org_012","rabochaya stanciya portal postavshikov","rabochaya stanciya portal postavshikov","2025-10-12T09:03:33.9931988Z"
"session_00003059","user_0096","org_012","serer portal postavshikov","serer portal postavshikov","2025-11-03T15:46:33.9931988Z"
"session_00003060","user_0096","org_012","logistika portal postavshikov","logistika portal postavshikov","2026-03-22T13:19:33.9931988Z"
"session_00003061","user_0096","org_012","passazhirskie perevozki portal postavshikov","passazhirskie perevozki portal postavshikov","2025-10-07T12:16:33.9931988Z"
"session_00003062","user_0096","org_012","kommutator portal postavshikov","kommutator portal postavshikov","2026-03-16T08:01:33.9931988Z"
"session_00003063","user_0096","org_012","logistika dlya zakupok","logistika dlya zakupok","2026-03-04T14:54:33.9931988Z"
"session_00003064","user_0096","org_012","komutator municipal","komutator municipal","2025-10-25T19:39:33.9931988Z"
"session_00003065","user_0096","org_012","rabochaya stanciya portal postavshikov","rabochaya stanciya portal postavshikov","2025-12-12T07:42:33.9931988Z"
"session_00003066","user_0096","org_012","avtobus moskva","avtobus moskva","2026-01-15T06:17:33.9931988Z"
"session_00003067","user_0096","org_012","aftobus municipal","aftobus municipal","2025-10-13T00:01:33.9931988Z"
"session_00003068","user_0096","org_012","arenda transporta portal postavshikov","arenda transporta portal postavshikov","2026-03-12T13:17:33.9931988Z"
"session_00003069","user_0096","org_012","aftobus municipal","aftobus municipal","2025-12-08T18:07:33.9931988Z"
"session_00003070","user_0096","org_012","mikroavtobus dlya zakupok","mikroavtobus dlya zakupok","2025-12-16T14:47:33.9931988Z"
"session_00003071","user_0096","org_012","setevoy kommutator dlya zakupok","setevoy kommutator dlya zakupok","2026-03-25T11:42:33.9931988Z"
"session_00003072","user_0096","org_012","passazhirskie perevozki","passazhirskie perevozki","2026-01-13T09:34:33.9931988Z"
"session_00003073","user_0096","org_012","noutbuk municipal","noutbuk municipal","2025-12-01T16:15:33.9931988Z"
"session_00003074","user_0096","org_012","mikroaftobus moskva","mikroaftobus moskva","2025-10-27T09:09:33.9931988Z"
"session_00003075","user_0096","org_012","passazhirskie perevozki moskva","passazhirskie perevozki moskva","2026-02-05T23:16:33.9931988Z"
"session_00003076","user_0096","org_012","setevoy kommutator dlya zakupok","setevoy kommutator dlya zakupok","2025-10-01T01:59:33.9931988Z"
"session_00003077","user_0096","org_012","mikroavtobus","mikroavtobus","2025-12-09T19:08:33.9931988Z"
"session_00003078","user_0096","org_012","avtobus dlya zakupok","avtobus dlya zakupok","2025-10-19T21:09:33.9931988Z"
"session_00003079","user_0096","org_012","server portal postavshikov","server portal postavshikov","2026-03-02T19:37:33.9931988Z"
"session_00003080","user_0096","org_012","server dlya zakupok","server dlya zakupok","2025-10-27T02:06:33.9931988Z"
"session_00003081","user_0096","org_012","noutbuk dlya zakupok","noutbuk dlya zakupok","2025-11-13T17:55:33.9931988Z"
"session_00003082","user_0096","org_012","noutbuk","noutbuk","2025-10-08T02:12:33.9931988Z"
"session_00003083","user_0096","org_012","aftobus portal postavshikov","aftobus portal postavshikov","2025-12-25T13:07:33.9931988Z"
