"id","session_id","user_id","organization_id","event_type","ste_id","payload_json","created_at"
"event_000000001","session_00000001","user_0001","org_001","search_submitted","","{""query_source"":""base""}","2025-11-04T18:36:33.9931988Z"
"event_000000002","session_00000001","user_0001","org_001","result_clicked","ste_000654","{""position"":5}","2025-11-04T18:36:41.9931988Z"
"event_000000003","session_00000001","user_0001","org_001","favorite_added","ste_000504","{""position"":7,""source"":""search""}","2025-11-04T18:36:44.9931988Z"
"event_000000004","session_00000001","user_0001","org_001","purchase_completed","ste_000654","{""source"":""search"",""position"":5}","2025-11-04T18:36:51.9931988Z"
"event_000000005","session_00000002","user_0001","org_001","search_submitted","","{""query_source"":""base""}","2026-03-04T14:16:33.9931988Z"
"event_000000006","session_00000003","user_0001","org_001","search_submitted","","{""query_source"":""base""}","2026-03-20T04:21:33.9931988Z"
"event_000000007","session_00000003","user_0001","org_001","result_clicked","ste_000541","{""position"":3}","2026-03-20T04:21:41.9931988Z"
"event_000000008","session_00000004","user_0001","org_001","search_submitted","","{""query_source"":""synonym""}","2025-10-13T10:12:33.9931988Z"
"event_000000009","session_00000004","user_0001","org_001","result_clicked","ste_000850","{""position"":1}","2025-10-13T10:12:41.9931988Z"
"event_000000010","session_00000005","user_0001","org_001","search_submitted","","{""query_source"":""base""}","2025-10-28T15:13:33.9931988Z"
"event_000000011","session_00000005","user_0001","org_001","result_clicked","ste_000966","{""position"":5}","2025-10-28T15:13:41.9931988Z"
"event_000000012","session_00000005","user_0001","org_001","favorite_added","ste_001079","{""position"":6,""source"":""search""}","2025-10-28T15:13:44.9931988Z"
"event_000000013","session_00000006","user_0001","org_001","search_submitted","","{""query_source"":""base""}","2026-02-06T07:02:33.9931988Z"
"event_000000014","session_00000006","user_0001","org_001","result_clicked","ste_000523","{""position"":4}","2026-02-06T07:02:41.9931988Z"
"event_000000015","session_00000006","user_0001","org_001","purchase_completed","ste_000523","{""source"":""search"",""position"":4}","2026-02-06T07:02:51.9931988Z"
"event_000000016","session_00000007","user_0001","org_001","search_submitted","","{""query_source"":""base""}","2025-12-24T02:08:33.9931988Z"
"event_000000017","session_00000008","user_0001","org_001","search_submitted","","{""query_source"":""base""}","2026-01-16T02:15:33.9931988Z"
"event_000000018","session_00000008","user_0001","org_001","result_clicked","ste_000280","{""position"":3}","2026-01-16T02:15:41.9931988Z"
"event_000000019","session_00000009","user_0001","org_001","search_submitted","","{""query_source"":""base""}","2025-12-15T12:07:33.9931988Z"
"event_000000020","session_00000009","user_0001","org_001","result_clicked","ste_000751","{""position"":1}","2025-12-15T12:07:41.9931988Z"
"event_000000021","session_00000010","user_0001","org_001","search_submitted","","{""query_source"":""base""}","2026-01-07T07:04:33.9931988Z"
"event_000000022","session_00000011","user_0001","org_001","search_submitted","","{""query_source"":""base""}","2025-10-03T22:53:33.9931988Z"
"event_000000023","session_00000011","user_0001","org_001","result_clicked","ste_000067","{""position"":5}","2025-10-03T22:53:41.9931988Z"
"event_000000024","session_00000012","user_0001","org_001","search_submitted","","{""query_source"":""base""}","2025-11-16T01:13:33.9931988Z"
"event_000000025","session_00000012","user_0001","org_001","result_clicked","ste_000103","{""position"":4}","2025-11-16T01:13:41.9931988Z"
"event_000000026","session_00000013","user_0001","org_001","search_submitted","","{""query_source"":""base""}","2026-02-22T19:25:33.9931988Z"
"event_000000027","session_00000014","user_0001","org_001","search_submitted","","{""query_source"":""base""}","2026-01-10T08:26:33.9931988Z"
"event_000000028","session_00000014","user_0001","org_001","result_clicked","ste_001066","{""position"":3}","2026-01-10T08:26:41.9931988Z"
"event_000000029","session_00000014","user_0001","org_001","purchase_completed","ste_001066","{""source"":""search"",""position"":3}","2026-01-10T08:26:51.9931988Z"
"event_000000030","session_00000015","user_0001","org_001","search_submitted","","{""query_source"":""typo""}","2026-03-09T00:58:33.9931988Z"
"event_000000031","session_00000016","user_0001","org_001","search_submitted","","{""query_source"":""base""}","2026-01-03T18:54:33.9931988Z"
"event_000000032","session_00000017","user_0001","org_001","search_submitted","","{""query_source"":""typo""}","2025-12-28T19:46:33.9931988Z"
"event_000000033","session_00000018","user_0001","org_001","search_submitted","","{""query_source"":""base""}","2026-01-24T01:24:33.9931988Z"
"event_000000034","session_00000018","user_0001","org_001","result_clicked","ste_000791","{""position"":4}","2026-01-24T01:24:41.9931988Z"
"event_000000035","session_00000019","user_0001","org_001","search_submitted","","{""query_source"":""synonym""}","2026-02-15T11:15:33.9931988Z"
"event_000000036","session_00000019","user_0001","org_001","result_clicked","ste_000774","{""position"":3}","2026-02-15T11:15:41.9931988Z"
"event_000000037","session_00000020","user_0001","org_001","search_submitted","","{""query_source"":""base""}","2025-10-10T20:23:33.9931988Z"
"event_000000038","session_00000020","user_0001","org_001","result_clicked","ste_000229","{""position"":3}","2025-10-10T20:23:41.9931988Z"
"event_000000039","session_00000020","user_0001","org_001","favorite_added","ste_001111","{""position"":4,""source"":""search""}","2025-10-10T20:23:44.9931988Z"
"event_000000040","session_00000021","user_0001","org_001","search_submitted","","{""query_source"":""base""}","2026-03-15T11:08:33.9931988Z"
"event_000000041","session_00000021","user_0001","org_001","result_clicked","ste_000148","{""position"":4}","2026-03-15T11:08:41.9931988Z"
"event_000000042","session_00000021","user_0001","org_001","favorite_added","ste_000749","{""position"":3,""source"":""search""}","2026-03-15T11:08:44.9931988Z"
"event_000000043","session_00000021","user_0001","org_001","purchase_completed","ste_000148","{""source"":""search"",""position"":4}","2026-03-15T11:08:51.9931988Z"
"event_000000044","session_00000022","user_0001","org_001","search_submitted","","{""query_source"":""base""}","2025-10-02T22:29:33.9931988Z"
"event_000000045","session_00000023","user_0001","org_001","search_submitted","","{""query_source"":""base""}","2025-12-31T18:24:33.9931988Z"
"event_000000046","session_00000024","user_0001","org_001","search_submitted","","{""query_source"":""base""}","2026-03-16T12:40:33.9931988Z"
"event_000000047","session_00000025","user_0001","org_001","search_submitted","","{""query_source"":""base""}","2026-02-20T05:06:33.9931988Z"
"event_000000048","session_00000025","user_0001","org_001","result_clicked","ste_000142","{""position"":4}","2026-02-20T05:06:41.9931988Z"
"event_000000049","session_00000025","user_0001","org_001","favorite_added","ste_000466","{""position"":1,""source"":""search""}","2026-02-20T05:06:44.9931988Z"
"event_000000050","session_00000026","user_0001","org_001","search_submitted","","{""query_source"":""base""}","2026-02-15T01:55:33.9931988Z"
"event_000000051","session_00000026","user_0001","org_001","result_clicked","ste_001160","{""position"":4}","2026-02-15T01:55:41.9931988Z"
"event_000000052","session_00000027","user_0001","org_001","search_submitted","","{""query_source"":""base""}","2025-10-29T19:06:33.9931988Z"
"event_000000053","session_00000028","user_0001","org_001","search_submitted","","{""query_source"":""base""}","2025-10-24T12:45:33.9931988Z"
"event_000000054","session_00000028","user_0001","org_001","result_clicked","ste_000682","{""position"":3}","2025-10-24T12:45:41.9931988Z"
"event_000000055","session_00000029","user_0001","org_001","search_submitted","","{""query_source"":""base""}","2025-10-13T21:20:33.9931988Z"
"event_000000056","session_00000029","user_0001","org_001","result_clicked","ste_001177","{""position"":3}","2025-10-13T21:20:41.9931988Z"
"event_000000057","session_00000029","user_0001","org_001","favorite_added","ste_001067","{""position"":1,""source"":""search""}","2025-10-13T21:20:44.9931988Z"
"event_000000058","session_00000030","user_0002","org_001","search_submitted","","{""query_source"":""base""}","2026-02-18T15:22:33.9931988Z"
"event_000000059","session_00000030","user_0002","org_001","result_clicked","ste_001141","{""position"":2}","2026-02-18T15:22:41.9931988Z"
"event_000000060","session_00000031","user_0002","org_001","search_submitted","","{""query_source"":""typo""}","2026-01-14T14:52:33.9931988Z"
"event_000000061","session_00000031","user_0002","org_001","result_clicked","ste_000205","{""position"":2}","2026-01-14T14:52:41.9931988Z"
"event_000000062","session_00000032","user_0002","org_001","search_submitted","","{""query_source"":""synonym""}","2025-12-14T19:33:33.9931988Z"
"event_000000063","session_00000033","user_0002","org_001","search_submitted","","{""query_source"":""base""}","2026-01-19T21:30:33.9931988Z"
"event_000000064","session_00000033","user_0002","org_001","result_clicked","ste_000538","{""position"":3}","2026-01-19T21:30:41.9931988Z"
"event_000000065","session_00000034","user_0002","org_001","search_submitted","","{""query_source"":""base""}","2025-12-21T10:55:33.9931988Z"
"event_000000066","session_00000035","user_0002","org_001","search_submitted","","{""query_source"":""base""}","2025-11-17T18:59:33.9931988Z"
"event_000000067","session_00000035","user_0002","org_001","result_clicked","ste_000492","{""position"":4}","2025-11-17T18:59:41.9931988Z"
"event_000000068","session_00000036","user_0002","org_001","search_submitted","","{""query_source"":""typo""}","2026-03-04T23:13:33.9931988Z"
"event_000000069","session_00000036","user_0002","org_001","result_clicked","ste_000478","{""position"":3}","2026-03-04T23:13:41.9931988Z"
"event_000000070","session_00000037","user_0002","org_001","search_submitted","","{""query_source"":""typo""}","2026-02-07T05:06:33.9931988Z"
"event_000000071","session_00000037","user_0002","org_001","result_clicked","ste_000603","{""position"":2}","2026-02-07T05:06:41.9931988Z"
"event_000000072","session_00000038","user_0002","org_001","search_submitted","","{""query_source"":""base""}","2025-12-23T13:14:33.9931988Z"
"event_000000073","session_00000038","user_0002","org_001","result_clicked","ste_000566","{""position"":4}","2025-12-23T13:14:41.9931988Z"
"event_000000074","session_00000038","user_0002","org_001","favorite_added","ste_000964","{""position"":5,""source"":""search""}","2025-12-23T13:14:44.9931988Z"
"event_000000075","session_00000039","user_0002","org_001","search_submitted","","{""query_source"":""base""}","2026-01-16T01:11:33.9931988Z"
"event_000000076","session_00000039","user_0002","org_001","result_clicked","ste_000931","{""position"":4}","2026-01-16T01:11:41.9931988Z"
"event_000000077","session_00000040","user_0002","org_001","search_submitted","","{""query_source"":""synonym""}","2025-11-21T11:01:33.9931988Z"
"event_000000078","session_00000040","user_0002","org_001","result_clicked","ste_001092","{""position"":2}","2025-11-21T11:01:41.9931988Z"
"event_000000079","session_00000040","user_0002","org_001","purchase_completed","ste_001092","{""source"":""search"",""position"":2}","2025-11-21T11:01:51.9931988Z"
"event_000000080","session_00000041","user_0002","org_001","search_submitted","","{""query_source"":""base""}","2025-11-23T14:36:33.9931988Z"
"event_000000081","session_00000042","user_0002","org_001","search_submitted","","{""query_source"":""base""}","2025-11-02T03:41:33.9931988Z"
"event_000000082","session_00000043","user_0002","org_001","search_submitted","","{""query_source"":""base""}","2025-10-02T10:10:33.9931988Z"
"event_000000083","session_00000044","user_0002","org_001","search_submitted","","{""query_source"":""base""}","2025-10-11T02:36:33.9931988Z"
"event_000000084","session_00000044","user_0002","org_001","result_clicked","ste_000221","{""position"":4}","2025-10-11T02:36:41.9931988Z"
"event_000000085","session_00000044","user_0002","org_001","favorite_added","ste_000221","{""position"":4,""source"":""search""}","2025-10-11T02:36:44.9931988Z"
"event_000000086","session_00000044","user_0002","org_001","purchase_completed","ste_000221","{""source"":""search"",""position"":4}","2025-10-11T02:36:51.9931988Z"
"event_000000087","session_00000045","user_0002","org_001","search_submitted","","{""query_source"":""typo""}","2025-11-13T00:16:33.9931988Z"
"event_000000088","session_00000045","user_0002","org_001","result_clicked","ste_000141","{""position"":2}","2025-11-13T00:16:41.9931988Z"
"event_000000089","session_00000046","user_0002","org_001","search_submitted","","{""query_source"":""base""}","2025-11-10T19:04:33.9931988Z"
"event_000000090","session_00000046","user_0002","org_001","result_clicked","ste_000655","{""position"":4}","2025-11-10T19:04:41.9931988Z"
"event_000000091","session_00000046","user_0002","org_001","favorite_added","ste_000655","{""position"":4,""source"":""search""}","2025-11-10T19:04:44.9931988Z"
"event_000000092","session_00000046","user_0002","org_001","purchase_completed","ste_000655","{""source"":""search"",""position"":4}","2025-11-10T19:04:51.9931988Z"
"event_000000093","session_00000047","user_0002","org_001","search_submitted","","{""query_source"":""base""}","2025-11-11T05:29:33.9931988Z"
"event_000000094","session_00000047","user_0002","org_001","result_clicked","ste_000728","{""position"":5}","2025-11-11T05:29:41.9931988Z"
"event_000000095","session_00000048","user_0002","org_001","search_submitted","","{""query_source"":""typo""}","2026-01-24T08:49:33.9931988Z"
"event_000000096","session_00000048","user_0002","org_001","result_clicked","ste_000017","{""position"":4}","2026-01-24T08:49:41.9931988Z"
"event_000000097","session_00000048","user_0002","org_001","favorite_added","ste_000268","{""position"":5,""source"":""search""}","2026-01-24T08:49:44.9931988Z"
"event_000000098","session_00000049","user_0002","org_001","search_submitted","","{""query_source"":""base""}","2025-12-08T09:33:33.9931988Z"
"event_000000099","session_00000050","user_0002","org_001","search_submitted","","{""query_source"":""base""}","2026-03-21T18:46:33.9931988Z"
"event_000000100","session_00000051","user_0002","org_001","search_submitted","","{""query_source"":""base""}","2025-11-10T20:19:33.9931988Z"
"event_000000101","session_00000051","user_0002","org_001","result_clicked","ste_000974","{""position"":1}","2025-11-10T20:19:41.9931988Z"
"event_000000102","session_00000052","user_0002","org_001","search_submitted","","{""query_source"":""base""}","2026-02-17T03:04:33.9931988Z"
"event_000000103","session_00000052","user_0002","org_001","result_clicked","ste_000933","{""position"":4}","2026-02-17T03:04:41.9931988Z"
"event_000000104","session_00000053","user_0002","org_001","search_submitted","","{""query_source"":""base""}","2026-01-25T14:02:33.9931988Z"
"event_000000105","session_00000053","user_0002","org_001","result_clicked","ste_000437","{""position"":2}","2026-01-25T14:02:41.9931988Z"
"event_000000106","session_00000053","user_0002","org_001","purchase_completed","ste_000437","{""source"":""search"",""position"":2}","2026-01-25T14:02:51.9931988Z"
"event_000000107","session_00000054","user_0002","org_001","search_submitted","","{""query_source"":""base""}","2025-10-29T13:47:33.9931988Z"
"event_000000108","session_00000055","user_0002","org_001","search_submitted","","{""query_source"":""base""}","2026-01-23T12:24:33.9931988Z"
"event_000000109","session_00000055","user_0002","org_001","result_clicked","ste_001124","{""position"":2}","2026-01-23T12:24:41.9931988Z"
"event_000000110","session_00000055","user_0002","org_001","favorite_added","ste_000831","{""position"":1,""source"":""search""}","2026-01-23T12:24:44.9931988Z"
"event_000000111","session_00000056","user_0002","org_001","search_submitted","","{""query_source"":""base""}","2025-10-18T17:42:33.9931988Z"
"event_000000112","session_00000056","user_0002","org_001","result_clicked","ste_000101","{""position"":1}","2025-10-18T17:42:41.9931988Z"
"event_000000113","session_00000057","user_0002","org_001","search_submitted","","{""query_source"":""base""}","2025-11-27T00:53:33.9931988Z"
"event_000000114","session_00000058","user_0002","org_001","search_submitted","","{""query_source"":""synonym""}","2026-02-19T12:32:33.9931988Z"
"event_000000115","session_00000058","user_0002","org_001","result_clicked","ste_000411","{""position"":5}","2026-02-19T12:32:41.9931988Z"
"event_000000116","session_00000059","user_0002","org_001","search_submitted","","{""query_source"":""typo""}","2025-11-18T15:15:33.9931988Z"
"event_000000117","session_00000059","user_0002","org_001","result_clicked","ste_000401","{""position"":1}","2025-11-18T15:15:41.9931988Z"
"event_000000118","session_00000060","user_0002","org_001","search_submitted","","{""query_source"":""base""}","2026-01-23T06:23:33.9931988Z"
"event_000000119","session_00000060","user_0002","org_001","result_clicked","ste_000947","{""position"":1}","2026-01-23T06:23:41.9931988Z"
"event_000000120","session_00000060","user_0002","org_001","favorite_added","ste_000742","{""position"":4,""source"":""search""}","2026-01-23T06:23:44.9931988Z"
"event_000000121","session_00000060","user_0002","org_001","purchase_completed","ste_000947","{""source"":""search"",""position"":1}","2026-01-23T06:23:51.9931988Z"
"event_000000122","session_00000061","user_0002","org_001","search_submitted","","{""query_source"":""synonym""}","2025-11-30T05:59:33.9931988Z"
"event_000000123","session_00000061","user_0002","org_001","result_clicked","ste_000124","{""position"":2}","2025-11-30T05:59:41.9931988Z"
"event_000000124","session_00000062","user_0002","org_001","search_submitted","","{""query_source"":""base""}","2026-01-26T04:30:33.9931988Z"
"event_000000125","session_00000062","user_0002","org_001","result_clicked","ste_000781","{""position"":5}","2026-01-26T04:30:41.9931988Z"
"event_000000126","session_00000063","user_0002","org_001","search_submitted","","{""query_source"":""base""}","2026-02-15T08:58:33.9931988Z"
"event_000000127","session_00000064","user_0003","org_001","search_submitted","","{""query_source"":""base""}","2026-02-14T04:00:33.9931988Z"
"event_000000128","session_00000064","user_0003","org_001","result_clicked","ste_000454","{""position"":2}","2026-02-14T04:00:41.9931988Z"
"event_000000129","session_00000064","user_0003","org_001","favorite_added","ste_000040","{""position"":1,""source"":""search""}","2026-02-14T04:00:44.9931988Z"
"event_000000130","session_00000064","user_0003","org_001","purchase_completed","ste_000454","{""source"":""search"",""position"":2}","2026-02-14T04:00:51.9931988Z"
"event_000000131","session_00000065","user_0003","org_001","search_submitted","","{""query_source"":""base""}","2026-02-26T06:52:33.9931988Z"
"event_000000132","session_00000065","user_0003","org_001","result_clicked","ste_000205","{""position"":4}","2026-02-26T06:52:41.9931988Z"
"event_000000133","session_00000065","user_0003","org_001","favorite_added","ste_000426","{""position"":7,""source"":""search""}","2026-02-26T06:52:44.9931988Z"
"event_000000134","session_00000066","user_0003","org_001","search_submitted","","{""query_source"":""typo""}","2026-01-28T23:08:33.9931988Z"
"event_000000135","session_00000066","user_0003","org_001","result_clicked","ste_001193","{""position"":4}","2026-01-28T23:08:41.9931988Z"
"event_000000136","session_00000067","user_0003","org_001","search_submitted","","{""query_source"":""base""}","2026-02-12T01:34:33.9931988Z"
"event_000000137","session_00000067","user_0003","org_001","result_clicked","ste_001074","{""position"":1}","2026-02-12T01:34:41.9931988Z"
"event_000000138","session_00000067","user_0003","org_001","purchase_completed","ste_001074","{""source"":""search"",""position"":1}","2026-02-12T01:34:51.9931988Z"
"event_000000139","session_00000068","user_0003","org_001","search_submitted","","{""query_source"":""base""}","2025-11-14T05:02:33.9931988Z"
"event_000000140","session_00000068","user_0003","org_001","result_clicked","ste_001049","{""position"":5}","2025-11-14T05:02:41.9931988Z"
"event_000000141","session_00000069","user_0003","org_001","search_submitted","","{""query_source"":""base""}","2026-03-20T14:37:33.9931988Z"
"event_000000142","session_00000069","user_0003","org_001","result_clicked","ste_001139","{""position"":5}","2026-03-20T14:37:41.9931988Z"
"event_000000143","session_00000070","user_0003","org_001","search_submitted","","{""query_source"":""synonym""}","2026-02-12T09:15:33.9931988Z"
"event_000000144","session_00000070","user_0003","org_001","result_clicked","ste_000089","{""position"":4}","2026-02-12T09:15:41.9931988Z"
"event_000000145","session_00000071","user_0003","org_001","search_submitted","","{""query_source"":""base""}","2025-11-08T19:40:33.9931988Z"
"event_000000146","session_00000072","user_0003","org_001","search_submitted","","{""query_source"":""base""}","2026-03-07T12:01:33.9931988Z"
"event_000000147","session_00000072","user_0003","org_001","result_clicked","ste_001072","{""position"":5}","2026-03-07T12:01:41.9931988Z"
"event_000000148","session_00000072","user_0003","org_001","favorite_added","ste_000617","{""position"":4,""source"":""search""}","2026-03-07T12:01:44.9931988Z"
"event_000000149","session_00000072","user_0003","org_001","purchase_completed","ste_001072","{""source"":""search"",""position"":5}","2026-03-07T12:01:51.9931988Z"
"event_000000150","session_00000073","user_0003","org_001","search_submitted","","{""query_source"":""base""}","2025-11-03T09:47:33.9931988Z"
"event_000000151","session_00000074","user_0003","org_001","search_submitted","","{""query_source"":""base""}","2026-02-28T14:19:33.9931988Z"
"event_000000152","session_00000074","user_0003","org_001","result_clicked","ste_000375","{""position"":4}","2026-02-28T14:19:41.9931988Z"
"event_000000153","session_00000074","user_0003","org_001","favorite_added","ste_000375","{""position"":4,""source"":""search""}","2026-02-28T14:19:44.9931988Z"
"event_000000154","session_00000074","user_0003","org_001","purchase_completed","ste_000375","{""source"":""search"",""position"":4}","2026-02-28T14:19:51.9931988Z"
"event_000000155","session_00000075","user_0003","org_001","search_submitted","","{""query_source"":""typo""}","2026-03-04T01:26:33.9931988Z"
"event_000000156","session_00000076","user_0003","org_001","search_submitted","","{""query_source"":""synonym""}","2026-01-17T07:19:33.9931988Z"
"event_000000157","session_00000076","user_0003","org_001","result_clicked","ste_000305","{""position"":4}","2026-01-17T07:19:41.9931988Z"
"event_000000158","session_00000077","user_0003","org_001","search_submitted","","{""query_source"":""base""}","2026-02-09T08:15:33.9931988Z"
"event_000000159","session_00000077","user_0003","org_001","result_clicked","ste_000578","{""position"":5}","2026-02-09T08:15:41.9931988Z"
"event_000000160","session_00000077","user_0003","org_001","purchase_completed","ste_000578","{""source"":""search"",""position"":5}","2026-02-09T08:15:51.9931988Z"
"event_000000161","session_00000078","user_0003","org_001","search_submitted","","{""query_source"":""typo""}","2025-10-13T06:53:33.9931988Z"
"event_000000162","session_00000078","user_0003","org_001","result_clicked","ste_000289","{""position"":4}","2025-10-13T06:53:41.9931988Z"
"event_000000163","session_00000078","user_0003","org_001","favorite_added","ste_000954","{""position"":3,""source"":""search""}","2025-10-13T06:53:44.9931988Z"
"event_000000164","session_00000079","user_0003","org_001","search_submitted","","{""query_source"":""base""}","2025-12-27T16:43:33.9931988Z"
"event_000000165","session_00000080","user_0003","org_001","search_submitted","","{""query_source"":""base""}","2025-12-10T06:29:33.9931988Z"
"event_000000166","session_00000080","user_0003","org_001","result_clicked","ste_000338","{""position"":2}","2025-12-10T06:29:41.9931988Z"
"event_000000167","session_00000080","user_0003","org_001","purchase_completed","ste_000338","{""source"":""search"",""position"":2}","2025-12-10T06:29:51.9931988Z"
"event_000000168","session_00000081","user_0003","org_001","search_submitted","","{""query_source"":""base""}","2025-10-30T17:22:33.9931988Z"
"event_000000169","session_00000081","user_0003","org_001","result_clicked","ste_000064","{""position"":4}","2025-10-30T17:22:41.9931988Z"
"event_000000170","session_00000082","user_0003","org_001","search_submitted","","{""query_source"":""base""}","2026-02-25T07:16:33.9931988Z"
"event_000000171","session_00000083","user_0003","org_001","search_submitted","","{""query_source"":""base""}","2026-03-27T08:39:33.9931988Z"
"event_000000172","session_00000083","user_0003","org_001","result_clicked","ste_000974","{""position"":1}","2026-03-27T08:39:41.9931988Z"
"event_000000173","session_00000083","user_0003","org_001","favorite_added","ste_000886","{""position"":4,""source"":""search""}","2026-03-27T08:39:44.9931988Z"
"event_000000174","session_00000084","user_0003","org_001","search_submitted","","{""query_source"":""typo""}","2025-11-16T00:45:33.9931988Z"
"event_000000175","session_00000084","user_0003","org_001","result_clicked","ste_000562","{""position"":5}","2025-11-16T00:45:41.9931988Z"
"event_000000176","session_00000085","user_0003","org_001","search_submitted","","{""query_source"":""base""}","2025-10-25T06:26:33.9931988Z"
"event_000000177","session_00000086","user_0003","org_001","search_submitted","","{""query_source"":""synonym""}","2026-01-01T16:50:33.9931988Z"
"event_000000178","session_00000087","user_0003","org_001","search_submitted","","{""query_source"":""base""}","2026-02-03T10:25:33.9931988Z"
"event_000000179","session_00000088","user_0003","org_001","search_submitted","","{""query_source"":""base""}","2025-12-31T09:12:33.9931988Z"
"event_000000180","session_00000089","user_0003","org_001","search_submitted","","{""query_source"":""typo""}","2025-12-31T03:40:33.9931988Z"
"event_000000181","session_00000089","user_0003","org_001","result_clicked","ste_000096","{""position"":4}","2025-12-31T03:40:41.9931988Z"
"event_000000182","session_00000089","user_0003","org_001","favorite_added","ste_000129","{""position"":7,""source"":""search""}","2025-12-31T03:40:44.9931988Z"
"event_000000183","session_00000090","user_0003","org_001","search_submitted","","{""query_source"":""base""}","2026-02-08T12:40:33.9931988Z"
"event_000000184","session_00000090","user_0003","org_001","result_clicked","ste_000761","{""position"":1}","2026-02-08T12:40:41.9931988Z"
"event_000000185","session_00000090","user_0003","org_001","purchase_completed","ste_000761","{""source"":""search"",""position"":1}","2026-02-08T12:40:51.9931988Z"
"event_000000186","session_00000091","user_0003","org_001","search_submitted","","{""query_source"":""base""}","2026-02-24T06:44:33.9931988Z"
"event_000000187","session_00000091","user_0003","org_001","result_clicked","ste_000897","{""position"":5}","2026-02-24T06:44:41.9931988Z"
"event_000000188","session_00000092","user_0003","org_001","search_submitted","","{""query_source"":""base""}","2026-02-12T03:03:33.9931988Z"
"event_000000189","session_00000092","user_0003","org_001","result_clicked","ste_000394","{""position"":5}","2026-02-12T03:03:41.9931988Z"
"event_000000190","session_00000093","user_0003","org_001","search_submitted","","{""query_source"":""base""}","2025-12-03T06:59:33.9931988Z"
"event_000000191","session_00000093","user_0003","org_001","result_clicked","ste_000801","{""position"":4}","2025-12-03T06:59:41.9931988Z"
"event_000000192","session_00000093","user_0003","org_001","favorite_added","ste_000775","{""position"":1,""source"":""search""}","2025-12-03T06:59:44.9931988Z"
"event_000000193","session_00000094","user_0003","org_001","search_submitted","","{""query_source"":""synonym""}","2026-03-17T17:34:33.9931988Z"
"event_000000194","session_00000094","user_0003","org_001","result_clicked","ste_000540","{""position"":1}","2026-03-17T17:34:41.9931988Z"
"event_000000195","session_00000094","user_0003","org_001","purchase_completed","ste_000540","{""source"":""search"",""position"":1}","2026-03-17T17:34:51.9931988Z"
"event_000000196","session_00000095","user_0003","org_001","search_submitted","","{""query_source"":""base""}","2025-10-04T05:52:33.9931988Z"
"event_000000197","session_00000095","user_0003","org_001","result_clicked","ste_000196","{""position"":4}","2025-10-04T05:52:41.9931988Z"
"event_000000198","session_00000095","user_0003","org_001","purchase_completed","ste_000196","{""source"":""search"",""position"":4}","2025-10-04T05:52:51.9931988Z"
"event_000000199","session_00000096","user_0003","org_001","search_submitted","","{""query_source"":""synonym""}","2025-12-13T17:32:33.9931988Z"
"event_000000200","session_00000097","user_0003","org_001","search_submitted","","{""query_source"":""typo""}","2026-01-05T08:36:33.9931988Z"
"event_000000201","session_00000097","user_0003","org_001","result_clicked","ste_000137","{""position"":5}","2026-01-05T08:36:41.9931988Z"
"event_000000202","session_00000098","user_0003","org_001","search_submitted","","{""query_source"":""typo""}","2026-01-10T22:34:33.9931988Z"
"event_000000203","session_00000098","user_0003","org_001","result_clicked","ste_000939","{""position"":2}","2026-01-10T22:34:41.9931988Z"
"event_000000204","session_00000099","user_0004","org_001","search_submitted","","{""query_source"":""base""}","2025-10-04T12:25:33.9931988Z"
"event_000000205","session_00000100","user_0004","org_001","search_submitted","","{""query_source"":""base""}","2026-01-04T04:47:33.9931988Z"
"event_000000206","session_00000100","user_0004","org_001","result_clicked","ste_000207","{""position"":4}","2026-01-04T04:47:41.9931988Z"
"event_000000207","session_00000101","user_0004","org_001","search_submitted","","{""query_source"":""base""}","2026-02-02T16:58:33.9931988Z"
"event_000000208","session_00000101","user_0004","org_001","result_clicked","ste_000926","{""position"":5}","2026-02-02T16:58:41.9931988Z"
"event_000000209","session_00000101","user_0004","org_001","favorite_added","ste_000205","{""position"":2,""source"":""search""}","2026-02-02T16:58:44.9931988Z"
"event_000000210","session_00000101","user_0004","org_001","purchase_completed","ste_000926","{""source"":""search"",""position"":5}","2026-02-02T16:58:51.9931988Z"
"event_000000211","session_00000102","user_0004","org_001","search_submitted","","{""query_source"":""typo""}","2025-12-01T23:49:33.9931988Z"
"event_000000212","session_00000102","user_0004","org_001","result_clicked","ste_000658","{""position"":2}","2025-12-01T23:49:41.9931988Z"
"event_000000213","session_00000103","user_0004","org_001","search_submitted","","{""query_source"":""synonym""}","2025-12-22T21:17:33.9931988Z"
"event_000000214","session_00000103","user_0004","org_001","result_clicked","ste_000466","{""position"":5}","2025-12-22T21:17:41.9931988Z"
"event_000000215","session_00000103","user_0004","org_001","favorite_added","ste_000466","{""position"":5,""source"":""search""}","2025-12-22T21:17:44.9931988Z"
"event_000000216","session_00000104","user_0004","org_001","search_submitted","","{""query_source"":""base""}","2025-12-07T21:06:33.9931988Z"
"event_000000217","session_00000105","user_0004","org_001","search_submitted","","{""query_source"":""base""}","2025-10-03T19:13:33.9931988Z"
"event_000000218","session_00000105","user_0004","org_001","result_clicked","ste_001018","{""position"":3}","2025-10-03T19:13:41.9931988Z"
"event_000000219","session_00000105","user_0004","org_001","purchase_completed","ste_001018","{""source"":""search"",""position"":3}","2025-10-03T19:13:51.9931988Z"
"event_000000220","session_00000106","user_0004","org_001","search_submitted","","{""query_source"":""base""}","2026-03-26T10:04:33.9931988Z"
"event_000000221","session_00000106","user_0004","org_001","result_clicked","ste_000169","{""position"":2}","2026-03-26T10:04:41.9931988Z"
"event_000000222","session_00000106","user_0004","org_001","purchase_completed","ste_000169","{""source"":""search"",""position"":2}","2026-03-26T10:04:51.9931988Z"
"event_000000223","session_00000107","user_0004","org_001","search_submitted","","{""query_source"":""synonym""}","2026-03-27T09:30:33.9931988Z"
"event_000000224","session_00000107","user_0004","org_001","result_clicked","ste_001038","{""position"":2}","2026-03-27T09:30:41.9931988Z"
"event_000000225","session_00000107","user_0004","org_001","purchase_completed","ste_001038","{""source"":""search"",""position"":2}","2026-03-27T09:30:51.9931988Z"
"event_000000226","session_00000108","user_0004","org_001","search_submitted","","{""query_source"":""base""}","2025-11-24T06:58:33.9931988Z"
"event_000000227","session_00000108","user_0004","org_001","result_clicked","ste_000381","{""position"":2}","2025-11-24T06:58:41.9931988Z"
"event_000000228","session_00000108","user_0004","org_001","purchase_completed","ste_000381","{""source"":""search"",""position"":2}","2025-11-24T06:58:51.9931988Z"
"event_000000229","session_00000109","user_0004","org_001","search_submitted","","{""query_source"":""base""}","2025-10-18T20:13:33.9931988Z"
"event_000000230","session_00000109","user_0004","org_001","result_clicked","ste_000611","{""position"":4}","2025-10-18T20:13:41.9931988Z"
"event_000000231","session_00000109","user_0004","org_001","favorite_added","ste_000611","{""position"":4,""source"":""search""}","2025-10-18T20:13:44.9931988Z"
"event_000000232","session_00000109","user_0004","org_001","purchase_completed","ste_000611","{""source"":""search"",""position"":4}","2025-10-18T20:13:51.9931988Z"
"event_000000233","session_00000110","user_0004","org_001","search_submitted","","{""query_source"":""base""}","2025-10-15T22:11:33.9931988Z"
"event_000000234","session_00000111","user_0004","org_001","search_submitted","","{""query_source"":""base""}","2026-01-08T23:54:33.9931988Z"
"event_000000235","session_00000111","user_0004","org_001","result_clicked","ste_000686","{""position"":5}","2026-01-08T23:54:41.9931988Z"
"event_000000236","session_00000111","user_0004","org_001","purchase_completed","ste_000686","{""source"":""search"",""position"":5}","2026-01-08T23:54:51.9931988Z"
"event_000000237","session_00000112","user_0004","org_001","search_submitted","","{""query_source"":""base""}","2026-02-03T23:01:33.9931988Z"
"event_000000238","session_00000112","user_0004","org_001","result_clicked","ste_000360","{""position"":3}","2026-02-03T23:01:41.9931988Z"
"event_000000239","session_00000112","user_0004","org_001","favorite_added","ste_001014","{""position"":7,""source"":""search""}","2026-02-03T23:01:44.9931988Z"
"event_000000240","session_00000113","user_0004","org_001","search_submitted","","{""query_source"":""base""}","2025-11-27T19:48:33.9931988Z"
"event_000000241","session_00000113","user_0004","org_001","result_clicked","ste_000505","{""position"":5}","2025-11-27T19:48:41.9931988Z"
"event_000000242","session_00000114","user_0004","org_001","search_submitted","","{""query_source"":""base""}","2026-03-10T17:13:33.9931988Z"
"event_000000243","session_00000114","user_0004","org_001","result_clicked","ste_000822","{""position"":5}","2026-03-10T17:13:41.9931988Z"
"event_000000244","session_00000115","user_0004","org_001","search_submitted","","{""query_source"":""synonym""}","2026-02-07T05:20:33.9931988Z"
"event_000000245","session_00000115","user_0004","org_001","result_clicked","ste_000422","{""position"":1}","2026-02-07T05:20:41.9931988Z"
"event_000000246","session_00000116","user_0004","org_001","search_submitted","","{""query_source"":""base""}","2026-02-28T20:05:33.9931988Z"
"event_000000247","session_00000117","user_0004","org_001","search_submitted","","{""query_source"":""base""}","2025-11-23T08:25:33.9931988Z"
"event_000000248","session_00000117","user_0004","org_001","result_clicked","ste_000758","{""position"":2}","2025-11-23T08:25:41.9931988Z"
"event_000000249","session_00000118","user_0004","org_001","search_submitted","","{""query_source"":""base""}","2025-12-01T21:19:33.9931988Z"
"event_000000250","session_00000118","user_0004","org_001","result_clicked","ste_000178","{""position"":2}","2025-12-01T21:19:41.9931988Z"
"event_000000251","session_00000118","user_0004","org_001","purchase_completed","ste_000178","{""source"":""search"",""position"":2}","2025-12-01T21:19:51.9931988Z"
"event_000000252","session_00000119","user_0004","org_001","search_submitted","","{""query_source"":""base""}","2025-10-29T10:53:33.9931988Z"
"event_000000253","session_00000120","user_0004","org_001","search_submitted","","{""query_source"":""base""}","2025-12-02T18:24:33.9931988Z"
"event_000000254","session_00000120","user_0004","org_001","result_clicked","ste_001099","{""position"":4}","2025-12-02T18:24:41.9931988Z"
"event_000000255","session_00000120","user_0004","org_001","favorite_added","ste_000116","{""position"":3,""source"":""search""}","2025-12-02T18:24:44.9931988Z"
"event_000000256","session_00000121","user_0004","org_001","search_submitted","","{""query_source"":""base""}","2025-11-26T14:51:33.9931988Z"
"event_000000257","session_00000121","user_0004","org_001","result_clicked","ste_000156","{""position"":4}","2025-11-26T14:51:41.9931988Z"
"event_000000258","session_00000121","user_0004","org_001","purchase_completed","ste_000156","{""source"":""search"",""position"":4}","2025-11-26T14:51:51.9931988Z"
"event_000000259","session_00000122","user_0004","org_001","search_submitted","","{""query_source"":""base""}","2026-02-23T15:51:33.9931988Z"
"event_000000260","session_00000122","user_0004","org_001","result_clicked","ste_000202","{""position"":3}","2026-02-23T15:51:41.9931988Z"
"event_000000261","session_00000122","user_0004","org_001","purchase_completed","ste_000202","{""source"":""search"",""position"":3}","2026-02-23T15:51:51.9931988Z"
"event_000000262","session_00000123","user_0004","org_001","search_submitted","","{""query_source"":""base""}","2025-12-01T13:09:33.9931988Z"
"event_000000263","session_00000124","user_0004","org_001","search_submitted","","{""query_source"":""base""}","2025-10-29T23:48:33.9931988Z"
"event_000000264","session_00000124","user_0004","org_001","result_clicked","ste_000809","{""position"":1}","2025-10-29T23:48:41.9931988Z"
"event_000000265","session_00000124","user_0004","org_001","favorite_added","ste_000341","{""position"":6,""source"":""search""}","2025-10-29T23:48:44.9931988Z"
"event_000000266","session_00000125","user_0004","org_001","search_submitted","","{""query_source"":""base""}","2025-11-16T11:35:33.9931988Z"
"event_000000267","session_00000125","user_0004","org_001","result_clicked","ste_000028","{""position"":5}","2025-11-16T11:35:41.9931988Z"
"event_000000268","session_00000125","user_0004","org_001","favorite_added","ste_000877","{""position"":6,""source"":""search""}","2025-11-16T11:35:44.9931988Z"
"event_000000269","session_00000125","user_0004","org_001","purchase_completed","ste_000028","{""source"":""search"",""position"":5}","2025-11-16T11:35:51.9931988Z"
"event_000000270","session_00000126","user_0004","org_001","search_submitted","","{""query_source"":""typo""}","2026-02-26T20:46:33.9931988Z"
"event_000000271","session_00000126","user_0004","org_001","result_clicked","ste_000364","{""position"":2}","2026-02-26T20:46:41.9931988Z"
"event_000000272","session_00000126","user_0004","org_001","purchase_completed","ste_000364","{""source"":""search"",""position"":2}","2026-02-26T20:46:51.9931988Z"
"event_000000273","session_00000127","user_0004","org_001","search_submitted","","{""query_source"":""base""}","2025-12-20T00:22:33.9931988Z"
"event_000000274","session_00000127","user_0004","org_001","result_clicked","ste_001065","{""position"":2}","2025-12-20T00:22:41.9931988Z"
"event_000000275","session_00000128","user_0004","org_001","search_submitted","","{""query_source"":""base""}","2026-01-23T00:55:33.9931988Z"
"event_000000276","session_00000129","user_0004","org_001","search_submitted","","{""query_source"":""base""}","2025-12-28T17:50:33.9931988Z"
"event_000000277","session_00000130","user_0004","org_001","search_submitted","","{""query_source"":""synonym""}","2025-12-06T08:38:33.9931988Z"
"event_000000278","session_00000130","user_0004","org_001","result_clicked","ste_000943","{""position"":2}","2025-12-06T08:38:41.9931988Z"
"event_000000279","session_00000131","user_0004","org_001","search_submitted","","{""query_source"":""base""}","2026-01-31T09:27:33.9931988Z"
"event_000000280","session_00000132","user_0004","org_001","search_submitted","","{""query_source"":""base""}","2026-03-26T06:37:33.9931988Z"
"event_000000281","session_00000132","user_0004","org_001","result_clicked","ste_000454","{""position"":3}","2026-03-26T06:37:41.9931988Z"
"event_000000282","session_00000132","user_0004","org_001","favorite_added","ste_001189","{""position"":5,""source"":""search""}","2026-03-26T06:37:44.9931988Z"
"event_000000283","session_00000133","user_0004","org_001","search_submitted","","{""query_source"":""synonym""}","2025-12-31T18:35:33.9931988Z"
"event_000000284","session_00000133","user_0004","org_001","result_clicked","ste_000866","{""position"":4}","2025-12-31T18:35:41.9931988Z"
"event_000000285","session_00000134","user_0004","org_001","search_submitted","","{""query_source"":""base""}","2025-12-20T07:37:33.9931988Z"
"event_000000286","session_00000134","user_0004","org_001","result_clicked","ste_000962","{""position"":2}","2025-12-20T07:37:41.9931988Z"
"event_000000287","session_00000135","user_0005","org_001","search_submitted","","{""query_source"":""base""}","2026-03-17T17:39:33.9931988Z"
"event_000000288","session_00000135","user_0005","org_001","result_clicked","ste_000338","{""position"":5}","2026-03-17T17:39:41.9931988Z"
"event_000000289","session_00000135","user_0005","org_001","favorite_added","ste_000392","{""position"":3,""source"":""search""}","2026-03-17T17:39:44.9931988Z"
"event_000000290","session_00000135","user_0005","org_001","purchase_completed","ste_000338","{""source"":""search"",""position"":5}","2026-03-17T17:39:51.9931988Z"
"event_000000291","session_00000136","user_0005","org_001","search_submitted","","{""query_source"":""base""}","2026-03-02T02:12:33.9931988Z"
"event_000000292","session_00000136","user_0005","org_001","result_clicked","ste_000700","{""position"":3}","2026-03-02T02:12:41.9931988Z"
"event_000000293","session_00000136","user_0005","org_001","favorite_added","ste_000767","{""position"":2,""source"":""search""}","2026-03-02T02:12:44.9931988Z"
"event_000000294","session_00000137","user_0005","org_001","search_submitted","","{""query_source"":""base""}","2025-11-10T20:26:33.9931988Z"
"event_000000295","session_00000138","user_0005","org_001","search_submitted","","{""query_source"":""synonym""}","2026-02-26T14:09:33.9931988Z"
"event_000000296","session_00000139","user_0005","org_001","search_submitted","","{""query_source"":""synonym""}","2026-03-06T20:50:33.9931988Z"
"event_000000297","session_00000139","user_0005","org_001","result_clicked","ste_001010","{""position"":5}","2026-03-06T20:50:41.9931988Z"
"event_000000298","session_00000140","user_0005","org_001","search_submitted","","{""query_source"":""base""}","2026-03-09T04:54:33.9931988Z"
"event_000000299","session_00000140","user_0005","org_001","result_clicked","ste_000991","{""position"":4}","2026-03-09T04:54:41.9931988Z"
"event_000000300","session_00000141","user_0005","org_001","search_submitted","","{""query_source"":""base""}","2025-12-07T10:24:33.9931988Z"
"event_000000301","session_00000141","user_0005","org_001","result_clicked","ste_000240","{""position"":4}","2025-12-07T10:24:41.9931988Z"
"event_000000302","session_00000141","user_0005","org_001","purchase_completed","ste_000240","{""source"":""search"",""position"":4}","2025-12-07T10:24:51.9931988Z"
"event_000000303","session_00000142","user_0005","org_001","search_submitted","","{""query_source"":""base""}","2026-01-19T11:02:33.9931988Z"
"event_000000304","session_00000143","user_0005","org_001","search_submitted","","{""query_source"":""base""}","2025-10-31T22:43:33.9931988Z"
"event_000000305","session_00000143","user_0005","org_001","result_clicked","ste_000320","{""position"":2}","2025-10-31T22:43:41.9931988Z"
"event_000000306","session_00000144","user_0005","org_001","search_submitted","","{""query_source"":""typo""}","2026-01-19T05:23:33.9931988Z"
"event_000000307","session_00000144","user_0005","org_001","result_clicked","ste_000007","{""position"":3}","2026-01-19T05:23:41.9931988Z"
"event_000000308","session_00000145","user_0005","org_001","search_submitted","","{""query_source"":""base""}","2025-10-23T13:56:33.9931988Z"
"event_000000309","session_00000145","user_0005","org_001","result_clicked","ste_000926","{""position"":3}","2025-10-23T13:56:41.9931988Z"
"event_000000310","session_00000146","user_0005","org_001","search_submitted","","{""query_source"":""base""}","2026-03-08T09:23:33.9931988Z"
"event_000000311","session_00000146","user_0005","org_001","result_clicked","ste_000851","{""position"":3}","2026-03-08T09:23:41.9931988Z"
"event_000000312","session_00000146","user_0005","org_001","favorite_added","ste_000363","{""position"":4,""source"":""search""}","2026-03-08T09:23:44.9931988Z"
"event_000000313","session_00000147","user_0005","org_001","search_submitted","","{""query_source"":""base""}","2026-01-20T08:33:33.9931988Z"
"event_000000314","session_00000148","user_0005","org_001","search_submitted","","{""query_source"":""base""}","2026-03-13T22:05:33.9931988Z"
"event_000000315","session_00000148","user_0005","org_001","result_clicked","ste_000702","{""position"":2}","2026-03-13T22:05:41.9931988Z"
"event_000000316","session_00000148","user_0005","org_001","favorite_added","ste_000457","{""position"":4,""source"":""search""}","2026-03-13T22:05:44.9931988Z"
"event_000000317","session_00000149","user_0005","org_001","search_submitted","","{""query_source"":""base""}","2025-12-25T21:46:33.9931988Z"
"event_000000318","session_00000150","user_0005","org_001","search_submitted","","{""query_source"":""typo""}","2025-11-16T10:48:33.9931988Z"
"event_000000319","session_00000150","user_0005","org_001","result_clicked","ste_000870","{""position"":2}","2025-11-16T10:48:41.9931988Z"
"event_000000320","session_00000151","user_0005","org_001","search_submitted","","{""query_source"":""base""}","2026-02-24T02:43:33.9931988Z"
"event_000000321","session_00000151","user_0005","org_001","result_clicked","ste_000655","{""position"":3}","2026-02-24T02:43:41.9931988Z"
"event_000000322","session_00000151","user_0005","org_001","favorite_added","ste_000477","{""position"":7,""source"":""search""}","2026-02-24T02:43:44.9931988Z"
"event_000000323","session_00000152","user_0005","org_001","search_submitted","","{""query_source"":""base""}","2026-02-21T08:27:33.9931988Z"
"event_000000324","session_00000152","user_0005","org_001","result_clicked","ste_000854","{""position"":4}","2026-02-21T08:27:41.9931988Z"
"event_000000325","session_00000153","user_0005","org_001","search_submitted","","{""query_source"":""base""}","2026-01-29T12:52:33.9931988Z"
"event_000000326","session_00000154","user_0005","org_001","search_submitted","","{""query_source"":""base""}","2026-01-22T23:36:33.9931988Z"
"event_000000327","session_00000154","user_0005","org_001","result_clicked","ste_000808","{""position"":2}","2026-01-22T23:36:41.9931988Z"
"event_000000328","session_00000154","user_0005","org_001","favorite_added","ste_000662","{""position"":6,""source"":""search""}","2026-01-22T23:36:44.9931988Z"
"event_000000329","session_00000155","user_0005","org_001","search_submitted","","{""query_source"":""base""}","2025-11-06T08:35:33.9931988Z"
"event_000000330","session_00000156","user_0005","org_001","search_submitted","","{""query_source"":""base""}","2026-03-21T23:12:33.9931988Z"
"event_000000331","session_00000156","user_0005","org_001","result_clicked","ste_000406","{""position"":1}","2026-03-21T23:12:41.9931988Z"
"event_000000332","session_00000156","user_0005","org_001","favorite_added","ste_001168","{""position"":4,""source"":""search""}","2026-03-21T23:12:44.9931988Z"
"event_000000333","session_00000157","user_0005","org_001","search_submitted","","{""query_source"":""typo""}","2025-10-13T00:15:33.9931988Z"
"event_000000334","session_00000158","user_0005","org_001","search_submitted","","{""query_source"":""base""}","2025-12-21T08:31:33.9931988Z"
"event_000000335","session_00000158","user_0005","org_001","result_clicked","ste_000316","{""position"":3}","2025-12-21T08:31:41.9931988Z"
"event_000000336","session_00000158","user_0005","org_001","purchase_completed","ste_000316","{""source"":""search"",""position"":3}","2025-12-21T08:31:51.9931988Z"
"event_000000337","session_00000159","user_0005","org_001","search_submitted","","{""query_source"":""base""}","2026-01-20T02:46:33.9931988Z"
"event_000000338","session_00000159","user_0005","org_001","result_clicked","ste_000168","{""position"":1}","2026-01-20T02:46:41.9931988Z"
"event_000000339","session_00000159","user_0005","org_001","favorite_added","ste_000996","{""position"":5,""source"":""search""}","2026-01-20T02:46:44.9931988Z"
"event_000000340","session_00000160","user_0005","org_001","search_submitted","","{""query_source"":""typo""}","2025-11-21T13:56:33.9931988Z"
"event_000000341","session_00000161","user_0005","org_001","search_submitted","","{""query_source"":""base""}","2026-03-04T08:23:33.9931988Z"
"event_000000342","session_00000161","user_0005","org_001","result_clicked","ste_000324","{""position"":3}","2026-03-04T08:23:41.9931988Z"
"event_000000343","session_00000161","user_0005","org_001","purchase_completed","ste_000324","{""source"":""search"",""position"":3}","2026-03-04T08:23:51.9931988Z"
"event_000000344","session_00000162","user_0005","org_001","search_submitted","","{""query_source"":""synonym""}","2026-03-16T06:28:33.9931988Z"
"event_000000345","session_00000162","user_0005","org_001","result_clicked","ste_000885","{""position"":5}","2026-03-16T06:28:41.9931988Z"
"event_000000346","session_00000162","user_0005","org_001","purchase_completed","ste_000885","{""source"":""search"",""position"":5}","2026-03-16T06:28:51.9931988Z"
"event_000000347","session_00000163","user_0005","org_001","search_submitted","","{""query_source"":""base""}","2025-10-15T02:52:33.9931988Z"
"event_000000348","session_00000163","user_0005","org_001","result_clicked","ste_000781","{""position"":2}","2025-10-15T02:52:41.9931988Z"
"event_000000349","session_00000164","user_0005","org_001","search_submitted","","{""query_source"":""base""}","2025-11-17T18:12:33.9931988Z"
"event_000000350","session_00000165","user_0006","org_001","search_submitted","","{""query_source"":""typo""}","2026-03-23T04:34:33.9931988Z"
"event_000000351","session_00000165","user_0006","org_001","result_clicked","ste_000791","{""position"":3}","2026-03-23T04:34:41.9931988Z"
"event_000000352","session_00000166","user_0006","org_001","search_submitted","","{""query_source"":""base""}","2025-10-20T05:55:33.9931988Z"
"event_000000353","session_00000166","user_0006","org_001","result_clicked","ste_000436","{""position"":1}","2025-10-20T05:55:41.9931988Z"
"event_000000354","session_00000166","user_0006","org_001","purchase_completed","ste_000436","{""source"":""search"",""position"":1}","2025-10-20T05:55:51.9931988Z"
"event_000000355","session_00000167","user_0006","org_001","search_submitted","","{""query_source"":""synonym""}","2026-01-29T14:52:33.9931988Z"
"event_000000356","session_00000167","user_0006","org_001","result_clicked","ste_000563","{""position"":3}","2026-01-29T14:52:41.9931988Z"
"event_000000357","session_00000168","user_0006","org_001","search_submitted","","{""query_source"":""synonym""}","2025-12-19T01:29:33.9931988Z"
"event_000000358","session_00000168","user_0006","org_001","result_clicked","ste_000664","{""position"":2}","2025-12-19T01:29:41.9931988Z"
"event_000000359","session_00000168","user_0006","org_001","favorite_added","ste_001170","{""position"":7,""source"":""search""}","2025-12-19T01:29:44.9931988Z"
"event_000000360","session_00000168","user_0006","org_001","purchase_completed","ste_000664","{""source"":""search"",""position"":2}","2025-12-19T01:29:51.9931988Z"
"event_000000361","session_00000169","user_0006","org_001","search_submitted","","{""query_source"":""base""}","2025-11-01T21:23:33.9931988Z"
"event_000000362","session_00000169","user_0006","org_001","result_clicked","ste_000424","{""position"":1}","2025-11-01T21:23:41.9931988Z"
"event_000000363","session_00000169","user_0006","org_001","purchase_completed","ste_000424","{""source"":""search"",""position"":1}","2025-11-01T21:23:51.9931988Z"
"event_000000364","session_00000170","user_0006","org_001","search_submitted","","{""query_source"":""typo""}","2025-11-20T23:41:33.9931988Z"
"event_000000365","session_00000170","user_0006","org_001","result_clicked","ste_001187","{""position"":4}","2025-11-20T23:41:41.9931988Z"
"event_000000366","session_00000170","user_0006","org_001","purchase_completed","ste_001187","{""source"":""search"",""position"":4}","2025-11-20T23:41:51.9931988Z"
"event_000000367","session_00000171","user_0006","org_001","search_submitted","","{""query_source"":""base""}","2025-12-20T15:51:33.9931988Z"
"event_000000368","session_00000172","user_0006","org_001","search_submitted","","{""query_source"":""base""}","2025-11-27T15:52:33.9931988Z"
"event_000000369","session_00000172","user_0006","org_001","result_clicked","ste_000510","{""position"":4}","2025-11-27T15:52:41.9931988Z"
"event_000000370","session_00000172","user_0006","org_001","favorite_added","ste_000851","{""position"":7,""source"":""search""}","2025-11-27T15:52:44.9931988Z"
"event_000000371","session_00000172","user_0006","org_001","purchase_completed","ste_000510","{""source"":""search"",""position"":4}","2025-11-27T15:52:51.9931988Z"
"event_000000372","session_00000173","user_0006","org_001","search_submitted","","{""query_source"":""synonym""}","2025-12-19T23:11:33.9931988Z"
"event_000000373","session_00000173","user_0006","org_001","result_clicked","ste_001054","{""position"":1}","2025-12-19T23:11:41.9931988Z"
"event_000000374","session_00000173","user_0006","org_001","favorite_added","ste_000218","{""position"":7,""source"":""search""}","2025-12-19T23:11:44.9931988Z"
"event_000000375","session_00000174","user_0006","org_001","search_submitted","","{""query_source"":""base""}","2026-01-27T04:13:33.9931988Z"
"event_000000376","session_00000174","user_0006","org_001","result_clicked","ste_000966","{""position"":1}","2026-01-27T04:13:41.9931988Z"
"event_000000377","session_00000175","user_0006","org_001","search_submitted","","{""query_source"":""synonym""}","2025-11-21T03:35:33.9931988Z"
"event_000000378","session_00000175","user_0006","org_001","result_clicked","ste_000289","{""position"":1}","2025-11-21T03:35:41.9931988Z"
"event_000000379","session_00000176","user_0006","org_001","search_submitted","","{""query_source"":""base""}","2025-10-06T18:14:33.9931988Z"
"event_000000380","session_00000176","user_0006","org_001","result_clicked","ste_000040","{""position"":2}","2025-10-06T18:14:41.9931988Z"
"event_000000381","session_00000177","user_0006","org_001","search_submitted","","{""query_source"":""synonym""}","2026-03-24T12:06:33.9931988Z"
"event_000000382","session_00000177","user_0006","org_001","result_clicked","ste_001031","{""position"":1}","2026-03-24T12:06:41.9931988Z"
"event_000000383","session_00000178","user_0006","org_001","search_submitted","","{""query_source"":""base""}","2026-01-27T03:51:33.9931988Z"
"event_000000384","session_00000178","user_0006","org_001","result_clicked","ste_000902","{""position"":1}","2026-01-27T03:51:41.9931988Z"
"event_000000385","session_00000178","user_0006","org_001","favorite_added","ste_000928","{""position"":5,""source"":""search""}","2026-01-27T03:51:44.9931988Z"
"event_000000386","session_00000178","user_0006","org_001","purchase_completed","ste_000902","{""source"":""search"",""position"":1}","2026-01-27T03:51:51.9931988Z"
"event_000000387","session_00000179","user_0006","org_001","search_submitted","","{""query_source"":""base""}","2025-12-30T01:49:33.9931988Z"
"event_000000388","session_00000179","user_0006","org_001","result_clicked","ste_000379","{""position"":1}","2025-12-30T01:49:41.9931988Z"
"event_000000389","session_00000180","user_0006","org_001","search_submitted","","{""query_source"":""base""}","2026-02-04T18:00:33.9931988Z"
"event_000000390","session_00000180","user_0006","org_001","result_clicked","ste_000827","{""position"":1}","2026-02-04T18:00:41.9931988Z"
"event_000000391","session_00000180","user_0006","org_001","favorite_added","ste_000355","{""position"":4,""source"":""search""}","2026-02-04T18:00:44.9931988Z"
"event_000000392","session_00000181","user_0006","org_001","search_submitted","","{""query_source"":""base""}","2026-01-29T23:13:33.9931988Z"
"event_000000393","session_00000181","user_0006","org_001","result_clicked","ste_000208","{""position"":2}","2026-01-29T23:13:41.9931988Z"
"event_000000394","session_00000182","user_0006","org_001","search_submitted","","{""query_source"":""base""}","2026-03-25T02:40:33.9931988Z"
"event_000000395","session_00000183","user_0006","org_001","search_submitted","","{""query_source"":""typo""}","2026-02-19T06:56:33.9931988Z"
"event_000000396","session_00000183","user_0006","org_001","result_clicked","ste_000552","{""position"":2}","2026-02-19T06:56:41.9931988Z"
"event_000000397","session_00000183","user_0006","org_001","purchase_completed","ste_000552","{""source"":""search"",""position"":2}","2026-02-19T06:56:51.9931988Z"
"event_000000398","session_00000184","user_0006","org_001","search_submitted","","{""query_source"":""typo""}","2026-01-07T11:49:33.9931988Z"
"event_000000399","session_00000185","user_0006","org_001","search_submitted","","{""query_source"":""base""}","2026-01-04T04:45:33.9931988Z"
"event_000000400","session_00000185","user_0006","org_001","result_clicked","ste_000911","{""position"":2}","2026-01-04T04:45:41.9931988Z"
"event_000000401","session_00000185","user_0006","org_001","favorite_added","ste_000897","{""position"":7,""source"":""search""}","2026-01-04T04:45:44.9931988Z"
"event_000000402","session_00000186","user_0006","org_001","search_submitted","","{""query_source"":""base""}","2025-11-07T11:12:33.9931988Z"
"event_000000403","session_00000187","user_0006","org_001","search_submitted","","{""query_source"":""base""}","2025-10-10T15:06:33.9931988Z"
"event_000000404","session_00000187","user_0006","org_001","result_clicked","ste_000987","{""position"":5}","2025-10-10T15:06:41.9931988Z"
"event_000000405","session_00000187","user_0006","org_001","favorite_added","ste_000992","{""position"":2,""source"":""search""}","2025-10-10T15:06:44.9931988Z"
"event_000000406","session_00000188","user_0006","org_001","search_submitted","","{""query_source"":""synonym""}","2026-02-09T20:33:33.9931988Z"
"event_000000407","session_00000189","user_0006","org_001","search_submitted","","{""query_source"":""typo""}","2026-02-14T22:12:33.9931988Z"
"event_000000408","session_00000190","user_0006","org_001","search_submitted","","{""query_source"":""synonym""}","2026-03-03T23:37:33.9931988Z"
"event_000000409","session_00000190","user_0006","org_001","result_clicked","ste_000335","{""position"":5}","2026-03-03T23:37:41.9931988Z"
"event_000000410","session_00000190","user_0006","org_001","favorite_added","ste_001016","{""position"":7,""source"":""search""}","2026-03-03T23:37:44.9931988Z"
"event_000000411","session_00000191","user_0006","org_001","search_submitted","","{""query_source"":""synonym""}","2026-03-18T11:36:33.9931988Z"
"event_000000412","session_00000191","user_0006","org_001","result_clicked","ste_000330","{""position"":1}","2026-03-18T11:36:41.9931988Z"
"event_000000413","session_00000191","user_0006","org_001","purchase_completed","ste_000330","{""source"":""search"",""position"":1}","2026-03-18T11:36:51.9931988Z"
"event_000000414","session_00000192","user_0006","org_001","search_submitted","","{""query_source"":""base""}","2025-12-13T08:41:33.9931988Z"
"event_000000415","session_00000192","user_0006","org_001","result_clicked","ste_000202","{""position"":2}","2025-12-13T08:41:41.9931988Z"
"event_000000416","session_00000193","user_0007","org_001","search_submitted","","{""query_source"":""base""}","2025-09-29T07:29:33.9931988Z"
"event_000000417","session_00000193","user_0007","org_001","result_clicked","ste_000972","{""position"":5}","2025-09-29T07:29:41.9931988Z"
"event_000000418","session_00000193","user_0007","org_001","purchase_completed","ste_000972","{""source"":""search"",""position"":5}","2025-09-29T07:29:51.9931988Z"
"event_000000419","session_00000194","user_0007","org_001","search_submitted","","{""query_source"":""base""}","2025-12-12T00:05:33.9931988Z"
"event_000000420","session_00000195","user_0007","org_001","search_submitted","","{""query_source"":""base""}","2026-03-23T13:51:33.9931988Z"
"event_000000421","session_00000195","user_0007","org_001","result_clicked","ste_000108","{""position"":4}","2026-03-23T13:51:41.9931988Z"
"event_000000422","session_00000195","user_0007","org_001","favorite_added","ste_000240","{""position"":3,""source"":""search""}","2026-03-23T13:51:44.9931988Z"
"event_000000423","session_00000196","user_0007","org_001","search_submitted","","{""query_source"":""base""}","2025-11-25T01:55:33.9931988Z"
"event_000000424","session_00000197","user_0007","org_001","search_submitted","","{""query_source"":""base""}","2025-12-11T21:27:33.9931988Z"
"event_000000425","session_00000198","user_0007","org_001","search_submitted","","{""query_source"":""base""}","2025-10-07T14:05:33.9931988Z"
"event_000000426","session_00000198","user_0007","org_001","result_clicked","ste_000148","{""position"":1}","2025-10-07T14:05:41.9931988Z"
"event_000000427","session_00000198","user_0007","org_001","purchase_completed","ste_000148","{""source"":""search"",""position"":1}","2025-10-07T14:05:51.9931988Z"
"event_000000428","session_00000199","user_0007","org_001","search_submitted","","{""query_source"":""base""}","2025-10-24T07:04:33.9931988Z"
"event_000000429","session_00000199","user_0007","org_001","result_clicked","ste_001014","{""position"":1}","2025-10-24T07:04:41.9931988Z"
"event_000000430","session_00000200","user_0007","org_001","search_submitted","","{""query_source"":""base""}","2025-10-06T05:47:33.9931988Z"
"event_000000431","session_00000200","user_0007","org_001","result_clicked","ste_000669","{""position"":5}","2025-10-06T05:47:41.9931988Z"
"event_000000432","session_00000200","user_0007","org_001","favorite_added","ste_000346","{""position"":7,""source"":""search""}","2025-10-06T05:47:44.9931988Z"
"event_000000433","session_00000200","user_0007","org_001","purchase_completed","ste_000669","{""source"":""search"",""position"":5}","2025-10-06T05:47:51.9931988Z"
"event_000000434","session_00000201","user_0007","org_001","search_submitted","","{""query_source"":""synonym""}","2025-12-15T11:23:33.9931988Z"
"event_000000435","session_00000202","user_0007","org_001","search_submitted","","{""query_source"":""typo""}","2025-12-25T08:56:33.9931988Z"
"event_000000436","session_00000203","user_0007","org_001","search_submitted","","{""query_source"":""base""}","2026-02-22T01:52:33.9931988Z"
"event_000000437","session_00000203","user_0007","org_001","result_clicked","ste_000992","{""position"":2}","2026-02-22T01:52:41.9931988Z"
"event_000000438","session_00000203","user_0007","org_001","favorite_added","ste_000992","{""position"":2,""source"":""search""}","2026-02-22T01:52:44.9931988Z"
"event_000000439","session_00000204","user_0007","org_001","search_submitted","","{""query_source"":""base""}","2025-12-26T11:31:33.9931988Z"
"event_000000440","session_00000205","user_0007","org_001","search_submitted","","{""query_source"":""synonym""}","2026-02-25T10:40:33.9931988Z"
"event_000000441","session_00000205","user_0007","org_001","result_clicked","ste_000995","{""position"":5}","2026-02-25T10:40:41.9931988Z"
"event_000000442","session_00000206","user_0007","org_001","search_submitted","","{""query_source"":""base""}","2025-12-26T18:01:33.9931988Z"
"event_000000443","session_00000206","user_0007","org_001","result_clicked","ste_000134","{""position"":2}","2025-12-26T18:01:41.9931988Z"
"event_000000444","session_00000207","user_0007","org_001","search_submitted","","{""query_source"":""synonym""}","2026-01-11T20:39:33.9931988Z"
"event_000000445","session_00000207","user_0007","org_001","result_clicked","ste_000448","{""position"":1}","2026-01-11T20:39:41.9931988Z"
"event_000000446","session_00000207","user_0007","org_001","favorite_added","ste_000837","{""position"":6,""source"":""search""}","2026-01-11T20:39:44.9931988Z"
"event_000000447","session_00000208","user_0007","org_001","search_submitted","","{""query_source"":""base""}","2025-12-26T06:28:33.9931988Z"
"event_000000448","session_00000209","user_0007","org_001","search_submitted","","{""query_source"":""base""}","2025-12-29T04:33:33.9931988Z"
"event_000000449","session_00000209","user_0007","org_001","result_clicked","ste_000675","{""position"":5}","2025-12-29T04:33:41.9931988Z"
"event_000000450","session_00000209","user_0007","org_001","purchase_completed","ste_000675","{""source"":""search"",""position"":5}","2025-12-29T04:33:51.9931988Z"
"event_000000451","session_00000210","user_0007","org_001","search_submitted","","{""query_source"":""base""}","2026-03-12T22:07:33.9931988Z"
"event_000000452","session_00000210","user_0007","org_001","result_clicked","ste_001055","{""position"":1}","2026-03-12T22:07:41.9931988Z"
"event_000000453","session_00000210","user_0007","org_001","favorite_added","ste_000430","{""position"":2,""source"":""search""}","2026-03-12T22:07:44.9931988Z"
"event_000000454","session_00000210","user_0007","org_001","purchase_completed","ste_001055","{""source"":""search"",""position"":1}","2026-03-12T22:07:51.9931988Z"
"event_000000455","session_00000211","user_0007","org_001","search_submitted","","{""query_source"":""base""}","2026-02-07T18:58:33.9931988Z"
"event_000000456","session_00000211","user_0007","org_001","result_clicked","ste_000014","{""position"":4}","2026-02-07T18:58:41.9931988Z"
"event_000000457","session_00000211","user_0007","org_001","purchase_completed","ste_000014","{""source"":""search"",""position"":4}","2026-02-07T18:58:51.9931988Z"
"event_000000458","session_00000212","user_0007","org_001","search_submitted","","{""query_source"":""base""}","2026-02-12T03:37:33.9931988Z"
"event_000000459","session_00000212","user_0007","org_001","result_clicked","ste_000672","{""position"":2}","2026-02-12T03:37:41.9931988Z"
"event_000000460","session_00000213","user_0007","org_001","search_submitted","","{""query_source"":""typo""}","2026-01-03T02:31:33.9931988Z"
"event_000000461","session_00000213","user_0007","org_001","result_clicked","ste_001115","{""position"":1}","2026-01-03T02:31:41.9931988Z"
"event_000000462","session_00000214","user_0007","org_001","search_submitted","","{""query_source"":""base""}","2026-02-03T01:50:33.9931988Z"
"event_000000463","session_00000214","user_0007","org_001","result_clicked","ste_000583","{""position"":2}","2026-02-03T01:50:41.9931988Z"
"event_000000464","session_00000214","user_0007","org_001","favorite_added","ste_000680","{""position"":7,""source"":""search""}","2026-02-03T01:50:44.9931988Z"
"event_000000465","session_00000215","user_0007","org_001","search_submitted","","{""query_source"":""base""}","2026-02-23T23:49:33.9931988Z"
"event_000000466","session_00000215","user_0007","org_001","result_clicked","ste_000555","{""position"":4}","2026-02-23T23:49:41.9931988Z"
"event_000000467","session_00000215","user_0007","org_001","favorite_added","ste_000403","{""position"":1,""source"":""search""}","2026-02-23T23:49:44.9931988Z"
"event_000000468","session_00000216","user_0007","org_001","search_submitted","","{""query_source"":""base""}","2026-01-06T09:48:33.9931988Z"
"event_000000469","session_00000217","user_0007","org_001","search_submitted","","{""query_source"":""synonym""}","2025-12-31T17:44:33.9931988Z"
"event_000000470","session_00000217","user_0007","org_001","result_clicked","ste_000441","{""position"":3}","2025-12-31T17:44:41.9931988Z"
"event_000000471","session_00000218","user_0007","org_001","search_submitted","","{""query_source"":""base""}","2025-12-27T20:11:33.9931988Z"
"event_000000472","session_00000218","user_0007","org_001","result_clicked","ste_000590","{""position"":2}","2025-12-27T20:11:41.9931988Z"
"event_000000473","session_00000218","user_0007","org_001","favorite_added","ste_000590","{""position"":2,""source"":""search""}","2025-12-27T20:11:44.9931988Z"
"event_000000474","session_00000219","user_0007","org_001","search_submitted","","{""query_source"":""base""}","2025-11-30T23:33:33.9931988Z"
"event_000000475","session_00000219","user_0007","org_001","result_clicked","ste_000717","{""position"":2}","2025-11-30T23:33:41.9931988Z"
"event_000000476","session_00000220","user_0007","org_001","search_submitted","","{""query_source"":""base""}","2025-10-15T17:41:33.9931988Z"
"event_000000477","session_00000221","user_0007","org_001","search_submitted","","{""query_source"":""synonym""}","2026-02-20T14:09:33.9931988Z"
"event_000000478","session_00000221","user_0007","org_001","result_clicked","ste_000756","{""position"":5}","2026-02-20T14:09:41.9931988Z"
"event_000000479","session_00000221","user_0007","org_001","purchase_completed","ste_000756","{""source"":""search"",""position"":5}","2026-02-20T14:09:51.9931988Z"
"event_000000480","session_00000222","user_0007","org_001","search_submitted","","{""query_source"":""base""}","2025-12-27T13:39:33.9931988Z"
"event_000000481","session_00000223","user_0007","org_001","search_submitted","","{""query_source"":""base""}","2026-01-14T19:32:33.9931988Z"
"event_000000482","session_00000223","user_0007","org_001","result_clicked","ste_001031","{""position"":2}","2026-01-14T19:32:41.9931988Z"
"event_000000483","session_00000223","user_0007","org_001","purchase_completed","ste_001031","{""source"":""search"",""position"":2}","2026-01-14T19:32:51.9931988Z"
"event_000000484","session_00000224","user_0007","org_001","search_submitted","","{""query_source"":""base""}","2025-12-07T15:37:33.9931988Z"
"event_000000485","session_00000225","user_0007","org_001","search_submitted","","{""query_source"":""base""}","2025-11-29T09:40:33.9931988Z"
"event_000000486","session_00000225","user_0007","org_001","result_clicked","ste_000096","{""position"":2}","2025-11-29T09:40:41.9931988Z"
"event_000000487","session_00000225","user_0007","org_001","favorite_added","ste_000096","{""position"":2,""source"":""search""}","2025-11-29T09:40:44.9931988Z"
"event_000000488","session_00000226","user_0007","org_001","search_submitted","","{""query_source"":""synonym""}","2026-03-22T13:29:33.9931988Z"
"event_000000489","session_00000227","user_0007","org_001","search_submitted","","{""query_source"":""base""}","2025-10-21T23:23:33.9931988Z"
"event_000000490","session_00000227","user_0007","org_001","result_clicked","ste_001007","{""position"":2}","2025-10-21T23:23:41.9931988Z"
"event_000000491","session_00000227","user_0007","org_001","purchase_completed","ste_001007","{""source"":""search"",""position"":2}","2025-10-21T23:23:51.9931988Z"
"event_000000492","session_00000228","user_0008","org_001","search_submitted","","{""query_source"":""base""}","2026-03-19T16:56:33.9931988Z"
"event_000000493","session_00000228","user_0008","org_001","result_clicked","ste_001025","{""position"":2}","2026-03-19T16:56:41.9931988Z"
"event_000000494","session_00000229","user_0008","org_001","search_submitted","","{""query_source"":""base""}","2026-02-03T23:23:33.9931988Z"
"event_000000495","session_00000230","user_0008","org_001","search_submitted","","{""query_source"":""base""}","2026-02-15T08:59:33.9931988Z"
"event_000000496","session_00000230","user_0008","org_001","result_clicked","ste_000157","{""position"":5}","2026-02-15T08:59:41.9931988Z"
"event_000000497","session_00000230","user_0008","org_001","purchase_completed","ste_000157","{""source"":""search"",""position"":5}","2026-02-15T08:59:51.9931988Z"
"event_000000498","session_00000231","user_0008","org_001","search_submitted","","{""query_source"":""synonym""}","2026-02-14T00:55:33.9931988Z"
"event_000000499","session_00000231","user_0008","org_001","result_clicked","ste_000925","{""position"":5}","2026-02-14T00:55:41.9931988Z"
"event_000000500","session_00000231","user_0008","org_001","favorite_added","ste_000267","{""position"":1,""source"":""search""}","2026-02-14T00:55:44.9931988Z"
"event_000000501","session_00000231","user_0008","org_001","purchase_completed","ste_000925","{""source"":""search"",""position"":5}","2026-02-14T00:55:51.9931988Z"
"event_000000502","session_00000232","user_0008","org_001","search_submitted","","{""query_source"":""base""}","2025-10-04T13:07:33.9931988Z"
"event_000000503","session_00000232","user_0008","org_001","result_clicked","ste_000445","{""position"":3}","2025-10-04T13:07:41.9931988Z"
"event_000000504","session_00000232","user_0008","org_001","favorite_added","ste_001039","{""position"":4,""source"":""search""}","2025-10-04T13:07:44.9931988Z"
"event_000000505","session_00000233","user_0008","org_001","search_submitted","","{""query_source"":""base""}","2025-10-18T12:03:33.9931988Z"
"event_000000506","session_00000233","user_0008","org_001","result_clicked","ste_000556","{""position"":2}","2025-10-18T12:03:41.9931988Z"
"event_000000507","session_00000234","user_0008","org_001","search_submitted","","{""query_source"":""base""}","2026-02-13T03:54:33.9931988Z"
"event_000000508","session_00000235","user_0008","org_001","search_submitted","","{""query_source"":""base""}","2025-10-12T08:57:33.9931988Z"
"event_000000509","session_00000235","user_0008","org_001","result_clicked","ste_000793","{""position"":5}","2025-10-12T08:57:41.9931988Z"
"event_000000510","session_00000235","user_0008","org_001","favorite_added","ste_000099","{""position"":1,""source"":""search""}","2025-10-12T08:57:44.9931988Z"
"event_000000511","session_00000235","user_0008","org_001","purchase_completed","ste_000793","{""source"":""search"",""position"":5}","2025-10-12T08:57:51.9931988Z"
"event_000000512","session_00000236","user_0008","org_001","search_submitted","","{""query_source"":""base""}","2025-12-12T07:20:33.9931988Z"
"event_000000513","session_00000236","user_0008","org_001","result_clicked","ste_001000","{""position"":5}","2025-12-12T07:20:41.9931988Z"
"event_000000514","session_00000237","user_0008","org_001","search_submitted","","{""query_source"":""base""}","2025-11-08T08:09:33.9931988Z"
"event_000000515","session_00000238","user_0008","org_001","search_submitted","","{""query_source"":""base""}","2025-12-18T11:05:33.9931988Z"
"event_000000516","session_00000238","user_0008","org_001","result_clicked","ste_000525","{""position"":1}","2025-12-18T11:05:41.9931988Z"
"event_000000517","session_00000238","user_0008","org_001","favorite_added","ste_000526","{""position"":2,""source"":""search""}","2025-12-18T11:05:44.9931988Z"
"event_000000518","session_00000239","user_0008","org_001","search_submitted","","{""query_source"":""base""}","2026-02-05T01:02:33.9931988Z"
"event_000000519","session_00000239","user_0008","org_001","result_clicked","ste_000193","{""position"":2}","2026-02-05T01:02:41.9931988Z"
"event_000000520","session_00000239","user_0008","org_001","favorite_added","ste_000962","{""position"":4,""source"":""search""}","2026-02-05T01:02:44.9931988Z"
"event_000000521","session_00000239","user_0008","org_001","purchase_completed","ste_000193","{""source"":""search"",""position"":2}","2026-02-05T01:02:51.9931988Z"
"event_000000522","session_00000240","user_0008","org_001","search_submitted","","{""query_source"":""base""}","2026-01-28T17:17:33.9931988Z"
"event_000000523","session_00000240","user_0008","org_001","result_clicked","ste_000918","{""position"":1}","2026-01-28T17:17:41.9931988Z"
"event_000000524","session_00000240","user_0008","org_001","favorite_added","ste_000927","{""position"":4,""source"":""search""}","2026-01-28T17:17:44.9931988Z"
"event_000000525","session_00000241","user_0008","org_001","search_submitted","","{""query_source"":""base""}","2025-11-05T16:21:33.9931988Z"
"event_000000526","session_00000241","user_0008","org_001","result_clicked","ste_000942","{""position"":3}","2025-11-05T16:21:41.9931988Z"
"event_000000527","session_00000241","user_0008","org_001","purchase_completed","ste_000942","{""source"":""search"",""position"":3}","2025-11-05T16:21:51.9931988Z"
"event_000000528","session_00000242","user_0008","org_001","search_submitted","","{""query_source"":""base""}","2026-02-28T08:34:33.9931988Z"
"event_000000529","session_00000242","user_0008","org_001","result_clicked","ste_000804","{""position"":3}","2026-02-28T08:34:41.9931988Z"
"event_000000530","session_00000242","user_0008","org_001","purchase_completed","ste_000804","{""source"":""search"",""position"":3}","2026-02-28T08:34:51.9931988Z"
"event_000000531","session_00000243","user_0008","org_001","search_submitted","","{""query_source"":""typo""}","2025-11-04T15:57:33.9931988Z"
"event_000000532","session_00000244","user_0008","org_001","search_submitted","","{""query_source"":""typo""}","2026-01-05T21:20:33.9931988Z"
"event_000000533","session_00000244","user_0008","org_001","result_clicked","ste_000084","{""position"":2}","2026-01-05T21:20:41.9931988Z"
"event_000000534","session_00000244","user_0008","org_001","purchase_completed","ste_000084","{""source"":""search"",""position"":2}","2026-01-05T21:20:51.9931988Z"
"event_000000535","session_00000245","user_0008","org_001","search_submitted","","{""query_source"":""base""}","2026-03-14T20:48:33.9931988Z"
"event_000000536","session_00000245","user_0008","org_001","result_clicked","ste_000102","{""position"":4}","2026-03-14T20:48:41.9931988Z"
"event_000000537","session_00000245","user_0008","org_001","favorite_added","ste_000148","{""position"":1,""source"":""search""}","2026-03-14T20:48:44.9931988Z"
"event_000000538","session_00000245","user_0008","org_001","purchase_completed","ste_000102","{""source"":""search"",""position"":4}","2026-03-14T20:48:51.9931988Z"
"event_000000539","session_00000246","user_0008","org_001","search_submitted","","{""query_source"":""base""}","2025-12-01T21:16:33.9931988Z"
"event_000000540","session_00000246","user_0008","org_001","result_clicked","ste_000867","{""position"":4}","2025-12-01T21:16:41.9931988Z"
"event_000000541","session_00000247","user_0008","org_001","search_submitted","","{""query_source"":""typo""}","2026-02-16T23:16:33.9931988Z"
"event_000000542","session_00000247","user_0008","org_001","result_clicked","ste_000643","{""position"":1}","2026-02-16T23:16:41.9931988Z"
"event_000000543","session_00000248","user_0008","org_001","search_submitted","","{""query_source"":""base""}","2026-01-02T18:50:33.9931988Z"
"event_000000544","session_00000249","user_0008","org_001","search_submitted","","{""query_source"":""base""}","2026-02-01T18:40:33.9931988Z"
"event_000000545","session_00000249","user_0008","org_001","result_clicked","ste_000958","{""position"":4}","2026-02-01T18:40:41.9931988Z"
"event_000000546","session_00000250","user_0008","org_001","search_submitted","","{""query_source"":""synonym""}","2026-01-05T22:29:33.9931988Z"
"event_000000547","session_00000250","user_0008","org_001","result_clicked","ste_000896","{""position"":4}","2026-01-05T22:29:41.9931988Z"
"event_000000548","session_00000251","user_0008","org_001","search_submitted","","{""query_source"":""base""}","2025-12-30T07:56:33.9931988Z"
"event_000000549","session_00000251","user_0008","org_001","result_clicked","ste_001004","{""position"":5}","2025-12-30T07:56:41.9931988Z"
"event_000000550","session_00000252","user_0008","org_001","search_submitted","","{""query_source"":""base""}","2026-01-20T17:19:33.9931988Z"
"event_000000551","session_00000252","user_0008","org_001","result_clicked","ste_000178","{""position"":3}","2026-01-20T17:19:41.9931988Z"
"event_000000552","session_00000252","user_0008","org_001","purchase_completed","ste_000178","{""source"":""search"",""position"":3}","2026-01-20T17:19:51.9931988Z"
"event_000000553","session_00000253","user_0008","org_001","search_submitted","","{""query_source"":""base""}","2025-10-11T19:52:33.9931988Z"
"event_000000554","session_00000253","user_0008","org_001","result_clicked","ste_000628","{""position"":1}","2025-10-11T19:52:41.9931988Z"
"event_000000555","session_00000254","user_0008","org_001","search_submitted","","{""query_source"":""base""}","2026-01-25T07:08:33.9931988Z"
"event_000000556","session_00000254","user_0008","org_001","result_clicked","ste_000136","{""position"":2}","2026-01-25T07:08:41.9931988Z"
"event_000000557","session_00000254","user_0008","org_001","purchase_completed","ste_000136","{""source"":""search"",""position"":2}","2026-01-25T07:08:51.9931988Z"
"event_000000558","session_00000255","user_0008","org_001","search_submitted","","{""query_source"":""base""}","2025-12-17T11:41:33.9931988Z"
"event_000000559","session_00000256","user_0008","org_001","search_submitted","","{""query_source"":""base""}","2026-03-14T09:44:33.9931988Z"
"event_000000560","session_00000257","user_0008","org_001","search_submitted","","{""query_source"":""base""}","2026-02-24T08:05:33.9931988Z"
"event_000000561","session_00000257","user_0008","org_001","result_clicked","ste_000675","{""position"":2}","2026-02-24T08:05:41.9931988Z"
"event_000000562","session_00000257","user_0008","org_001","favorite_added","ste_000747","{""position"":6,""source"":""search""}","2026-02-24T08:05:44.9931988Z"
"event_000000563","session_00000258","user_0008","org_001","search_submitted","","{""query_source"":""base""}","2026-02-07T21:47:33.9931988Z"
"event_000000564","session_00000258","user_0008","org_001","result_clicked","ste_000501","{""position"":4}","2026-02-07T21:47:41.9931988Z"
"event_000000565","session_00000259","user_0008","org_001","search_submitted","","{""query_source"":""base""}","2026-03-23T18:34:33.9931988Z"
"event_000000566","session_00000260","user_0009","org_002","search_submitted","","{""query_source"":""base""}","2026-02-28T11:48:33.9931988Z"
"event_000000567","session_00000260","user_0009","org_002","result_clicked","ste_000889","{""position"":3}","2026-02-28T11:48:41.9931988Z"
"event_000000568","session_00000260","user_0009","org_002","favorite_added","ste_000049","{""position"":5,""source"":""search""}","2026-02-28T11:48:44.9931988Z"
"event_000000569","session_00000261","user_0009","org_002","search_submitted","","{""query_source"":""base""}","2026-02-08T01:21:33.9931988Z"
"event_000000570","session_00000262","user_0009","org_002","search_submitted","","{""query_source"":""base""}","2025-11-30T03:07:33.9931988Z"
"event_000000571","session_00000262","user_0009","org_002","result_clicked","ste_001128","{""position"":1}","2025-11-30T03:07:41.9931988Z"
"event_000000572","session_00000262","user_0009","org_002","purchase_completed","ste_001128","{""source"":""search"",""position"":1}","2025-11-30T03:07:51.9931988Z"
"event_000000573","session_00000263","user_0009","org_002","search_submitted","","{""query_source"":""base""}","2025-12-01T04:17:33.9931988Z"
"event_000000574","session_00000263","user_0009","org_002","result_clicked","ste_000443","{""position"":4}","2025-12-01T04:17:41.9931988Z"
"event_000000575","session_00000264","user_0009","org_002","search_submitted","","{""query_source"":""typo""}","2025-10-25T13:44:33.9931988Z"
"event_000000576","session_00000264","user_0009","org_002","result_clicked","ste_000933","{""position"":1}","2025-10-25T13:44:41.9931988Z"
"event_000000577","session_00000265","user_0009","org_002","search_submitted","","{""query_source"":""synonym""}","2025-12-08T17:14:33.9931988Z"
"event_000000578","session_00000266","user_0009","org_002","search_submitted","","{""query_source"":""base""}","2025-11-02T15:08:33.9931988Z"
"event_000000579","session_00000266","user_0009","org_002","result_clicked","ste_000511","{""position"":3}","2025-11-02T15:08:41.9931988Z"
"event_000000580","session_00000267","user_0009","org_002","search_submitted","","{""query_source"":""base""}","2025-10-04T04:21:33.9931988Z"
"event_000000581","session_00000267","user_0009","org_002","result_clicked","ste_000993","{""position"":2}","2025-10-04T04:21:41.9931988Z"
"event_000000582","session_00000267","user_0009","org_002","purchase_completed","ste_000993","{""source"":""search"",""position"":2}","2025-10-04T04:21:51.9931988Z"
"event_000000583","session_00000268","user_0009","org_002","search_submitted","","{""query_source"":""base""}","2026-01-05T10:03:33.9931988Z"
"event_000000584","session_00000269","user_0009","org_002","search_submitted","","{""query_source"":""base""}","2026-01-26T10:59:33.9931988Z"
"event_000000585","session_00000270","user_0009","org_002","search_submitted","","{""query_source"":""base""}","2025-10-25T14:48:33.9931988Z"
"event_000000586","session_00000271","user_0009","org_002","search_submitted","","{""query_source"":""base""}","2025-10-30T05:46:33.9931988Z"
"event_000000587","session_00000271","user_0009","org_002","result_clicked","ste_000453","{""position"":5}","2025-10-30T05:46:41.9931988Z"
"event_000000588","session_00000271","user_0009","org_002","favorite_added","ste_000175","{""position"":2,""source"":""search""}","2025-10-30T05:46:44.9931988Z"
"event_000000589","session_00000272","user_0009","org_002","search_submitted","","{""query_source"":""base""}","2026-02-25T02:52:33.9931988Z"
"event_000000590","session_00000273","user_0009","org_002","search_submitted","","{""query_source"":""base""}","2025-12-05T17:42:33.9931988Z"
"event_000000591","session_00000273","user_0009","org_002","result_clicked","ste_000593","{""position"":2}","2025-12-05T17:42:41.9931988Z"
"event_000000592","session_00000273","user_0009","org_002","favorite_added","ste_000562","{""position"":1,""source"":""search""}","2025-12-05T17:42:44.9931988Z"
"event_000000593","session_00000273","user_0009","org_002","purchase_completed","ste_000593","{""source"":""search"",""position"":2}","2025-12-05T17:42:51.9931988Z"
"event_000000594","session_00000274","user_0009","org_002","search_submitted","","{""query_source"":""typo""}","2026-03-26T04:37:33.9931988Z"
"event_000000595","session_00000275","user_0009","org_002","search_submitted","","{""query_source"":""base""}","2025-11-11T13:54:33.9931988Z"
"event_000000596","session_00000276","user_0009","org_002","search_submitted","","{""query_source"":""base""}","2026-03-07T16:53:33.9931988Z"
"event_000000597","session_00000276","user_0009","org_002","result_clicked","ste_000605","{""position"":3}","2026-03-07T16:53:41.9931988Z"
"event_000000598","session_00000277","user_0009","org_002","search_submitted","","{""query_source"":""synonym""}","2025-11-03T14:26:33.9931988Z"
"event_000000599","session_00000278","user_0009","org_002","search_submitted","","{""query_source"":""base""}","2025-11-14T23:20:33.9931988Z"
"event_000000600","session_00000278","user_0009","org_002","result_clicked","ste_000899","{""position"":3}","2025-11-14T23:20:41.9931988Z"
"event_000000601","session_00000279","user_0009","org_002","search_submitted","","{""query_source"":""base""}","2026-01-14T18:36:33.9931988Z"
"event_000000602","session_00000279","user_0009","org_002","result_clicked","ste_000227","{""position"":5}","2026-01-14T18:36:41.9931988Z"
"event_000000603","session_00000280","user_0009","org_002","search_submitted","","{""query_source"":""base""}","2025-11-05T03:12:33.9931988Z"
"event_000000604","session_00000280","user_0009","org_002","result_clicked","ste_000887","{""position"":2}","2025-11-05T03:12:41.9931988Z"
"event_000000605","session_00000281","user_0009","org_002","search_submitted","","{""query_source"":""base""}","2025-12-05T03:10:33.9931988Z"
"event_000000606","session_00000281","user_0009","org_002","result_clicked","ste_000264","{""position"":4}","2025-12-05T03:10:41.9931988Z"
"event_000000607","session_00000281","user_0009","org_002","favorite_added","ste_000998","{""position"":5,""source"":""search""}","2025-12-05T03:10:44.9931988Z"
"event_000000608","session_00000282","user_0009","org_002","search_submitted","","{""query_source"":""typo""}","2026-03-13T01:31:33.9931988Z"
"event_000000609","session_00000282","user_0009","org_002","result_clicked","ste_000563","{""position"":2}","2026-03-13T01:31:41.9931988Z"
"event_000000610","session_00000283","user_0009","org_002","search_submitted","","{""query_source"":""base""}","2025-10-22T23:10:33.9931988Z"
"event_000000611","session_00000284","user_0009","org_002","search_submitted","","{""query_source"":""synonym""}","2026-02-27T13:25:33.9931988Z"
"event_000000612","session_00000285","user_0009","org_002","search_submitted","","{""query_source"":""base""}","2026-01-29T03:40:33.9931988Z"
"event_000000613","session_00000285","user_0009","org_002","result_clicked","ste_000192","{""position"":4}","2026-01-29T03:40:41.9931988Z"
"event_000000614","session_00000285","user_0009","org_002","favorite_added","ste_000531","{""position"":2,""source"":""search""}","2026-01-29T03:40:44.9931988Z"
"event_000000615","session_00000286","user_0009","org_002","search_submitted","","{""query_source"":""base""}","2026-01-27T13:30:33.9931988Z"
"event_000000616","session_00000286","user_0009","org_002","result_clicked","ste_000684","{""position"":2}","2026-01-27T13:30:41.9931988Z"
"event_000000617","session_00000287","user_0009","org_002","search_submitted","","{""query_source"":""synonym""}","2026-03-10T01:20:33.9931988Z"
"event_000000618","session_00000288","user_0009","org_002","search_submitted","","{""query_source"":""typo""}","2025-11-04T12:45:33.9931988Z"
"event_000000619","session_00000289","user_0009","org_002","search_submitted","","{""query_source"":""typo""}","2025-10-15T21:52:33.9931988Z"
"event_000000620","session_00000290","user_0009","org_002","search_submitted","","{""query_source"":""base""}","2025-11-15T08:03:33.9931988Z"
"event_000000621","session_00000291","user_0009","org_002","search_submitted","","{""query_source"":""base""}","2026-01-25T17:48:33.9931988Z"
"event_000000622","session_00000292","user_0009","org_002","search_submitted","","{""query_source"":""base""}","2026-02-11T21:51:33.9931988Z"
"event_000000623","session_00000292","user_0009","org_002","result_clicked","ste_000235","{""position"":1}","2026-02-11T21:51:41.9931988Z"
"event_000000624","session_00000292","user_0009","org_002","purchase_completed","ste_000235","{""source"":""search"",""position"":1}","2026-02-11T21:51:51.9931988Z"
"event_000000625","session_00000293","user_0009","org_002","search_submitted","","{""query_source"":""base""}","2025-12-18T05:30:33.9931988Z"
"event_000000626","session_00000293","user_0009","org_002","result_clicked","ste_000585","{""position"":3}","2025-12-18T05:30:41.9931988Z"
"event_000000627","session_00000293","user_0009","org_002","purchase_completed","ste_000585","{""source"":""search"",""position"":3}","2025-12-18T05:30:51.9931988Z"
"event_000000628","session_00000294","user_0009","org_002","search_submitted","","{""query_source"":""base""}","2026-01-28T12:03:33.9931988Z"
"event_000000629","session_00000294","user_0009","org_002","result_clicked","ste_000815","{""position"":5}","2026-01-28T12:03:41.9931988Z"
"event_000000630","session_00000294","user_0009","org_002","favorite_added","ste_000699","{""position"":7,""source"":""search""}","2026-01-28T12:03:44.9931988Z"
"event_000000631","session_00000295","user_0009","org_002","search_submitted","","{""query_source"":""base""}","2025-11-23T16:35:33.9931988Z"
"event_000000632","session_00000296","user_0010","org_002","search_submitted","","{""query_source"":""base""}","2025-11-14T07:26:33.9931988Z"
"event_000000633","session_00000297","user_0010","org_002","search_submitted","","{""query_source"":""base""}","2026-03-02T20:20:33.9931988Z"
"event_000000634","session_00000297","user_0010","org_002","result_clicked","ste_000892","{""position"":2}","2026-03-02T20:20:41.9931988Z"
"event_000000635","session_00000297","user_0010","org_002","favorite_added","ste_000892","{""position"":2,""source"":""search""}","2026-03-02T20:20:44.9931988Z"
"event_000000636","session_00000298","user_0010","org_002","search_submitted","","{""query_source"":""base""}","2025-12-10T00:45:33.9931988Z"
"event_000000637","session_00000298","user_0010","org_002","result_clicked","ste_000509","{""position"":2}","2025-12-10T00:45:41.9931988Z"
"event_000000638","session_00000298","user_0010","org_002","favorite_added","ste_000321","{""position"":6,""source"":""search""}","2025-12-10T00:45:44.9931988Z"
"event_000000639","session_00000299","user_0010","org_002","search_submitted","","{""query_source"":""synonym""}","2025-12-23T17:11:33.9931988Z"
"event_000000640","session_00000299","user_0010","org_002","result_clicked","ste_000555","{""position"":4}","2025-12-23T17:11:41.9931988Z"
"event_000000641","session_00000299","user_0010","org_002","favorite_added","ste_001140","{""position"":5,""source"":""search""}","2025-12-23T17:11:44.9931988Z"
"event_000000642","session_00000300","user_0010","org_002","search_submitted","","{""query_source"":""base""}","2026-02-12T06:12:33.9931988Z"
"event_000000643","session_00000301","user_0010","org_002","search_submitted","","{""query_source"":""base""}","2026-01-25T01:41:33.9931988Z"
"event_000000644","session_00000302","user_0010","org_002","search_submitted","","{""query_source"":""typo""}","2026-01-01T15:26:33.9931988Z"
"event_000000645","session_00000302","user_0010","org_002","result_clicked","ste_000053","{""position"":4}","2026-01-01T15:26:41.9931988Z"
"event_000000646","session_00000303","user_0010","org_002","search_submitted","","{""query_source"":""base""}","2026-02-06T10:52:33.9931988Z"
"event_000000647","session_00000303","user_0010","org_002","result_clicked","ste_000229","{""position"":1}","2026-02-06T10:52:41.9931988Z"
"event_000000648","session_00000303","user_0010","org_002","favorite_added","ste_000267","{""position"":7,""source"":""search""}","2026-02-06T10:52:44.9931988Z"
"event_000000649","session_00000303","user_0010","org_002","purchase_completed","ste_000229","{""source"":""search"",""position"":1}","2026-02-06T10:52:51.9931988Z"
"event_000000650","session_00000304","user_0010","org_002","search_submitted","","{""query_source"":""base""}","2025-12-10T07:24:33.9931988Z"
"event_000000651","session_00000304","user_0010","org_002","result_clicked","ste_000078","{""position"":2}","2025-12-10T07:24:41.9931988Z"
"event_000000652","session_00000305","user_0010","org_002","search_submitted","","{""query_source"":""base""}","2026-01-16T00:54:33.9931988Z"
"event_000000653","session_00000305","user_0010","org_002","result_clicked","ste_001185","{""position"":1}","2026-01-16T00:54:41.9931988Z"
"event_000000654","session_00000305","user_0010","org_002","favorite_added","ste_001198","{""position"":7,""source"":""search""}","2026-01-16T00:54:44.9931988Z"
"event_000000655","session_00000306","user_0010","org_002","search_submitted","","{""query_source"":""base""}","2026-02-20T03:28:33.9931988Z"
"event_000000656","session_00000306","user_0010","org_002","result_clicked","ste_000808","{""position"":4}","2026-02-20T03:28:41.9931988Z"
"event_000000657","session_00000306","user_0010","org_002","purchase_completed","ste_000808","{""source"":""search"",""position"":4}","2026-02-20T03:28:51.9931988Z"
"event_000000658","session_00000307","user_0010","org_002","search_submitted","","{""query_source"":""base""}","2026-02-25T06:14:33.9931988Z"
"event_000000659","session_00000308","user_0010","org_002","search_submitted","","{""query_source"":""base""}","2026-03-14T08:09:33.9931988Z"
"event_000000660","session_00000308","user_0010","org_002","result_clicked","ste_000859","{""position"":3}","2026-03-14T08:09:41.9931988Z"
"event_000000661","session_00000308","user_0010","org_002","favorite_added","ste_000135","{""position"":5,""source"":""search""}","2026-03-14T08:09:44.9931988Z"
"event_000000662","session_00000309","user_0010","org_002","search_submitted","","{""query_source"":""base""}","2025-10-24T09:28:33.9931988Z"
"event_000000663","session_00000310","user_0010","org_002","search_submitted","","{""query_source"":""synonym""}","2026-03-05T21:06:33.9931988Z"
"event_000000664","session_00000310","user_0010","org_002","result_clicked","ste_001131","{""position"":4}","2026-03-05T21:06:41.9931988Z"
"event_000000665","session_00000311","user_0010","org_002","search_submitted","","{""query_source"":""typo""}","2025-12-13T20:16:33.9931988Z"
"event_000000666","session_00000311","user_0010","org_002","result_clicked","ste_001003","{""position"":2}","2025-12-13T20:16:41.9931988Z"
"event_000000667","session_00000311","user_0010","org_002","purchase_completed","ste_001003","{""source"":""search"",""position"":2}","2025-12-13T20:16:51.9931988Z"
"event_000000668","session_00000312","user_0010","org_002","search_submitted","","{""query_source"":""base""}","2025-12-20T23:54:33.9931988Z"
"event_000000669","session_00000312","user_0010","org_002","result_clicked","ste_000729","{""position"":4}","2025-12-20T23:54:41.9931988Z"
"event_000000670","session_00000312","user_0010","org_002","purchase_completed","ste_000729","{""source"":""search"",""position"":4}","2025-12-20T23:54:51.9931988Z"
"event_000000671","session_00000313","user_0010","org_002","search_submitted","","{""query_source"":""base""}","2026-02-24T15:11:33.9931988Z"
"event_000000672","session_00000313","user_0010","org_002","result_clicked","ste_001032","{""position"":5}","2026-02-24T15:11:41.9931988Z"
"event_000000673","session_00000313","user_0010","org_002","favorite_added","ste_000973","{""position"":7,""source"":""search""}","2026-02-24T15:11:44.9931988Z"
"event_000000674","session_00000314","user_0010","org_002","search_submitted","","{""query_source"":""base""}","2026-01-04T14:43:33.9931988Z"
"event_000000675","session_00000315","user_0010","org_002","search_submitted","","{""query_source"":""base""}","2026-03-15T03:06:33.9931988Z"
"event_000000676","session_00000315","user_0010","org_002","result_clicked","ste_000161","{""position"":4}","2026-03-15T03:06:41.9931988Z"
"event_000000677","session_00000315","user_0010","org_002","purchase_completed","ste_000161","{""source"":""search"",""position"":4}","2026-03-15T03:06:51.9931988Z"
"event_000000678","session_00000316","user_0010","org_002","search_submitted","","{""query_source"":""base""}","2026-03-18T01:17:33.9931988Z"
"event_000000679","session_00000316","user_0010","org_002","result_clicked","ste_000053","{""position"":3}","2026-03-18T01:17:41.9931988Z"
"event_000000680","session_00000316","user_0010","org_002","favorite_added","ste_000053","{""position"":3,""source"":""search""}","2026-03-18T01:17:44.9931988Z"
"event_000000681","session_00000317","user_0010","org_002","search_submitted","","{""query_source"":""typo""}","2025-12-06T14:02:33.9931988Z"
"event_000000682","session_00000317","user_0010","org_002","result_clicked","ste_000979","{""position"":2}","2025-12-06T14:02:41.9931988Z"
"event_000000683","session_00000317","user_0010","org_002","purchase_completed","ste_000979","{""source"":""search"",""position"":2}","2025-12-06T14:02:51.9931988Z"
"event_000000684","session_00000318","user_0010","org_002","search_submitted","","{""query_source"":""base""}","2025-12-12T07:41:33.9931988Z"
"event_000000685","session_00000319","user_0010","org_002","search_submitted","","{""query_source"":""base""}","2026-01-24T11:35:33.9931988Z"
"event_000000686","session_00000320","user_0010","org_002","search_submitted","","{""query_source"":""base""}","2025-12-13T20:30:33.9931988Z"
"event_000000687","session_00000320","user_0010","org_002","result_clicked","ste_000648","{""position"":3}","2025-12-13T20:30:41.9931988Z"
"event_000000688","session_00000320","user_0010","org_002","favorite_added","ste_000862","{""position"":5,""source"":""search""}","2025-12-13T20:30:44.9931988Z"
"event_000000689","session_00000321","user_0010","org_002","search_submitted","","{""query_source"":""base""}","2026-01-20T04:42:33.9931988Z"
"event_000000690","session_00000321","user_0010","org_002","result_clicked","ste_000679","{""position"":3}","2026-01-20T04:42:41.9931988Z"
"event_000000691","session_00000321","user_0010","org_002","favorite_added","ste_000085","{""position"":5,""source"":""search""}","2026-01-20T04:42:44.9931988Z"
"event_000000692","session_00000321","user_0010","org_002","purchase_completed","ste_000679","{""source"":""search"",""position"":3}","2026-01-20T04:42:51.9931988Z"
"event_000000693","session_00000322","user_0010","org_002","search_submitted","","{""query_source"":""base""}","2025-11-13T08:03:33.9931988Z"
"event_000000694","session_00000322","user_0010","org_002","result_clicked","ste_000801","{""position"":3}","2025-11-13T08:03:41.9931988Z"
"event_000000695","session_00000323","user_0010","org_002","search_submitted","","{""query_source"":""base""}","2025-10-12T02:44:33.9931988Z"
"event_000000696","session_00000323","user_0010","org_002","result_clicked","ste_000965","{""position"":5}","2025-10-12T02:44:41.9931988Z"
"event_000000697","session_00000324","user_0010","org_002","search_submitted","","{""query_source"":""base""}","2026-03-25T09:37:33.9931988Z"
"event_000000698","session_00000324","user_0010","org_002","result_clicked","ste_001035","{""position"":1}","2026-03-25T09:37:41.9931988Z"
"event_000000699","session_00000325","user_0010","org_002","search_submitted","","{""query_source"":""base""}","2026-01-07T20:29:33.9931988Z"
"event_000000700","session_00000325","user_0010","org_002","result_clicked","ste_000490","{""position"":5}","2026-01-07T20:29:41.9931988Z"
"event_000000701","session_00000325","user_0010","org_002","favorite_added","ste_001120","{""position"":4,""source"":""search""}","2026-01-07T20:29:44.9931988Z"
"event_000000702","session_00000326","user_0010","org_002","search_submitted","","{""query_source"":""base""}","2025-10-25T22:36:33.9931988Z"
"event_000000703","session_00000326","user_0010","org_002","result_clicked","ste_000475","{""position"":4}","2025-10-25T22:36:41.9931988Z"
"event_000000704","session_00000326","user_0010","org_002","favorite_added","ste_000924","{""position"":2,""source"":""search""}","2025-10-25T22:36:44.9931988Z"
"event_000000705","session_00000327","user_0010","org_002","search_submitted","","{""query_source"":""base""}","2026-03-07T19:09:33.9931988Z"
"event_000000706","session_00000327","user_0010","org_002","result_clicked","ste_001048","{""position"":5}","2026-03-07T19:09:41.9931988Z"
"event_000000707","session_00000328","user_0010","org_002","search_submitted","","{""query_source"":""base""}","2025-10-26T19:44:33.9931988Z"
"event_000000708","session_00000328","user_0010","org_002","result_clicked","ste_000707","{""position"":4}","2025-10-26T19:44:41.9931988Z"
"event_000000709","session_00000328","user_0010","org_002","purchase_completed","ste_000707","{""source"":""search"",""position"":4}","2025-10-26T19:44:51.9931988Z"
"event_000000710","session_00000329","user_0010","org_002","search_submitted","","{""query_source"":""typo""}","2025-11-24T20:07:33.9931988Z"
"event_000000711","session_00000330","user_0011","org_002","search_submitted","","{""query_source"":""base""}","2026-02-11T17:05:33.9931988Z"
"event_000000712","session_00000331","user_0011","org_002","search_submitted","","{""query_source"":""base""}","2025-12-24T14:57:33.9931988Z"
"event_000000713","session_00000331","user_0011","org_002","result_clicked","ste_000162","{""position"":5}","2025-12-24T14:57:41.9931988Z"
"event_000000714","session_00000331","user_0011","org_002","favorite_added","ste_000162","{""position"":5,""source"":""search""}","2025-12-24T14:57:44.9931988Z"
"event_000000715","session_00000331","user_0011","org_002","purchase_completed","ste_000162","{""source"":""search"",""position"":5}","2025-12-24T14:57:51.9931988Z"
"event_000000716","session_00000332","user_0011","org_002","search_submitted","","{""query_source"":""base""}","2025-12-10T05:04:33.9931988Z"
"event_000000717","session_00000332","user_0011","org_002","result_clicked","ste_000341","{""position"":3}","2025-12-10T05:04:41.9931988Z"
"event_000000718","session_00000333","user_0011","org_002","search_submitted","","{""query_source"":""base""}","2025-12-01T09:56:33.9931988Z"
"event_000000719","session_00000334","user_0011","org_002","search_submitted","","{""query_source"":""typo""}","2026-03-24T22:54:33.9931988Z"
"event_000000720","session_00000334","user_0011","org_002","result_clicked","ste_000190","{""position"":3}","2026-03-24T22:54:41.9931988Z"
"event_000000721","session_00000335","user_0011","org_002","search_submitted","","{""query_source"":""typo""}","2026-03-02T23:00:33.9931988Z"
"event_000000722","session_00000335","user_0011","org_002","result_clicked","ste_000063","{""position"":2}","2026-03-02T23:00:41.9931988Z"
"event_000000723","session_00000336","user_0011","org_002","search_submitted","","{""query_source"":""base""}","2025-12-12T00:27:33.9931988Z"
"event_000000724","session_00000336","user_0011","org_002","result_clicked","ste_000149","{""position"":3}","2025-12-12T00:27:41.9931988Z"
"event_000000725","session_00000336","user_0011","org_002","favorite_added","ste_000149","{""position"":3,""source"":""search""}","2025-12-12T00:27:44.9931988Z"
"event_000000726","session_00000337","user_0011","org_002","search_submitted","","{""query_source"":""base""}","2026-03-25T05:26:33.9931988Z"
"event_000000727","session_00000337","user_0011","org_002","result_clicked","ste_000466","{""position"":3}","2026-03-25T05:26:41.9931988Z"
"event_000000728","session_00000338","user_0011","org_002","search_submitted","","{""query_source"":""base""}","2025-12-06T03:00:33.9931988Z"
"event_000000729","session_00000339","user_0011","org_002","search_submitted","","{""query_source"":""base""}","2025-11-17T09:58:33.9931988Z"
"event_000000730","session_00000339","user_0011","org_002","result_clicked","ste_000945","{""position"":4}","2025-11-17T09:58:41.9931988Z"
"event_000000731","session_00000339","user_0011","org_002","purchase_completed","ste_000945","{""source"":""search"",""position"":4}","2025-11-17T09:58:51.9931988Z"
"event_000000732","session_00000340","user_0011","org_002","search_submitted","","{""query_source"":""typo""}","2026-03-11T20:06:33.9931988Z"
"event_000000733","session_00000340","user_0011","org_002","result_clicked","ste_000242","{""position"":3}","2026-03-11T20:06:41.9931988Z"
"event_000000734","session_00000340","user_0011","org_002","favorite_added","ste_000242","{""position"":3,""source"":""search""}","2026-03-11T20:06:44.9931988Z"
"event_000000735","session_00000340","user_0011","org_002","purchase_completed","ste_000242","{""source"":""search"",""position"":3}","2026-03-11T20:06:51.9931988Z"
"event_000000736","session_00000341","user_0011","org_002","search_submitted","","{""query_source"":""base""}","2026-03-20T10:48:33.9931988Z"
"event_000000737","session_00000342","user_0011","org_002","search_submitted","","{""query_source"":""base""}","2026-02-24T03:28:33.9931988Z"
"event_000000738","session_00000342","user_0011","org_002","result_clicked","ste_000538","{""position"":5}","2026-02-24T03:28:41.9931988Z"
"event_000000739","session_00000343","user_0011","org_002","search_submitted","","{""query_source"":""typo""}","2026-02-11T02:58:33.9931988Z"
"event_000000740","session_00000343","user_0011","org_002","result_clicked","ste_001080","{""position"":1}","2026-02-11T02:58:41.9931988Z"
"event_000000741","session_00000344","user_0011","org_002","search_submitted","","{""query_source"":""synonym""}","2025-11-13T09:29:33.9931988Z"
"event_000000742","session_00000344","user_0011","org_002","result_clicked","ste_000594","{""position"":2}","2025-11-13T09:29:41.9931988Z"
"event_000000743","session_00000344","user_0011","org_002","favorite_added","ste_001111","{""position"":3,""source"":""search""}","2025-11-13T09:29:44.9931988Z"
"event_000000744","session_00000345","user_0011","org_002","search_submitted","","{""query_source"":""base""}","2025-10-08T16:25:33.9931988Z"
"event_000000745","session_00000345","user_0011","org_002","result_clicked","ste_000283","{""position"":3}","2025-10-08T16:25:41.9931988Z"
"event_000000746","session_00000346","user_0011","org_002","search_submitted","","{""query_source"":""base""}","2025-11-09T06:25:33.9931988Z"
"event_000000747","session_00000346","user_0011","org_002","result_clicked","ste_000637","{""position"":4}","2025-11-09T06:25:41.9931988Z"
"event_000000748","session_00000346","user_0011","org_002","favorite_added","ste_000636","{""position"":7,""source"":""search""}","2025-11-09T06:25:44.9931988Z"
"event_000000749","session_00000347","user_0011","org_002","search_submitted","","{""query_source"":""base""}","2026-03-17T04:20:33.9931988Z"
"event_000000750","session_00000348","user_0011","org_002","search_submitted","","{""query_source"":""base""}","2026-01-06T02:55:33.9931988Z"
"event_000000751","session_00000348","user_0011","org_002","result_clicked","ste_000530","{""position"":5}","2026-01-06T02:55:41.9931988Z"
"event_000000752","session_00000349","user_0011","org_002","search_submitted","","{""query_source"":""typo""}","2025-11-29T13:34:33.9931988Z"
"event_000000753","session_00000350","user_0011","org_002","search_submitted","","{""query_source"":""base""}","2025-10-25T07:10:33.9931988Z"
"event_000000754","session_00000350","user_0011","org_002","result_clicked","ste_000500","{""position"":4}","2025-10-25T07:10:41.9931988Z"
"event_000000755","session_00000351","user_0011","org_002","search_submitted","","{""query_source"":""base""}","2026-02-09T07:45:33.9931988Z"
"event_000000756","session_00000351","user_0011","org_002","result_clicked","ste_000687","{""position"":1}","2026-02-09T07:45:41.9931988Z"
"event_000000757","session_00000351","user_0011","org_002","favorite_added","ste_000754","{""position"":2,""source"":""search""}","2026-02-09T07:45:44.9931988Z"
"event_000000758","session_00000352","user_0011","org_002","search_submitted","","{""query_source"":""base""}","2026-01-19T02:04:33.9931988Z"
"event_000000759","session_00000352","user_0011","org_002","result_clicked","ste_000290","{""position"":3}","2026-01-19T02:04:41.9931988Z"
"event_000000760","session_00000353","user_0011","org_002","search_submitted","","{""query_source"":""synonym""}","2025-12-28T10:01:33.9931988Z"
"event_000000761","session_00000353","user_0011","org_002","result_clicked","ste_001128","{""position"":4}","2025-12-28T10:01:41.9931988Z"
"event_000000762","session_00000353","user_0011","org_002","favorite_added","ste_000046","{""position"":1,""source"":""search""}","2025-12-28T10:01:44.9931988Z"
"event_000000763","session_00000354","user_0011","org_002","search_submitted","","{""query_source"":""base""}","2026-03-04T07:16:33.9931988Z"
"event_000000764","session_00000354","user_0011","org_002","result_clicked","ste_000672","{""position"":1}","2026-03-04T07:16:41.9931988Z"
"event_000000765","session_00000354","user_0011","org_002","favorite_added","ste_000258","{""position"":3,""source"":""search""}","2026-03-04T07:16:44.9931988Z"
"event_000000766","session_00000355","user_0011","org_002","search_submitted","","{""query_source"":""base""}","2025-12-18T08:44:33.9931988Z"
"event_000000767","session_00000355","user_0011","org_002","result_clicked","ste_000590","{""position"":1}","2025-12-18T08:44:41.9931988Z"
"event_000000768","session_00000356","user_0011","org_002","search_submitted","","{""query_source"":""base""}","2026-03-26T21:03:33.9931988Z"
"event_000000769","session_00000357","user_0011","org_002","search_submitted","","{""query_source"":""typo""}","2026-01-06T14:29:33.9931988Z"
"event_000000770","session_00000357","user_0011","org_002","result_clicked","ste_000178","{""position"":1}","2026-01-06T14:29:41.9931988Z"
"event_000000771","session_00000357","user_0011","org_002","favorite_added","ste_000178","{""position"":1,""source"":""search""}","2026-01-06T14:29:44.9931988Z"
"event_000000772","session_00000358","user_0011","org_002","search_submitted","","{""query_source"":""base""}","2025-11-16T23:09:33.9931988Z"
"event_000000773","session_00000358","user_0011","org_002","result_clicked","ste_000581","{""position"":3}","2025-11-16T23:09:41.9931988Z"
"event_000000774","session_00000358","user_0011","org_002","purchase_completed","ste_000581","{""source"":""search"",""position"":3}","2025-11-16T23:09:51.9931988Z"
"event_000000775","session_00000359","user_0011","org_002","search_submitted","","{""query_source"":""base""}","2026-01-04T08:19:33.9931988Z"
"event_000000776","session_00000359","user_0011","org_002","result_clicked","ste_000230","{""position"":4}","2026-01-04T08:19:41.9931988Z"
"event_000000777","session_00000359","user_0011","org_002","purchase_completed","ste_000230","{""source"":""search"",""position"":4}","2026-01-04T08:19:51.9931988Z"
"event_000000778","session_00000360","user_0011","org_002","search_submitted","","{""query_source"":""typo""}","2025-11-07T06:19:33.9931988Z"
"event_000000779","session_00000361","user_0011","org_002","search_submitted","","{""query_source"":""base""}","2025-11-18T08:36:33.9931988Z"
"event_000000780","session_00000361","user_0011","org_002","result_clicked","ste_000453","{""position"":3}","2025-11-18T08:36:41.9931988Z"
"event_000000781","session_00000361","user_0011","org_002","favorite_added","ste_001126","{""position"":5,""source"":""search""}","2025-11-18T08:36:44.9931988Z"
"event_000000782","session_00000361","user_0011","org_002","purchase_completed","ste_000453","{""source"":""search"",""position"":3}","2025-11-18T08:36:51.9931988Z"
"event_000000783","session_00000362","user_0011","org_002","search_submitted","","{""query_source"":""base""}","2025-10-17T14:10:33.9931988Z"
"event_000000784","session_00000363","user_0011","org_002","search_submitted","","{""query_source"":""synonym""}","2025-12-25T23:19:33.9931988Z"
"event_000000785","session_00000363","user_0011","org_002","result_clicked","ste_000230","{""position"":2}","2025-12-25T23:19:41.9931988Z"
"event_000000786","session_00000363","user_0011","org_002","favorite_added","ste_000014","{""position"":1,""source"":""search""}","2025-12-25T23:19:44.9931988Z"
"event_000000787","session_00000364","user_0012","org_002","search_submitted","","{""query_source"":""base""}","2026-03-25T21:55:33.9931988Z"
"event_000000788","session_00000365","user_0012","org_002","search_submitted","","{""query_source"":""base""}","2025-10-01T21:36:33.9931988Z"
"event_000000789","session_00000365","user_0012","org_002","result_clicked","ste_000688","{""position"":3}","2025-10-01T21:36:41.9931988Z"
"event_000000790","session_00000365","user_0012","org_002","favorite_added","ste_000688","{""position"":3,""source"":""search""}","2025-10-01T21:36:44.9931988Z"
"event_000000791","session_00000366","user_0012","org_002","search_submitted","","{""query_source"":""base""}","2025-10-10T04:52:33.9931988Z"
"event_000000792","session_00000366","user_0012","org_002","result_clicked","ste_000936","{""position"":5}","2025-10-10T04:52:41.9931988Z"
"event_000000793","session_00000366","user_0012","org_002","favorite_added","ste_001065","{""position"":4,""source"":""search""}","2025-10-10T04:52:44.9931988Z"
"event_000000794","session_00000367","user_0012","org_002","search_submitted","","{""query_source"":""base""}","2025-12-12T09:29:33.9931988Z"
"event_000000795","session_00000368","user_0012","org_002","search_submitted","","{""query_source"":""base""}","2025-10-07T00:55:33.9931988Z"
"event_000000796","session_00000368","user_0012","org_002","result_clicked","ste_000083","{""position"":3}","2025-10-07T00:55:41.9931988Z"
"event_000000797","session_00000368","user_0012","org_002","purchase_completed","ste_000083","{""source"":""search"",""position"":3}","2025-10-07T00:55:51.9931988Z"
"event_000000798","session_00000369","user_0012","org_002","search_submitted","","{""query_source"":""base""}","2026-01-28T12:44:33.9931988Z"
"event_000000799","session_00000369","user_0012","org_002","result_clicked","ste_000446","{""position"":2}","2026-01-28T12:44:41.9931988Z"
"event_000000800","session_00000370","user_0012","org_002","search_submitted","","{""query_source"":""base""}","2025-12-19T17:10:33.9931988Z"
"event_000000801","session_00000370","user_0012","org_002","result_clicked","ste_001068","{""position"":5}","2025-12-19T17:10:41.9931988Z"
"event_000000802","session_00000370","user_0012","org_002","favorite_added","ste_000384","{""position"":6,""source"":""search""}","2025-12-19T17:10:44.9931988Z"
"event_000000803","session_00000371","user_0012","org_002","search_submitted","","{""query_source"":""base""}","2025-12-16T20:13:33.9931988Z"
"event_000000804","session_00000371","user_0012","org_002","result_clicked","ste_000537","{""position"":3}","2025-12-16T20:13:41.9931988Z"
"event_000000805","session_00000372","user_0012","org_002","search_submitted","","{""query_source"":""base""}","2025-12-19T05:29:33.9931988Z"
"event_000000806","session_00000373","user_0012","org_002","search_submitted","","{""query_source"":""base""}","2026-03-06T05:28:33.9931988Z"
"event_000000807","session_00000374","user_0012","org_002","search_submitted","","{""query_source"":""typo""}","2025-10-18T14:30:33.9931988Z"
"event_000000808","session_00000374","user_0012","org_002","result_clicked","ste_000880","{""position"":5}","2025-10-18T14:30:41.9931988Z"
"event_000000809","session_00000375","user_0012","org_002","search_submitted","","{""query_source"":""base""}","2026-01-29T07:55:33.9931988Z"
"event_000000810","session_00000375","user_0012","org_002","result_clicked","ste_001051","{""position"":3}","2026-01-29T07:55:41.9931988Z"
"event_000000811","session_00000375","user_0012","org_002","favorite_added","ste_000049","{""position"":4,""source"":""search""}","2026-01-29T07:55:44.9931988Z"
"event_000000812","session_00000376","user_0012","org_002","search_submitted","","{""query_source"":""base""}","2026-01-30T04:23:33.9931988Z"
"event_000000813","session_00000376","user_0012","org_002","result_clicked","ste_000270","{""position"":5}","2026-01-30T04:23:41.9931988Z"
"event_000000814","session_00000376","user_0012","org_002","purchase_completed","ste_000270","{""source"":""search"",""position"":5}","2026-01-30T04:23:51.9931988Z"
"event_000000815","session_00000377","user_0012","org_002","search_submitted","","{""query_source"":""base""}","2025-12-16T01:49:33.9931988Z"
"event_000000816","session_00000378","user_0012","org_002","search_submitted","","{""query_source"":""base""}","2026-01-13T18:57:33.9931988Z"
"event_000000817","session_00000379","user_0012","org_002","search_submitted","","{""query_source"":""base""}","2026-01-18T05:08:33.9931988Z"
"event_000000818","session_00000379","user_0012","org_002","result_clicked","ste_000565","{""position"":5}","2026-01-18T05:08:41.9931988Z"
"event_000000819","session_00000379","user_0012","org_002","favorite_added","ste_000759","{""position"":1,""source"":""search""}","2026-01-18T05:08:44.9931988Z"
"event_000000820","session_00000380","user_0012","org_002","search_submitted","","{""query_source"":""base""}","2026-01-07T04:41:33.9931988Z"
"event_000000821","session_00000380","user_0012","org_002","result_clicked","ste_000975","{""position"":3}","2026-01-07T04:41:41.9931988Z"
"event_000000822","session_00000380","user_0012","org_002","favorite_added","ste_001085","{""position"":2,""source"":""search""}","2026-01-07T04:41:44.9931988Z"
"event_000000823","session_00000381","user_0012","org_002","search_submitted","","{""query_source"":""base""}","2026-02-13T21:04:33.9931988Z"
"event_000000824","session_00000381","user_0012","org_002","result_clicked","ste_000906","{""position"":1}","2026-02-13T21:04:41.9931988Z"
"event_000000825","session_00000382","user_0012","org_002","search_submitted","","{""query_source"":""base""}","2026-03-22T13:33:33.9931988Z"
"event_000000826","session_00000383","user_0012","org_002","search_submitted","","{""query_source"":""base""}","2026-03-20T12:24:33.9931988Z"
"event_000000827","session_00000384","user_0012","org_002","search_submitted","","{""query_source"":""base""}","2026-01-18T22:44:33.9931988Z"
"event_000000828","session_00000384","user_0012","org_002","result_clicked","ste_000313","{""position"":2}","2026-01-18T22:44:41.9931988Z"
"event_000000829","session_00000385","user_0012","org_002","search_submitted","","{""query_source"":""base""}","2025-11-21T12:26:33.9931988Z"
"event_000000830","session_00000385","user_0012","org_002","result_clicked","ste_000483","{""position"":1}","2025-11-21T12:26:41.9931988Z"
"event_000000831","session_00000385","user_0012","org_002","purchase_completed","ste_000483","{""source"":""search"",""position"":1}","2025-11-21T12:26:51.9931988Z"
"event_000000832","session_00000386","user_0012","org_002","search_submitted","","{""query_source"":""typo""}","2026-03-13T13:50:33.9931988Z"
"event_000000833","session_00000386","user_0012","org_002","result_clicked","ste_000343","{""position"":3}","2026-03-13T13:50:41.9931988Z"
"event_000000834","session_00000386","user_0012","org_002","favorite_added","ste_000207","{""position"":5,""source"":""search""}","2026-03-13T13:50:44.9931988Z"
"event_000000835","session_00000387","user_0012","org_002","search_submitted","","{""query_source"":""base""}","2025-11-29T15:31:33.9931988Z"
"event_000000836","session_00000388","user_0012","org_002","search_submitted","","{""query_source"":""base""}","2026-01-04T06:36:33.9931988Z"
"event_000000837","session_00000389","user_0012","org_002","search_submitted","","{""query_source"":""base""}","2025-11-28T08:02:33.9931988Z"
"event_000000838","session_00000389","user_0012","org_002","result_clicked","ste_000169","{""position"":3}","2025-11-28T08:02:41.9931988Z"
"event_000000839","session_00000389","user_0012","org_002","favorite_added","ste_000169","{""position"":3,""source"":""search""}","2025-11-28T08:02:44.9931988Z"
"event_000000840","session_00000389","user_0012","org_002","purchase_completed","ste_000169","{""source"":""search"",""position"":3}","2025-11-28T08:02:51.9931988Z"
"event_000000841","session_00000390","user_0012","org_002","search_submitted","","{""query_source"":""base""}","2025-10-10T22:59:33.9931988Z"
"event_000000842","session_00000390","user_0012","org_002","result_clicked","ste_000274","{""position"":3}","2025-10-10T22:59:41.9931988Z"
"event_000000843","session_00000390","user_0012","org_002","favorite_added","ste_000321","{""position"":7,""source"":""search""}","2025-10-10T22:59:44.9931988Z"
"event_000000844","session_00000391","user_0012","org_002","search_submitted","","{""query_source"":""base""}","2025-10-14T15:13:33.9931988Z"
"event_000000845","session_00000392","user_0012","org_002","search_submitted","","{""query_source"":""base""}","2025-12-12T04:17:33.9931988Z"
"event_000000846","session_00000392","user_0012","org_002","result_clicked","ste_000017","{""position"":5}","2025-12-12T04:17:41.9931988Z"
"event_000000847","session_00000392","user_0012","org_002","favorite_added","ste_000787","{""position"":7,""source"":""search""}","2025-12-12T04:17:44.9931988Z"
"event_000000848","session_00000392","user_0012","org_002","purchase_completed","ste_000017","{""source"":""search"",""position"":5}","2025-12-12T04:17:51.9931988Z"
"event_000000849","session_00000393","user_0013","org_002","search_submitted","","{""query_source"":""synonym""}","2026-03-20T15:07:33.9931988Z"
"event_000000850","session_00000394","user_0013","org_002","search_submitted","","{""query_source"":""base""}","2025-11-05T04:31:33.9931988Z"
"event_000000851","session_00000394","user_0013","org_002","result_clicked","ste_000019","{""position"":4}","2025-11-05T04:31:41.9931988Z"
"event_000000852","session_00000395","user_0013","org_002","search_submitted","","{""query_source"":""base""}","2025-11-09T01:30:33.9931988Z"
"event_000000853","session_00000395","user_0013","org_002","result_clicked","ste_000916","{""position"":3}","2025-11-09T01:30:41.9931988Z"
"event_000000854","session_00000395","user_0013","org_002","purchase_completed","ste_000916","{""source"":""search"",""position"":3}","2025-11-09T01:30:51.9931988Z"
"event_000000855","session_00000396","user_0013","org_002","search_submitted","","{""query_source"":""base""}","2026-01-30T03:12:33.9931988Z"
"event_000000856","session_00000397","user_0013","org_002","search_submitted","","{""query_source"":""base""}","2026-03-03T00:30:33.9931988Z"
"event_000000857","session_00000397","user_0013","org_002","result_clicked","ste_000417","{""position"":4}","2026-03-03T00:30:41.9931988Z"
"event_000000858","session_00000397","user_0013","org_002","favorite_added","ste_000417","{""position"":4,""source"":""search""}","2026-03-03T00:30:44.9931988Z"
"event_000000859","session_00000398","user_0013","org_002","search_submitted","","{""query_source"":""base""}","2025-10-18T07:41:33.9931988Z"
"event_000000860","session_00000398","user_0013","org_002","result_clicked","ste_000713","{""position"":2}","2025-10-18T07:41:41.9931988Z"
"event_000000861","session_00000399","user_0013","org_002","search_submitted","","{""query_source"":""synonym""}","2026-03-09T09:36:33.9931988Z"
"event_000000862","session_00000400","user_0013","org_002","search_submitted","","{""query_source"":""synonym""}","2025-10-10T23:44:33.9931988Z"
"event_000000863","session_00000400","user_0013","org_002","result_clicked","ste_000281","{""position"":2}","2025-10-10T23:44:41.9931988Z"
"event_000000864","session_00000400","user_0013","org_002","favorite_added","ste_000395","{""position"":5,""source"":""search""}","2025-10-10T23:44:44.9931988Z"
"event_000000865","session_00000400","user_0013","org_002","purchase_completed","ste_000281","{""source"":""search"",""position"":2}","2025-10-10T23:44:51.9931988Z"
"event_000000866","session_00000401","user_0013","org_002","search_submitted","","{""query_source"":""base""}","2026-03-06T05:28:33.9931988Z"
"event_000000867","session_00000401","user_0013","org_002","result_clicked","ste_000589","{""position"":1}","2026-03-06T05:28:41.9931988Z"
"event_000000868","session_00000401","user_0013","org_002","favorite_added","ste_000729","{""position"":2,""source"":""search""}","2026-03-06T05:28:44.9931988Z"
"event_000000869","session_00000402","user_0013","org_002","search_submitted","","{""query_source"":""base""}","2026-02-21T07:15:33.9931988Z"
"event_000000870","session_00000402","user_0013","org_002","result_clicked","ste_000387","{""position"":3}","2026-02-21T07:15:41.9931988Z"
"event_000000871","session_00000402","user_0013","org_002","favorite_added","ste_000292","{""position"":6,""source"":""search""}","2026-02-21T07:15:44.9931988Z"
"event_000000872","session_00000402","user_0013","org_002","purchase_completed","ste_000387","{""source"":""search"",""position"":3}","2026-02-21T07:15:51.9931988Z"
"event_000000873","session_00000403","user_0013","org_002","search_submitted","","{""query_source"":""base""}","2026-03-03T07:50:33.9931988Z"
"event_000000874","session_00000403","user_0013","org_002","result_clicked","ste_000489","{""position"":3}","2026-03-03T07:50:41.9931988Z"
"event_000000875","session_00000404","user_0013","org_002","search_submitted","","{""query_source"":""base""}","2026-03-21T07:43:33.9931988Z"
"event_000000876","session_00000404","user_0013","org_002","result_clicked","ste_000306","{""position"":2}","2026-03-21T07:43:41.9931988Z"
"event_000000877","session_00000405","user_0013","org_002","search_submitted","","{""query_source"":""base""}","2025-12-15T18:29:33.9931988Z"
"event_000000878","session_00000405","user_0013","org_002","result_clicked","ste_000321","{""position"":2}","2025-12-15T18:29:41.9931988Z"
"event_000000879","session_00000406","user_0013","org_002","search_submitted","","{""query_source"":""base""}","2025-10-14T03:34:33.9931988Z"
"event_000000880","session_00000406","user_0013","org_002","result_clicked","ste_000731","{""position"":5}","2025-10-14T03:34:41.9931988Z"
"event_000000881","session_00000406","user_0013","org_002","favorite_added","ste_001105","{""position"":2,""source"":""search""}","2025-10-14T03:34:44.9931988Z"
"event_000000882","session_00000407","user_0013","org_002","search_submitted","","{""query_source"":""base""}","2026-01-11T22:29:33.9931988Z"
"event_000000883","session_00000408","user_0013","org_002","search_submitted","","{""query_source"":""base""}","2026-01-03T14:23:33.9931988Z"
"event_000000884","session_00000408","user_0013","org_002","result_clicked","ste_000102","{""position"":5}","2026-01-03T14:23:41.9931988Z"
"event_000000885","session_00000408","user_0013","org_002","purchase_completed","ste_000102","{""source"":""search"",""position"":5}","2026-01-03T14:23:51.9931988Z"
"event_000000886","session_00000409","user_0013","org_002","search_submitted","","{""query_source"":""base""}","2026-02-02T22:20:33.9931988Z"
"event_000000887","session_00000410","user_0013","org_002","search_submitted","","{""query_source"":""synonym""}","2025-11-12T19:17:33.9931988Z"
"event_000000888","session_00000410","user_0013","org_002","result_clicked","ste_000650","{""position"":5}","2025-11-12T19:17:41.9931988Z"
"event_000000889","session_00000411","user_0013","org_002","search_submitted","","{""query_source"":""base""}","2026-01-19T20:41:33.9931988Z"
"event_000000890","session_00000411","user_0013","org_002","result_clicked","ste_001059","{""position"":5}","2026-01-19T20:41:41.9931988Z"
"event_000000891","session_00000412","user_0013","org_002","search_submitted","","{""query_source"":""base""}","2026-02-19T06:38:33.9931988Z"
"event_000000892","session_00000412","user_0013","org_002","result_clicked","ste_000431","{""position"":2}","2026-02-19T06:38:41.9931988Z"
"event_000000893","session_00000413","user_0013","org_002","search_submitted","","{""query_source"":""base""}","2026-01-22T20:41:33.9931988Z"
"event_000000894","session_00000413","user_0013","org_002","result_clicked","ste_001073","{""position"":1}","2026-01-22T20:41:41.9931988Z"
"event_000000895","session_00000413","user_0013","org_002","purchase_completed","ste_001073","{""source"":""search"",""position"":1}","2026-01-22T20:41:51.9931988Z"
"event_000000896","session_00000414","user_0013","org_002","search_submitted","","{""query_source"":""base""}","2026-03-15T20:21:33.9931988Z"
"event_000000897","session_00000415","user_0013","org_002","search_submitted","","{""query_source"":""typo""}","2025-10-31T17:37:33.9931988Z"
"event_000000898","session_00000415","user_0013","org_002","result_clicked","ste_000470","{""position"":1}","2025-10-31T17:37:41.9931988Z"
"event_000000899","session_00000415","user_0013","org_002","favorite_added","ste_000267","{""position"":2,""source"":""search""}","2025-10-31T17:37:44.9931988Z"
"event_000000900","session_00000416","user_0013","org_002","search_submitted","","{""query_source"":""base""}","2025-10-31T07:27:33.9931988Z"
"event_000000901","session_00000416","user_0013","org_002","result_clicked","ste_001120","{""position"":3}","2025-10-31T07:27:41.9931988Z"
"event_000000902","session_00000416","user_0013","org_002","favorite_added","ste_000174","{""position"":6,""source"":""search""}","2025-10-31T07:27:44.9931988Z"
"event_000000903","session_00000417","user_0013","org_002","search_submitted","","{""query_source"":""base""}","2025-10-17T03:22:33.9931988Z"
"event_000000904","session_00000417","user_0013","org_002","result_clicked","ste_001012","{""position"":1}","2025-10-17T03:22:41.9931988Z"
"event_000000905","session_00000417","user_0013","org_002","favorite_added","ste_000307","{""position"":2,""source"":""search""}","2025-10-17T03:22:44.9931988Z"
"event_000000906","session_00000418","user_0013","org_002","search_submitted","","{""query_source"":""base""}","2026-02-06T12:32:33.9931988Z"
"event_000000907","session_00000418","user_0013","org_002","result_clicked","ste_000153","{""position"":3}","2026-02-06T12:32:41.9931988Z"
"event_000000908","session_00000419","user_0013","org_002","search_submitted","","{""query_source"":""base""}","2025-11-20T15:38:33.9931988Z"
"event_000000909","session_00000420","user_0013","org_002","search_submitted","","{""query_source"":""base""}","2025-11-11T13:02:33.9931988Z"
"event_000000910","session_00000421","user_0013","org_002","search_submitted","","{""query_source"":""typo""}","2026-01-19T12:56:33.9931988Z"
"event_000000911","session_00000421","user_0013","org_002","result_clicked","ste_000494","{""position"":5}","2026-01-19T12:56:41.9931988Z"
"event_000000912","session_00000421","user_0013","org_002","favorite_added","ste_001019","{""position"":1,""source"":""search""}","2026-01-19T12:56:44.9931988Z"
"event_000000913","session_00000421","user_0013","org_002","purchase_completed","ste_000494","{""source"":""search"",""position"":5}","2026-01-19T12:56:51.9931988Z"
"event_000000914","session_00000422","user_0013","org_002","search_submitted","","{""query_source"":""base""}","2025-11-28T23:29:33.9931988Z"
"event_000000915","session_00000422","user_0013","org_002","result_clicked","ste_000973","{""position"":1}","2025-11-28T23:29:41.9931988Z"
"event_000000916","session_00000422","user_0013","org_002","favorite_added","ste_000401","{""position"":2,""source"":""search""}","2025-11-28T23:29:44.9931988Z"
"event_000000917","session_00000423","user_0014","org_002","search_submitted","","{""query_source"":""base""}","2025-12-17T23:37:33.9931988Z"
"event_000000918","session_00000423","user_0014","org_002","result_clicked","ste_000754","{""position"":3}","2025-12-17T23:37:41.9931988Z"
"event_000000919","session_00000423","user_0014","org_002","purchase_completed","ste_000754","{""source"":""search"",""position"":3}","2025-12-17T23:37:51.9931988Z"
"event_000000920","session_00000424","user_0014","org_002","search_submitted","","{""query_source"":""base""}","2025-12-02T03:20:33.9931988Z"
"event_000000921","session_00000425","user_0014","org_002","search_submitted","","{""query_source"":""base""}","2025-12-14T20:07:33.9931988Z"
"event_000000922","session_00000426","user_0014","org_002","search_submitted","","{""query_source"":""base""}","2026-01-09T01:33:33.9931988Z"
"event_000000923","session_00000426","user_0014","org_002","result_clicked","ste_000777","{""position"":2}","2026-01-09T01:33:41.9931988Z"
"event_000000924","session_00000426","user_0014","org_002","purchase_completed","ste_000777","{""source"":""search"",""position"":2}","2026-01-09T01:33:51.9931988Z"
"event_000000925","session_00000427","user_0014","org_002","search_submitted","","{""query_source"":""base""}","2025-12-07T04:11:33.9931988Z"
"event_000000926","session_00000427","user_0014","org_002","result_clicked","ste_000245","{""position"":1}","2025-12-07T04:11:41.9931988Z"
"event_000000927","session_00000427","user_0014","org_002","purchase_completed","ste_000245","{""source"":""search"",""position"":1}","2025-12-07T04:11:51.9931988Z"
"event_000000928","session_00000428","user_0014","org_002","search_submitted","","{""query_source"":""base""}","2026-01-12T04:17:33.9931988Z"
"event_000000929","session_00000428","user_0014","org_002","result_clicked","ste_001104","{""position"":1}","2026-01-12T04:17:41.9931988Z"
"event_000000930","session_00000429","user_0014","org_002","search_submitted","","{""query_source"":""base""}","2025-10-25T21:29:33.9931988Z"
"event_000000931","session_00000429","user_0014","org_002","result_clicked","ste_000089","{""position"":3}","2025-10-25T21:29:41.9931988Z"
"event_000000932","session_00000429","user_0014","org_002","favorite_added","ste_000650","{""position"":2,""source"":""search""}","2025-10-25T21:29:44.9931988Z"
"event_000000933","session_00000429","user_0014","org_002","purchase_completed","ste_000089","{""source"":""search"",""position"":3}","2025-10-25T21:29:51.9931988Z"
"event_000000934","session_00000430","user_0014","org_002","search_submitted","","{""query_source"":""synonym""}","2025-12-28T08:30:33.9931988Z"
"event_000000935","session_00000431","user_0014","org_002","search_submitted","","{""query_source"":""base""}","2026-03-22T13:38:33.9931988Z"
"event_000000936","session_00000431","user_0014","org_002","result_clicked","ste_000039","{""position"":2}","2026-03-22T13:38:41.9931988Z"
"event_000000937","session_00000431","user_0014","org_002","favorite_added","ste_000026","{""position"":1,""source"":""search""}","2026-03-22T13:38:44.9931988Z"
"event_000000938","session_00000432","user_0014","org_002","search_submitted","","{""query_source"":""typo""}","2026-03-03T20:40:33.9931988Z"
"event_000000939","session_00000433","user_0014","org_002","search_submitted","","{""query_source"":""base""}","2026-03-04T21:01:33.9931988Z"
"event_000000940","session_00000434","user_0014","org_002","search_submitted","","{""query_source"":""base""}","2026-02-03T02:31:33.9931988Z"
"event_000000941","session_00000434","user_0014","org_002","result_clicked","ste_000862","{""position"":2}","2026-02-03T02:31:41.9931988Z"
"event_000000942","session_00000434","user_0014","org_002","favorite_added","ste_000128","{""position"":5,""source"":""search""}","2026-02-03T02:31:44.9931988Z"
"event_000000943","session_00000435","user_0014","org_002","search_submitted","","{""query_source"":""synonym""}","2025-12-02T12:43:33.9931988Z"
"event_000000944","session_00000435","user_0014","org_002","result_clicked","ste_000067","{""position"":5}","2025-12-02T12:43:41.9931988Z"
"event_000000945","session_00000436","user_0014","org_002","search_submitted","","{""query_source"":""base""}","2025-12-26T08:49:33.9931988Z"
"event_000000946","session_00000436","user_0014","org_002","result_clicked","ste_000815","{""position"":4}","2025-12-26T08:49:41.9931988Z"
"event_000000947","session_00000437","user_0014","org_002","search_submitted","","{""query_source"":""base""}","2026-01-21T01:37:33.9931988Z"
"event_000000948","session_00000437","user_0014","org_002","result_clicked","ste_001159","{""position"":4}","2026-01-21T01:37:41.9931988Z"
"event_000000949","session_00000437","user_0014","org_002","purchase_completed","ste_001159","{""source"":""search"",""position"":4}","2026-01-21T01:37:51.9931988Z"
"event_000000950","session_00000438","user_0014","org_002","search_submitted","","{""query_source"":""base""}","2025-10-19T11:27:33.9931988Z"
"event_000000951","session_00000439","user_0014","org_002","search_submitted","","{""query_source"":""base""}","2025-10-22T10:09:33.9931988Z"
"event_000000952","session_00000440","user_0014","org_002","search_submitted","","{""query_source"":""base""}","2025-11-19T14:24:33.9931988Z"
"event_000000953","session_00000440","user_0014","org_002","result_clicked","ste_000685","{""position"":5}","2025-11-19T14:24:41.9931988Z"
"event_000000954","session_00000440","user_0014","org_002","favorite_added","ste_000139","{""position"":3,""source"":""search""}","2025-11-19T14:24:44.9931988Z"
"event_000000955","session_00000441","user_0014","org_002","search_submitted","","{""query_source"":""base""}","2026-01-22T01:52:33.9931988Z"
"event_000000956","session_00000441","user_0014","org_002","result_clicked","ste_000247","{""position"":2}","2026-01-22T01:52:41.9931988Z"
"event_000000957","session_00000441","user_0014","org_002","favorite_added","ste_001027","{""position"":6,""source"":""search""}","2026-01-22T01:52:44.9931988Z"
"event_000000958","session_00000442","user_0014","org_002","search_submitted","","{""query_source"":""base""}","2026-02-25T11:06:33.9931988Z"
"event_000000959","session_00000442","user_0014","org_002","result_clicked","ste_001114","{""position"":1}","2026-02-25T11:06:41.9931988Z"
"event_000000960","session_00000443","user_0014","org_002","search_submitted","","{""query_source"":""base""}","2026-01-08T23:29:33.9931988Z"
"event_000000961","session_00000443","user_0014","org_002","result_clicked","ste_000672","{""position"":5}","2026-01-08T23:29:41.9931988Z"
"event_000000962","session_00000443","user_0014","org_002","favorite_added","ste_000940","{""position"":2,""source"":""search""}","2026-01-08T23:29:44.9931988Z"
"event_000000963","session_00000444","user_0014","org_002","search_submitted","","{""query_source"":""base""}","2026-02-10T05:32:33.9931988Z"
"event_000000964","session_00000444","user_0014","org_002","result_clicked","ste_000704","{""position"":3}","2026-02-10T05:32:41.9931988Z"
"event_000000965","session_00000445","user_0014","org_002","search_submitted","","{""query_source"":""base""}","2026-01-01T23:10:33.9931988Z"
"event_000000966","session_00000446","user_0014","org_002","search_submitted","","{""query_source"":""synonym""}","2026-01-10T16:33:33.9931988Z"
"event_000000967","session_00000446","user_0014","org_002","result_clicked","ste_000766","{""position"":3}","2026-01-10T16:33:41.9931988Z"
"event_000000968","session_00000446","user_0014","org_002","favorite_added","ste_000930","{""position"":4,""source"":""search""}","2026-01-10T16:33:44.9931988Z"
"event_000000969","session_00000447","user_0014","org_002","search_submitted","","{""query_source"":""base""}","2026-01-10T01:29:33.9931988Z"
"event_000000970","session_00000447","user_0014","org_002","result_clicked","ste_000997","{""position"":5}","2026-01-10T01:29:41.9931988Z"
"event_000000971","session_00000448","user_0014","org_002","search_submitted","","{""query_source"":""typo""}","2025-11-28T04:33:33.9931988Z"
"event_000000972","session_00000449","user_0014","org_002","search_submitted","","{""query_source"":""base""}","2026-03-07T00:38:33.9931988Z"
"event_000000973","session_00000450","user_0014","org_002","search_submitted","","{""query_source"":""base""}","2026-03-14T08:21:33.9931988Z"
"event_000000974","session_00000451","user_0014","org_002","search_submitted","","{""query_source"":""base""}","2025-10-02T08:20:33.9931988Z"
"event_000000975","session_00000451","user_0014","org_002","result_clicked","ste_000321","{""position"":4}","2025-10-02T08:20:41.9931988Z"
"event_000000976","session_00000452","user_0014","org_002","search_submitted","","{""query_source"":""base""}","2025-11-25T04:50:33.9931988Z"
"event_000000977","session_00000452","user_0014","org_002","result_clicked","ste_000509","{""position"":4}","2025-11-25T04:50:41.9931988Z"
"event_000000978","session_00000452","user_0014","org_002","favorite_added","ste_000470","{""position"":7,""source"":""search""}","2025-11-25T04:50:44.9931988Z"
"event_000000979","session_00000452","user_0014","org_002","purchase_completed","ste_000509","{""source"":""search"",""position"":4}","2025-11-25T04:50:51.9931988Z"
"event_000000980","session_00000453","user_0014","org_002","search_submitted","","{""query_source"":""base""}","2025-11-19T10:14:33.9931988Z"
"event_000000981","session_00000453","user_0014","org_002","result_clicked","ste_000612","{""position"":2}","2025-11-19T10:14:41.9931988Z"
"event_000000982","session_00000453","user_0014","org_002","favorite_added","ste_000447","{""position"":6,""source"":""search""}","2025-11-19T10:14:44.9931988Z"
"event_000000983","session_00000453","user_0014","org_002","purchase_completed","ste_000612","{""source"":""search"",""position"":2}","2025-11-19T10:14:51.9931988Z"
"event_000000984","session_00000454","user_0014","org_002","search_submitted","","{""query_source"":""typo""}","2026-03-20T23:29:33.9931988Z"
"event_000000985","session_00000455","user_0014","org_002","search_submitted","","{""query_source"":""base""}","2026-02-18T14:33:33.9931988Z"
"event_000000986","session_00000455","user_0014","org_002","result_clicked","ste_001033","{""position"":4}","2026-02-18T14:33:41.9931988Z"
"event_000000987","session_00000455","user_0014","org_002","favorite_added","ste_000352","{""position"":3,""source"":""search""}","2026-02-18T14:33:44.9931988Z"
"event_000000988","session_00000456","user_0014","org_002","search_submitted","","{""query_source"":""base""}","2026-01-31T04:03:33.9931988Z"
"event_000000989","session_00000456","user_0014","org_002","result_clicked","ste_000513","{""position"":3}","2026-01-31T04:03:41.9931988Z"
"event_000000990","session_00000456","user_0014","org_002","purchase_completed","ste_000513","{""source"":""search"",""position"":3}","2026-01-31T04:03:51.9931988Z"
"event_000000991","session_00000457","user_0014","org_002","search_submitted","","{""query_source"":""base""}","2026-02-06T08:11:33.9931988Z"
"event_000000992","session_00000458","user_0014","org_002","search_submitted","","{""query_source"":""base""}","2026-03-19T20:24:33.9931988Z"
"event_000000993","session_00000458","user_0014","org_002","result_clicked","ste_000261","{""position"":1}","2026-03-19T20:24:41.9931988Z"
"event_000000994","session_00000458","user_0014","org_002","purchase_completed","ste_000261","{""source"":""search"",""position"":1}","2026-03-19T20:24:51.9931988Z"
"event_000000995","session_00000459","user_0015","org_002","search_submitted","","{""query_source"":""synonym""}","2026-03-16T07:11:33.9931988Z"
"event_000000996","session_00000460","user_0015","org_002","search_submitted","","{""query_source"":""base""}","2025-12-19T16:49:33.9931988Z"
"event_000000997","session_00000460","user_0015","org_002","result_clicked","ste_000745","{""position"":2}","2025-12-19T16:49:41.9931988Z"
"event_000000998","session_00000460","user_0015","org_002","favorite_added","ste_000264","{""position"":5,""source"":""search""}","2025-12-19T16:49:44.9931988Z"
"event_000000999","session_00000461","user_0015","org_002","search_submitted","","{""query_source"":""typo""}","2026-01-31T19:59:33.9931988Z"
"event_000001000","session_00000462","user_0015","org_002","search_submitted","","{""query_source"":""base""}","2025-10-03T05:14:33.9931988Z"
"event_000001001","session_00000462","user_0015","org_002","result_clicked","ste_001143","{""position"":4}","2025-10-03T05:14:41.9931988Z"
"event_000001002","session_00000463","user_0015","org_002","search_submitted","","{""query_source"":""typo""}","2025-10-05T14:30:33.9931988Z"
"event_000001003","session_00000463","user_0015","org_002","result_clicked","ste_000234","{""position"":3}","2025-10-05T14:30:41.9931988Z"
"event_000001004","session_00000464","user_0015","org_002","search_submitted","","{""query_source"":""base""}","2026-01-04T08:29:33.9931988Z"
"event_000001005","session_00000464","user_0015","org_002","result_clicked","ste_000137","{""position"":1}","2026-01-04T08:29:41.9931988Z"
"event_000001006","session_00000465","user_0015","org_002","search_submitted","","{""query_source"":""base""}","2025-10-23T22:48:33.9931988Z"
"event_000001007","session_00000466","user_0015","org_002","search_submitted","","{""query_source"":""typo""}","2025-12-08T16:37:33.9931988Z"
"event_000001008","session_00000466","user_0015","org_002","result_clicked","ste_000220","{""position"":4}","2025-12-08T16:37:41.9931988Z"
"event_000001009","session_00000467","user_0015","org_002","search_submitted","","{""query_source"":""typo""}","2026-02-21T14:35:33.9931988Z"
"event_000001010","session_00000467","user_0015","org_002","result_clicked","ste_000596","{""position"":3}","2026-02-21T14:35:41.9931988Z"
"event_000001011","session_00000468","user_0015","org_002","search_submitted","","{""query_source"":""typo""}","2025-10-08T03:34:33.9931988Z"
"event_000001012","session_00000469","user_0015","org_002","search_submitted","","{""query_source"":""base""}","2025-10-22T05:32:33.9931988Z"
"event_000001013","session_00000469","user_0015","org_002","result_clicked","ste_000706","{""position"":4}","2025-10-22T05:32:41.9931988Z"
"event_000001014","session_00000470","user_0015","org_002","search_submitted","","{""query_source"":""base""}","2026-01-29T07:54:33.9931988Z"
"event_000001015","session_00000471","user_0015","org_002","search_submitted","","{""query_source"":""base""}","2025-12-14T18:59:33.9931988Z"
"event_000001016","session_00000472","user_0015","org_002","search_submitted","","{""query_source"":""typo""}","2026-02-12T03:26:33.9931988Z"
"event_000001017","session_00000473","user_0015","org_002","search_submitted","","{""query_source"":""base""}","2026-03-27T03:57:33.9931988Z"
"event_000001018","session_00000473","user_0015","org_002","result_clicked","ste_000644","{""position"":5}","2026-03-27T03:57:41.9931988Z"
"event_000001019","session_00000473","user_0015","org_002","purchase_completed","ste_000644","{""source"":""search"",""position"":5}","2026-03-27T03:57:51.9931988Z"
"event_000001020","session_00000474","user_0015","org_002","search_submitted","","{""query_source"":""base""}","2025-12-06T05:55:33.9931988Z"
"event_000001021","session_00000475","user_0015","org_002","search_submitted","","{""query_source"":""base""}","2025-12-15T02:33:33.9931988Z"
"event_000001022","session_00000475","user_0015","org_002","result_clicked","ste_000381","{""position"":3}","2025-12-15T02:33:41.9931988Z"
"event_000001023","session_00000475","user_0015","org_002","favorite_added","ste_000065","{""position"":7,""source"":""search""}","2025-12-15T02:33:44.9931988Z"
"event_000001024","session_00000476","user_0015","org_002","search_submitted","","{""query_source"":""base""}","2025-12-12T10:51:33.9931988Z"
"event_000001025","session_00000476","user_0015","org_002","result_clicked","ste_000475","{""position"":4}","2025-12-12T10:51:41.9931988Z"
"event_000001026","session_00000477","user_0015","org_002","search_submitted","","{""query_source"":""base""}","2026-02-25T16:45:33.9931988Z"
"event_000001027","session_00000478","user_0015","org_002","search_submitted","","{""query_source"":""base""}","2025-10-09T15:17:33.9931988Z"
"event_000001028","session_00000478","user_0015","org_002","result_clicked","ste_001064","{""position"":2}","2025-10-09T15:17:41.9931988Z"
"event_000001029","session_00000478","user_0015","org_002","purchase_completed","ste_001064","{""source"":""search"",""position"":2}","2025-10-09T15:17:51.9931988Z"
"event_000001030","session_00000479","user_0015","org_002","search_submitted","","{""query_source"":""base""}","2025-12-11T16:11:33.9931988Z"
"event_000001031","session_00000479","user_0015","org_002","result_clicked","ste_000795","{""position"":4}","2025-12-11T16:11:41.9931988Z"
"event_000001032","session_00000480","user_0015","org_002","search_submitted","","{""query_source"":""base""}","2025-10-04T05:29:33.9931988Z"
"event_000001033","session_00000480","user_0015","org_002","result_clicked","ste_000396","{""position"":1}","2025-10-04T05:29:41.9931988Z"
"event_000001034","session_00000481","user_0015","org_002","search_submitted","","{""query_source"":""base""}","2025-11-21T03:57:33.9931988Z"
"event_000001035","session_00000481","user_0015","org_002","result_clicked","ste_000953","{""position"":2}","2025-11-21T03:57:41.9931988Z"
"event_000001036","session_00000481","user_0015","org_002","favorite_added","ste_000953","{""position"":2,""source"":""search""}","2025-11-21T03:57:44.9931988Z"
"event_000001037","session_00000481","user_0015","org_002","purchase_completed","ste_000953","{""source"":""search"",""position"":2}","2025-11-21T03:57:51.9931988Z"
"event_000001038","session_00000482","user_0015","org_002","search_submitted","","{""query_source"":""base""}","2025-10-08T04:52:33.9931988Z"
"event_000001039","session_00000483","user_0015","org_002","search_submitted","","{""query_source"":""base""}","2025-10-08T21:04:33.9931988Z"
"event_000001040","session_00000483","user_0015","org_002","result_clicked","ste_000772","{""position"":2}","2025-10-08T21:04:41.9931988Z"
"event_000001041","session_00000483","user_0015","org_002","purchase_completed","ste_000772","{""source"":""search"",""position"":2}","2025-10-08T21:04:51.9931988Z"
"event_000001042","session_00000484","user_0015","org_002","search_submitted","","{""query_source"":""base""}","2025-12-31T22:51:33.9931988Z"
"event_000001043","session_00000484","user_0015","org_002","result_clicked","ste_000846","{""position"":5}","2025-12-31T22:51:41.9931988Z"
"event_000001044","session_00000484","user_0015","org_002","favorite_added","ste_001034","{""position"":3,""source"":""search""}","2025-12-31T22:51:44.9931988Z"
"event_000001045","session_00000485","user_0015","org_002","search_submitted","","{""query_source"":""base""}","2025-10-13T18:20:33.9931988Z"
"event_000001046","session_00000485","user_0015","org_002","result_clicked","ste_001125","{""position"":4}","2025-10-13T18:20:41.9931988Z"
"event_000001047","session_00000485","user_0015","org_002","favorite_added","ste_000137","{""position"":5,""source"":""search""}","2025-10-13T18:20:44.9931988Z"
"event_000001048","session_00000485","user_0015","org_002","purchase_completed","ste_001125","{""source"":""search"",""position"":4}","2025-10-13T18:20:51.9931988Z"
"event_000001049","session_00000486","user_0015","org_002","search_submitted","","{""query_source"":""base""}","2025-12-27T13:43:33.9931988Z"
"event_000001050","session_00000486","user_0015","org_002","result_clicked","ste_001002","{""position"":2}","2025-12-27T13:43:41.9931988Z"
"event_000001051","session_00000487","user_0015","org_002","search_submitted","","{""query_source"":""typo""}","2025-10-06T13:10:33.9931988Z"
"event_000001052","session_00000488","user_0015","org_002","search_submitted","","{""query_source"":""base""}","2025-12-15T16:09:33.9931988Z"
"event_000001053","session_00000488","user_0015","org_002","result_clicked","ste_000620","{""position"":1}","2025-12-15T16:09:41.9931988Z"
"event_000001054","session_00000488","user_0015","org_002","purchase_completed","ste_000620","{""source"":""search"",""position"":1}","2025-12-15T16:09:51.9931988Z"
"event_000001055","session_00000489","user_0015","org_002","search_submitted","","{""query_source"":""base""}","2026-01-01T07:49:33.9931988Z"
"event_000001056","session_00000489","user_0015","org_002","result_clicked","ste_000328","{""position"":3}","2026-01-01T07:49:41.9931988Z"
"event_000001057","session_00000490","user_0015","org_002","search_submitted","","{""query_source"":""base""}","2025-09-30T13:31:33.9931988Z"
"event_000001058","session_00000490","user_0015","org_002","result_clicked","ste_000436","{""position"":2}","2025-09-30T13:31:41.9931988Z"
"event_000001059","session_00000490","user_0015","org_002","favorite_added","ste_000022","{""position"":5,""source"":""search""}","2025-09-30T13:31:44.9931988Z"
"event_000001060","session_00000491","user_0015","org_002","search_submitted","","{""query_source"":""base""}","2025-12-31T19:43:33.9931988Z"
"event_000001061","session_00000491","user_0015","org_002","result_clicked","ste_000633","{""position"":4}","2025-12-31T19:43:41.9931988Z"
"event_000001062","session_00000491","user_0015","org_002","favorite_added","ste_000852","{""position"":2,""source"":""search""}","2025-12-31T19:43:44.9931988Z"
"event_000001063","session_00000492","user_0015","org_002","search_submitted","","{""query_source"":""base""}","2025-10-11T12:53:33.9931988Z"
"event_000001064","session_00000492","user_0015","org_002","result_clicked","ste_000139","{""position"":2}","2025-10-11T12:53:41.9931988Z"
"event_000001065","session_00000493","user_0015","org_002","search_submitted","","{""query_source"":""base""}","2025-11-27T06:04:33.9931988Z"
"event_000001066","session_00000493","user_0015","org_002","result_clicked","ste_000140","{""position"":1}","2025-11-27T06:04:41.9931988Z"
"event_000001067","session_00000494","user_0015","org_002","search_submitted","","{""query_source"":""base""}","2026-03-18T14:14:33.9931988Z"
"event_000001068","session_00000494","user_0015","org_002","result_clicked","ste_000021","{""position"":3}","2026-03-18T14:14:41.9931988Z"
"event_000001069","session_00000495","user_0016","org_002","search_submitted","","{""query_source"":""base""}","2025-12-03T01:23:33.9931988Z"
"event_000001070","session_00000496","user_0016","org_002","search_submitted","","{""query_source"":""base""}","2026-02-22T01:45:33.9931988Z"
"event_000001071","session_00000496","user_0016","org_002","result_clicked","ste_000235","{""position"":5}","2026-02-22T01:45:41.9931988Z"
"event_000001072","session_00000497","user_0016","org_002","search_submitted","","{""query_source"":""base""}","2025-11-15T03:04:33.9931988Z"
"event_000001073","session_00000497","user_0016","org_002","result_clicked","ste_000012","{""position"":2}","2025-11-15T03:04:41.9931988Z"
"event_000001074","session_00000497","user_0016","org_002","purchase_completed","ste_000012","{""source"":""search"",""position"":2}","2025-11-15T03:04:51.9931988Z"
"event_000001075","session_00000498","user_0016","org_002","search_submitted","","{""query_source"":""base""}","2025-12-09T10:21:33.9931988Z"
"event_000001076","session_00000498","user_0016","org_002","result_clicked","ste_000901","{""position"":3}","2025-12-09T10:21:41.9931988Z"
"event_000001077","session_00000498","user_0016","org_002","purchase_completed","ste_000901","{""source"":""search"",""position"":3}","2025-12-09T10:21:51.9931988Z"
"event_000001078","session_00000499","user_0016","org_002","search_submitted","","{""query_source"":""base""}","2025-11-16T04:06:33.9931988Z"
"event_000001079","session_00000500","user_0016","org_002","search_submitted","","{""query_source"":""base""}","2026-01-06T21:59:33.9931988Z"
"event_000001080","session_00000500","user_0016","org_002","result_clicked","ste_000187","{""position"":1}","2026-01-06T21:59:41.9931988Z"
"event_000001081","session_00000501","user_0016","org_002","search_submitted","","{""query_source"":""typo""}","2025-10-29T16:55:33.9931988Z"
"event_000001082","session_00000501","user_0016","org_002","result_clicked","ste_000779","{""position"":5}","2025-10-29T16:55:41.9931988Z"
"event_000001083","session_00000502","user_0016","org_002","search_submitted","","{""query_source"":""base""}","2025-10-26T08:40:33.9931988Z"
"event_000001084","session_00000503","user_0016","org_002","search_submitted","","{""query_source"":""typo""}","2025-12-19T04:45:33.9931988Z"
"event_000001085","session_00000503","user_0016","org_002","result_clicked","ste_000923","{""position"":5}","2025-12-19T04:45:41.9931988Z"
"event_000001086","session_00000504","user_0016","org_002","search_submitted","","{""query_source"":""base""}","2025-11-28T20:37:33.9931988Z"
"event_000001087","session_00000504","user_0016","org_002","result_clicked","ste_001053","{""position"":3}","2025-11-28T20:37:41.9931988Z"
"event_000001088","session_00000505","user_0016","org_002","search_submitted","","{""query_source"":""synonym""}","2026-02-11T10:08:33.9931988Z"
"event_000001089","session_00000506","user_0016","org_002","search_submitted","","{""query_source"":""base""}","2025-12-14T15:57:33.9931988Z"
"event_000001090","session_00000506","user_0016","org_002","result_clicked","ste_000478","{""position"":3}","2025-12-14T15:57:41.9931988Z"
"event_000001091","session_00000506","user_0016","org_002","favorite_added","ste_000418","{""position"":2,""source"":""search""}","2025-12-14T15:57:44.9931988Z"
"event_000001092","session_00000507","user_0016","org_002","search_submitted","","{""query_source"":""typo""}","2026-03-25T00:38:33.9931988Z"
"event_000001093","session_00000507","user_0016","org_002","result_clicked","ste_000781","{""position"":4}","2026-03-25T00:38:41.9931988Z"
"event_000001094","session_00000507","user_0016","org_002","purchase_completed","ste_000781","{""source"":""search"",""position"":4}","2026-03-25T00:38:51.9931988Z"
"event_000001095","session_00000508","user_0016","org_002","search_submitted","","{""query_source"":""base""}","2026-01-29T23:53:33.9931988Z"
"event_000001096","session_00000508","user_0016","org_002","result_clicked","ste_000932","{""position"":4}","2026-01-29T23:53:41.9931988Z"
"event_000001097","session_00000509","user_0016","org_002","search_submitted","","{""query_source"":""base""}","2025-12-26T10:00:33.9931988Z"
"event_000001098","session_00000509","user_0016","org_002","result_clicked","ste_000169","{""position"":3}","2025-12-26T10:00:41.9931988Z"
"event_000001099","session_00000509","user_0016","org_002","favorite_added","ste_000334","{""position"":4,""source"":""search""}","2025-12-26T10:00:44.9931988Z"
"event_000001100","session_00000509","user_0016","org_002","purchase_completed","ste_000169","{""source"":""search"",""position"":3}","2025-12-26T10:00:51.9931988Z"
"event_000001101","session_00000510","user_0016","org_002","search_submitted","","{""query_source"":""base""}","2025-10-06T04:55:33.9931988Z"
"event_000001102","session_00000511","user_0016","org_002","search_submitted","","{""query_source"":""base""}","2025-10-20T22:55:33.9931988Z"
"event_000001103","session_00000512","user_0016","org_002","search_submitted","","{""query_source"":""typo""}","2025-10-12T16:36:33.9931988Z"
"event_000001104","session_00000512","user_0016","org_002","result_clicked","ste_000775","{""position"":5}","2025-10-12T16:36:41.9931988Z"
"event_000001105","session_00000513","user_0016","org_002","search_submitted","","{""query_source"":""base""}","2026-01-18T21:48:33.9931988Z"
"event_000001106","session_00000514","user_0016","org_002","search_submitted","","{""query_source"":""base""}","2026-02-02T12:47:33.9931988Z"
"event_000001107","session_00000515","user_0016","org_002","search_submitted","","{""query_source"":""synonym""}","2026-02-01T08:28:33.9931988Z"
"event_000001108","session_00000515","user_0016","org_002","result_clicked","ste_000701","{""position"":1}","2026-02-01T08:28:41.9931988Z"
"event_000001109","session_00000515","user_0016","org_002","favorite_added","ste_000074","{""position"":6,""source"":""search""}","2026-02-01T08:28:44.9931988Z"
"event_000001110","session_00000516","user_0016","org_002","search_submitted","","{""query_source"":""synonym""}","2026-03-20T21:43:33.9931988Z"
"event_000001111","session_00000516","user_0016","org_002","result_clicked","ste_000767","{""position"":2}","2026-03-20T21:43:41.9931988Z"
"event_000001112","session_00000517","user_0016","org_002","search_submitted","","{""query_source"":""base""}","2025-10-10T18:31:33.9931988Z"
"event_000001113","session_00000517","user_0016","org_002","result_clicked","ste_000441","{""position"":1}","2025-10-10T18:31:41.9931988Z"
"event_000001114","session_00000517","user_0016","org_002","favorite_added","ste_000942","{""position"":4,""source"":""search""}","2025-10-10T18:31:44.9931988Z"
"event_000001115","session_00000518","user_0016","org_002","search_submitted","","{""query_source"":""base""}","2026-03-06T15:23:33.9931988Z"
"event_000001116","session_00000519","user_0016","org_002","search_submitted","","{""query_source"":""typo""}","2026-02-10T11:59:33.9931988Z"
"event_000001117","session_00000519","user_0016","org_002","result_clicked","ste_000200","{""position"":1}","2026-02-10T11:59:41.9931988Z"
"event_000001118","session_00000520","user_0016","org_002","search_submitted","","{""query_source"":""base""}","2025-10-01T22:12:33.9931988Z"
"event_000001119","session_00000521","user_0016","org_002","search_submitted","","{""query_source"":""synonym""}","2026-02-10T19:13:33.9931988Z"
"event_000001120","session_00000522","user_0017","org_003","search_submitted","","{""query_source"":""base""}","2025-10-20T20:33:33.9931988Z"
"event_000001121","session_00000523","user_0017","org_003","search_submitted","","{""query_source"":""base""}","2025-10-04T11:18:33.9931988Z"
"event_000001122","session_00000524","user_0017","org_003","search_submitted","","{""query_source"":""base""}","2025-10-27T06:35:33.9931988Z"
"event_000001123","session_00000525","user_0017","org_003","search_submitted","","{""query_source"":""synonym""}","2025-10-28T08:31:33.9931988Z"
"event_000001124","session_00000525","user_0017","org_003","result_clicked","ste_000549","{""position"":1}","2025-10-28T08:31:41.9931988Z"
"event_000001125","session_00000525","user_0017","org_003","favorite_added","ste_000532","{""position"":5,""source"":""search""}","2025-10-28T08:31:44.9931988Z"
"event_000001126","session_00000526","user_0017","org_003","search_submitted","","{""query_source"":""base""}","2025-10-08T11:35:33.9931988Z"
"event_000001127","session_00000526","user_0017","org_003","result_clicked","ste_000188","{""position"":3}","2025-10-08T11:35:41.9931988Z"
"event_000001128","session_00000527","user_0017","org_003","search_submitted","","{""query_source"":""base""}","2026-02-16T23:37:33.9931988Z"
"event_000001129","session_00000528","user_0017","org_003","search_submitted","","{""query_source"":""typo""}","2025-11-11T01:13:33.9931988Z"
"event_000001130","session_00000529","user_0017","org_003","search_submitted","","{""query_source"":""base""}","2026-03-25T15:02:33.9931988Z"
"event_000001131","session_00000530","user_0017","org_003","search_submitted","","{""query_source"":""base""}","2025-12-16T20:24:33.9931988Z"
"event_000001132","session_00000530","user_0017","org_003","result_clicked","ste_001179","{""position"":5}","2025-12-16T20:24:41.9931988Z"
"event_000001133","session_00000530","user_0017","org_003","favorite_added","ste_000984","{""position"":1,""source"":""search""}","2025-12-16T20:24:44.9931988Z"
"event_000001134","session_00000531","user_0017","org_003","search_submitted","","{""query_source"":""base""}","2025-10-27T12:16:33.9931988Z"
"event_000001135","session_00000531","user_0017","org_003","result_clicked","ste_001063","{""position"":1}","2025-10-27T12:16:41.9931988Z"
"event_000001136","session_00000532","user_0017","org_003","search_submitted","","{""query_source"":""base""}","2025-10-17T20:37:33.9931988Z"
"event_000001137","session_00000532","user_0017","org_003","result_clicked","ste_001089","{""position"":4}","2025-10-17T20:37:41.9931988Z"
"event_000001138","session_00000532","user_0017","org_003","purchase_completed","ste_001089","{""source"":""search"",""position"":4}","2025-10-17T20:37:51.9931988Z"
"event_000001139","session_00000533","user_0017","org_003","search_submitted","","{""query_source"":""synonym""}","2026-01-18T01:19:33.9931988Z"
"event_000001140","session_00000534","user_0017","org_003","search_submitted","","{""query_source"":""synonym""}","2025-11-15T03:02:33.9931988Z"
"event_000001141","session_00000534","user_0017","org_003","result_clicked","ste_000194","{""position"":5}","2025-11-15T03:02:41.9931988Z"
"event_000001142","session_00000534","user_0017","org_003","favorite_added","ste_000603","{""position"":7,""source"":""search""}","2025-11-15T03:02:44.9931988Z"
"event_000001143","session_00000535","user_0017","org_003","search_submitted","","{""query_source"":""base""}","2025-12-26T10:32:33.9931988Z"
"event_000001144","session_00000535","user_0017","org_003","result_clicked","ste_001098","{""position"":4}","2025-12-26T10:32:41.9931988Z"
"event_000001145","session_00000535","user_0017","org_003","favorite_added","ste_000266","{""position"":1,""source"":""search""}","2025-12-26T10:32:44.9931988Z"
"event_000001146","session_00000536","user_0017","org_003","search_submitted","","{""query_source"":""base""}","2025-12-04T21:35:33.9931988Z"
"event_000001147","session_00000536","user_0017","org_003","result_clicked","ste_000806","{""position"":2}","2025-12-04T21:35:41.9931988Z"
"event_000001148","session_00000537","user_0017","org_003","search_submitted","","{""query_source"":""base""}","2026-02-26T05:48:33.9931988Z"
"event_000001149","session_00000538","user_0017","org_003","search_submitted","","{""query_source"":""base""}","2026-02-25T16:12:33.9931988Z"
"event_000001150","session_00000538","user_0017","org_003","result_clicked","ste_000436","{""position"":1}","2026-02-25T16:12:41.9931988Z"
"event_000001151","session_00000538","user_0017","org_003","favorite_added","ste_001107","{""position"":4,""source"":""search""}","2026-02-25T16:12:44.9931988Z"
"event_000001152","session_00000539","user_0017","org_003","search_submitted","","{""query_source"":""base""}","2025-11-16T04:22:33.9931988Z"
"event_000001153","session_00000539","user_0017","org_003","result_clicked","ste_000500","{""position"":5}","2025-11-16T04:22:41.9931988Z"
"event_000001154","session_00000540","user_0017","org_003","search_submitted","","{""query_source"":""synonym""}","2026-03-06T05:39:33.9931988Z"
"event_000001155","session_00000540","user_0017","org_003","result_clicked","ste_001005","{""position"":4}","2026-03-06T05:39:41.9931988Z"
"event_000001156","session_00000541","user_0017","org_003","search_submitted","","{""query_source"":""base""}","2025-12-15T22:01:33.9931988Z"
"event_000001157","session_00000541","user_0017","org_003","result_clicked","ste_000816","{""position"":4}","2025-12-15T22:01:41.9931988Z"
"event_000001158","session_00000541","user_0017","org_003","purchase_completed","ste_000816","{""source"":""search"",""position"":4}","2025-12-15T22:01:51.9931988Z"
"event_000001159","session_00000542","user_0017","org_003","search_submitted","","{""query_source"":""base""}","2025-11-11T09:04:33.9931988Z"
"event_000001160","session_00000542","user_0017","org_003","result_clicked","ste_000093","{""position"":2}","2025-11-11T09:04:41.9931988Z"
"event_000001161","session_00000543","user_0017","org_003","search_submitted","","{""query_source"":""base""}","2025-10-25T18:19:33.9931988Z"
"event_000001162","session_00000543","user_0017","org_003","result_clicked","ste_000925","{""position"":1}","2025-10-25T18:19:41.9931988Z"
"event_000001163","session_00000543","user_0017","org_003","favorite_added","ste_000639","{""position"":2,""source"":""search""}","2025-10-25T18:19:44.9931988Z"
"event_000001164","session_00000544","user_0017","org_003","search_submitted","","{""query_source"":""base""}","2025-10-25T00:10:33.9931988Z"
"event_000001165","session_00000544","user_0017","org_003","result_clicked","ste_000583","{""position"":4}","2025-10-25T00:10:41.9931988Z"
"event_000001166","session_00000544","user_0017","org_003","purchase_completed","ste_000583","{""source"":""search"",""position"":4}","2025-10-25T00:10:51.9931988Z"
"event_000001167","session_00000545","user_0017","org_003","search_submitted","","{""query_source"":""synonym""}","2025-11-10T10:31:33.9931988Z"
"event_000001168","session_00000545","user_0017","org_003","result_clicked","ste_000009","{""position"":4}","2025-11-10T10:31:41.9931988Z"
"event_000001169","session_00000546","user_0017","org_003","search_submitted","","{""query_source"":""base""}","2026-01-24T16:52:33.9931988Z"
"event_000001170","session_00000546","user_0017","org_003","result_clicked","ste_000523","{""position"":5}","2026-01-24T16:52:41.9931988Z"
"event_000001171","session_00000546","user_0017","org_003","purchase_completed","ste_000523","{""source"":""search"",""position"":5}","2026-01-24T16:52:51.9931988Z"
"event_000001172","session_00000547","user_0017","org_003","search_submitted","","{""query_source"":""base""}","2026-02-06T22:21:33.9931988Z"
"event_000001173","session_00000547","user_0017","org_003","result_clicked","ste_000801","{""position"":2}","2026-02-06T22:21:41.9931988Z"
"event_000001174","session_00000547","user_0017","org_003","favorite_added","ste_000054","{""position"":7,""source"":""search""}","2026-02-06T22:21:44.9931988Z"
"event_000001175","session_00000548","user_0017","org_003","search_submitted","","{""query_source"":""base""}","2026-03-20T19:46:33.9931988Z"
"event_000001176","session_00000548","user_0017","org_003","result_clicked","ste_000892","{""position"":3}","2026-03-20T19:46:41.9931988Z"
"event_000001177","session_00000548","user_0017","org_003","favorite_added","ste_000463","{""position"":7,""source"":""search""}","2026-03-20T19:46:44.9931988Z"
"event_000001178","session_00000549","user_0017","org_003","search_submitted","","{""query_source"":""base""}","2025-11-01T16:03:33.9931988Z"
"event_000001179","session_00000549","user_0017","org_003","result_clicked","ste_001147","{""position"":4}","2025-11-01T16:03:41.9931988Z"
"event_000001180","session_00000550","user_0017","org_003","search_submitted","","{""query_source"":""base""}","2025-10-07T06:42:33.9931988Z"
"event_000001181","session_00000550","user_0017","org_003","result_clicked","ste_000891","{""position"":3}","2025-10-07T06:42:41.9931988Z"
"event_000001182","session_00000551","user_0017","org_003","search_submitted","","{""query_source"":""base""}","2025-11-19T15:33:33.9931988Z"
"event_000001183","session_00000551","user_0017","org_003","result_clicked","ste_000754","{""position"":2}","2025-11-19T15:33:41.9931988Z"
"event_000001184","session_00000552","user_0017","org_003","search_submitted","","{""query_source"":""base""}","2026-01-16T17:37:33.9931988Z"
"event_000001185","session_00000552","user_0017","org_003","result_clicked","ste_000895","{""position"":5}","2026-01-16T17:37:41.9931988Z"
"event_000001186","session_00000552","user_0017","org_003","favorite_added","ste_000895","{""position"":5,""source"":""search""}","2026-01-16T17:37:44.9931988Z"
"event_000001187","session_00000553","user_0017","org_003","search_submitted","","{""query_source"":""synonym""}","2025-10-17T03:54:33.9931988Z"
"event_000001188","session_00000553","user_0017","org_003","result_clicked","ste_000631","{""position"":3}","2025-10-17T03:54:41.9931988Z"
"event_000001189","session_00000553","user_0017","org_003","favorite_added","ste_000505","{""position"":6,""source"":""search""}","2025-10-17T03:54:44.9931988Z"
"event_000001190","session_00000554","user_0017","org_003","search_submitted","","{""query_source"":""base""}","2026-02-26T07:13:33.9931988Z"
"event_000001191","session_00000554","user_0017","org_003","result_clicked","ste_000515","{""position"":4}","2026-02-26T07:13:41.9931988Z"
"event_000001192","session_00000555","user_0018","org_003","search_submitted","","{""query_source"":""base""}","2025-12-15T14:26:33.9931988Z"
"event_000001193","session_00000556","user_0018","org_003","search_submitted","","{""query_source"":""base""}","2025-11-05T17:50:33.9931988Z"
"event_000001194","session_00000557","user_0018","org_003","search_submitted","","{""query_source"":""base""}","2025-12-12T14:53:33.9931988Z"
"event_000001195","session_00000557","user_0018","org_003","result_clicked","ste_000105","{""position"":4}","2025-12-12T14:53:41.9931988Z"
"event_000001196","session_00000558","user_0018","org_003","search_submitted","","{""query_source"":""base""}","2025-10-26T04:43:33.9931988Z"
"event_000001197","session_00000558","user_0018","org_003","result_clicked","ste_001092","{""position"":3}","2025-10-26T04:43:41.9931988Z"
"event_000001198","session_00000559","user_0018","org_003","search_submitted","","{""query_source"":""synonym""}","2026-02-02T06:44:33.9931988Z"
"event_000001199","session_00000559","user_0018","org_003","result_clicked","ste_001028","{""position"":3}","2026-02-02T06:44:41.9931988Z"
"event_000001200","session_00000560","user_0018","org_003","search_submitted","","{""query_source"":""typo""}","2026-02-21T08:13:33.9931988Z"
"event_000001201","session_00000560","user_0018","org_003","result_clicked","ste_000095","{""position"":2}","2026-02-21T08:13:41.9931988Z"
"event_000001202","session_00000561","user_0018","org_003","search_submitted","","{""query_source"":""base""}","2025-10-13T12:41:33.9931988Z"
"event_000001203","session_00000562","user_0018","org_003","search_submitted","","{""query_source"":""typo""}","2026-01-23T17:08:33.9931988Z"
"event_000001204","session_00000562","user_0018","org_003","result_clicked","ste_001069","{""position"":4}","2026-01-23T17:08:41.9931988Z"
"event_000001205","session_00000562","user_0018","org_003","favorite_added","ste_000668","{""position"":6,""source"":""search""}","2026-01-23T17:08:44.9931988Z"
"event_000001206","session_00000563","user_0018","org_003","search_submitted","","{""query_source"":""base""}","2025-10-04T21:39:33.9931988Z"
"event_000001207","session_00000564","user_0018","org_003","search_submitted","","{""query_source"":""base""}","2025-12-09T07:32:33.9931988Z"
"event_000001208","session_00000564","user_0018","org_003","result_clicked","ste_001154","{""position"":1}","2025-12-09T07:32:41.9931988Z"
"event_000001209","session_00000565","user_0018","org_003","search_submitted","","{""query_source"":""synonym""}","2025-09-29T22:09:33.9931988Z"
"event_000001210","session_00000566","user_0018","org_003","search_submitted","","{""query_source"":""base""}","2026-01-14T22:02:33.9931988Z"
"event_000001211","session_00000567","user_0018","org_003","search_submitted","","{""query_source"":""synonym""}","2026-02-23T07:51:33.9931988Z"
"event_000001212","session_00000568","user_0018","org_003","search_submitted","","{""query_source"":""base""}","2026-03-02T23:59:33.9931988Z"
"event_000001213","session_00000568","user_0018","org_003","result_clicked","ste_000337","{""position"":5}","2026-03-02T23:59:41.9931988Z"
"event_000001214","session_00000568","user_0018","org_003","purchase_completed","ste_000337","{""source"":""search"",""position"":5}","2026-03-02T23:59:51.9931988Z"
"event_000001215","session_00000569","user_0018","org_003","search_submitted","","{""query_source"":""base""}","2026-01-24T19:14:33.9931988Z"
"event_000001216","session_00000570","user_0018","org_003","search_submitted","","{""query_source"":""base""}","2026-02-14T12:44:33.9931988Z"
"event_000001217","session_00000571","user_0018","org_003","search_submitted","","{""query_source"":""base""}","2025-11-01T17:51:33.9931988Z"
"event_000001218","session_00000571","user_0018","org_003","result_clicked","ste_000388","{""position"":3}","2025-11-01T17:51:41.9931988Z"
"event_000001219","session_00000572","user_0018","org_003","search_submitted","","{""query_source"":""synonym""}","2025-11-10T21:25:33.9931988Z"
"event_000001220","session_00000572","user_0018","org_003","result_clicked","ste_001037","{""position"":4}","2025-11-10T21:25:41.9931988Z"
"event_000001221","session_00000572","user_0018","org_003","purchase_completed","ste_001037","{""source"":""search"",""position"":4}","2025-11-10T21:25:51.9931988Z"
"event_000001222","session_00000573","user_0018","org_003","search_submitted","","{""query_source"":""base""}","2025-12-19T20:54:33.9931988Z"
"event_000001223","session_00000573","user_0018","org_003","result_clicked","ste_000573","{""position"":5}","2025-12-19T20:54:41.9931988Z"
"event_000001224","session_00000573","user_0018","org_003","favorite_added","ste_000030","{""position"":3,""source"":""search""}","2025-12-19T20:54:44.9931988Z"
"event_000001225","session_00000574","user_0018","org_003","search_submitted","","{""query_source"":""base""}","2025-10-23T20:39:33.9931988Z"
"event_000001226","session_00000574","user_0018","org_003","result_clicked","ste_000514","{""position"":1}","2025-10-23T20:39:41.9931988Z"
"event_000001227","session_00000575","user_0018","org_003","search_submitted","","{""query_source"":""base""}","2026-02-14T00:58:33.9931988Z"
"event_000001228","session_00000575","user_0018","org_003","result_clicked","ste_000671","{""position"":1}","2026-02-14T00:58:41.9931988Z"
"event_000001229","session_00000576","user_0018","org_003","search_submitted","","{""query_source"":""base""}","2026-01-31T09:57:33.9931988Z"
"event_000001230","session_00000576","user_0018","org_003","result_clicked","ste_000663","{""position"":1}","2026-01-31T09:57:41.9931988Z"
"event_000001231","session_00000577","user_0018","org_003","search_submitted","","{""query_source"":""base""}","2026-01-23T12:58:33.9931988Z"
"event_000001232","session_00000577","user_0018","org_003","result_clicked","ste_001178","{""position"":2}","2026-01-23T12:58:41.9931988Z"
"event_000001233","session_00000577","user_0018","org_003","purchase_completed","ste_001178","{""source"":""search"",""position"":2}","2026-01-23T12:58:51.9931988Z"
"event_000001234","session_00000578","user_0018","org_003","search_submitted","","{""query_source"":""base""}","2026-03-08T12:54:33.9931988Z"
"event_000001235","session_00000578","user_0018","org_003","result_clicked","ste_000497","{""position"":3}","2026-03-08T12:54:41.9931988Z"
"event_000001236","session_00000578","user_0018","org_003","favorite_added","ste_000380","{""position"":2,""source"":""search""}","2026-03-08T12:54:44.9931988Z"
"event_000001237","session_00000578","user_0018","org_003","purchase_completed","ste_000497","{""source"":""search"",""position"":3}","2026-03-08T12:54:51.9931988Z"
"event_000001238","session_00000579","user_0018","org_003","search_submitted","","{""query_source"":""synonym""}","2025-10-10T19:05:33.9931988Z"
"event_000001239","session_00000579","user_0018","org_003","result_clicked","ste_000304","{""position"":4}","2025-10-10T19:05:41.9931988Z"
"event_000001240","session_00000580","user_0018","org_003","search_submitted","","{""query_source"":""base""}","2026-01-14T16:02:33.9931988Z"
"event_000001241","session_00000580","user_0018","org_003","result_clicked","ste_000337","{""position"":5}","2026-01-14T16:02:41.9931988Z"
"event_000001242","session_00000580","user_0018","org_003","favorite_added","ste_000509","{""position"":2,""source"":""search""}","2026-01-14T16:02:44.9931988Z"
"event_000001243","session_00000581","user_0018","org_003","search_submitted","","{""query_source"":""base""}","2026-02-07T02:35:33.9931988Z"
"event_000001244","session_00000581","user_0018","org_003","result_clicked","ste_000277","{""position"":1}","2026-02-07T02:35:41.9931988Z"
"event_000001245","session_00000582","user_0018","org_003","search_submitted","","{""query_source"":""base""}","2026-01-12T11:29:33.9931988Z"
"event_000001246","session_00000582","user_0018","org_003","result_clicked","ste_001106","{""position"":4}","2026-01-12T11:29:41.9931988Z"
"event_000001247","session_00000582","user_0018","org_003","purchase_completed","ste_001106","{""source"":""search"",""position"":4}","2026-01-12T11:29:51.9931988Z"
"event_000001248","session_00000583","user_0018","org_003","search_submitted","","{""query_source"":""base""}","2026-03-03T02:02:33.9931988Z"
"event_000001249","session_00000583","user_0018","org_003","result_clicked","ste_000589","{""position"":1}","2026-03-03T02:02:41.9931988Z"
"event_000001250","session_00000583","user_0018","org_003","purchase_completed","ste_000589","{""source"":""search"",""position"":1}","2026-03-03T02:02:51.9931988Z"
"event_000001251","session_00000584","user_0019","org_003","search_submitted","","{""query_source"":""base""}","2025-11-03T17:33:33.9931988Z"
"event_000001252","session_00000584","user_0019","org_003","result_clicked","ste_000086","{""position"":1}","2025-11-03T17:33:41.9931988Z"
"event_000001253","session_00000585","user_0019","org_003","search_submitted","","{""query_source"":""base""}","2026-02-15T22:58:33.9931988Z"
"event_000001254","session_00000585","user_0019","org_003","result_clicked","ste_000608","{""position"":5}","2026-02-15T22:58:41.9931988Z"
"event_000001255","session_00000585","user_0019","org_003","purchase_completed","ste_000608","{""source"":""search"",""position"":5}","2026-02-15T22:58:51.9931988Z"
"event_000001256","session_00000586","user_0019","org_003","search_submitted","","{""query_source"":""base""}","2025-10-19T07:59:33.9931988Z"
"event_000001257","session_00000586","user_0019","org_003","result_clicked","ste_000238","{""position"":5}","2025-10-19T07:59:41.9931988Z"
"event_000001258","session_00000587","user_0019","org_003","search_submitted","","{""query_source"":""typo""}","2026-02-27T03:31:33.9931988Z"
"event_000001259","session_00000587","user_0019","org_003","result_clicked","ste_000281","{""position"":1}","2026-02-27T03:31:41.9931988Z"
"event_000001260","session_00000588","user_0019","org_003","search_submitted","","{""query_source"":""base""}","2026-02-09T16:14:33.9931988Z"
"event_000001261","session_00000589","user_0019","org_003","search_submitted","","{""query_source"":""base""}","2025-12-29T12:13:33.9931988Z"
"event_000001262","session_00000589","user_0019","org_003","result_clicked","ste_000016","{""position"":1}","2025-12-29T12:13:41.9931988Z"
"event_000001263","session_00000590","user_0019","org_003","search_submitted","","{""query_source"":""base""}","2026-02-23T02:15:33.9931988Z"
"event_000001264","session_00000590","user_0019","org_003","result_clicked","ste_000534","{""position"":1}","2026-02-23T02:15:41.9931988Z"
"event_000001265","session_00000590","user_0019","org_003","favorite_added","ste_001050","{""position"":4,""source"":""search""}","2026-02-23T02:15:44.9931988Z"
"event_000001266","session_00000591","user_0019","org_003","search_submitted","","{""query_source"":""typo""}","2025-12-20T22:26:33.9931988Z"
"event_000001267","session_00000591","user_0019","org_003","result_clicked","ste_000363","{""position"":5}","2025-12-20T22:26:41.9931988Z"
"event_000001268","session_00000592","user_0019","org_003","search_submitted","","{""query_source"":""typo""}","2025-10-14T04:34:33.9931988Z"
"event_000001269","session_00000593","user_0019","org_003","search_submitted","","{""query_source"":""typo""}","2026-03-15T05:45:33.9931988Z"
"event_000001270","session_00000593","user_0019","org_003","result_clicked","ste_000877","{""position"":2}","2026-03-15T05:45:41.9931988Z"
"event_000001271","session_00000594","user_0019","org_003","search_submitted","","{""query_source"":""base""}","2026-03-16T14:30:33.9931988Z"
"event_000001272","session_00000595","user_0019","org_003","search_submitted","","{""query_source"":""typo""}","2025-12-11T06:10:33.9931988Z"
"event_000001273","session_00000595","user_0019","org_003","result_clicked","ste_000677","{""position"":3}","2025-12-11T06:10:41.9931988Z"
"event_000001274","session_00000596","user_0019","org_003","search_submitted","","{""query_source"":""base""}","2026-01-02T09:32:33.9931988Z"
"event_000001275","session_00000597","user_0019","org_003","search_submitted","","{""query_source"":""synonym""}","2025-12-27T08:17:33.9931988Z"
"event_000001276","session_00000597","user_0019","org_003","result_clicked","ste_000194","{""position"":4}","2025-12-27T08:17:41.9931988Z"
"event_000001277","session_00000597","user_0019","org_003","favorite_added","ste_000281","{""position"":2,""source"":""search""}","2025-12-27T08:17:44.9931988Z"
"event_000001278","session_00000597","user_0019","org_003","purchase_completed","ste_000194","{""source"":""search"",""position"":4}","2025-12-27T08:17:51.9931988Z"
"event_000001279","session_00000598","user_0019","org_003","search_submitted","","{""query_source"":""base""}","2025-12-21T22:17:33.9931988Z"
"event_000001280","session_00000598","user_0019","org_003","result_clicked","ste_000233","{""position"":4}","2025-12-21T22:17:41.9931988Z"
"event_000001281","session_00000598","user_0019","org_003","favorite_added","ste_000233","{""position"":4,""source"":""search""}","2025-12-21T22:17:44.9931988Z"
"event_000001282","session_00000599","user_0019","org_003","search_submitted","","{""query_source"":""typo""}","2026-02-15T11:20:33.9931988Z"
"event_000001283","session_00000600","user_0019","org_003","search_submitted","","{""query_source"":""synonym""}","2025-10-20T15:48:33.9931988Z"
"event_000001284","session_00000600","user_0019","org_003","result_clicked","ste_000609","{""position"":5}","2025-10-20T15:48:41.9931988Z"
"event_000001285","session_00000601","user_0019","org_003","search_submitted","","{""query_source"":""synonym""}","2025-10-10T05:00:33.9931988Z"
"event_000001286","session_00000602","user_0019","org_003","search_submitted","","{""query_source"":""base""}","2025-10-10T22:26:33.9931988Z"
"event_000001287","session_00000602","user_0019","org_003","result_clicked","ste_000655","{""position"":3}","2025-10-10T22:26:41.9931988Z"
"event_000001288","session_00000603","user_0019","org_003","search_submitted","","{""query_source"":""base""}","2025-12-17T09:25:33.9931988Z"
"event_000001289","session_00000603","user_0019","org_003","result_clicked","ste_000729","{""position"":1}","2025-12-17T09:25:41.9931988Z"
"event_000001290","session_00000604","user_0019","org_003","search_submitted","","{""query_source"":""base""}","2026-02-05T10:58:33.9931988Z"
"event_000001291","session_00000604","user_0019","org_003","result_clicked","ste_001089","{""position"":3}","2026-02-05T10:58:41.9931988Z"
"event_000001292","session_00000605","user_0019","org_003","search_submitted","","{""query_source"":""base""}","2025-10-17T17:49:33.9931988Z"
"event_000001293","session_00000605","user_0019","org_003","result_clicked","ste_000631","{""position"":2}","2025-10-17T17:49:41.9931988Z"
"event_000001294","session_00000606","user_0019","org_003","search_submitted","","{""query_source"":""base""}","2025-12-31T13:40:33.9931988Z"
"event_000001295","session_00000607","user_0019","org_003","search_submitted","","{""query_source"":""base""}","2025-10-30T08:42:33.9931988Z"
"event_000001296","session_00000607","user_0019","org_003","result_clicked","ste_000526","{""position"":3}","2025-10-30T08:42:41.9931988Z"
"event_000001297","session_00000607","user_0019","org_003","purchase_completed","ste_000526","{""source"":""search"",""position"":3}","2025-10-30T08:42:51.9931988Z"
"event_000001298","session_00000608","user_0019","org_003","search_submitted","","{""query_source"":""base""}","2025-12-06T00:26:33.9931988Z"
"event_000001299","session_00000608","user_0019","org_003","result_clicked","ste_000587","{""position"":4}","2025-12-06T00:26:41.9931988Z"
"event_000001300","session_00000608","user_0019","org_003","favorite_added","ste_000330","{""position"":6,""source"":""search""}","2025-12-06T00:26:44.9931988Z"
"event_000001301","session_00000608","user_0019","org_003","purchase_completed","ste_000587","{""source"":""search"",""position"":4}","2025-12-06T00:26:51.9931988Z"
"event_000001302","session_00000609","user_0019","org_003","search_submitted","","{""query_source"":""base""}","2026-03-23T09:43:33.9931988Z"
"event_000001303","session_00000610","user_0019","org_003","search_submitted","","{""query_source"":""typo""}","2025-10-20T18:09:33.9931988Z"
"event_000001304","session_00000611","user_0019","org_003","search_submitted","","{""query_source"":""base""}","2026-01-09T10:04:33.9931988Z"
"event_000001305","session_00000611","user_0019","org_003","result_clicked","ste_001112","{""position"":3}","2026-01-09T10:04:41.9931988Z"
"event_000001306","session_00000611","user_0019","org_003","favorite_added","ste_000090","{""position"":1,""source"":""search""}","2026-01-09T10:04:44.9931988Z"
"event_000001307","session_00000611","user_0019","org_003","purchase_completed","ste_001112","{""source"":""search"",""position"":3}","2026-01-09T10:04:51.9931988Z"
"event_000001308","session_00000612","user_0019","org_003","search_submitted","","{""query_source"":""synonym""}","2025-12-12T17:34:33.9931988Z"
"event_000001309","session_00000612","user_0019","org_003","result_clicked","ste_000528","{""position"":1}","2025-12-12T17:34:41.9931988Z"
"event_000001310","session_00000612","user_0019","org_003","favorite_added","ste_000385","{""position"":5,""source"":""search""}","2025-12-12T17:34:44.9931988Z"
"event_000001311","session_00000612","user_0019","org_003","purchase_completed","ste_000528","{""source"":""search"",""position"":1}","2025-12-12T17:34:51.9931988Z"
"event_000001312","session_00000613","user_0020","org_003","search_submitted","","{""query_source"":""base""}","2025-12-19T22:11:33.9931988Z"
"event_000001313","session_00000613","user_0020","org_003","result_clicked","ste_000517","{""position"":3}","2025-12-19T22:11:41.9931988Z"
"event_000001314","session_00000613","user_0020","org_003","favorite_added","ste_000320","{""position"":5,""source"":""search""}","2025-12-19T22:11:44.9931988Z"
"event_000001315","session_00000613","user_0020","org_003","purchase_completed","ste_000517","{""source"":""search"",""position"":3}","2025-12-19T22:11:51.9931988Z"
"event_000001316","session_00000614","user_0020","org_003","search_submitted","","{""query_source"":""base""}","2025-12-18T10:35:33.9931988Z"
"event_000001317","session_00000615","user_0020","org_003","search_submitted","","{""query_source"":""synonym""}","2025-12-12T06:08:33.9931988Z"
"event_000001318","session_00000615","user_0020","org_003","result_clicked","ste_000932","{""position"":5}","2025-12-12T06:08:41.9931988Z"
"event_000001319","session_00000616","user_0020","org_003","search_submitted","","{""query_source"":""base""}","2025-12-23T04:11:33.9931988Z"
"event_000001320","session_00000617","user_0020","org_003","search_submitted","","{""query_source"":""base""}","2026-01-19T20:52:33.9931988Z"
"event_000001321","session_00000617","user_0020","org_003","result_clicked","ste_000514","{""position"":3}","2026-01-19T20:52:41.9931988Z"
"event_000001322","session_00000617","user_0020","org_003","favorite_added","ste_000574","{""position"":4,""source"":""search""}","2026-01-19T20:52:44.9931988Z"
"event_000001323","session_00000617","user_0020","org_003","purchase_completed","ste_000514","{""source"":""search"",""position"":3}","2026-01-19T20:52:51.9931988Z"
"event_000001324","session_00000618","user_0020","org_003","search_submitted","","{""query_source"":""base""}","2026-01-02T14:36:33.9931988Z"
"event_000001325","session_00000618","user_0020","org_003","result_clicked","ste_000089","{""position"":1}","2026-01-02T14:36:41.9931988Z"
"event_000001326","session_00000618","user_0020","org_003","favorite_added","ste_000089","{""position"":1,""source"":""search""}","2026-01-02T14:36:44.9931988Z"
"event_000001327","session_00000619","user_0020","org_003","search_submitted","","{""query_source"":""base""}","2026-01-02T05:45:33.9931988Z"
"event_000001328","session_00000619","user_0020","org_003","result_clicked","ste_000064","{""position"":2}","2026-01-02T05:45:41.9931988Z"
"event_000001329","session_00000619","user_0020","org_003","favorite_added","ste_000072","{""position"":6,""source"":""search""}","2026-01-02T05:45:44.9931988Z"
"event_000001330","session_00000620","user_0020","org_003","search_submitted","","{""query_source"":""base""}","2025-10-23T22:07:33.9931988Z"
"event_000001331","session_00000620","user_0020","org_003","result_clicked","ste_000183","{""position"":3}","2025-10-23T22:07:41.9931988Z"
"event_000001332","session_00000620","user_0020","org_003","purchase_completed","ste_000183","{""source"":""search"",""position"":3}","2025-10-23T22:07:51.9931988Z"
"event_000001333","session_00000621","user_0020","org_003","search_submitted","","{""query_source"":""base""}","2026-03-17T04:03:33.9931988Z"
"event_000001334","session_00000621","user_0020","org_003","result_clicked","ste_000764","{""position"":4}","2026-03-17T04:03:41.9931988Z"
"event_000001335","session_00000622","user_0020","org_003","search_submitted","","{""query_source"":""base""}","2026-03-08T21:37:33.9931988Z"
"event_000001336","session_00000622","user_0020","org_003","result_clicked","ste_000509","{""position"":2}","2026-03-08T21:37:41.9931988Z"
"event_000001337","session_00000622","user_0020","org_003","favorite_added","ste_000159","{""position"":3,""source"":""search""}","2026-03-08T21:37:44.9931988Z"
"event_000001338","session_00000623","user_0020","org_003","search_submitted","","{""query_source"":""base""}","2026-03-21T03:25:33.9931988Z"
"event_000001339","session_00000624","user_0020","org_003","search_submitted","","{""query_source"":""base""}","2026-01-17T17:04:33.9931988Z"
"event_000001340","session_00000625","user_0020","org_003","search_submitted","","{""query_source"":""synonym""}","2025-11-27T03:16:33.9931988Z"
"event_000001341","session_00000625","user_0020","org_003","result_clicked","ste_000237","{""position"":2}","2025-11-27T03:16:41.9931988Z"
"event_000001342","session_00000625","user_0020","org_003","favorite_added","ste_000883","{""position"":6,""source"":""search""}","2025-11-27T03:16:44.9931988Z"
"event_000001343","session_00000625","user_0020","org_003","purchase_completed","ste_000237","{""source"":""search"",""position"":2}","2025-11-27T03:16:51.9931988Z"
"event_000001344","session_00000626","user_0020","org_003","search_submitted","","{""query_source"":""base""}","2025-12-09T04:34:33.9931988Z"
"event_000001345","session_00000626","user_0020","org_003","result_clicked","ste_000496","{""position"":2}","2025-12-09T04:34:41.9931988Z"
"event_000001346","session_00000627","user_0020","org_003","search_submitted","","{""query_source"":""typo""}","2026-01-30T12:22:33.9931988Z"
"event_000001347","session_00000627","user_0020","org_003","result_clicked","ste_000333","{""position"":4}","2026-01-30T12:22:41.9931988Z"
"event_000001348","session_00000628","user_0020","org_003","search_submitted","","{""query_source"":""typo""}","2026-01-30T07:32:33.9931988Z"
"event_000001349","session_00000628","user_0020","org_003","result_clicked","ste_000611","{""position"":5}","2026-01-30T07:32:41.9931988Z"
"event_000001350","session_00000629","user_0020","org_003","search_submitted","","{""query_source"":""base""}","2025-11-13T16:44:33.9931988Z"
"event_000001351","session_00000629","user_0020","org_003","result_clicked","ste_000516","{""position"":2}","2025-11-13T16:44:41.9931988Z"
"event_000001352","session_00000630","user_0020","org_003","search_submitted","","{""query_source"":""typo""}","2026-01-20T14:36:33.9931988Z"
"event_000001353","session_00000631","user_0020","org_003","search_submitted","","{""query_source"":""base""}","2026-02-21T03:54:33.9931988Z"
"event_000001354","session_00000632","user_0020","org_003","search_submitted","","{""query_source"":""base""}","2025-10-06T13:24:33.9931988Z"
"event_000001355","session_00000632","user_0020","org_003","result_clicked","ste_000680","{""position"":1}","2025-10-06T13:24:41.9931988Z"
"event_000001356","session_00000632","user_0020","org_003","favorite_added","ste_000999","{""position"":2,""source"":""search""}","2025-10-06T13:24:44.9931988Z"
"event_000001357","session_00000633","user_0020","org_003","search_submitted","","{""query_source"":""synonym""}","2025-12-21T09:40:33.9931988Z"
"event_000001358","session_00000633","user_0020","org_003","result_clicked","ste_000978","{""position"":4}","2025-12-21T09:40:41.9931988Z"
"event_000001359","session_00000633","user_0020","org_003","favorite_added","ste_001110","{""position"":1,""source"":""search""}","2025-12-21T09:40:44.9931988Z"
"event_000001360","session_00000633","user_0020","org_003","purchase_completed","ste_000978","{""source"":""search"",""position"":4}","2025-12-21T09:40:51.9931988Z"
"event_000001361","session_00000634","user_0020","org_003","search_submitted","","{""query_source"":""base""}","2026-03-10T08:07:33.9931988Z"
"event_000001362","session_00000634","user_0020","org_003","result_clicked","ste_000079","{""position"":3}","2026-03-10T08:07:41.9931988Z"
"event_000001363","session_00000634","user_0020","org_003","favorite_added","ste_000726","{""position"":2,""source"":""search""}","2026-03-10T08:07:44.9931988Z"
"event_000001364","session_00000635","user_0020","org_003","search_submitted","","{""query_source"":""base""}","2026-02-23T22:22:33.9931988Z"
"event_000001365","session_00000635","user_0020","org_003","result_clicked","ste_000203","{""position"":1}","2026-02-23T22:22:41.9931988Z"
"event_000001366","session_00000635","user_0020","org_003","purchase_completed","ste_000203","{""source"":""search"",""position"":1}","2026-02-23T22:22:51.9931988Z"
"event_000001367","session_00000636","user_0020","org_003","search_submitted","","{""query_source"":""base""}","2026-02-02T07:25:33.9931988Z"
"event_000001368","session_00000636","user_0020","org_003","result_clicked","ste_000071","{""position"":4}","2026-02-02T07:25:41.9931988Z"
"event_000001369","session_00000636","user_0020","org_003","favorite_added","ste_000452","{""position"":7,""source"":""search""}","2026-02-02T07:25:44.9931988Z"
"event_000001370","session_00000637","user_0020","org_003","search_submitted","","{""query_source"":""base""}","2026-02-27T06:57:33.9931988Z"
"event_000001371","session_00000637","user_0020","org_003","result_clicked","ste_000430","{""position"":5}","2026-02-27T06:57:41.9931988Z"
"event_000001372","session_00000638","user_0020","org_003","search_submitted","","{""query_source"":""base""}","2026-02-08T22:18:33.9931988Z"
"event_000001373","session_00000638","user_0020","org_003","result_clicked","ste_000321","{""position"":3}","2026-02-08T22:18:41.9931988Z"
"event_000001374","session_00000638","user_0020","org_003","favorite_added","ste_000044","{""position"":5,""source"":""search""}","2026-02-08T22:18:44.9931988Z"
"event_000001375","session_00000638","user_0020","org_003","purchase_completed","ste_000321","{""source"":""search"",""position"":3}","2026-02-08T22:18:51.9931988Z"
"event_000001376","session_00000639","user_0020","org_003","search_submitted","","{""query_source"":""typo""}","2026-02-17T22:09:33.9931988Z"
"event_000001377","session_00000639","user_0020","org_003","result_clicked","ste_000922","{""position"":3}","2026-02-17T22:09:41.9931988Z"
"event_000001378","session_00000639","user_0020","org_003","favorite_added","ste_000086","{""position"":1,""source"":""search""}","2026-02-17T22:09:44.9931988Z"
"event_000001379","session_00000639","user_0020","org_003","purchase_completed","ste_000922","{""source"":""search"",""position"":3}","2026-02-17T22:09:51.9931988Z"
"event_000001380","session_00000640","user_0020","org_003","search_submitted","","{""query_source"":""base""}","2025-11-26T08:40:33.9931988Z"
"event_000001381","session_00000641","user_0020","org_003","search_submitted","","{""query_source"":""base""}","2025-10-05T18:19:33.9931988Z"
"event_000001382","session_00000642","user_0020","org_003","search_submitted","","{""query_source"":""synonym""}","2025-10-13T14:00:33.9931988Z"
"event_000001383","session_00000643","user_0020","org_003","search_submitted","","{""query_source"":""base""}","2026-02-21T10:01:33.9931988Z"
"event_000001384","session_00000643","user_0020","org_003","result_clicked","ste_000958","{""position"":3}","2026-02-21T10:01:41.9931988Z"
"event_000001385","session_00000643","user_0020","org_003","favorite_added","ste_000970","{""position"":1,""source"":""search""}","2026-02-21T10:01:44.9931988Z"
"event_000001386","session_00000643","user_0020","org_003","purchase_completed","ste_000958","{""source"":""search"",""position"":3}","2026-02-21T10:01:51.9931988Z"
"event_000001387","session_00000644","user_0020","org_003","search_submitted","","{""query_source"":""synonym""}","2026-01-31T09:16:33.9931988Z"
"event_000001388","session_00000644","user_0020","org_003","result_clicked","ste_000128","{""position"":2}","2026-01-31T09:16:41.9931988Z"
"event_000001389","session_00000644","user_0020","org_003","purchase_completed","ste_000128","{""source"":""search"",""position"":2}","2026-01-31T09:16:51.9931988Z"
"event_000001390","session_00000645","user_0020","org_003","search_submitted","","{""query_source"":""base""}","2026-02-12T23:54:33.9931988Z"
"event_000001391","session_00000645","user_0020","org_003","result_clicked","ste_000769","{""position"":1}","2026-02-12T23:54:41.9931988Z"
"event_000001392","session_00000645","user_0020","org_003","favorite_added","ste_000291","{""position"":2,""source"":""search""}","2026-02-12T23:54:44.9931988Z"
"event_000001393","session_00000645","user_0020","org_003","purchase_completed","ste_000769","{""source"":""search"",""position"":1}","2026-02-12T23:54:51.9931988Z"
"event_000001394","session_00000646","user_0021","org_003","search_submitted","","{""query_source"":""synonym""}","2025-10-28T11:28:33.9931988Z"
"event_000001395","session_00000646","user_0021","org_003","result_clicked","ste_000595","{""position"":5}","2025-10-28T11:28:41.9931988Z"
"event_000001396","session_00000647","user_0021","org_003","search_submitted","","{""query_source"":""typo""}","2025-12-30T01:01:33.9931988Z"
"event_000001397","session_00000648","user_0021","org_003","search_submitted","","{""query_source"":""synonym""}","2026-03-23T03:51:33.9931988Z"
"event_000001398","session_00000648","user_0021","org_003","result_clicked","ste_001173","{""position"":4}","2026-03-23T03:51:41.9931988Z"
"event_000001399","session_00000649","user_0021","org_003","search_submitted","","{""query_source"":""base""}","2026-02-08T06:44:33.9931988Z"
"event_000001400","session_00000649","user_0021","org_003","result_clicked","ste_000440","{""position"":2}","2026-02-08T06:44:41.9931988Z"
"event_000001401","session_00000650","user_0021","org_003","search_submitted","","{""query_source"":""typo""}","2025-12-17T18:30:33.9931988Z"
"event_000001402","session_00000650","user_0021","org_003","result_clicked","ste_000672","{""position"":5}","2025-12-17T18:30:41.9931988Z"
"event_000001403","session_00000651","user_0021","org_003","search_submitted","","{""query_source"":""base""}","2026-01-05T00:15:33.9931988Z"
"event_000001404","session_00000651","user_0021","org_003","result_clicked","ste_000646","{""position"":2}","2026-01-05T00:15:41.9931988Z"
"event_000001405","session_00000651","user_0021","org_003","favorite_added","ste_000647","{""position"":7,""source"":""search""}","2026-01-05T00:15:44.9931988Z"
"event_000001406","session_00000651","user_0021","org_003","purchase_completed","ste_000646","{""source"":""search"",""position"":2}","2026-01-05T00:15:51.9931988Z"
"event_000001407","session_00000652","user_0021","org_003","search_submitted","","{""query_source"":""base""}","2026-02-19T19:16:33.9931988Z"
"event_000001408","session_00000652","user_0021","org_003","result_clicked","ste_000990","{""position"":5}","2026-02-19T19:16:41.9931988Z"
"event_000001409","session_00000653","user_0021","org_003","search_submitted","","{""query_source"":""base""}","2026-03-01T04:14:33.9931988Z"
"event_000001410","session_00000653","user_0021","org_003","result_clicked","ste_000469","{""position"":1}","2026-03-01T04:14:41.9931988Z"
"event_000001411","session_00000653","user_0021","org_003","purchase_completed","ste_000469","{""source"":""search"",""position"":1}","2026-03-01T04:14:51.9931988Z"
"event_000001412","session_00000654","user_0021","org_003","search_submitted","","{""query_source"":""base""}","2025-10-08T23:48:33.9931988Z"
"event_000001413","session_00000654","user_0021","org_003","result_clicked","ste_001142","{""position"":3}","2025-10-08T23:48:41.9931988Z"
"event_000001414","session_00000654","user_0021","org_003","favorite_added","ste_000077","{""position"":1,""source"":""search""}","2025-10-08T23:48:44.9931988Z"
"event_000001415","session_00000655","user_0021","org_003","search_submitted","","{""query_source"":""base""}","2026-03-25T15:31:33.9931988Z"
"event_000001416","session_00000655","user_0021","org_003","result_clicked","ste_000899","{""position"":4}","2026-03-25T15:31:41.9931988Z"
"event_000001417","session_00000656","user_0021","org_003","search_submitted","","{""query_source"":""typo""}","2026-03-25T10:13:33.9931988Z"
"event_000001418","session_00000656","user_0021","org_003","result_clicked","ste_000140","{""position"":4}","2026-03-25T10:13:41.9931988Z"
"event_000001419","session_00000657","user_0021","org_003","search_submitted","","{""query_source"":""synonym""}","2026-01-13T02:55:33.9931988Z"
"event_000001420","session_00000657","user_0021","org_003","result_clicked","ste_000899","{""position"":4}","2026-01-13T02:55:41.9931988Z"
"event_000001421","session_00000657","user_0021","org_003","favorite_added","ste_000825","{""position"":7,""source"":""search""}","2026-01-13T02:55:44.9931988Z"
"event_000001422","session_00000658","user_0021","org_003","search_submitted","","{""query_source"":""base""}","2026-03-22T08:13:33.9931988Z"
"event_000001423","session_00000658","user_0021","org_003","result_clicked","ste_000282","{""position"":1}","2026-03-22T08:13:41.9931988Z"
"event_000001424","session_00000658","user_0021","org_003","favorite_added","ste_000417","{""position"":2,""source"":""search""}","2026-03-22T08:13:44.9931988Z"
"event_000001425","session_00000659","user_0021","org_003","search_submitted","","{""query_source"":""base""}","2025-11-09T20:28:33.9931988Z"
"event_000001426","session_00000659","user_0021","org_003","result_clicked","ste_000512","{""position"":5}","2025-11-09T20:28:41.9931988Z"
"event_000001427","session_00000659","user_0021","org_003","purchase_completed","ste_000512","{""source"":""search"",""position"":5}","2025-11-09T20:28:51.9931988Z"
"event_000001428","session_00000660","user_0021","org_003","search_submitted","","{""query_source"":""base""}","2025-10-18T00:46:33.9931988Z"
"event_000001429","session_00000661","user_0021","org_003","search_submitted","","{""query_source"":""base""}","2025-11-20T09:59:33.9931988Z"
"event_000001430","session_00000661","user_0021","org_003","result_clicked","ste_000719","{""position"":4}","2025-11-20T09:59:41.9931988Z"
"event_000001431","session_00000662","user_0021","org_003","search_submitted","","{""query_source"":""base""}","2025-11-30T00:24:33.9931988Z"
"event_000001432","session_00000662","user_0021","org_003","result_clicked","ste_000960","{""position"":3}","2025-11-30T00:24:41.9931988Z"
"event_000001433","session_00000662","user_0021","org_003","purchase_completed","ste_000960","{""source"":""search"",""position"":3}","2025-11-30T00:24:51.9931988Z"
"event_000001434","session_00000663","user_0021","org_003","search_submitted","","{""query_source"":""synonym""}","2025-10-03T18:17:33.9931988Z"
"event_000001435","session_00000663","user_0021","org_003","result_clicked","ste_000009","{""position"":1}","2025-10-03T18:17:41.9931988Z"
"event_000001436","session_00000663","user_0021","org_003","favorite_added","ste_000341","{""position"":5,""source"":""search""}","2025-10-03T18:17:44.9931988Z"
"event_000001437","session_00000664","user_0021","org_003","search_submitted","","{""query_source"":""base""}","2026-03-08T17:26:33.9931988Z"
"event_000001438","session_00000664","user_0021","org_003","result_clicked","ste_000942","{""position"":3}","2026-03-08T17:26:41.9931988Z"
"event_000001439","session_00000664","user_0021","org_003","favorite_added","ste_000942","{""position"":3,""source"":""search""}","2026-03-08T17:26:44.9931988Z"
"event_000001440","session_00000665","user_0021","org_003","search_submitted","","{""query_source"":""base""}","2026-01-06T12:14:33.9931988Z"
"event_000001441","session_00000665","user_0021","org_003","result_clicked","ste_000149","{""position"":3}","2026-01-06T12:14:41.9931988Z"
"event_000001442","session_00000665","user_0021","org_003","favorite_added","ste_000149","{""position"":3,""source"":""search""}","2026-01-06T12:14:44.9931988Z"
"event_000001443","session_00000665","user_0021","org_003","purchase_completed","ste_000149","{""source"":""search"",""position"":3}","2026-01-06T12:14:51.9931988Z"
"event_000001444","session_00000666","user_0021","org_003","search_submitted","","{""query_source"":""base""}","2025-10-07T08:22:33.9931988Z"
"event_000001445","session_00000667","user_0021","org_003","search_submitted","","{""query_source"":""base""}","2025-11-22T02:02:33.9931988Z"
"event_000001446","session_00000668","user_0021","org_003","search_submitted","","{""query_source"":""base""}","2025-10-30T19:59:33.9931988Z"
"event_000001447","session_00000668","user_0021","org_003","result_clicked","ste_000845","{""position"":2}","2025-10-30T19:59:41.9931988Z"
"event_000001448","session_00000668","user_0021","org_003","favorite_added","ste_000015","{""position"":1,""source"":""search""}","2025-10-30T19:59:44.9931988Z"
"event_000001449","session_00000669","user_0021","org_003","search_submitted","","{""query_source"":""typo""}","2026-03-26T13:01:33.9931988Z"
"event_000001450","session_00000669","user_0021","org_003","result_clicked","ste_000614","{""position"":4}","2026-03-26T13:01:41.9931988Z"
"event_000001451","session_00000670","user_0021","org_003","search_submitted","","{""query_source"":""base""}","2025-12-09T09:54:33.9931988Z"
"event_000001452","session_00000670","user_0021","org_003","result_clicked","ste_000487","{""position"":4}","2025-12-09T09:54:41.9931988Z"
"event_000001453","session_00000671","user_0021","org_003","search_submitted","","{""query_source"":""base""}","2026-02-02T19:15:33.9931988Z"
"event_000001454","session_00000672","user_0021","org_003","search_submitted","","{""query_source"":""base""}","2025-12-20T05:14:33.9931988Z"
"event_000001455","session_00000673","user_0021","org_003","search_submitted","","{""query_source"":""base""}","2025-10-13T02:59:33.9931988Z"
"event_000001456","session_00000673","user_0021","org_003","result_clicked","ste_000543","{""position"":5}","2025-10-13T02:59:41.9931988Z"
"event_000001457","session_00000673","user_0021","org_003","purchase_completed","ste_000543","{""source"":""search"",""position"":5}","2025-10-13T02:59:51.9931988Z"
"event_000001458","session_00000674","user_0021","org_003","search_submitted","","{""query_source"":""base""}","2026-02-03T13:13:33.9931988Z"
"event_000001459","session_00000674","user_0021","org_003","result_clicked","ste_000821","{""position"":2}","2026-02-03T13:13:41.9931988Z"
"event_000001460","session_00000675","user_0021","org_003","search_submitted","","{""query_source"":""base""}","2025-12-27T08:06:33.9931988Z"
"event_000001461","session_00000676","user_0021","org_003","search_submitted","","{""query_source"":""base""}","2025-12-24T16:02:33.9931988Z"
"event_000001462","session_00000676","user_0021","org_003","result_clicked","ste_000168","{""position"":3}","2025-12-24T16:02:41.9931988Z"
"event_000001463","session_00000677","user_0021","org_003","search_submitted","","{""query_source"":""base""}","2026-01-08T03:18:33.9931988Z"
"event_000001464","session_00000677","user_0021","org_003","result_clicked","ste_000468","{""position"":1}","2026-01-08T03:18:41.9931988Z"
"event_000001465","session_00000678","user_0021","org_003","search_submitted","","{""query_source"":""base""}","2025-11-26T13:31:33.9931988Z"
"event_000001466","session_00000678","user_0021","org_003","result_clicked","ste_001071","{""position"":5}","2025-11-26T13:31:41.9931988Z"
"event_000001467","session_00000678","user_0021","org_003","favorite_added","ste_000771","{""position"":7,""source"":""search""}","2025-11-26T13:31:44.9931988Z"
"event_000001468","session_00000678","user_0021","org_003","purchase_completed","ste_001071","{""source"":""search"",""position"":5}","2025-11-26T13:31:51.9931988Z"
"event_000001469","session_00000679","user_0021","org_003","search_submitted","","{""query_source"":""typo""}","2026-02-02T17:48:33.9931988Z"
"event_000001470","session_00000679","user_0021","org_003","result_clicked","ste_000259","{""position"":2}","2026-02-02T17:48:41.9931988Z"
"event_000001471","session_00000679","user_0021","org_003","favorite_added","ste_000754","{""position"":4,""source"":""search""}","2026-02-02T17:48:44.9931988Z"
"event_000001472","session_00000679","user_0021","org_003","purchase_completed","ste_000259","{""source"":""search"",""position"":2}","2026-02-02T17:48:51.9931988Z"
"event_000001473","session_00000680","user_0021","org_003","search_submitted","","{""query_source"":""typo""}","2025-10-15T13:36:33.9931988Z"
"event_000001474","session_00000680","user_0021","org_003","result_clicked","ste_000062","{""position"":1}","2025-10-15T13:36:41.9931988Z"
"event_000001475","session_00000680","user_0021","org_003","favorite_added","ste_000161","{""position"":2,""source"":""search""}","2025-10-15T13:36:44.9931988Z"
"event_000001476","session_00000681","user_0021","org_003","search_submitted","","{""query_source"":""base""}","2025-12-17T21:29:33.9931988Z"
"event_000001477","session_00000681","user_0021","org_003","result_clicked","ste_000176","{""position"":3}","2025-12-17T21:29:41.9931988Z"
"event_000001478","session_00000681","user_0021","org_003","favorite_added","ste_000513","{""position"":5,""source"":""search""}","2025-12-17T21:29:44.9931988Z"
"event_000001479","session_00000681","user_0021","org_003","purchase_completed","ste_000176","{""source"":""search"",""position"":3}","2025-12-17T21:29:51.9931988Z"
"event_000001480","session_00000682","user_0021","org_003","search_submitted","","{""query_source"":""base""}","2026-02-12T20:10:33.9931988Z"
"event_000001481","session_00000683","user_0022","org_003","search_submitted","","{""query_source"":""base""}","2026-01-22T03:21:33.9931988Z"
"event_000001482","session_00000683","user_0022","org_003","result_clicked","ste_000732","{""position"":4}","2026-01-22T03:21:41.9931988Z"
"event_000001483","session_00000684","user_0022","org_003","search_submitted","","{""query_source"":""base""}","2026-01-06T08:46:33.9931988Z"
"event_000001484","session_00000684","user_0022","org_003","result_clicked","ste_000526","{""position"":3}","2026-01-06T08:46:41.9931988Z"
"event_000001485","session_00000685","user_0022","org_003","search_submitted","","{""query_source"":""base""}","2026-01-18T13:23:33.9931988Z"
"event_000001486","session_00000685","user_0022","org_003","result_clicked","ste_001150","{""position"":2}","2026-01-18T13:23:41.9931988Z"
"event_000001487","session_00000685","user_0022","org_003","favorite_added","ste_000505","{""position"":3,""source"":""search""}","2026-01-18T13:23:44.9931988Z"
"event_000001488","session_00000685","user_0022","org_003","purchase_completed","ste_001150","{""source"":""search"",""position"":2}","2026-01-18T13:23:51.9931988Z"
"event_000001489","session_00000686","user_0022","org_003","search_submitted","","{""query_source"":""synonym""}","2025-10-06T05:05:33.9931988Z"
"event_000001490","session_00000686","user_0022","org_003","result_clicked","ste_001063","{""position"":1}","2025-10-06T05:05:41.9931988Z"
"event_000001491","session_00000687","user_0022","org_003","search_submitted","","{""query_source"":""typo""}","2026-03-24T16:35:33.9931988Z"
"event_000001492","session_00000687","user_0022","org_003","result_clicked","ste_001056","{""position"":3}","2026-03-24T16:35:41.9931988Z"
"event_000001493","session_00000687","user_0022","org_003","favorite_added","ste_000115","{""position"":2,""source"":""search""}","2026-03-24T16:35:44.9931988Z"
"event_000001494","session_00000688","user_0022","org_003","search_submitted","","{""query_source"":""synonym""}","2026-02-20T07:09:33.9931988Z"
"event_000001495","session_00000688","user_0022","org_003","result_clicked","ste_001069","{""position"":5}","2026-02-20T07:09:41.9931988Z"
"event_000001496","session_00000689","user_0022","org_003","search_submitted","","{""query_source"":""base""}","2025-12-25T05:52:33.9931988Z"
"event_000001497","session_00000689","user_0022","org_003","result_clicked","ste_000743","{""position"":3}","2025-12-25T05:52:41.9931988Z"
"event_000001498","session_00000690","user_0022","org_003","search_submitted","","{""query_source"":""base""}","2025-10-11T06:46:33.9931988Z"
"event_000001499","session_00000690","user_0022","org_003","result_clicked","ste_000103","{""position"":5}","2025-10-11T06:46:41.9931988Z"
"event_000001500","session_00000691","user_0022","org_003","search_submitted","","{""query_source"":""base""}","2025-10-25T07:45:33.9931988Z"
"event_000001501","session_00000691","user_0022","org_003","result_clicked","ste_000207","{""position"":4}","2025-10-25T07:45:41.9931988Z"
"event_000001502","session_00000692","user_0022","org_003","search_submitted","","{""query_source"":""base""}","2025-11-18T18:35:33.9931988Z"
"event_000001503","session_00000693","user_0022","org_003","search_submitted","","{""query_source"":""base""}","2026-03-20T22:55:33.9931988Z"
"event_000001504","session_00000694","user_0022","org_003","search_submitted","","{""query_source"":""base""}","2026-03-06T04:33:33.9931988Z"
"event_000001505","session_00000694","user_0022","org_003","result_clicked","ste_000435","{""position"":5}","2026-03-06T04:33:41.9931988Z"
"event_000001506","session_00000695","user_0022","org_003","search_submitted","","{""query_source"":""base""}","2026-03-24T21:09:33.9931988Z"
"event_000001507","session_00000695","user_0022","org_003","result_clicked","ste_001194","{""position"":2}","2026-03-24T21:09:41.9931988Z"
"event_000001508","session_00000696","user_0022","org_003","search_submitted","","{""query_source"":""base""}","2025-10-20T06:24:33.9931988Z"
"event_000001509","session_00000697","user_0022","org_003","search_submitted","","{""query_source"":""base""}","2026-01-23T21:56:33.9931988Z"
"event_000001510","session_00000697","user_0022","org_003","result_clicked","ste_001030","{""position"":2}","2026-01-23T21:56:41.9931988Z"
"event_000001511","session_00000697","user_0022","org_003","purchase_completed","ste_001030","{""source"":""search"",""position"":2}","2026-01-23T21:56:51.9931988Z"
"event_000001512","session_00000698","user_0022","org_003","search_submitted","","{""query_source"":""base""}","2026-02-06T18:27:33.9931988Z"
"event_000001513","session_00000699","user_0022","org_003","search_submitted","","{""query_source"":""base""}","2026-03-25T20:46:33.9931988Z"
"event_000001514","session_00000699","user_0022","org_003","result_clicked","ste_000936","{""position"":5}","2026-03-25T20:46:41.9931988Z"
"event_000001515","session_00000700","user_0022","org_003","search_submitted","","{""query_source"":""synonym""}","2025-12-21T04:28:33.9931988Z"
"event_000001516","session_00000700","user_0022","org_003","result_clicked","ste_000711","{""position"":4}","2025-12-21T04:28:41.9931988Z"
"event_000001517","session_00000701","user_0022","org_003","search_submitted","","{""query_source"":""synonym""}","2025-10-02T18:13:33.9931988Z"
"event_000001518","session_00000701","user_0022","org_003","result_clicked","ste_000232","{""position"":4}","2025-10-02T18:13:41.9931988Z"
"event_000001519","session_00000702","user_0022","org_003","search_submitted","","{""query_source"":""base""}","2025-10-13T13:09:33.9931988Z"
"event_000001520","session_00000702","user_0022","org_003","result_clicked","ste_000801","{""position"":3}","2025-10-13T13:09:41.9931988Z"
"event_000001521","session_00000702","user_0022","org_003","favorite_added","ste_000583","{""position"":6,""source"":""search""}","2025-10-13T13:09:44.9931988Z"
"event_000001522","session_00000703","user_0022","org_003","search_submitted","","{""query_source"":""base""}","2026-02-16T22:11:33.9931988Z"
"event_000001523","session_00000703","user_0022","org_003","result_clicked","ste_001109","{""position"":4}","2026-02-16T22:11:41.9931988Z"
"event_000001524","session_00000704","user_0022","org_003","search_submitted","","{""query_source"":""base""}","2025-12-07T03:59:33.9931988Z"
"event_000001525","session_00000704","user_0022","org_003","result_clicked","ste_000741","{""position"":5}","2025-12-07T03:59:41.9931988Z"
"event_000001526","session_00000705","user_0022","org_003","search_submitted","","{""query_source"":""base""}","2025-09-29T20:43:33.9931988Z"
"event_000001527","session_00000705","user_0022","org_003","result_clicked","ste_000528","{""position"":4}","2025-09-29T20:43:41.9931988Z"
"event_000001528","session_00000706","user_0022","org_003","search_submitted","","{""query_source"":""base""}","2026-01-08T23:08:33.9931988Z"
"event_000001529","session_00000706","user_0022","org_003","result_clicked","ste_001165","{""position"":1}","2026-01-08T23:08:41.9931988Z"
"event_000001530","session_00000707","user_0022","org_003","search_submitted","","{""query_source"":""base""}","2026-03-16T15:21:33.9931988Z"
"event_000001531","session_00000708","user_0022","org_003","search_submitted","","{""query_source"":""base""}","2025-09-30T14:03:33.9931988Z"
"event_000001532","session_00000708","user_0022","org_003","result_clicked","ste_000288","{""position"":2}","2025-09-30T14:03:41.9931988Z"
"event_000001533","session_00000708","user_0022","org_003","purchase_completed","ste_000288","{""source"":""search"",""position"":2}","2025-09-30T14:03:51.9931988Z"
"event_000001534","session_00000709","user_0022","org_003","search_submitted","","{""query_source"":""base""}","2026-03-23T15:53:33.9931988Z"
"event_000001535","session_00000709","user_0022","org_003","result_clicked","ste_000042","{""position"":1}","2026-03-23T15:53:41.9931988Z"
"event_000001536","session_00000710","user_0022","org_003","search_submitted","","{""query_source"":""base""}","2026-01-10T16:47:33.9931988Z"
"event_000001537","session_00000710","user_0022","org_003","result_clicked","ste_000397","{""position"":5}","2026-01-10T16:47:41.9931988Z"
"event_000001538","session_00000710","user_0022","org_003","favorite_added","ste_000488","{""position"":1,""source"":""search""}","2026-01-10T16:47:44.9931988Z"
"event_000001539","session_00000711","user_0022","org_003","search_submitted","","{""query_source"":""base""}","2025-11-01T07:25:33.9931988Z"
"event_000001540","session_00000711","user_0022","org_003","result_clicked","ste_000937","{""position"":2}","2025-11-01T07:25:41.9931988Z"
"event_000001541","session_00000711","user_0022","org_003","favorite_added","ste_001072","{""position"":6,""source"":""search""}","2025-11-01T07:25:44.9931988Z"
"event_000001542","session_00000712","user_0022","org_003","search_submitted","","{""query_source"":""synonym""}","2025-12-28T02:41:33.9931988Z"
"event_000001543","session_00000712","user_0022","org_003","result_clicked","ste_000519","{""position"":4}","2025-12-28T02:41:41.9931988Z"
"event_000001544","session_00000712","user_0022","org_003","favorite_added","ste_000842","{""position"":5,""source"":""search""}","2025-12-28T02:41:44.9931988Z"
"event_000001545","session_00000713","user_0022","org_003","search_submitted","","{""query_source"":""base""}","2025-12-25T10:42:33.9931988Z"
"event_000001546","session_00000713","user_0022","org_003","result_clicked","ste_000768","{""position"":5}","2025-12-25T10:42:41.9931988Z"
"event_000001547","session_00000714","user_0022","org_003","search_submitted","","{""query_source"":""base""}","2026-01-29T21:26:33.9931988Z"
"event_000001548","session_00000714","user_0022","org_003","result_clicked","ste_000359","{""position"":2}","2026-01-29T21:26:41.9931988Z"
"event_000001549","session_00000714","user_0022","org_003","favorite_added","ste_000763","{""position"":1,""source"":""search""}","2026-01-29T21:26:44.9931988Z"
"event_000001550","session_00000715","user_0023","org_003","search_submitted","","{""query_source"":""synonym""}","2026-02-26T19:27:33.9931988Z"
"event_000001551","session_00000715","user_0023","org_003","result_clicked","ste_000519","{""position"":2}","2026-02-26T19:27:41.9931988Z"
"event_000001552","session_00000716","user_0023","org_003","search_submitted","","{""query_source"":""typo""}","2025-10-21T16:37:33.9931988Z"
"event_000001553","session_00000717","user_0023","org_003","search_submitted","","{""query_source"":""base""}","2026-02-23T00:54:33.9931988Z"
"event_000001554","session_00000717","user_0023","org_003","result_clicked","ste_000439","{""position"":2}","2026-02-23T00:54:41.9931988Z"
"event_000001555","session_00000717","user_0023","org_003","favorite_added","ste_000527","{""position"":3,""source"":""search""}","2026-02-23T00:54:44.9931988Z"
"event_000001556","session_00000718","user_0023","org_003","search_submitted","","{""query_source"":""base""}","2025-10-04T18:29:33.9931988Z"
"event_000001557","session_00000718","user_0023","org_003","result_clicked","ste_000885","{""position"":5}","2025-10-04T18:29:41.9931988Z"
"event_000001558","session_00000719","user_0023","org_003","search_submitted","","{""query_source"":""base""}","2025-11-14T14:02:33.9931988Z"
"event_000001559","session_00000719","user_0023","org_003","result_clicked","ste_000278","{""position"":3}","2025-11-14T14:02:41.9931988Z"
"event_000001560","session_00000720","user_0023","org_003","search_submitted","","{""query_source"":""base""}","2025-11-19T01:48:33.9931988Z"
"event_000001561","session_00000721","user_0023","org_003","search_submitted","","{""query_source"":""base""}","2025-11-11T14:35:33.9931988Z"
"event_000001562","session_00000721","user_0023","org_003","result_clicked","ste_000565","{""position"":4}","2025-11-11T14:35:41.9931988Z"
"event_000001563","session_00000722","user_0023","org_003","search_submitted","","{""query_source"":""base""}","2025-10-09T08:58:33.9931988Z"
"event_000001564","session_00000722","user_0023","org_003","result_clicked","ste_001087","{""position"":4}","2025-10-09T08:58:41.9931988Z"
"event_000001565","session_00000722","user_0023","org_003","purchase_completed","ste_001087","{""source"":""search"",""position"":4}","2025-10-09T08:58:51.9931988Z"
"event_000001566","session_00000723","user_0023","org_003","search_submitted","","{""query_source"":""base""}","2025-11-16T09:27:33.9931988Z"
"event_000001567","session_00000723","user_0023","org_003","result_clicked","ste_000044","{""position"":3}","2025-11-16T09:27:41.9931988Z"
"event_000001568","session_00000723","user_0023","org_003","purchase_completed","ste_000044","{""source"":""search"",""position"":3}","2025-11-16T09:27:51.9931988Z"
"event_000001569","session_00000724","user_0023","org_003","search_submitted","","{""query_source"":""base""}","2025-12-23T21:47:33.9931988Z"
"event_000001570","session_00000724","user_0023","org_003","result_clicked","ste_000814","{""position"":4}","2025-12-23T21:47:41.9931988Z"
"event_000001571","session_00000725","user_0023","org_003","search_submitted","","{""query_source"":""base""}","2025-10-21T05:18:33.9931988Z"
"event_000001572","session_00000726","user_0023","org_003","search_submitted","","{""query_source"":""base""}","2025-11-04T09:07:33.9931988Z"
"event_000001573","session_00000727","user_0023","org_003","search_submitted","","{""query_source"":""base""}","2025-11-17T10:34:33.9931988Z"
"event_000001574","session_00000728","user_0023","org_003","search_submitted","","{""query_source"":""synonym""}","2026-01-01T05:33:33.9931988Z"
"event_000001575","session_00000728","user_0023","org_003","result_clicked","ste_000813","{""position"":2}","2026-01-01T05:33:41.9931988Z"
"event_000001576","session_00000728","user_0023","org_003","favorite_added","ste_000498","{""position"":3,""source"":""search""}","2026-01-01T05:33:44.9931988Z"
"event_000001577","session_00000729","user_0023","org_003","search_submitted","","{""query_source"":""base""}","2026-01-30T10:47:33.9931988Z"
"event_000001578","session_00000729","user_0023","org_003","result_clicked","ste_000478","{""position"":3}","2026-01-30T10:47:41.9931988Z"
"event_000001579","session_00000729","user_0023","org_003","favorite_added","ste_000478","{""position"":3,""source"":""search""}","2026-01-30T10:47:44.9931988Z"
"event_000001580","session_00000729","user_0023","org_003","purchase_completed","ste_000478","{""source"":""search"",""position"":3}","2026-01-30T10:47:51.9931988Z"
"event_000001581","session_00000730","user_0023","org_003","search_submitted","","{""query_source"":""base""}","2026-02-24T14:51:33.9931988Z"
"event_000001582","session_00000730","user_0023","org_003","result_clicked","ste_000086","{""position"":4}","2026-02-24T14:51:41.9931988Z"
"event_000001583","session_00000731","user_0023","org_003","search_submitted","","{""query_source"":""base""}","2025-11-02T21:59:33.9931988Z"
"event_000001584","session_00000731","user_0023","org_003","result_clicked","ste_000900","{""position"":5}","2025-11-02T21:59:41.9931988Z"
"event_000001585","session_00000732","user_0023","org_003","search_submitted","","{""query_source"":""base""}","2025-11-12T20:23:33.9931988Z"
"event_000001586","session_00000733","user_0023","org_003","search_submitted","","{""query_source"":""base""}","2025-11-02T08:45:33.9931988Z"
"event_000001587","session_00000733","user_0023","org_003","result_clicked","ste_000805","{""position"":5}","2025-11-02T08:45:41.9931988Z"
"event_000001588","session_00000733","user_0023","org_003","purchase_completed","ste_000805","{""source"":""search"",""position"":5}","2025-11-02T08:45:51.9931988Z"
"event_000001589","session_00000734","user_0023","org_003","search_submitted","","{""query_source"":""base""}","2026-03-19T03:15:33.9931988Z"
"event_000001590","session_00000734","user_0023","org_003","result_clicked","ste_000428","{""position"":5}","2026-03-19T03:15:41.9931988Z"
"event_000001591","session_00000734","user_0023","org_003","purchase_completed","ste_000428","{""source"":""search"",""position"":5}","2026-03-19T03:15:51.9931988Z"
"event_000001592","session_00000735","user_0023","org_003","search_submitted","","{""query_source"":""base""}","2025-12-07T04:18:33.9931988Z"
"event_000001593","session_00000735","user_0023","org_003","result_clicked","ste_000182","{""position"":3}","2025-12-07T04:18:41.9931988Z"
"event_000001594","session_00000736","user_0023","org_003","search_submitted","","{""query_source"":""base""}","2026-03-09T00:52:33.9931988Z"
"event_000001595","session_00000736","user_0023","org_003","result_clicked","ste_000392","{""position"":4}","2026-03-09T00:52:41.9931988Z"
"event_000001596","session_00000737","user_0023","org_003","search_submitted","","{""query_source"":""base""}","2025-11-30T02:01:33.9931988Z"
"event_000001597","session_00000738","user_0023","org_003","search_submitted","","{""query_source"":""typo""}","2025-11-28T11:06:33.9931988Z"
"event_000001598","session_00000738","user_0023","org_003","result_clicked","ste_000953","{""position"":5}","2025-11-28T11:06:41.9931988Z"
"event_000001599","session_00000738","user_0023","org_003","favorite_added","ste_000156","{""position"":7,""source"":""search""}","2025-11-28T11:06:44.9931988Z"
"event_000001600","session_00000739","user_0023","org_003","search_submitted","","{""query_source"":""base""}","2025-12-27T03:53:33.9931988Z"
"event_000001601","session_00000739","user_0023","org_003","result_clicked","ste_000443","{""position"":5}","2025-12-27T03:53:41.9931988Z"
"event_000001602","session_00000740","user_0023","org_003","search_submitted","","{""query_source"":""base""}","2026-03-26T09:33:33.9931988Z"
"event_000001603","session_00000740","user_0023","org_003","result_clicked","ste_000571","{""position"":4}","2026-03-26T09:33:41.9931988Z"
"event_000001604","session_00000740","user_0023","org_003","favorite_added","ste_000619","{""position"":3,""source"":""search""}","2026-03-26T09:33:44.9931988Z"
"event_000001605","session_00000741","user_0023","org_003","search_submitted","","{""query_source"":""synonym""}","2026-02-13T17:29:33.9931988Z"
"event_000001606","session_00000741","user_0023","org_003","result_clicked","ste_000388","{""position"":5}","2026-02-13T17:29:41.9931988Z"
"event_000001607","session_00000742","user_0023","org_003","search_submitted","","{""query_source"":""base""}","2026-02-18T16:12:33.9931988Z"
"event_000001608","session_00000742","user_0023","org_003","result_clicked","ste_000670","{""position"":5}","2026-02-18T16:12:41.9931988Z"
"event_000001609","session_00000743","user_0023","org_003","search_submitted","","{""query_source"":""base""}","2026-02-18T18:58:33.9931988Z"
"event_000001610","session_00000743","user_0023","org_003","result_clicked","ste_000925","{""position"":4}","2026-02-18T18:58:41.9931988Z"
"event_000001611","session_00000744","user_0023","org_003","search_submitted","","{""query_source"":""base""}","2025-09-30T15:45:33.9931988Z"
"event_000001612","session_00000744","user_0023","org_003","result_clicked","ste_001091","{""position"":5}","2025-09-30T15:45:41.9931988Z"
"event_000001613","session_00000744","user_0023","org_003","favorite_added","ste_001091","{""position"":5,""source"":""search""}","2025-09-30T15:45:44.9931988Z"
"event_000001614","session_00000745","user_0023","org_003","search_submitted","","{""query_source"":""base""}","2026-01-16T16:12:33.9931988Z"
"event_000001615","session_00000745","user_0023","org_003","result_clicked","ste_001061","{""position"":2}","2026-01-16T16:12:41.9931988Z"
"event_000001616","session_00000745","user_0023","org_003","favorite_added","ste_000051","{""position"":3,""source"":""search""}","2026-01-16T16:12:44.9931988Z"
"event_000001617","session_00000746","user_0024","org_003","search_submitted","","{""query_source"":""base""}","2026-03-15T12:55:33.9931988Z"
"event_000001618","session_00000747","user_0024","org_003","search_submitted","","{""query_source"":""base""}","2026-03-01T02:45:33.9931988Z"
"event_000001619","session_00000747","user_0024","org_003","result_clicked","ste_000440","{""position"":2}","2026-03-01T02:45:41.9931988Z"
"event_000001620","session_00000747","user_0024","org_003","favorite_added","ste_000298","{""position"":3,""source"":""search""}","2026-03-01T02:45:44.9931988Z"
"event_000001621","session_00000747","user_0024","org_003","purchase_completed","ste_000440","{""source"":""search"",""position"":2}","2026-03-01T02:45:51.9931988Z"
"event_000001622","session_00000748","user_0024","org_003","search_submitted","","{""query_source"":""base""}","2025-12-31T04:53:33.9931988Z"
"event_000001623","session_00000748","user_0024","org_003","result_clicked","ste_000940","{""position"":4}","2025-12-31T04:53:41.9931988Z"
"event_000001624","session_00000749","user_0024","org_003","search_submitted","","{""query_source"":""synonym""}","2025-11-09T11:44:33.9931988Z"
"event_000001625","session_00000749","user_0024","org_003","result_clicked","ste_000133","{""position"":1}","2025-11-09T11:44:41.9931988Z"
"event_000001626","session_00000749","user_0024","org_003","favorite_added","ste_000133","{""position"":1,""source"":""search""}","2025-11-09T11:44:44.9931988Z"
"event_000001627","session_00000749","user_0024","org_003","purchase_completed","ste_000133","{""source"":""search"",""position"":1}","2025-11-09T11:44:51.9931988Z"
"event_000001628","session_00000750","user_0024","org_003","search_submitted","","{""query_source"":""base""}","2026-03-04T22:44:33.9931988Z"
"event_000001629","session_00000750","user_0024","org_003","result_clicked","ste_000683","{""position"":1}","2026-03-04T22:44:41.9931988Z"
"event_000001630","session_00000750","user_0024","org_003","favorite_added","ste_000683","{""position"":1,""source"":""search""}","2026-03-04T22:44:44.9931988Z"
"event_000001631","session_00000751","user_0024","org_003","search_submitted","","{""query_source"":""base""}","2025-12-09T02:30:33.9931988Z"
"event_000001632","session_00000751","user_0024","org_003","result_clicked","ste_000759","{""position"":2}","2025-12-09T02:30:41.9931988Z"
"event_000001633","session_00000752","user_0024","org_003","search_submitted","","{""query_source"":""base""}","2025-10-30T04:28:33.9931988Z"
"event_000001634","session_00000752","user_0024","org_003","result_clicked","ste_000978","{""position"":5}","2025-10-30T04:28:41.9931988Z"
"event_000001635","session_00000753","user_0024","org_003","search_submitted","","{""query_source"":""synonym""}","2026-02-19T06:45:33.9931988Z"
"event_000001636","session_00000753","user_0024","org_003","result_clicked","ste_000534","{""position"":1}","2026-02-19T06:45:41.9931988Z"
"event_000001637","session_00000753","user_0024","org_003","purchase_completed","ste_000534","{""source"":""search"",""position"":1}","2026-02-19T06:45:51.9931988Z"
"event_000001638","session_00000754","user_0024","org_003","search_submitted","","{""query_source"":""base""}","2026-03-27T03:27:33.9931988Z"
"event_000001639","session_00000754","user_0024","org_003","result_clicked","ste_000085","{""position"":4}","2026-03-27T03:27:41.9931988Z"
"event_000001640","session_00000754","user_0024","org_003","purchase_completed","ste_000085","{""source"":""search"",""position"":4}","2026-03-27T03:27:51.9931988Z"
"event_000001641","session_00000755","user_0024","org_003","search_submitted","","{""query_source"":""base""}","2025-11-24T11:55:33.9931988Z"
"event_000001642","session_00000755","user_0024","org_003","result_clicked","ste_000503","{""position"":4}","2025-11-24T11:55:41.9931988Z"
"event_000001643","session_00000756","user_0024","org_003","search_submitted","","{""query_source"":""base""}","2025-11-26T20:54:33.9931988Z"
"event_000001644","session_00000756","user_0024","org_003","result_clicked","ste_000687","{""position"":2}","2025-11-26T20:54:41.9931988Z"
"event_000001645","session_00000756","user_0024","org_003","favorite_added","ste_000347","{""position"":4,""source"":""search""}","2025-11-26T20:54:44.9931988Z"
"event_000001646","session_00000756","user_0024","org_003","purchase_completed","ste_000687","{""source"":""search"",""position"":2}","2025-11-26T20:54:51.9931988Z"
"event_000001647","session_00000757","user_0024","org_003","search_submitted","","{""query_source"":""base""}","2026-02-22T01:55:33.9931988Z"
"event_000001648","session_00000757","user_0024","org_003","result_clicked","ste_000075","{""position"":1}","2026-02-22T01:55:41.9931988Z"
"event_000001649","session_00000757","user_0024","org_003","favorite_added","ste_000099","{""position"":7,""source"":""search""}","2026-02-22T01:55:44.9931988Z"
"event_000001650","session_00000758","user_0024","org_003","search_submitted","","{""query_source"":""base""}","2026-02-07T04:47:33.9931988Z"
"event_000001651","session_00000758","user_0024","org_003","result_clicked","ste_000769","{""position"":1}","2026-02-07T04:47:41.9931988Z"
"event_000001652","session_00000758","user_0024","org_003","favorite_added","ste_000696","{""position"":7,""source"":""search""}","2026-02-07T04:47:44.9931988Z"
"event_000001653","session_00000759","user_0024","org_003","search_submitted","","{""query_source"":""base""}","2025-11-25T11:37:33.9931988Z"
"event_000001654","session_00000760","user_0024","org_003","search_submitted","","{""query_source"":""base""}","2026-03-15T23:10:33.9931988Z"
"event_000001655","session_00000760","user_0024","org_003","result_clicked","ste_000651","{""position"":3}","2026-03-15T23:10:41.9931988Z"
"event_000001656","session_00000761","user_0024","org_003","search_submitted","","{""query_source"":""typo""}","2025-11-12T16:51:33.9931988Z"
"event_000001657","session_00000761","user_0024","org_003","result_clicked","ste_000250","{""position"":2}","2025-11-12T16:51:41.9931988Z"
"event_000001658","session_00000761","user_0024","org_003","favorite_added","ste_000994","{""position"":6,""source"":""search""}","2025-11-12T16:51:44.9931988Z"
"event_000001659","session_00000761","user_0024","org_003","purchase_completed","ste_000250","{""source"":""search"",""position"":2}","2025-11-12T16:51:51.9931988Z"
"event_000001660","session_00000762","user_0024","org_003","search_submitted","","{""query_source"":""base""}","2026-03-14T01:42:33.9931988Z"
"event_000001661","session_00000762","user_0024","org_003","result_clicked","ste_000453","{""position"":2}","2026-03-14T01:42:41.9931988Z"
"event_000001662","session_00000762","user_0024","org_003","favorite_added","ste_000095","{""position"":1,""source"":""search""}","2026-03-14T01:42:44.9931988Z"
"event_000001663","session_00000763","user_0024","org_003","search_submitted","","{""query_source"":""base""}","2026-03-21T02:03:33.9931988Z"
"event_000001664","session_00000763","user_0024","org_003","result_clicked","ste_001087","{""position"":3}","2026-03-21T02:03:41.9931988Z"
"event_000001665","session_00000763","user_0024","org_003","purchase_completed","ste_001087","{""source"":""search"",""position"":3}","2026-03-21T02:03:51.9931988Z"
"event_000001666","session_00000764","user_0024","org_003","search_submitted","","{""query_source"":""base""}","2026-02-26T04:49:33.9931988Z"
"event_000001667","session_00000765","user_0024","org_003","search_submitted","","{""query_source"":""base""}","2025-11-23T14:53:33.9931988Z"
"event_000001668","session_00000766","user_0024","org_003","search_submitted","","{""query_source"":""typo""}","2025-11-11T02:22:33.9931988Z"
"event_000001669","session_00000767","user_0024","org_003","search_submitted","","{""query_source"":""base""}","2026-01-01T00:45:33.9931988Z"
"event_000001670","session_00000767","user_0024","org_003","result_clicked","ste_001106","{""position"":3}","2026-01-01T00:45:41.9931988Z"
"event_000001671","session_00000768","user_0024","org_003","search_submitted","","{""query_source"":""base""}","2025-12-21T09:50:33.9931988Z"
"event_000001672","session_00000769","user_0024","org_003","search_submitted","","{""query_source"":""base""}","2026-01-30T05:11:33.9931988Z"
"event_000001673","session_00000769","user_0024","org_003","result_clicked","ste_000840","{""position"":4}","2026-01-30T05:11:41.9931988Z"
"event_000001674","session_00000769","user_0024","org_003","favorite_added","ste_000375","{""position"":1,""source"":""search""}","2026-01-30T05:11:44.9931988Z"
"event_000001675","session_00000770","user_0024","org_003","search_submitted","","{""query_source"":""base""}","2025-11-18T19:10:33.9931988Z"
"event_000001676","session_00000770","user_0024","org_003","result_clicked","ste_000123","{""position"":3}","2025-11-18T19:10:41.9931988Z"
"event_000001677","session_00000771","user_0024","org_003","search_submitted","","{""query_source"":""base""}","2025-10-28T00:13:33.9931988Z"
"event_000001678","session_00000771","user_0024","org_003","result_clicked","ste_000185","{""position"":2}","2025-10-28T00:13:41.9931988Z"
"event_000001679","session_00000771","user_0024","org_003","favorite_added","ste_001036","{""position"":6,""source"":""search""}","2025-10-28T00:13:44.9931988Z"
"event_000001680","session_00000772","user_0024","org_003","search_submitted","","{""query_source"":""base""}","2026-03-12T00:58:33.9931988Z"
"event_000001681","session_00000772","user_0024","org_003","result_clicked","ste_001025","{""position"":2}","2026-03-12T00:58:41.9931988Z"
"event_000001682","session_00000772","user_0024","org_003","purchase_completed","ste_001025","{""source"":""search"",""position"":2}","2026-03-12T00:58:51.9931988Z"
"event_000001683","session_00000773","user_0024","org_003","search_submitted","","{""query_source"":""base""}","2026-03-06T09:28:33.9931988Z"
"event_000001684","session_00000773","user_0024","org_003","result_clicked","ste_000920","{""position"":2}","2026-03-06T09:28:41.9931988Z"
"event_000001685","session_00000774","user_0024","org_003","search_submitted","","{""query_source"":""base""}","2025-10-27T17:54:33.9931988Z"
"event_000001686","session_00000774","user_0024","org_003","result_clicked","ste_000858","{""position"":5}","2025-10-27T17:54:41.9931988Z"
"event_000001687","session_00000775","user_0024","org_003","search_submitted","","{""query_source"":""base""}","2025-10-19T11:24:33.9931988Z"
"event_000001688","session_00000775","user_0024","org_003","result_clicked","ste_000098","{""position"":5}","2025-10-19T11:24:41.9931988Z"
"event_000001689","session_00000776","user_0024","org_003","search_submitted","","{""query_source"":""typo""}","2025-09-29T12:13:33.9931988Z"
"event_000001690","session_00000777","user_0024","org_003","search_submitted","","{""query_source"":""base""}","2025-11-16T01:36:33.9931988Z"
"event_000001691","session_00000777","user_0024","org_003","result_clicked","ste_000439","{""position"":1}","2025-11-16T01:36:41.9931988Z"
"event_000001692","session_00000777","user_0024","org_003","purchase_completed","ste_000439","{""source"":""search"",""position"":1}","2025-11-16T01:36:51.9931988Z"
"event_000001693","session_00000778","user_0024","org_003","search_submitted","","{""query_source"":""base""}","2026-01-20T14:15:33.9931988Z"
"event_000001694","session_00000779","user_0024","org_003","search_submitted","","{""query_source"":""typo""}","2025-11-23T10:05:33.9931988Z"
"event_000001695","session_00000779","user_0024","org_003","result_clicked","ste_000126","{""position"":5}","2025-11-23T10:05:41.9931988Z"
"event_000001696","session_00000779","user_0024","org_003","favorite_added","ste_000024","{""position"":3,""source"":""search""}","2025-11-23T10:05:44.9931988Z"
"event_000001697","session_00000779","user_0024","org_003","purchase_completed","ste_000126","{""source"":""search"",""position"":5}","2025-11-23T10:05:51.9931988Z"
"event_000001698","session_00000780","user_0024","org_003","search_submitted","","{""query_source"":""base""}","2025-10-07T15:49:33.9931988Z"
"event_000001699","session_00000780","user_0024","org_003","result_clicked","ste_000083","{""position"":5}","2025-10-07T15:49:41.9931988Z"
"event_000001700","session_00000781","user_0024","org_003","search_submitted","","{""query_source"":""base""}","2026-03-26T19:21:33.9931988Z"
"event_000001701","session_00000782","user_0024","org_003","search_submitted","","{""query_source"":""base""}","2026-02-12T21:56:33.9931988Z"
"event_000001702","session_00000782","user_0024","org_003","result_clicked","ste_000768","{""position"":1}","2026-02-12T21:56:41.9931988Z"
"event_000001703","session_00000782","user_0024","org_003","purchase_completed","ste_000768","{""source"":""search"",""position"":1}","2026-02-12T21:56:51.9931988Z"
"event_000001704","session_00000783","user_0025","org_004","search_submitted","","{""query_source"":""base""}","2026-02-14T12:49:33.9931988Z"
"event_000001705","session_00000783","user_0025","org_004","result_clicked","ste_000477","{""position"":2}","2026-02-14T12:49:41.9931988Z"
"event_000001706","session_00000784","user_0025","org_004","search_submitted","","{""query_source"":""typo""}","2026-01-19T07:44:33.9931988Z"
"event_000001707","session_00000784","user_0025","org_004","result_clicked","ste_000563","{""position"":4}","2026-01-19T07:44:41.9931988Z"
"event_000001708","session_00000784","user_0025","org_004","favorite_added","ste_000980","{""position"":2,""source"":""search""}","2026-01-19T07:44:44.9931988Z"
"event_000001709","session_00000785","user_0025","org_004","search_submitted","","{""query_source"":""base""}","2025-11-06T23:26:33.9931988Z"
"event_000001710","session_00000785","user_0025","org_004","result_clicked","ste_000612","{""position"":1}","2025-11-06T23:26:41.9931988Z"
"event_000001711","session_00000785","user_0025","org_004","favorite_added","ste_000026","{""position"":4,""source"":""search""}","2025-11-06T23:26:44.9931988Z"
"event_000001712","session_00000786","user_0025","org_004","search_submitted","","{""query_source"":""base""}","2025-12-01T19:42:33.9931988Z"
"event_000001713","session_00000786","user_0025","org_004","result_clicked","ste_000414","{""position"":5}","2025-12-01T19:42:41.9931988Z"
"event_000001714","session_00000787","user_0025","org_004","search_submitted","","{""query_source"":""base""}","2025-12-25T21:24:33.9931988Z"
"event_000001715","session_00000787","user_0025","org_004","result_clicked","ste_000850","{""position"":1}","2025-12-25T21:24:41.9931988Z"
"event_000001716","session_00000788","user_0025","org_004","search_submitted","","{""query_source"":""base""}","2026-02-25T06:14:33.9931988Z"
"event_000001717","session_00000789","user_0025","org_004","search_submitted","","{""query_source"":""base""}","2026-01-31T02:23:33.9931988Z"
"event_000001718","session_00000789","user_0025","org_004","result_clicked","ste_000795","{""position"":1}","2026-01-31T02:23:41.9931988Z"
"event_000001719","session_00000790","user_0025","org_004","search_submitted","","{""query_source"":""base""}","2025-11-08T19:35:33.9931988Z"
"event_000001720","session_00000791","user_0025","org_004","search_submitted","","{""query_source"":""base""}","2025-12-13T14:35:33.9931988Z"
"event_000001721","session_00000791","user_0025","org_004","result_clicked","ste_000009","{""position"":2}","2025-12-13T14:35:41.9931988Z"
"event_000001722","session_00000792","user_0025","org_004","search_submitted","","{""query_source"":""base""}","2026-02-06T10:30:33.9931988Z"
"event_000001723","session_00000793","user_0025","org_004","search_submitted","","{""query_source"":""typo""}","2026-02-03T00:44:33.9931988Z"
"event_000001724","session_00000794","user_0025","org_004","search_submitted","","{""query_source"":""typo""}","2026-01-13T12:12:33.9931988Z"
"event_000001725","session_00000794","user_0025","org_004","result_clicked","ste_000929","{""position"":2}","2026-01-13T12:12:41.9931988Z"
"event_000001726","session_00000795","user_0025","org_004","search_submitted","","{""query_source"":""typo""}","2026-02-05T00:45:33.9931988Z"
"event_000001727","session_00000796","user_0025","org_004","search_submitted","","{""query_source"":""base""}","2025-12-14T02:11:33.9931988Z"
"event_000001728","session_00000796","user_0025","org_004","result_clicked","ste_000772","{""position"":4}","2025-12-14T02:11:41.9931988Z"
"event_000001729","session_00000796","user_0025","org_004","favorite_added","ste_000772","{""position"":4,""source"":""search""}","2025-12-14T02:11:44.9931988Z"
"event_000001730","session_00000796","user_0025","org_004","purchase_completed","ste_000772","{""source"":""search"",""position"":4}","2025-12-14T02:11:51.9931988Z"
"event_000001731","session_00000797","user_0025","org_004","search_submitted","","{""query_source"":""base""}","2026-01-26T04:11:33.9931988Z"
"event_000001732","session_00000797","user_0025","org_004","result_clicked","ste_000179","{""position"":1}","2026-01-26T04:11:41.9931988Z"
"event_000001733","session_00000797","user_0025","org_004","purchase_completed","ste_000179","{""source"":""search"",""position"":1}","2026-01-26T04:11:51.9931988Z"
"event_000001734","session_00000798","user_0025","org_004","search_submitted","","{""query_source"":""base""}","2025-12-12T01:10:33.9931988Z"
"event_000001735","session_00000799","user_0025","org_004","search_submitted","","{""query_source"":""base""}","2025-10-23T21:16:33.9931988Z"
"event_000001736","session_00000799","user_0025","org_004","result_clicked","ste_000735","{""position"":1}","2025-10-23T21:16:41.9931988Z"
"event_000001737","session_00000800","user_0025","org_004","search_submitted","","{""query_source"":""base""}","2026-03-22T04:42:33.9931988Z"
"event_000001738","session_00000800","user_0025","org_004","result_clicked","ste_000729","{""position"":5}","2026-03-22T04:42:41.9931988Z"
"event_000001739","session_00000800","user_0025","org_004","favorite_added","ste_000247","{""position"":1,""source"":""search""}","2026-03-22T04:42:44.9931988Z"
"event_000001740","session_00000800","user_0025","org_004","purchase_completed","ste_000729","{""source"":""search"",""position"":5}","2026-03-22T04:42:51.9931988Z"
"event_000001741","session_00000801","user_0025","org_004","search_submitted","","{""query_source"":""base""}","2025-11-27T02:31:33.9931988Z"
"event_000001742","session_00000801","user_0025","org_004","result_clicked","ste_000678","{""position"":4}","2025-11-27T02:31:41.9931988Z"
"event_000001743","session_00000801","user_0025","org_004","favorite_added","ste_000802","{""position"":6,""source"":""search""}","2025-11-27T02:31:44.9931988Z"
"event_000001744","session_00000802","user_0025","org_004","search_submitted","","{""query_source"":""base""}","2025-11-05T10:58:33.9931988Z"
"event_000001745","session_00000802","user_0025","org_004","result_clicked","ste_001026","{""position"":1}","2025-11-05T10:58:41.9931988Z"
"event_000001746","session_00000803","user_0025","org_004","search_submitted","","{""query_source"":""typo""}","2026-02-19T16:52:33.9931988Z"
"event_000001747","session_00000804","user_0025","org_004","search_submitted","","{""query_source"":""synonym""}","2026-01-17T00:55:33.9931988Z"
"event_000001748","session_00000805","user_0025","org_004","search_submitted","","{""query_source"":""base""}","2026-02-23T12:48:33.9931988Z"
"event_000001749","session_00000805","user_0025","org_004","result_clicked","ste_000265","{""position"":1}","2026-02-23T12:48:41.9931988Z"
"event_000001750","session_00000805","user_0025","org_004","purchase_completed","ste_000265","{""source"":""search"",""position"":1}","2026-02-23T12:48:51.9931988Z"
"event_000001751","session_00000806","user_0025","org_004","search_submitted","","{""query_source"":""typo""}","2025-11-24T18:42:33.9931988Z"
"event_000001752","session_00000806","user_0025","org_004","result_clicked","ste_000933","{""position"":3}","2025-11-24T18:42:41.9931988Z"
"event_000001753","session_00000807","user_0025","org_004","search_submitted","","{""query_source"":""synonym""}","2025-10-07T01:47:33.9931988Z"
"event_000001754","session_00000807","user_0025","org_004","result_clicked","ste_000419","{""position"":5}","2025-10-07T01:47:41.9931988Z"
"event_000001755","session_00000807","user_0025","org_004","favorite_added","ste_001105","{""position"":6,""source"":""search""}","2025-10-07T01:47:44.9931988Z"
"event_000001756","session_00000808","user_0025","org_004","search_submitted","","{""query_source"":""synonym""}","2026-01-17T12:27:33.9931988Z"
"event_000001757","session_00000808","user_0025","org_004","result_clicked","ste_000246","{""position"":4}","2026-01-17T12:27:41.9931988Z"
"event_000001758","session_00000808","user_0025","org_004","favorite_added","ste_000154","{""position"":5,""source"":""search""}","2026-01-17T12:27:44.9931988Z"
"event_000001759","session_00000809","user_0025","org_004","search_submitted","","{""query_source"":""base""}","2026-01-20T22:40:33.9931988Z"
"event_000001760","session_00000810","user_0025","org_004","search_submitted","","{""query_source"":""base""}","2025-12-28T15:01:33.9931988Z"
"event_000001761","session_00000810","user_0025","org_004","result_clicked","ste_000275","{""position"":5}","2025-12-28T15:01:41.9931988Z"
"event_000001762","session_00000811","user_0025","org_004","search_submitted","","{""query_source"":""base""}","2025-10-23T09:30:33.9931988Z"
"event_000001763","session_00000811","user_0025","org_004","result_clicked","ste_000591","{""position"":4}","2025-10-23T09:30:41.9931988Z"
"event_000001764","session_00000812","user_0025","org_004","search_submitted","","{""query_source"":""base""}","2026-01-21T16:29:33.9931988Z"
"event_000001765","session_00000812","user_0025","org_004","result_clicked","ste_001162","{""position"":1}","2026-01-21T16:29:41.9931988Z"
"event_000001766","session_00000813","user_0025","org_004","search_submitted","","{""query_source"":""base""}","2026-02-05T21:30:33.9931988Z"
"event_000001767","session_00000813","user_0025","org_004","result_clicked","ste_000915","{""position"":3}","2026-02-05T21:30:41.9931988Z"
"event_000001768","session_00000813","user_0025","org_004","favorite_added","ste_000958","{""position"":1,""source"":""search""}","2026-02-05T21:30:44.9931988Z"
"event_000001769","session_00000814","user_0025","org_004","search_submitted","","{""query_source"":""synonym""}","2025-12-06T07:53:33.9931988Z"
"event_000001770","session_00000814","user_0025","org_004","result_clicked","ste_000193","{""position"":2}","2025-12-06T07:53:41.9931988Z"
"event_000001771","session_00000815","user_0026","org_004","search_submitted","","{""query_source"":""base""}","2026-01-08T18:20:33.9931988Z"
"event_000001772","session_00000815","user_0026","org_004","result_clicked","ste_000268","{""position"":3}","2026-01-08T18:20:41.9931988Z"
"event_000001773","session_00000815","user_0026","org_004","favorite_added","ste_000840","{""position"":5,""source"":""search""}","2026-01-08T18:20:44.9931988Z"
"event_000001774","session_00000816","user_0026","org_004","search_submitted","","{""query_source"":""base""}","2025-11-28T02:28:33.9931988Z"
"event_000001775","session_00000816","user_0026","org_004","result_clicked","ste_000357","{""position"":2}","2025-11-28T02:28:41.9931988Z"
"event_000001776","session_00000816","user_0026","org_004","purchase_completed","ste_000357","{""source"":""search"",""position"":2}","2025-11-28T02:28:51.9931988Z"
"event_000001777","session_00000817","user_0026","org_004","search_submitted","","{""query_source"":""base""}","2026-03-06T22:34:33.9931988Z"
"event_000001778","session_00000817","user_0026","org_004","result_clicked","ste_001050","{""position"":3}","2026-03-06T22:34:41.9931988Z"
"event_000001779","session_00000817","user_0026","org_004","purchase_completed","ste_001050","{""source"":""search"",""position"":3}","2026-03-06T22:34:51.9931988Z"
"event_000001780","session_00000818","user_0026","org_004","search_submitted","","{""query_source"":""typo""}","2026-01-17T18:16:33.9931988Z"
"event_000001781","session_00000819","user_0026","org_004","search_submitted","","{""query_source"":""base""}","2026-02-01T21:15:33.9931988Z"
"event_000001782","session_00000820","user_0026","org_004","search_submitted","","{""query_source"":""base""}","2026-03-09T12:03:33.9931988Z"
"event_000001783","session_00000820","user_0026","org_004","result_clicked","ste_001036","{""position"":3}","2026-03-09T12:03:41.9931988Z"
"event_000001784","session_00000821","user_0026","org_004","search_submitted","","{""query_source"":""base""}","2025-10-25T13:43:33.9931988Z"
"event_000001785","session_00000821","user_0026","org_004","result_clicked","ste_000759","{""position"":1}","2025-10-25T13:43:41.9931988Z"
"event_000001786","session_00000821","user_0026","org_004","favorite_added","ste_000592","{""position"":3,""source"":""search""}","2025-10-25T13:43:44.9931988Z"
"event_000001787","session_00000822","user_0026","org_004","search_submitted","","{""query_source"":""base""}","2026-03-10T04:12:33.9931988Z"
"event_000001788","session_00000822","user_0026","org_004","result_clicked","ste_000535","{""position"":5}","2026-03-10T04:12:41.9931988Z"
"event_000001789","session_00000823","user_0026","org_004","search_submitted","","{""query_source"":""base""}","2026-01-07T18:55:33.9931988Z"
"event_000001790","session_00000823","user_0026","org_004","result_clicked","ste_000371","{""position"":1}","2026-01-07T18:55:41.9931988Z"
"event_000001791","session_00000823","user_0026","org_004","favorite_added","ste_000202","{""position"":5,""source"":""search""}","2026-01-07T18:55:44.9931988Z"
"event_000001792","session_00000824","user_0026","org_004","search_submitted","","{""query_source"":""synonym""}","2026-02-04T22:45:33.9931988Z"
"event_000001793","session_00000825","user_0026","org_004","search_submitted","","{""query_source"":""base""}","2026-02-07T21:37:33.9931988Z"
"event_000001794","session_00000825","user_0026","org_004","result_clicked","ste_000753","{""position"":5}","2026-02-07T21:37:41.9931988Z"
"event_000001795","session_00000826","user_0026","org_004","search_submitted","","{""query_source"":""base""}","2026-02-10T05:01:33.9931988Z"
"event_000001796","session_00000826","user_0026","org_004","result_clicked","ste_000008","{""position"":1}","2026-02-10T05:01:41.9931988Z"
"event_000001797","session_00000827","user_0026","org_004","search_submitted","","{""query_source"":""synonym""}","2025-12-31T17:18:33.9931988Z"
"event_000001798","session_00000827","user_0026","org_004","result_clicked","ste_000242","{""position"":4}","2025-12-31T17:18:41.9931988Z"
"event_000001799","session_00000828","user_0026","org_004","search_submitted","","{""query_source"":""synonym""}","2026-02-15T13:59:33.9931988Z"
"event_000001800","session_00000828","user_0026","org_004","result_clicked","ste_000877","{""position"":2}","2026-02-15T13:59:41.9931988Z"
"event_000001801","session_00000829","user_0026","org_004","search_submitted","","{""query_source"":""base""}","2025-10-17T23:16:33.9931988Z"
"event_000001802","session_00000830","user_0026","org_004","search_submitted","","{""query_source"":""base""}","2026-03-03T03:47:33.9931988Z"
"event_000001803","session_00000830","user_0026","org_004","result_clicked","ste_000426","{""position"":2}","2026-03-03T03:47:41.9931988Z"
"event_000001804","session_00000830","user_0026","org_004","favorite_added","ste_000129","{""position"":6,""source"":""search""}","2026-03-03T03:47:44.9931988Z"
"event_000001805","session_00000831","user_0026","org_004","search_submitted","","{""query_source"":""base""}","2025-10-14T19:52:33.9931988Z"
"event_000001806","session_00000831","user_0026","org_004","result_clicked","ste_001189","{""position"":2}","2025-10-14T19:52:41.9931988Z"
"event_000001807","session_00000832","user_0026","org_004","search_submitted","","{""query_source"":""base""}","2026-03-03T11:59:33.9931988Z"
"event_000001808","session_00000833","user_0026","org_004","search_submitted","","{""query_source"":""synonym""}","2026-01-20T09:42:33.9931988Z"
"event_000001809","session_00000833","user_0026","org_004","result_clicked","ste_000797","{""position"":2}","2026-01-20T09:42:41.9931988Z"
"event_000001810","session_00000833","user_0026","org_004","purchase_completed","ste_000797","{""source"":""search"",""position"":2}","2026-01-20T09:42:51.9931988Z"
"event_000001811","session_00000834","user_0026","org_004","search_submitted","","{""query_source"":""base""}","2026-01-17T00:25:33.9931988Z"
"event_000001812","session_00000834","user_0026","org_004","result_clicked","ste_001030","{""position"":4}","2026-01-17T00:25:41.9931988Z"
"event_000001813","session_00000835","user_0026","org_004","search_submitted","","{""query_source"":""base""}","2025-09-30T11:40:33.9931988Z"
"event_000001814","session_00000836","user_0026","org_004","search_submitted","","{""query_source"":""base""}","2026-03-03T08:57:33.9931988Z"
"event_000001815","session_00000836","user_0026","org_004","result_clicked","ste_000369","{""position"":2}","2026-03-03T08:57:41.9931988Z"
"event_000001816","session_00000836","user_0026","org_004","purchase_completed","ste_000369","{""source"":""search"",""position"":2}","2026-03-03T08:57:51.9931988Z"
"event_000001817","session_00000837","user_0026","org_004","search_submitted","","{""query_source"":""base""}","2026-02-05T15:27:33.9931988Z"
"event_000001818","session_00000837","user_0026","org_004","result_clicked","ste_001183","{""position"":5}","2026-02-05T15:27:41.9931988Z"
"event_000001819","session_00000837","user_0026","org_004","favorite_added","ste_001002","{""position"":1,""source"":""search""}","2026-02-05T15:27:44.9931988Z"
"event_000001820","session_00000838","user_0026","org_004","search_submitted","","{""query_source"":""base""}","2026-02-10T11:36:33.9931988Z"
"event_000001821","session_00000838","user_0026","org_004","result_clicked","ste_000579","{""position"":4}","2026-02-10T11:36:41.9931988Z"
"event_000001822","session_00000838","user_0026","org_004","favorite_added","ste_000579","{""position"":4,""source"":""search""}","2026-02-10T11:36:44.9931988Z"
"event_000001823","session_00000839","user_0026","org_004","search_submitted","","{""query_source"":""synonym""}","2026-03-26T06:05:33.9931988Z"
"event_000001824","session_00000840","user_0026","org_004","search_submitted","","{""query_source"":""base""}","2026-01-03T08:45:33.9931988Z"
"event_000001825","session_00000840","user_0026","org_004","result_clicked","ste_000002","{""position"":1}","2026-01-03T08:45:41.9931988Z"
"event_000001826","session_00000841","user_0026","org_004","search_submitted","","{""query_source"":""base""}","2026-02-23T13:07:33.9931988Z"
"event_000001827","session_00000841","user_0026","org_004","result_clicked","ste_000822","{""position"":3}","2026-02-23T13:07:41.9931988Z"
"event_000001828","session_00000842","user_0026","org_004","search_submitted","","{""query_source"":""base""}","2026-02-22T23:27:33.9931988Z"
"event_000001829","session_00000843","user_0027","org_004","search_submitted","","{""query_source"":""base""}","2026-03-03T15:43:33.9931988Z"
"event_000001830","session_00000843","user_0027","org_004","result_clicked","ste_000344","{""position"":2}","2026-03-03T15:43:41.9931988Z"
"event_000001831","session_00000843","user_0027","org_004","purchase_completed","ste_000344","{""source"":""search"",""position"":2}","2026-03-03T15:43:51.9931988Z"
"event_000001832","session_00000844","user_0027","org_004","search_submitted","","{""query_source"":""base""}","2026-02-07T01:21:33.9931988Z"
"event_000001833","session_00000844","user_0027","org_004","result_clicked","ste_000405","{""position"":3}","2026-02-07T01:21:41.9931988Z"
"event_000001834","session_00000845","user_0027","org_004","search_submitted","","{""query_source"":""base""}","2025-11-05T14:56:33.9931988Z"
"event_000001835","session_00000845","user_0027","org_004","result_clicked","ste_001026","{""position"":3}","2025-11-05T14:56:41.9931988Z"
"event_000001836","session_00000845","user_0027","org_004","favorite_added","ste_001026","{""position"":3,""source"":""search""}","2025-11-05T14:56:44.9931988Z"
"event_000001837","session_00000845","user_0027","org_004","purchase_completed","ste_001026","{""source"":""search"",""position"":3}","2025-11-05T14:56:51.9931988Z"
"event_000001838","session_00000846","user_0027","org_004","search_submitted","","{""query_source"":""synonym""}","2025-12-09T16:45:33.9931988Z"
"event_000001839","session_00000846","user_0027","org_004","result_clicked","ste_000428","{""position"":4}","2025-12-09T16:45:41.9931988Z"
"event_000001840","session_00000846","user_0027","org_004","favorite_added","ste_000297","{""position"":5,""source"":""search""}","2025-12-09T16:45:44.9931988Z"
"event_000001841","session_00000846","user_0027","org_004","purchase_completed","ste_000428","{""source"":""search"",""position"":4}","2025-12-09T16:45:51.9931988Z"
"event_000001842","session_00000847","user_0027","org_004","search_submitted","","{""query_source"":""base""}","2026-02-27T11:05:33.9931988Z"
"event_000001843","session_00000847","user_0027","org_004","result_clicked","ste_000644","{""position"":5}","2026-02-27T11:05:41.9931988Z"
"event_000001844","session_00000848","user_0027","org_004","search_submitted","","{""query_source"":""base""}","2026-01-10T03:47:33.9931988Z"
"event_000001845","session_00000848","user_0027","org_004","result_clicked","ste_000431","{""position"":5}","2026-01-10T03:47:41.9931988Z"
"event_000001846","session_00000848","user_0027","org_004","favorite_added","ste_000411","{""position"":1,""source"":""search""}","2026-01-10T03:47:44.9931988Z"
"event_000001847","session_00000849","user_0027","org_004","search_submitted","","{""query_source"":""typo""}","2025-11-03T05:20:33.9931988Z"
"event_000001848","session_00000849","user_0027","org_004","result_clicked","ste_000772","{""position"":4}","2025-11-03T05:20:41.9931988Z"
"event_000001849","session_00000849","user_0027","org_004","purchase_completed","ste_000772","{""source"":""search"",""position"":4}","2025-11-03T05:20:51.9931988Z"
"event_000001850","session_00000850","user_0027","org_004","search_submitted","","{""query_source"":""base""}","2025-10-29T13:33:33.9931988Z"
"event_000001851","session_00000850","user_0027","org_004","result_clicked","ste_001044","{""position"":2}","2025-10-29T13:33:41.9931988Z"
"event_000001852","session_00000851","user_0027","org_004","search_submitted","","{""query_source"":""base""}","2025-11-22T10:39:33.9931988Z"
"event_000001853","session_00000852","user_0027","org_004","search_submitted","","{""query_source"":""base""}","2026-02-17T15:07:33.9931988Z"
"event_000001854","session_00000852","user_0027","org_004","result_clicked","ste_000923","{""position"":4}","2026-02-17T15:07:41.9931988Z"
"event_000001855","session_00000852","user_0027","org_004","purchase_completed","ste_000923","{""source"":""search"",""position"":4}","2026-02-17T15:07:51.9931988Z"
"event_000001856","session_00000853","user_0027","org_004","search_submitted","","{""query_source"":""synonym""}","2026-01-05T13:54:33.9931988Z"
"event_000001857","session_00000853","user_0027","org_004","result_clicked","ste_000283","{""position"":4}","2026-01-05T13:54:41.9931988Z"
"event_000001858","session_00000853","user_0027","org_004","favorite_added","ste_000846","{""position"":1,""source"":""search""}","2026-01-05T13:54:44.9931988Z"
"event_000001859","session_00000854","user_0027","org_004","search_submitted","","{""query_source"":""base""}","2025-10-21T05:58:33.9931988Z"
"event_000001860","session_00000854","user_0027","org_004","result_clicked","ste_000576","{""position"":3}","2025-10-21T05:58:41.9931988Z"
"event_000001861","session_00000855","user_0027","org_004","search_submitted","","{""query_source"":""base""}","2026-01-03T12:25:33.9931988Z"
"event_000001862","session_00000855","user_0027","org_004","result_clicked","ste_000461","{""position"":3}","2026-01-03T12:25:41.9931988Z"
"event_000001863","session_00000855","user_0027","org_004","favorite_added","ste_001059","{""position"":7,""source"":""search""}","2026-01-03T12:25:44.9931988Z"
"event_000001864","session_00000856","user_0027","org_004","search_submitted","","{""query_source"":""base""}","2025-12-08T00:53:33.9931988Z"
"event_000001865","session_00000856","user_0027","org_004","result_clicked","ste_000195","{""position"":3}","2025-12-08T00:53:41.9931988Z"
"event_000001866","session_00000856","user_0027","org_004","purchase_completed","ste_000195","{""source"":""search"",""position"":3}","2025-12-08T00:53:51.9931988Z"
"event_000001867","session_00000857","user_0027","org_004","search_submitted","","{""query_source"":""base""}","2025-11-09T17:15:33.9931988Z"
"event_000001868","session_00000857","user_0027","org_004","result_clicked","ste_000078","{""position"":2}","2025-11-09T17:15:41.9931988Z"
"event_000001869","session_00000858","user_0027","org_004","search_submitted","","{""query_source"":""base""}","2025-11-20T09:09:33.9931988Z"
"event_000001870","session_00000858","user_0027","org_004","result_clicked","ste_000030","{""position"":4}","2025-11-20T09:09:41.9931988Z"
"event_000001871","session_00000858","user_0027","org_004","favorite_added","ste_001180","{""position"":6,""source"":""search""}","2025-11-20T09:09:44.9931988Z"
"event_000001872","session_00000859","user_0027","org_004","search_submitted","","{""query_source"":""base""}","2025-12-10T12:45:33.9931988Z"
"event_000001873","session_00000859","user_0027","org_004","result_clicked","ste_000354","{""position"":1}","2025-12-10T12:45:41.9931988Z"
"event_000001874","session_00000859","user_0027","org_004","favorite_added","ste_000459","{""position"":3,""source"":""search""}","2025-12-10T12:45:44.9931988Z"
"event_000001875","session_00000860","user_0027","org_004","search_submitted","","{""query_source"":""typo""}","2025-12-16T12:49:33.9931988Z"
"event_000001876","session_00000861","user_0027","org_004","search_submitted","","{""query_source"":""base""}","2025-12-23T23:47:33.9931988Z"
"event_000001877","session_00000861","user_0027","org_004","result_clicked","ste_000665","{""position"":3}","2025-12-23T23:47:41.9931988Z"
"event_000001878","session_00000862","user_0027","org_004","search_submitted","","{""query_source"":""synonym""}","2025-10-20T04:45:33.9931988Z"
"event_000001879","session_00000862","user_0027","org_004","result_clicked","ste_001200","{""position"":1}","2025-10-20T04:45:41.9931988Z"
"event_000001880","session_00000863","user_0027","org_004","search_submitted","","{""query_source"":""base""}","2026-03-08T13:55:33.9931988Z"
"event_000001881","session_00000863","user_0027","org_004","result_clicked","ste_000525","{""position"":1}","2026-03-08T13:55:41.9931988Z"
"event_000001882","session_00000863","user_0027","org_004","purchase_completed","ste_000525","{""source"":""search"",""position"":1}","2026-03-08T13:55:51.9931988Z"
"event_000001883","session_00000864","user_0027","org_004","search_submitted","","{""query_source"":""typo""}","2026-02-06T12:04:33.9931988Z"
"event_000001884","session_00000864","user_0027","org_004","result_clicked","ste_000219","{""position"":2}","2026-02-06T12:04:41.9931988Z"
"event_000001885","session_00000864","user_0027","org_004","favorite_added","ste_000205","{""position"":3,""source"":""search""}","2026-02-06T12:04:44.9931988Z"
"event_000001886","session_00000865","user_0027","org_004","search_submitted","","{""query_source"":""base""}","2025-12-12T19:50:33.9931988Z"
"event_000001887","session_00000865","user_0027","org_004","result_clicked","ste_000307","{""position"":3}","2025-12-12T19:50:41.9931988Z"
"event_000001888","session_00000865","user_0027","org_004","favorite_added","ste_001173","{""position"":7,""source"":""search""}","2025-12-12T19:50:44.9931988Z"
"event_000001889","session_00000865","user_0027","org_004","purchase_completed","ste_000307","{""source"":""search"",""position"":3}","2025-12-12T19:50:51.9931988Z"
"event_000001890","session_00000866","user_0027","org_004","search_submitted","","{""query_source"":""base""}","2026-03-17T23:28:33.9931988Z"
"event_000001891","session_00000866","user_0027","org_004","result_clicked","ste_000371","{""position"":3}","2026-03-17T23:28:41.9931988Z"
"event_000001892","session_00000866","user_0027","org_004","favorite_added","ste_000595","{""position"":5,""source"":""search""}","2026-03-17T23:28:44.9931988Z"
"event_000001893","session_00000867","user_0027","org_004","search_submitted","","{""query_source"":""base""}","2025-12-14T04:35:33.9931988Z"
"event_000001894","session_00000867","user_0027","org_004","result_clicked","ste_001046","{""position"":2}","2025-12-14T04:35:41.9931988Z"
"event_000001895","session_00000867","user_0027","org_004","favorite_added","ste_000531","{""position"":1,""source"":""search""}","2025-12-14T04:35:44.9931988Z"
"event_000001896","session_00000868","user_0027","org_004","search_submitted","","{""query_source"":""typo""}","2026-02-07T04:51:33.9931988Z"
"event_000001897","session_00000869","user_0027","org_004","search_submitted","","{""query_source"":""base""}","2025-12-29T09:30:33.9931988Z"
"event_000001898","session_00000869","user_0027","org_004","result_clicked","ste_000523","{""position"":3}","2025-12-29T09:30:41.9931988Z"
"event_000001899","session_00000870","user_0027","org_004","search_submitted","","{""query_source"":""base""}","2025-10-07T14:55:33.9931988Z"
"event_000001900","session_00000871","user_0027","org_004","search_submitted","","{""query_source"":""typo""}","2026-03-15T06:46:33.9931988Z"
"event_000001901","session_00000872","user_0027","org_004","search_submitted","","{""query_source"":""base""}","2026-03-01T22:32:33.9931988Z"
"event_000001902","session_00000872","user_0027","org_004","result_clicked","ste_000929","{""position"":3}","2026-03-01T22:32:41.9931988Z"
"event_000001903","session_00000872","user_0027","org_004","purchase_completed","ste_000929","{""source"":""search"",""position"":3}","2026-03-01T22:32:51.9931988Z"
"event_000001904","session_00000873","user_0028","org_004","search_submitted","","{""query_source"":""base""}","2025-10-21T04:23:33.9931988Z"
"event_000001905","session_00000874","user_0028","org_004","search_submitted","","{""query_source"":""base""}","2025-10-01T15:40:33.9931988Z"
"event_000001906","session_00000874","user_0028","org_004","result_clicked","ste_001154","{""position"":2}","2025-10-01T15:40:41.9931988Z"
"event_000001907","session_00000874","user_0028","org_004","favorite_added","ste_000986","{""position"":3,""source"":""search""}","2025-10-01T15:40:44.9931988Z"
"event_000001908","session_00000875","user_0028","org_004","search_submitted","","{""query_source"":""base""}","2026-01-05T06:55:33.9931988Z"
"event_000001909","session_00000876","user_0028","org_004","search_submitted","","{""query_source"":""base""}","2025-12-21T22:17:33.9931988Z"
"event_000001910","session_00000876","user_0028","org_004","result_clicked","ste_000719","{""position"":4}","2025-12-21T22:17:41.9931988Z"
"event_000001911","session_00000877","user_0028","org_004","search_submitted","","{""query_source"":""base""}","2026-01-10T23:15:33.9931988Z"
"event_000001912","session_00000877","user_0028","org_004","result_clicked","ste_000084","{""position"":5}","2026-01-10T23:15:41.9931988Z"
"event_000001913","session_00000877","user_0028","org_004","favorite_added","ste_000487","{""position"":3,""source"":""search""}","2026-01-10T23:15:44.9931988Z"
"event_000001914","session_00000877","user_0028","org_004","purchase_completed","ste_000084","{""source"":""search"",""position"":5}","2026-01-10T23:15:51.9931988Z"
"event_000001915","session_00000878","user_0028","org_004","search_submitted","","{""query_source"":""base""}","2026-01-23T07:09:33.9931988Z"
"event_000001916","session_00000878","user_0028","org_004","result_clicked","ste_000046","{""position"":4}","2026-01-23T07:09:41.9931988Z"
"event_000001917","session_00000879","user_0028","org_004","search_submitted","","{""query_source"":""base""}","2026-03-14T22:36:33.9931988Z"
"event_000001918","session_00000879","user_0028","org_004","result_clicked","ste_000876","{""position"":1}","2026-03-14T22:36:41.9931988Z"
"event_000001919","session_00000879","user_0028","org_004","favorite_added","ste_000428","{""position"":6,""source"":""search""}","2026-03-14T22:36:44.9931988Z"
"event_000001920","session_00000880","user_0028","org_004","search_submitted","","{""query_source"":""typo""}","2026-03-05T08:37:33.9931988Z"
"event_000001921","session_00000880","user_0028","org_004","result_clicked","ste_000846","{""position"":3}","2026-03-05T08:37:41.9931988Z"
"event_000001922","session_00000880","user_0028","org_004","purchase_completed","ste_000846","{""source"":""search"",""position"":3}","2026-03-05T08:37:51.9931988Z"
"event_000001923","session_00000881","user_0028","org_004","search_submitted","","{""query_source"":""base""}","2026-03-10T23:24:33.9931988Z"
"event_000001924","session_00000881","user_0028","org_004","result_clicked","ste_001097","{""position"":4}","2026-03-10T23:24:41.9931988Z"
"event_000001925","session_00000881","user_0028","org_004","favorite_added","ste_000651","{""position"":6,""source"":""search""}","2026-03-10T23:24:44.9931988Z"
"event_000001926","session_00000881","user_0028","org_004","purchase_completed","ste_001097","{""source"":""search"",""position"":4}","2026-03-10T23:24:51.9931988Z"
"event_000001927","session_00000882","user_0028","org_004","search_submitted","","{""query_source"":""base""}","2025-10-23T11:53:33.9931988Z"
"event_000001928","session_00000882","user_0028","org_004","result_clicked","ste_000716","{""position"":2}","2025-10-23T11:53:41.9931988Z"
"event_000001929","session_00000883","user_0028","org_004","search_submitted","","{""query_source"":""base""}","2026-02-21T03:59:33.9931988Z"
"event_000001930","session_00000883","user_0028","org_004","result_clicked","ste_000704","{""position"":5}","2026-02-21T03:59:41.9931988Z"
"event_000001931","session_00000883","user_0028","org_004","favorite_added","ste_000334","{""position"":2,""source"":""search""}","2026-02-21T03:59:44.9931988Z"
"event_000001932","session_00000884","user_0028","org_004","search_submitted","","{""query_source"":""base""}","2025-11-14T06:21:33.9931988Z"
"event_000001933","session_00000884","user_0028","org_004","result_clicked","ste_000595","{""position"":1}","2025-11-14T06:21:41.9931988Z"
"event_000001934","session_00000884","user_0028","org_004","purchase_completed","ste_000595","{""source"":""search"",""position"":1}","2025-11-14T06:21:51.9931988Z"
"event_000001935","session_00000885","user_0028","org_004","search_submitted","","{""query_source"":""base""}","2025-11-26T02:06:33.9931988Z"
"event_000001936","session_00000885","user_0028","org_004","result_clicked","ste_000204","{""position"":4}","2025-11-26T02:06:41.9931988Z"
"event_000001937","session_00000886","user_0028","org_004","search_submitted","","{""query_source"":""base""}","2025-11-16T01:59:33.9931988Z"
"event_000001938","session_00000886","user_0028","org_004","result_clicked","ste_000392","{""position"":5}","2025-11-16T01:59:41.9931988Z"
"event_000001939","session_00000886","user_0028","org_004","purchase_completed","ste_000392","{""source"":""search"",""position"":5}","2025-11-16T01:59:51.9931988Z"
"event_000001940","session_00000887","user_0028","org_004","search_submitted","","{""query_source"":""synonym""}","2025-12-17T10:52:33.9931988Z"
"event_000001941","session_00000888","user_0028","org_004","search_submitted","","{""query_source"":""typo""}","2026-01-09T10:53:33.9931988Z"
"event_000001942","session_00000888","user_0028","org_004","result_clicked","ste_000628","{""position"":4}","2026-01-09T10:53:41.9931988Z"
"event_000001943","session_00000888","user_0028","org_004","favorite_added","ste_000715","{""position"":5,""source"":""search""}","2026-01-09T10:53:44.9931988Z"
"event_000001944","session_00000888","user_0028","org_004","purchase_completed","ste_000628","{""source"":""search"",""position"":4}","2026-01-09T10:53:51.9931988Z"
"event_000001945","session_00000889","user_0028","org_004","search_submitted","","{""query_source"":""synonym""}","2025-11-18T22:52:33.9931988Z"
"event_000001946","session_00000889","user_0028","org_004","result_clicked","ste_001126","{""position"":2}","2025-11-18T22:52:41.9931988Z"
"event_000001947","session_00000890","user_0028","org_004","search_submitted","","{""query_source"":""base""}","2026-02-02T05:54:33.9931988Z"
"event_000001948","session_00000890","user_0028","org_004","result_clicked","ste_001099","{""position"":4}","2026-02-02T05:54:41.9931988Z"
"event_000001949","session_00000891","user_0028","org_004","search_submitted","","{""query_source"":""base""}","2026-01-26T16:19:33.9931988Z"
"event_000001950","session_00000891","user_0028","org_004","result_clicked","ste_000384","{""position"":1}","2026-01-26T16:19:41.9931988Z"
"event_000001951","session_00000892","user_0028","org_004","search_submitted","","{""query_source"":""base""}","2026-03-07T15:29:33.9931988Z"
"event_000001952","session_00000892","user_0028","org_004","result_clicked","ste_000686","{""position"":2}","2026-03-07T15:29:41.9931988Z"
"event_000001953","session_00000892","user_0028","org_004","purchase_completed","ste_000686","{""source"":""search"",""position"":2}","2026-03-07T15:29:51.9931988Z"
"event_000001954","session_00000893","user_0028","org_004","search_submitted","","{""query_source"":""synonym""}","2026-01-22T21:21:33.9931988Z"
"event_000001955","session_00000893","user_0028","org_004","result_clicked","ste_000753","{""position"":2}","2026-01-22T21:21:41.9931988Z"
"event_000001956","session_00000894","user_0028","org_004","search_submitted","","{""query_source"":""base""}","2026-02-15T01:47:33.9931988Z"
"event_000001957","session_00000894","user_0028","org_004","result_clicked","ste_000886","{""position"":3}","2026-02-15T01:47:41.9931988Z"
"event_000001958","session_00000894","user_0028","org_004","favorite_added","ste_000886","{""position"":3,""source"":""search""}","2026-02-15T01:47:44.9931988Z"
"event_000001959","session_00000895","user_0028","org_004","search_submitted","","{""query_source"":""base""}","2025-10-08T12:06:33.9931988Z"
"event_000001960","session_00000895","user_0028","org_004","result_clicked","ste_001081","{""position"":5}","2025-10-08T12:06:41.9931988Z"
"event_000001961","session_00000896","user_0028","org_004","search_submitted","","{""query_source"":""base""}","2026-01-28T17:54:33.9931988Z"
"event_000001962","session_00000897","user_0028","org_004","search_submitted","","{""query_source"":""base""}","2025-12-29T08:39:33.9931988Z"
"event_000001963","session_00000897","user_0028","org_004","result_clicked","ste_000038","{""position"":3}","2025-12-29T08:39:41.9931988Z"
"event_000001964","session_00000897","user_0028","org_004","favorite_added","ste_000858","{""position"":7,""source"":""search""}","2025-12-29T08:39:44.9931988Z"
"event_000001965","session_00000898","user_0028","org_004","search_submitted","","{""query_source"":""base""}","2026-02-15T11:02:33.9931988Z"
"event_000001966","session_00000898","user_0028","org_004","result_clicked","ste_000695","{""position"":1}","2026-02-15T11:02:41.9931988Z"
"event_000001967","session_00000899","user_0028","org_004","search_submitted","","{""query_source"":""base""}","2026-01-21T10:29:33.9931988Z"
"event_000001968","session_00000899","user_0028","org_004","result_clicked","ste_000364","{""position"":3}","2026-01-21T10:29:41.9931988Z"
"event_000001969","session_00000899","user_0028","org_004","favorite_added","ste_000462","{""position"":4,""source"":""search""}","2026-01-21T10:29:44.9931988Z"
"event_000001970","session_00000900","user_0028","org_004","search_submitted","","{""query_source"":""base""}","2026-02-04T18:12:33.9931988Z"
"event_000001971","session_00000901","user_0028","org_004","search_submitted","","{""query_source"":""base""}","2025-11-26T01:06:33.9931988Z"
"event_000001972","session_00000901","user_0028","org_004","result_clicked","ste_000813","{""position"":5}","2025-11-26T01:06:41.9931988Z"
"event_000001973","session_00000902","user_0028","org_004","search_submitted","","{""query_source"":""base""}","2026-03-21T06:21:33.9931988Z"
"event_000001974","session_00000902","user_0028","org_004","result_clicked","ste_000840","{""position"":2}","2026-03-21T06:21:41.9931988Z"
"event_000001975","session_00000902","user_0028","org_004","favorite_added","ste_000840","{""position"":2,""source"":""search""}","2026-03-21T06:21:44.9931988Z"
"event_000001976","session_00000903","user_0028","org_004","search_submitted","","{""query_source"":""base""}","2025-10-13T21:40:33.9931988Z"
"event_000001977","session_00000903","user_0028","org_004","result_clicked","ste_000174","{""position"":5}","2025-10-13T21:40:41.9931988Z"
"event_000001978","session_00000903","user_0028","org_004","favorite_added","ste_000196","{""position"":4,""source"":""search""}","2025-10-13T21:40:44.9931988Z"
"event_000001979","session_00000904","user_0028","org_004","search_submitted","","{""query_source"":""base""}","2026-01-12T00:12:33.9931988Z"
"event_000001980","session_00000904","user_0028","org_004","result_clicked","ste_000146","{""position"":3}","2026-01-12T00:12:41.9931988Z"
"event_000001981","session_00000904","user_0028","org_004","favorite_added","ste_000494","{""position"":5,""source"":""search""}","2026-01-12T00:12:44.9931988Z"
"event_000001982","session_00000905","user_0029","org_004","search_submitted","","{""query_source"":""typo""}","2025-11-21T06:09:33.9931988Z"
"event_000001983","session_00000906","user_0029","org_004","search_submitted","","{""query_source"":""base""}","2026-01-27T15:16:33.9931988Z"
"event_000001984","session_00000906","user_0029","org_004","result_clicked","ste_000336","{""position"":3}","2026-01-27T15:16:41.9931988Z"
"event_000001985","session_00000907","user_0029","org_004","search_submitted","","{""query_source"":""base""}","2025-12-13T12:33:33.9931988Z"
"event_000001986","session_00000907","user_0029","org_004","result_clicked","ste_001062","{""position"":3}","2025-12-13T12:33:41.9931988Z"
"event_000001987","session_00000908","user_0029","org_004","search_submitted","","{""query_source"":""base""}","2025-12-02T21:05:33.9931988Z"
"event_000001988","session_00000908","user_0029","org_004","result_clicked","ste_000904","{""position"":3}","2025-12-02T21:05:41.9931988Z"
"event_000001989","session_00000908","user_0029","org_004","favorite_added","ste_001130","{""position"":1,""source"":""search""}","2025-12-02T21:05:44.9931988Z"
"event_000001990","session_00000909","user_0029","org_004","search_submitted","","{""query_source"":""synonym""}","2026-01-14T21:06:33.9931988Z"
"event_000001991","session_00000909","user_0029","org_004","result_clicked","ste_000465","{""position"":2}","2026-01-14T21:06:41.9931988Z"
"event_000001992","session_00000909","user_0029","org_004","favorite_added","ste_000213","{""position"":3,""source"":""search""}","2026-01-14T21:06:44.9931988Z"
"event_000001993","session_00000910","user_0029","org_004","search_submitted","","{""query_source"":""typo""}","2025-11-10T05:22:33.9931988Z"
"event_000001994","session_00000910","user_0029","org_004","result_clicked","ste_000759","{""position"":4}","2025-11-10T05:22:41.9931988Z"
"event_000001995","session_00000910","user_0029","org_004","favorite_added","ste_000286","{""position"":1,""source"":""search""}","2025-11-10T05:22:44.9931988Z"
"event_000001996","session_00000911","user_0029","org_004","search_submitted","","{""query_source"":""base""}","2025-12-23T17:53:33.9931988Z"
"event_000001997","session_00000912","user_0029","org_004","search_submitted","","{""query_source"":""base""}","2025-10-16T00:25:33.9931988Z"
"event_000001998","session_00000912","user_0029","org_004","result_clicked","ste_000977","{""position"":3}","2025-10-16T00:25:41.9931988Z"
"event_000001999","session_00000912","user_0029","org_004","purchase_completed","ste_000977","{""source"":""search"",""position"":3}","2025-10-16T00:25:51.9931988Z"
"event_000002000","session_00000913","user_0029","org_004","search_submitted","","{""query_source"":""typo""}","2026-02-25T10:28:33.9931988Z"
"event_000002001","session_00000913","user_0029","org_004","result_clicked","ste_000369","{""position"":5}","2026-02-25T10:28:41.9931988Z"
"event_000002002","session_00000913","user_0029","org_004","favorite_added","ste_000833","{""position"":3,""source"":""search""}","2026-02-25T10:28:44.9931988Z"
"event_000002003","session_00000914","user_0029","org_004","search_submitted","","{""query_source"":""base""}","2026-01-02T20:07:33.9931988Z"
"event_000002004","session_00000915","user_0029","org_004","search_submitted","","{""query_source"":""typo""}","2025-10-27T22:10:33.9931988Z"
"event_000002005","session_00000915","user_0029","org_004","result_clicked","ste_000343","{""position"":3}","2025-10-27T22:10:41.9931988Z"
"event_000002006","session_00000915","user_0029","org_004","purchase_completed","ste_000343","{""source"":""search"",""position"":3}","2025-10-27T22:10:51.9931988Z"
"event_000002007","session_00000916","user_0029","org_004","search_submitted","","{""query_source"":""base""}","2025-11-01T11:29:33.9931988Z"
"event_000002008","session_00000917","user_0029","org_004","search_submitted","","{""query_source"":""base""}","2026-03-20T06:56:33.9931988Z"
"event_000002009","session_00000917","user_0029","org_004","result_clicked","ste_000408","{""position"":2}","2026-03-20T06:56:41.9931988Z"
"event_000002010","session_00000917","user_0029","org_004","purchase_completed","ste_000408","{""source"":""search"",""position"":2}","2026-03-20T06:56:51.9931988Z"
"event_000002011","session_00000918","user_0029","org_004","search_submitted","","{""query_source"":""base""}","2025-12-27T06:29:33.9931988Z"
"event_000002012","session_00000919","user_0029","org_004","search_submitted","","{""query_source"":""base""}","2025-12-03T15:49:33.9931988Z"
"event_000002013","session_00000920","user_0029","org_004","search_submitted","","{""query_source"":""base""}","2026-01-31T07:10:33.9931988Z"
"event_000002014","session_00000920","user_0029","org_004","result_clicked","ste_000910","{""position"":4}","2026-01-31T07:10:41.9931988Z"
"event_000002015","session_00000920","user_0029","org_004","purchase_completed","ste_000910","{""source"":""search"",""position"":4}","2026-01-31T07:10:51.9931988Z"
"event_000002016","session_00000921","user_0029","org_004","search_submitted","","{""query_source"":""base""}","2025-10-18T23:37:33.9931988Z"
"event_000002017","session_00000921","user_0029","org_004","result_clicked","ste_000157","{""position"":4}","2025-10-18T23:37:41.9931988Z"
"event_000002018","session_00000921","user_0029","org_004","favorite_added","ste_000243","{""position"":5,""source"":""search""}","2025-10-18T23:37:44.9931988Z"
"event_000002019","session_00000922","user_0029","org_004","search_submitted","","{""query_source"":""base""}","2025-10-30T13:00:33.9931988Z"
"event_000002020","session_00000922","user_0029","org_004","result_clicked","ste_000255","{""position"":1}","2025-10-30T13:00:41.9931988Z"
"event_000002021","session_00000922","user_0029","org_004","favorite_added","ste_000471","{""position"":4,""source"":""search""}","2025-10-30T13:00:44.9931988Z"
"event_000002022","session_00000923","user_0029","org_004","search_submitted","","{""query_source"":""base""}","2025-12-03T00:58:33.9931988Z"
"event_000002023","session_00000923","user_0029","org_004","result_clicked","ste_000059","{""position"":5}","2025-12-03T00:58:41.9931988Z"
"event_000002024","session_00000924","user_0029","org_004","search_submitted","","{""query_source"":""base""}","2026-03-23T21:36:33.9931988Z"
"event_000002025","session_00000924","user_0029","org_004","result_clicked","ste_000296","{""position"":4}","2026-03-23T21:36:41.9931988Z"
"event_000002026","session_00000925","user_0029","org_004","search_submitted","","{""query_source"":""typo""}","2026-01-30T06:29:33.9931988Z"
"event_000002027","session_00000925","user_0029","org_004","result_clicked","ste_001069","{""position"":1}","2026-01-30T06:29:41.9931988Z"
"event_000002028","session_00000925","user_0029","org_004","favorite_added","ste_000952","{""position"":6,""source"":""search""}","2026-01-30T06:29:44.9931988Z"
"event_000002029","session_00000926","user_0029","org_004","search_submitted","","{""query_source"":""base""}","2025-10-08T09:35:33.9931988Z"
"event_000002030","session_00000927","user_0029","org_004","search_submitted","","{""query_source"":""base""}","2026-03-22T22:11:33.9931988Z"
"event_000002031","session_00000927","user_0029","org_004","result_clicked","ste_000110","{""position"":4}","2026-03-22T22:11:41.9931988Z"
"event_000002032","session_00000927","user_0029","org_004","favorite_added","ste_000110","{""position"":4,""source"":""search""}","2026-03-22T22:11:44.9931988Z"
"event_000002033","session_00000927","user_0029","org_004","purchase_completed","ste_000110","{""source"":""search"",""position"":4}","2026-03-22T22:11:51.9931988Z"
"event_000002034","session_00000928","user_0029","org_004","search_submitted","","{""query_source"":""base""}","2025-11-02T03:31:33.9931988Z"
"event_000002035","session_00000929","user_0029","org_004","search_submitted","","{""query_source"":""synonym""}","2026-01-29T22:32:33.9931988Z"
"event_000002036","session_00000930","user_0029","org_004","search_submitted","","{""query_source"":""synonym""}","2025-12-30T10:19:33.9931988Z"
"event_000002037","session_00000931","user_0029","org_004","search_submitted","","{""query_source"":""base""}","2025-10-29T04:20:33.9931988Z"
"event_000002038","session_00000931","user_0029","org_004","result_clicked","ste_000991","{""position"":1}","2025-10-29T04:20:41.9931988Z"
"event_000002039","session_00000931","user_0029","org_004","favorite_added","ste_000758","{""position"":4,""source"":""search""}","2025-10-29T04:20:44.9931988Z"
"event_000002040","session_00000932","user_0030","org_004","search_submitted","","{""query_source"":""synonym""}","2026-01-24T19:56:33.9931988Z"
"event_000002041","session_00000933","user_0030","org_004","search_submitted","","{""query_source"":""base""}","2026-01-04T11:33:33.9931988Z"
"event_000002042","session_00000933","user_0030","org_004","result_clicked","ste_000349","{""position"":4}","2026-01-04T11:33:41.9931988Z"
"event_000002043","session_00000934","user_0030","org_004","search_submitted","","{""query_source"":""base""}","2026-01-04T07:35:33.9931988Z"
"event_000002044","session_00000934","user_0030","org_004","result_clicked","ste_000800","{""position"":1}","2026-01-04T07:35:41.9931988Z"
"event_000002045","session_00000935","user_0030","org_004","search_submitted","","{""query_source"":""base""}","2026-02-07T21:03:33.9931988Z"
"event_000002046","session_00000935","user_0030","org_004","result_clicked","ste_000869","{""position"":4}","2026-02-07T21:03:41.9931988Z"
"event_000002047","session_00000935","user_0030","org_004","favorite_added","ste_000764","{""position"":7,""source"":""search""}","2026-02-07T21:03:44.9931988Z"
"event_000002048","session_00000936","user_0030","org_004","search_submitted","","{""query_source"":""base""}","2025-10-23T19:48:33.9931988Z"
"event_000002049","session_00000936","user_0030","org_004","result_clicked","ste_000125","{""position"":5}","2025-10-23T19:48:41.9931988Z"
"event_000002050","session_00000937","user_0030","org_004","search_submitted","","{""query_source"":""base""}","2025-10-22T02:05:33.9931988Z"
"event_000002051","session_00000937","user_0030","org_004","result_clicked","ste_000941","{""position"":2}","2025-10-22T02:05:41.9931988Z"
"event_000002052","session_00000938","user_0030","org_004","search_submitted","","{""query_source"":""base""}","2026-03-04T16:30:33.9931988Z"
"event_000002053","session_00000939","user_0030","org_004","search_submitted","","{""query_source"":""base""}","2025-12-31T19:01:33.9931988Z"
"event_000002054","session_00000940","user_0030","org_004","search_submitted","","{""query_source"":""synonym""}","2025-12-26T01:19:33.9931988Z"
"event_000002055","session_00000940","user_0030","org_004","result_clicked","ste_001117","{""position"":5}","2025-12-26T01:19:41.9931988Z"
"event_000002056","session_00000940","user_0030","org_004","favorite_added","ste_001195","{""position"":2,""source"":""search""}","2025-12-26T01:19:44.9931988Z"
"event_000002057","session_00000940","user_0030","org_004","purchase_completed","ste_001117","{""source"":""search"",""position"":5}","2025-12-26T01:19:51.9931988Z"
"event_000002058","session_00000941","user_0030","org_004","search_submitted","","{""query_source"":""base""}","2025-12-09T09:59:33.9931988Z"
"event_000002059","session_00000942","user_0030","org_004","search_submitted","","{""query_source"":""base""}","2025-10-23T07:30:33.9931988Z"
"event_000002060","session_00000942","user_0030","org_004","result_clicked","ste_000516","{""position"":1}","2025-10-23T07:30:41.9931988Z"
"event_000002061","session_00000943","user_0030","org_004","search_submitted","","{""query_source"":""synonym""}","2026-03-05T02:13:33.9931988Z"
"event_000002062","session_00000943","user_0030","org_004","result_clicked","ste_000767","{""position"":3}","2026-03-05T02:13:41.9931988Z"
"event_000002063","session_00000944","user_0030","org_004","search_submitted","","{""query_source"":""base""}","2026-03-25T09:37:33.9931988Z"
"event_000002064","session_00000944","user_0030","org_004","result_clicked","ste_000514","{""position"":1}","2026-03-25T09:37:41.9931988Z"
"event_000002065","session_00000944","user_0030","org_004","purchase_completed","ste_000514","{""source"":""search"",""position"":1}","2026-03-25T09:37:51.9931988Z"
"event_000002066","session_00000945","user_0030","org_004","search_submitted","","{""query_source"":""base""}","2026-02-27T03:00:33.9931988Z"
"event_000002067","session_00000945","user_0030","org_004","result_clicked","ste_000666","{""position"":1}","2026-02-27T03:00:41.9931988Z"
"event_000002068","session_00000946","user_0030","org_004","search_submitted","","{""query_source"":""synonym""}","2026-02-09T15:33:33.9931988Z"
"event_000002069","session_00000947","user_0030","org_004","search_submitted","","{""query_source"":""typo""}","2026-01-15T20:12:33.9931988Z"
"event_000002070","session_00000948","user_0030","org_004","search_submitted","","{""query_source"":""base""}","2026-03-09T19:55:33.9931988Z"
"event_000002071","session_00000948","user_0030","org_004","result_clicked","ste_000005","{""position"":3}","2026-03-09T19:55:41.9931988Z"
"event_000002072","session_00000948","user_0030","org_004","purchase_completed","ste_000005","{""source"":""search"",""position"":3}","2026-03-09T19:55:51.9931988Z"
"event_000002073","session_00000949","user_0030","org_004","search_submitted","","{""query_source"":""base""}","2025-11-13T06:19:33.9931988Z"
"event_000002074","session_00000949","user_0030","org_004","result_clicked","ste_000704","{""position"":5}","2025-11-13T06:19:41.9931988Z"
"event_000002075","session_00000949","user_0030","org_004","favorite_added","ste_000498","{""position"":6,""source"":""search""}","2025-11-13T06:19:44.9931988Z"
"event_000002076","session_00000949","user_0030","org_004","purchase_completed","ste_000704","{""source"":""search"",""position"":5}","2025-11-13T06:19:51.9931988Z"
"event_000002077","session_00000950","user_0030","org_004","search_submitted","","{""query_source"":""base""}","2025-10-19T17:20:33.9931988Z"
"event_000002078","session_00000950","user_0030","org_004","result_clicked","ste_000476","{""position"":1}","2025-10-19T17:20:41.9931988Z"
"event_000002079","session_00000950","user_0030","org_004","favorite_added","ste_000345","{""position"":3,""source"":""search""}","2025-10-19T17:20:44.9931988Z"
"event_000002080","session_00000951","user_0030","org_004","search_submitted","","{""query_source"":""base""}","2025-12-25T22:17:33.9931988Z"
"event_000002081","session_00000952","user_0030","org_004","search_submitted","","{""query_source"":""synonym""}","2025-11-30T13:04:33.9931988Z"
"event_000002082","session_00000952","user_0030","org_004","result_clicked","ste_000916","{""position"":5}","2025-11-30T13:04:41.9931988Z"
"event_000002083","session_00000952","user_0030","org_004","favorite_added","ste_000408","{""position"":1,""source"":""search""}","2025-11-30T13:04:44.9931988Z"
"event_000002084","session_00000953","user_0030","org_004","search_submitted","","{""query_source"":""synonym""}","2026-03-09T16:41:33.9931988Z"
"event_000002085","session_00000953","user_0030","org_004","result_clicked","ste_000707","{""position"":4}","2026-03-09T16:41:41.9931988Z"
"event_000002086","session_00000954","user_0030","org_004","search_submitted","","{""query_source"":""typo""}","2026-03-08T06:24:33.9931988Z"
"event_000002087","session_00000954","user_0030","org_004","result_clicked","ste_000943","{""position"":4}","2026-03-08T06:24:41.9931988Z"
"event_000002088","session_00000954","user_0030","org_004","favorite_added","ste_001157","{""position"":1,""source"":""search""}","2026-03-08T06:24:44.9931988Z"
"event_000002089","session_00000954","user_0030","org_004","purchase_completed","ste_000943","{""source"":""search"",""position"":4}","2026-03-08T06:24:51.9931988Z"
"event_000002090","session_00000955","user_0030","org_004","search_submitted","","{""query_source"":""typo""}","2025-09-30T04:52:33.9931988Z"
"event_000002091","session_00000955","user_0030","org_004","result_clicked","ste_001191","{""position"":4}","2025-09-30T04:52:41.9931988Z"
"event_000002092","session_00000955","user_0030","org_004","favorite_added","ste_000807","{""position"":5,""source"":""search""}","2025-09-30T04:52:44.9931988Z"
"event_000002093","session_00000956","user_0030","org_004","search_submitted","","{""query_source"":""base""}","2026-02-10T05:49:33.9931988Z"
"event_000002094","session_00000956","user_0030","org_004","result_clicked","ste_001011","{""position"":5}","2026-02-10T05:49:41.9931988Z"
"event_000002095","session_00000957","user_0030","org_004","search_submitted","","{""query_source"":""synonym""}","2025-10-06T01:26:33.9931988Z"
"event_000002096","session_00000958","user_0030","org_004","search_submitted","","{""query_source"":""typo""}","2025-11-04T17:24:33.9931988Z"
"event_000002097","session_00000958","user_0030","org_004","result_clicked","ste_001185","{""position"":2}","2025-11-04T17:24:41.9931988Z"
"event_000002098","session_00000958","user_0030","org_004","favorite_added","ste_000664","{""position"":1,""source"":""search""}","2025-11-04T17:24:44.9931988Z"
"event_000002099","session_00000958","user_0030","org_004","purchase_completed","ste_001185","{""source"":""search"",""position"":2}","2025-11-04T17:24:51.9931988Z"
"event_000002100","session_00000959","user_0030","org_004","search_submitted","","{""query_source"":""base""}","2026-03-03T17:11:33.9931988Z"
"event_000002101","session_00000960","user_0030","org_004","search_submitted","","{""query_source"":""base""}","2026-01-31T17:23:33.9931988Z"
"event_000002102","session_00000960","user_0030","org_004","result_clicked","ste_000393","{""position"":2}","2026-01-31T17:23:41.9931988Z"
"event_000002103","session_00000960","user_0030","org_004","favorite_added","ste_000604","{""position"":6,""source"":""search""}","2026-01-31T17:23:44.9931988Z"
"event_000002104","session_00000961","user_0030","org_004","search_submitted","","{""query_source"":""base""}","2026-02-11T15:24:33.9931988Z"
"event_000002105","session_00000962","user_0031","org_004","search_submitted","","{""query_source"":""synonym""}","2025-11-25T10:07:33.9931988Z"
"event_000002106","session_00000962","user_0031","org_004","result_clicked","ste_000190","{""position"":1}","2025-11-25T10:07:41.9931988Z"
"event_000002107","session_00000963","user_0031","org_004","search_submitted","","{""query_source"":""base""}","2025-12-17T11:08:33.9931988Z"
"event_000002108","session_00000963","user_0031","org_004","result_clicked","ste_001026","{""position"":1}","2025-12-17T11:08:41.9931988Z"
"event_000002109","session_00000964","user_0031","org_004","search_submitted","","{""query_source"":""synonym""}","2025-10-15T14:27:33.9931988Z"
"event_000002110","session_00000965","user_0031","org_004","search_submitted","","{""query_source"":""synonym""}","2026-03-22T09:20:33.9931988Z"
"event_000002111","session_00000965","user_0031","org_004","result_clicked","ste_000030","{""position"":1}","2026-03-22T09:20:41.9931988Z"
"event_000002112","session_00000965","user_0031","org_004","favorite_added","ste_000520","{""position"":4,""source"":""search""}","2026-03-22T09:20:44.9931988Z"
"event_000002113","session_00000966","user_0031","org_004","search_submitted","","{""query_source"":""base""}","2025-12-04T13:06:33.9931988Z"
"event_000002114","session_00000967","user_0031","org_004","search_submitted","","{""query_source"":""base""}","2026-02-22T01:05:33.9931988Z"
"event_000002115","session_00000967","user_0031","org_004","result_clicked","ste_000857","{""position"":3}","2026-02-22T01:05:41.9931988Z"
"event_000002116","session_00000967","user_0031","org_004","favorite_added","ste_000910","{""position"":5,""source"":""search""}","2026-02-22T01:05:44.9931988Z"
"event_000002117","session_00000968","user_0031","org_004","search_submitted","","{""query_source"":""synonym""}","2025-10-26T22:06:33.9931988Z"
"event_000002118","session_00000969","user_0031","org_004","search_submitted","","{""query_source"":""base""}","2025-10-17T09:39:33.9931988Z"
"event_000002119","session_00000970","user_0031","org_004","search_submitted","","{""query_source"":""base""}","2025-11-23T06:24:33.9931988Z"
"event_000002120","session_00000970","user_0031","org_004","result_clicked","ste_000642","{""position"":2}","2025-11-23T06:24:41.9931988Z"
"event_000002121","session_00000970","user_0031","org_004","favorite_added","ste_000094","{""position"":5,""source"":""search""}","2025-11-23T06:24:44.9931988Z"
"event_000002122","session_00000971","user_0031","org_004","search_submitted","","{""query_source"":""synonym""}","2025-10-01T04:14:33.9931988Z"
"event_000002123","session_00000971","user_0031","org_004","result_clicked","ste_000250","{""position"":5}","2025-10-01T04:14:41.9931988Z"
"event_000002124","session_00000971","user_0031","org_004","favorite_added","ste_000825","{""position"":7,""source"":""search""}","2025-10-01T04:14:44.9931988Z"
"event_000002125","session_00000972","user_0031","org_004","search_submitted","","{""query_source"":""synonym""}","2026-01-17T07:41:33.9931988Z"
"event_000002126","session_00000972","user_0031","org_004","result_clicked","ste_000699","{""position"":4}","2026-01-17T07:41:41.9931988Z"
"event_000002127","session_00000972","user_0031","org_004","purchase_completed","ste_000699","{""source"":""search"",""position"":4}","2026-01-17T07:41:51.9931988Z"
"event_000002128","session_00000973","user_0031","org_004","search_submitted","","{""query_source"":""base""}","2026-02-22T04:59:33.9931988Z"
"event_000002129","session_00000973","user_0031","org_004","result_clicked","ste_000590","{""position"":5}","2026-02-22T04:59:41.9931988Z"
"event_000002130","session_00000974","user_0031","org_004","search_submitted","","{""query_source"":""base""}","2025-10-13T06:13:33.9931988Z"
"event_000002131","session_00000974","user_0031","org_004","result_clicked","ste_000229","{""position"":3}","2025-10-13T06:13:41.9931988Z"
"event_000002132","session_00000974","user_0031","org_004","purchase_completed","ste_000229","{""source"":""search"",""position"":3}","2025-10-13T06:13:51.9931988Z"
"event_000002133","session_00000975","user_0031","org_004","search_submitted","","{""query_source"":""base""}","2026-01-10T02:17:33.9931988Z"
"event_000002134","session_00000975","user_0031","org_004","result_clicked","ste_000825","{""position"":5}","2026-01-10T02:17:41.9931988Z"
"event_000002135","session_00000976","user_0031","org_004","search_submitted","","{""query_source"":""base""}","2026-01-30T12:15:33.9931988Z"
"event_000002136","session_00000976","user_0031","org_004","result_clicked","ste_000486","{""position"":1}","2026-01-30T12:15:41.9931988Z"
"event_000002137","session_00000977","user_0031","org_004","search_submitted","","{""query_source"":""base""}","2025-11-25T15:39:33.9931988Z"
"event_000002138","session_00000977","user_0031","org_004","result_clicked","ste_000894","{""position"":5}","2025-11-25T15:39:41.9931988Z"
"event_000002139","session_00000977","user_0031","org_004","favorite_added","ste_000217","{""position"":1,""source"":""search""}","2025-11-25T15:39:44.9931988Z"
"event_000002140","session_00000978","user_0031","org_004","search_submitted","","{""query_source"":""typo""}","2025-12-24T04:08:33.9931988Z"
"event_000002141","session_00000978","user_0031","org_004","result_clicked","ste_000164","{""position"":4}","2025-12-24T04:08:41.9931988Z"
"event_000002142","session_00000978","user_0031","org_004","purchase_completed","ste_000164","{""source"":""search"",""position"":4}","2025-12-24T04:08:51.9931988Z"
"event_000002143","session_00000979","user_0031","org_004","search_submitted","","{""query_source"":""base""}","2026-02-01T16:44:33.9931988Z"
"event_000002144","session_00000979","user_0031","org_004","result_clicked","ste_000624","{""position"":4}","2026-02-01T16:44:41.9931988Z"
"event_000002145","session_00000979","user_0031","org_004","favorite_added","ste_001013","{""position"":3,""source"":""search""}","2026-02-01T16:44:44.9931988Z"
"event_000002146","session_00000980","user_0031","org_004","search_submitted","","{""query_source"":""base""}","2026-03-20T16:14:33.9931988Z"
"event_000002147","session_00000981","user_0031","org_004","search_submitted","","{""query_source"":""synonym""}","2025-12-11T11:36:33.9931988Z"
"event_000002148","session_00000982","user_0031","org_004","search_submitted","","{""query_source"":""base""}","2026-02-11T21:13:33.9931988Z"
"event_000002149","session_00000983","user_0031","org_004","search_submitted","","{""query_source"":""typo""}","2025-11-15T03:39:33.9931988Z"
"event_000002150","session_00000983","user_0031","org_004","result_clicked","ste_001149","{""position"":5}","2025-11-15T03:39:41.9931988Z"
"event_000002151","session_00000983","user_0031","org_004","favorite_added","ste_000312","{""position"":7,""source"":""search""}","2025-11-15T03:39:44.9931988Z"
"event_000002152","session_00000983","user_0031","org_004","purchase_completed","ste_001149","{""source"":""search"",""position"":5}","2025-11-15T03:39:51.9931988Z"
"event_000002153","session_00000984","user_0031","org_004","search_submitted","","{""query_source"":""typo""}","2025-12-23T05:59:33.9931988Z"
"event_000002154","session_00000984","user_0031","org_004","result_clicked","ste_000387","{""position"":2}","2025-12-23T05:59:41.9931988Z"
"event_000002155","session_00000984","user_0031","org_004","favorite_added","ste_000834","{""position"":4,""source"":""search""}","2025-12-23T05:59:44.9931988Z"
"event_000002156","session_00000985","user_0031","org_004","search_submitted","","{""query_source"":""synonym""}","2025-10-11T14:24:33.9931988Z"
"event_000002157","session_00000985","user_0031","org_004","result_clicked","ste_001187","{""position"":4}","2025-10-11T14:24:41.9931988Z"
"event_000002158","session_00000986","user_0031","org_004","search_submitted","","{""query_source"":""synonym""}","2025-12-01T12:56:33.9931988Z"
"event_000002159","session_00000987","user_0031","org_004","search_submitted","","{""query_source"":""base""}","2026-01-07T20:48:33.9931988Z"
"event_000002160","session_00000987","user_0031","org_004","result_clicked","ste_000046","{""position"":4}","2026-01-07T20:48:41.9931988Z"
"event_000002161","session_00000988","user_0031","org_004","search_submitted","","{""query_source"":""synonym""}","2026-01-07T05:42:33.9931988Z"
"event_000002162","session_00000988","user_0031","org_004","result_clicked","ste_000634","{""position"":4}","2026-01-07T05:42:41.9931988Z"
"event_000002163","session_00000989","user_0031","org_004","search_submitted","","{""query_source"":""base""}","2026-03-19T08:30:33.9931988Z"
"event_000002164","session_00000989","user_0031","org_004","result_clicked","ste_000387","{""position"":1}","2026-03-19T08:30:41.9931988Z"
"event_000002165","session_00000990","user_0031","org_004","search_submitted","","{""query_source"":""base""}","2026-03-03T11:25:33.9931988Z"
"event_000002166","session_00000991","user_0031","org_004","search_submitted","","{""query_source"":""typo""}","2026-02-02T18:49:33.9931988Z"
"event_000002167","session_00000991","user_0031","org_004","result_clicked","ste_000590","{""position"":4}","2026-02-02T18:49:41.9931988Z"
"event_000002168","session_00000992","user_0031","org_004","search_submitted","","{""query_source"":""base""}","2026-02-13T21:41:33.9931988Z"
"event_000002169","session_00000992","user_0031","org_004","result_clicked","ste_000171","{""position"":4}","2026-02-13T21:41:41.9931988Z"
"event_000002170","session_00000992","user_0031","org_004","favorite_added","ste_000244","{""position"":1,""source"":""search""}","2026-02-13T21:41:44.9931988Z"
"event_000002171","session_00000993","user_0031","org_004","search_submitted","","{""query_source"":""base""}","2026-02-24T15:37:33.9931988Z"
"event_000002172","session_00000994","user_0031","org_004","search_submitted","","{""query_source"":""typo""}","2026-01-26T04:41:33.9931988Z"
"event_000002173","session_00000994","user_0031","org_004","result_clicked","ste_000053","{""position"":2}","2026-01-26T04:41:41.9931988Z"
"event_000002174","session_00000994","user_0031","org_004","favorite_added","ste_000557","{""position"":5,""source"":""search""}","2026-01-26T04:41:44.9931988Z"
"event_000002175","session_00000995","user_0031","org_004","search_submitted","","{""query_source"":""base""}","2025-10-20T14:45:33.9931988Z"
"event_000002176","session_00000995","user_0031","org_004","result_clicked","ste_000959","{""position"":5}","2025-10-20T14:45:41.9931988Z"
"event_000002177","session_00000996","user_0032","org_004","search_submitted","","{""query_source"":""base""}","2025-11-10T16:32:33.9931988Z"
"event_000002178","session_00000996","user_0032","org_004","result_clicked","ste_000468","{""position"":2}","2025-11-10T16:32:41.9931988Z"
"event_000002179","session_00000997","user_0032","org_004","search_submitted","","{""query_source"":""typo""}","2025-11-01T16:21:33.9931988Z"
"event_000002180","session_00000998","user_0032","org_004","search_submitted","","{""query_source"":""base""}","2025-10-23T02:10:33.9931988Z"
"event_000002181","session_00000999","user_0032","org_004","search_submitted","","{""query_source"":""base""}","2025-10-06T10:57:33.9931988Z"
"event_000002182","session_00000999","user_0032","org_004","result_clicked","ste_000726","{""position"":5}","2025-10-06T10:57:41.9931988Z"
"event_000002183","session_00000999","user_0032","org_004","favorite_added","ste_000726","{""position"":5,""source"":""search""}","2025-10-06T10:57:44.9931988Z"
"event_000002184","session_00001000","user_0032","org_004","search_submitted","","{""query_source"":""base""}","2026-01-03T08:47:33.9931988Z"
"event_000002185","session_00001000","user_0032","org_004","result_clicked","ste_000972","{""position"":4}","2026-01-03T08:47:41.9931988Z"
"event_000002186","session_00001001","user_0032","org_004","search_submitted","","{""query_source"":""base""}","2026-02-13T04:40:33.9931988Z"
"event_000002187","session_00001001","user_0032","org_004","result_clicked","ste_000584","{""position"":5}","2026-02-13T04:40:41.9931988Z"
"event_000002188","session_00001001","user_0032","org_004","purchase_completed","ste_000584","{""source"":""search"",""position"":5}","2026-02-13T04:40:51.9931988Z"
"event_000002189","session_00001002","user_0032","org_004","search_submitted","","{""query_source"":""synonym""}","2026-03-15T08:09:33.9931988Z"
"event_000002190","session_00001003","user_0032","org_004","search_submitted","","{""query_source"":""base""}","2025-11-18T10:00:33.9931988Z"
"event_000002191","session_00001004","user_0032","org_004","search_submitted","","{""query_source"":""base""}","2026-01-25T07:02:33.9931988Z"
"event_000002192","session_00001004","user_0032","org_004","result_clicked","ste_000744","{""position"":2}","2026-01-25T07:02:41.9931988Z"
"event_000002193","session_00001005","user_0032","org_004","search_submitted","","{""query_source"":""base""}","2025-11-12T06:58:33.9931988Z"
"event_000002194","session_00001006","user_0032","org_004","search_submitted","","{""query_source"":""base""}","2026-02-16T08:22:33.9931988Z"
"event_000002195","session_00001007","user_0032","org_004","search_submitted","","{""query_source"":""base""}","2026-01-22T06:49:33.9931988Z"
"event_000002196","session_00001007","user_0032","org_004","result_clicked","ste_000266","{""position"":3}","2026-01-22T06:49:41.9931988Z"
"event_000002197","session_00001007","user_0032","org_004","purchase_completed","ste_000266","{""source"":""search"",""position"":3}","2026-01-22T06:49:51.9931988Z"
"event_000002198","session_00001008","user_0032","org_004","search_submitted","","{""query_source"":""base""}","2025-11-07T04:08:33.9931988Z"
"event_000002199","session_00001009","user_0032","org_004","search_submitted","","{""query_source"":""typo""}","2026-02-13T22:41:33.9931988Z"
"event_000002200","session_00001009","user_0032","org_004","result_clicked","ste_000477","{""position"":2}","2026-02-13T22:41:41.9931988Z"
"event_000002201","session_00001009","user_0032","org_004","favorite_added","ste_000741","{""position"":1,""source"":""search""}","2026-02-13T22:41:44.9931988Z"
"event_000002202","session_00001009","user_0032","org_004","purchase_completed","ste_000477","{""source"":""search"",""position"":2}","2026-02-13T22:41:51.9931988Z"
"event_000002203","session_00001010","user_0032","org_004","search_submitted","","{""query_source"":""typo""}","2026-02-22T19:39:33.9931988Z"
"event_000002204","session_00001010","user_0032","org_004","result_clicked","ste_001090","{""position"":5}","2026-02-22T19:39:41.9931988Z"
"event_000002205","session_00001010","user_0032","org_004","favorite_added","ste_000047","{""position"":4,""source"":""search""}","2026-02-22T19:39:44.9931988Z"
"event_000002206","session_00001011","user_0032","org_004","search_submitted","","{""query_source"":""base""}","2025-11-05T17:49:33.9931988Z"
"event_000002207","session_00001011","user_0032","org_004","result_clicked","ste_000104","{""position"":3}","2025-11-05T17:49:41.9931988Z"
"event_000002208","session_00001011","user_0032","org_004","purchase_completed","ste_000104","{""source"":""search"",""position"":3}","2025-11-05T17:49:51.9931988Z"
"event_000002209","session_00001012","user_0032","org_004","search_submitted","","{""query_source"":""base""}","2026-03-02T01:30:33.9931988Z"
"event_000002210","session_00001013","user_0032","org_004","search_submitted","","{""query_source"":""base""}","2025-10-22T01:14:33.9931988Z"
"event_000002211","session_00001013","user_0032","org_004","result_clicked","ste_000191","{""position"":3}","2025-10-22T01:14:41.9931988Z"
"event_000002212","session_00001013","user_0032","org_004","purchase_completed","ste_000191","{""source"":""search"",""position"":3}","2025-10-22T01:14:51.9931988Z"
"event_000002213","session_00001014","user_0032","org_004","search_submitted","","{""query_source"":""typo""}","2026-01-31T23:00:33.9931988Z"
"event_000002214","session_00001014","user_0032","org_004","result_clicked","ste_000563","{""position"":4}","2026-01-31T23:00:41.9931988Z"
"event_000002215","session_00001015","user_0032","org_004","search_submitted","","{""query_source"":""base""}","2026-02-21T10:34:33.9931988Z"
"event_000002216","session_00001015","user_0032","org_004","result_clicked","ste_000249","{""position"":4}","2026-02-21T10:34:41.9931988Z"
"event_000002217","session_00001015","user_0032","org_004","favorite_added","ste_000821","{""position"":7,""source"":""search""}","2026-02-21T10:34:44.9931988Z"
"event_000002218","session_00001016","user_0032","org_004","search_submitted","","{""query_source"":""typo""}","2025-12-18T05:35:33.9931988Z"
"event_000002219","session_00001016","user_0032","org_004","result_clicked","ste_000171","{""position"":2}","2025-12-18T05:35:41.9931988Z"
"event_000002220","session_00001016","user_0032","org_004","purchase_completed","ste_000171","{""source"":""search"",""position"":2}","2025-12-18T05:35:51.9931988Z"
"event_000002221","session_00001017","user_0032","org_004","search_submitted","","{""query_source"":""base""}","2025-12-24T01:15:33.9931988Z"
"event_000002222","session_00001017","user_0032","org_004","result_clicked","ste_000835","{""position"":5}","2025-12-24T01:15:41.9931988Z"
"event_000002223","session_00001017","user_0032","org_004","favorite_added","ste_001061","{""position"":3,""source"":""search""}","2025-12-24T01:15:44.9931988Z"
"event_000002224","session_00001018","user_0032","org_004","search_submitted","","{""query_source"":""typo""}","2026-03-07T11:35:33.9931988Z"
"event_000002225","session_00001018","user_0032","org_004","result_clicked","ste_000540","{""position"":3}","2026-03-07T11:35:41.9931988Z"
"event_000002226","session_00001019","user_0032","org_004","search_submitted","","{""query_source"":""synonym""}","2026-01-22T13:21:33.9931988Z"
"event_000002227","session_00001019","user_0032","org_004","result_clicked","ste_000953","{""position"":2}","2026-01-22T13:21:41.9931988Z"
"event_000002228","session_00001019","user_0032","org_004","favorite_added","ste_000322","{""position"":7,""source"":""search""}","2026-01-22T13:21:44.9931988Z"
"event_000002229","session_00001019","user_0032","org_004","purchase_completed","ste_000953","{""source"":""search"",""position"":2}","2026-01-22T13:21:51.9931988Z"
"event_000002230","session_00001020","user_0032","org_004","search_submitted","","{""query_source"":""base""}","2025-11-24T15:03:33.9931988Z"
"event_000002231","session_00001020","user_0032","org_004","result_clicked","ste_000925","{""position"":2}","2025-11-24T15:03:41.9931988Z"
"event_000002232","session_00001021","user_0032","org_004","search_submitted","","{""query_source"":""base""}","2025-11-26T08:41:33.9931988Z"
"event_000002233","session_00001022","user_0032","org_004","search_submitted","","{""query_source"":""base""}","2026-02-19T07:04:33.9931988Z"
"event_000002234","session_00001022","user_0032","org_004","result_clicked","ste_000336","{""position"":3}","2026-02-19T07:04:41.9931988Z"
"event_000002235","session_00001022","user_0032","org_004","favorite_added","ste_000336","{""position"":3,""source"":""search""}","2026-02-19T07:04:44.9931988Z"
"event_000002236","session_00001023","user_0032","org_004","search_submitted","","{""query_source"":""synonym""}","2025-12-05T03:06:33.9931988Z"
"event_000002237","session_00001023","user_0032","org_004","result_clicked","ste_000140","{""position"":1}","2025-12-05T03:06:41.9931988Z"
"event_000002238","session_00001023","user_0032","org_004","favorite_added","ste_000393","{""position"":5,""source"":""search""}","2025-12-05T03:06:44.9931988Z"
"event_000002239","session_00001024","user_0032","org_004","search_submitted","","{""query_source"":""synonym""}","2025-10-02T00:20:33.9931988Z"
"event_000002240","session_00001024","user_0032","org_004","result_clicked","ste_000374","{""position"":4}","2025-10-02T00:20:41.9931988Z"
"event_000002241","session_00001024","user_0032","org_004","purchase_completed","ste_000374","{""source"":""search"",""position"":4}","2025-10-02T00:20:51.9931988Z"
"event_000002242","session_00001025","user_0033","org_005","search_submitted","","{""query_source"":""base""}","2025-10-06T18:10:33.9931988Z"
"event_000002243","session_00001026","user_0033","org_005","search_submitted","","{""query_source"":""base""}","2026-02-01T13:01:33.9931988Z"
"event_000002244","session_00001026","user_0033","org_005","result_clicked","ste_000936","{""position"":4}","2026-02-01T13:01:41.9931988Z"
"event_000002245","session_00001026","user_0033","org_005","favorite_added","ste_000967","{""position"":5,""source"":""search""}","2026-02-01T13:01:44.9931988Z"
"event_000002246","session_00001026","user_0033","org_005","purchase_completed","ste_000936","{""source"":""search"",""position"":4}","2026-02-01T13:01:51.9931988Z"
"event_000002247","session_00001027","user_0033","org_005","search_submitted","","{""query_source"":""base""}","2025-12-27T05:59:33.9931988Z"
"event_000002248","session_00001028","user_0033","org_005","search_submitted","","{""query_source"":""base""}","2025-10-13T17:40:33.9931988Z"
"event_000002249","session_00001029","user_0033","org_005","search_submitted","","{""query_source"":""base""}","2025-11-13T22:03:33.9931988Z"
"event_000002250","session_00001029","user_0033","org_005","result_clicked","ste_000265","{""position"":5}","2025-11-13T22:03:41.9931988Z"
"event_000002251","session_00001030","user_0033","org_005","search_submitted","","{""query_source"":""base""}","2025-10-21T05:27:33.9931988Z"
"event_000002252","session_00001030","user_0033","org_005","result_clicked","ste_000223","{""position"":4}","2025-10-21T05:27:41.9931988Z"
"event_000002253","session_00001030","user_0033","org_005","favorite_added","ste_000273","{""position"":2,""source"":""search""}","2025-10-21T05:27:44.9931988Z"
"event_000002254","session_00001031","user_0033","org_005","search_submitted","","{""query_source"":""base""}","2025-11-06T08:27:33.9931988Z"
"event_000002255","session_00001032","user_0033","org_005","search_submitted","","{""query_source"":""base""}","2026-02-26T02:24:33.9931988Z"
"event_000002256","session_00001032","user_0033","org_005","result_clicked","ste_000717","{""position"":1}","2026-02-26T02:24:41.9931988Z"
"event_000002257","session_00001032","user_0033","org_005","purchase_completed","ste_000717","{""source"":""search"",""position"":1}","2026-02-26T02:24:51.9931988Z"
"event_000002258","session_00001033","user_0033","org_005","search_submitted","","{""query_source"":""base""}","2026-01-23T01:00:33.9931988Z"
"event_000002259","session_00001033","user_0033","org_005","result_clicked","ste_000322","{""position"":3}","2026-01-23T01:00:41.9931988Z"
"event_000002260","session_00001033","user_0033","org_005","favorite_added","ste_000443","{""position"":2,""source"":""search""}","2026-01-23T01:00:44.9931988Z"
"event_000002261","session_00001034","user_0033","org_005","search_submitted","","{""query_source"":""base""}","2025-11-29T12:25:33.9931988Z"
"event_000002262","session_00001035","user_0033","org_005","search_submitted","","{""query_source"":""base""}","2025-10-18T16:26:33.9931988Z"
"event_000002263","session_00001036","user_0033","org_005","search_submitted","","{""query_source"":""base""}","2025-12-19T20:58:33.9931988Z"
"event_000002264","session_00001037","user_0033","org_005","search_submitted","","{""query_source"":""base""}","2026-01-12T11:43:33.9931988Z"
"event_000002265","session_00001037","user_0033","org_005","result_clicked","ste_000723","{""position"":3}","2026-01-12T11:43:41.9931988Z"
"event_000002266","session_00001038","user_0033","org_005","search_submitted","","{""query_source"":""base""}","2025-11-02T07:23:33.9931988Z"
"event_000002267","session_00001038","user_0033","org_005","result_clicked","ste_000582","{""position"":1}","2025-11-02T07:23:41.9931988Z"
"event_000002268","session_00001039","user_0033","org_005","search_submitted","","{""query_source"":""synonym""}","2025-12-23T05:23:33.9931988Z"
"event_000002269","session_00001040","user_0033","org_005","search_submitted","","{""query_source"":""base""}","2026-02-19T18:59:33.9931988Z"
"event_000002270","session_00001040","user_0033","org_005","result_clicked","ste_000124","{""position"":3}","2026-02-19T18:59:41.9931988Z"
"event_000002271","session_00001041","user_0033","org_005","search_submitted","","{""query_source"":""synonym""}","2025-12-22T12:51:33.9931988Z"
"event_000002272","session_00001041","user_0033","org_005","result_clicked","ste_000518","{""position"":3}","2025-12-22T12:51:41.9931988Z"
"event_000002273","session_00001042","user_0033","org_005","search_submitted","","{""query_source"":""base""}","2026-03-20T02:41:33.9931988Z"
"event_000002274","session_00001042","user_0033","org_005","result_clicked","ste_000998","{""position"":5}","2026-03-20T02:41:41.9931988Z"
"event_000002275","session_00001043","user_0033","org_005","search_submitted","","{""query_source"":""base""}","2025-11-30T05:21:33.9931988Z"
"event_000002276","session_00001043","user_0033","org_005","result_clicked","ste_000121","{""position"":2}","2025-11-30T05:21:41.9931988Z"
"event_000002277","session_00001043","user_0033","org_005","favorite_added","ste_000121","{""position"":2,""source"":""search""}","2025-11-30T05:21:44.9931988Z"
"event_000002278","session_00001044","user_0033","org_005","search_submitted","","{""query_source"":""base""}","2025-12-19T07:57:33.9931988Z"
"event_000002279","session_00001045","user_0033","org_005","search_submitted","","{""query_source"":""base""}","2025-10-14T16:14:33.9931988Z"
"event_000002280","session_00001045","user_0033","org_005","result_clicked","ste_000747","{""position"":1}","2025-10-14T16:14:41.9931988Z"
"event_000002281","session_00001046","user_0033","org_005","search_submitted","","{""query_source"":""base""}","2026-01-22T01:32:33.9931988Z"
"event_000002282","session_00001046","user_0033","org_005","result_clicked","ste_001166","{""position"":4}","2026-01-22T01:32:41.9931988Z"
"event_000002283","session_00001046","user_0033","org_005","favorite_added","ste_001166","{""position"":4,""source"":""search""}","2026-01-22T01:32:44.9931988Z"
"event_000002284","session_00001047","user_0033","org_005","search_submitted","","{""query_source"":""base""}","2026-03-02T00:28:33.9931988Z"
"event_000002285","session_00001047","user_0033","org_005","result_clicked","ste_000011","{""position"":5}","2026-03-02T00:28:41.9931988Z"
"event_000002286","session_00001048","user_0033","org_005","search_submitted","","{""query_source"":""synonym""}","2026-03-09T14:19:33.9931988Z"
"event_000002287","session_00001048","user_0033","org_005","result_clicked","ste_001091","{""position"":2}","2026-03-09T14:19:41.9931988Z"
"event_000002288","session_00001049","user_0033","org_005","search_submitted","","{""query_source"":""base""}","2025-12-24T21:09:33.9931988Z"
"event_000002289","session_00001049","user_0033","org_005","result_clicked","ste_001200","{""position"":1}","2025-12-24T21:09:41.9931988Z"
"event_000002290","session_00001049","user_0033","org_005","favorite_added","ste_000538","{""position"":3,""source"":""search""}","2025-12-24T21:09:44.9931988Z"
"event_000002291","session_00001050","user_0033","org_005","search_submitted","","{""query_source"":""base""}","2026-01-02T03:14:33.9931988Z"
"event_000002292","session_00001051","user_0033","org_005","search_submitted","","{""query_source"":""base""}","2025-10-22T03:16:33.9931988Z"
"event_000002293","session_00001052","user_0033","org_005","search_submitted","","{""query_source"":""synonym""}","2026-01-09T05:07:33.9931988Z"
"event_000002294","session_00001053","user_0033","org_005","search_submitted","","{""query_source"":""base""}","2026-03-15T08:28:33.9931988Z"
"event_000002295","session_00001054","user_0033","org_005","search_submitted","","{""query_source"":""base""}","2025-12-24T01:07:33.9931988Z"
"event_000002296","session_00001054","user_0033","org_005","result_clicked","ste_000255","{""position"":3}","2025-12-24T01:07:41.9931988Z"
"event_000002297","session_00001054","user_0033","org_005","favorite_added","ste_001122","{""position"":7,""source"":""search""}","2025-12-24T01:07:44.9931988Z"
"event_000002298","session_00001055","user_0033","org_005","search_submitted","","{""query_source"":""synonym""}","2026-01-04T06:08:33.9931988Z"
"event_000002299","session_00001056","user_0033","org_005","search_submitted","","{""query_source"":""base""}","2026-03-27T14:35:33.9931988Z"
"event_000002300","session_00001056","user_0033","org_005","result_clicked","ste_001049","{""position"":4}","2026-03-27T14:35:41.9931988Z"
"event_000002301","session_00001057","user_0033","org_005","search_submitted","","{""query_source"":""base""}","2025-10-01T11:02:33.9931988Z"
"event_000002302","session_00001058","user_0033","org_005","search_submitted","","{""query_source"":""base""}","2025-11-02T12:43:33.9931988Z"
"event_000002303","session_00001058","user_0033","org_005","result_clicked","ste_001183","{""position"":1}","2025-11-02T12:43:41.9931988Z"
"event_000002304","session_00001059","user_0034","org_005","search_submitted","","{""query_source"":""base""}","2026-03-21T01:03:33.9931988Z"
"event_000002305","session_00001060","user_0034","org_005","search_submitted","","{""query_source"":""base""}","2026-03-17T20:48:33.9931988Z"
"event_000002306","session_00001060","user_0034","org_005","result_clicked","ste_000380","{""position"":3}","2026-03-17T20:48:41.9931988Z"
"event_000002307","session_00001061","user_0034","org_005","search_submitted","","{""query_source"":""base""}","2026-02-24T14:08:33.9931988Z"
"event_000002308","session_00001061","user_0034","org_005","result_clicked","ste_000523","{""position"":2}","2026-02-24T14:08:41.9931988Z"
"event_000002309","session_00001061","user_0034","org_005","favorite_added","ste_000523","{""position"":2,""source"":""search""}","2026-02-24T14:08:44.9931988Z"
"event_000002310","session_00001062","user_0034","org_005","search_submitted","","{""query_source"":""base""}","2025-10-14T08:04:33.9931988Z"
"event_000002311","session_00001063","user_0034","org_005","search_submitted","","{""query_source"":""base""}","2025-12-31T12:32:33.9931988Z"
"event_000002312","session_00001063","user_0034","org_005","result_clicked","ste_000987","{""position"":1}","2025-12-31T12:32:41.9931988Z"
"event_000002313","session_00001063","user_0034","org_005","favorite_added","ste_000742","{""position"":7,""source"":""search""}","2025-12-31T12:32:44.9931988Z"
"event_000002314","session_00001064","user_0034","org_005","search_submitted","","{""query_source"":""typo""}","2026-02-23T01:34:33.9931988Z"
"event_000002315","session_00001065","user_0034","org_005","search_submitted","","{""query_source"":""base""}","2025-10-01T00:44:33.9931988Z"
"event_000002316","session_00001066","user_0034","org_005","search_submitted","","{""query_source"":""base""}","2026-01-08T01:49:33.9931988Z"
"event_000002317","session_00001066","user_0034","org_005","result_clicked","ste_001131","{""position"":5}","2026-01-08T01:49:41.9931988Z"
"event_000002318","session_00001067","user_0034","org_005","search_submitted","","{""query_source"":""typo""}","2025-10-29T05:56:33.9931988Z"
"event_000002319","session_00001067","user_0034","org_005","result_clicked","ste_000294","{""position"":3}","2025-10-29T05:56:41.9931988Z"
"event_000002320","session_00001067","user_0034","org_005","purchase_completed","ste_000294","{""source"":""search"",""position"":3}","2025-10-29T05:56:51.9931988Z"
"event_000002321","session_00001068","user_0034","org_005","search_submitted","","{""query_source"":""base""}","2026-03-06T08:23:33.9931988Z"
"event_000002322","session_00001068","user_0034","org_005","result_clicked","ste_000982","{""position"":3}","2026-03-06T08:23:41.9931988Z"
"event_000002323","session_00001068","user_0034","org_005","favorite_added","ste_000248","{""position"":6,""source"":""search""}","2026-03-06T08:23:44.9931988Z"
"event_000002324","session_00001069","user_0034","org_005","search_submitted","","{""query_source"":""base""}","2026-01-26T08:09:33.9931988Z"
"event_000002325","session_00001069","user_0034","org_005","result_clicked","ste_001043","{""position"":4}","2026-01-26T08:09:41.9931988Z"
"event_000002326","session_00001070","user_0034","org_005","search_submitted","","{""query_source"":""base""}","2025-12-31T01:31:33.9931988Z"
"event_000002327","session_00001070","user_0034","org_005","result_clicked","ste_000323","{""position"":3}","2025-12-31T01:31:41.9931988Z"
"event_000002328","session_00001071","user_0034","org_005","search_submitted","","{""query_source"":""typo""}","2026-03-12T12:34:33.9931988Z"
"event_000002329","session_00001071","user_0034","org_005","result_clicked","ste_001057","{""position"":1}","2026-03-12T12:34:41.9931988Z"
"event_000002330","session_00001072","user_0034","org_005","search_submitted","","{""query_source"":""base""}","2025-11-10T11:00:33.9931988Z"
"event_000002331","session_00001073","user_0034","org_005","search_submitted","","{""query_source"":""base""}","2025-10-25T14:52:33.9931988Z"
"event_000002332","session_00001073","user_0034","org_005","result_clicked","ste_000106","{""position"":2}","2025-10-25T14:52:41.9931988Z"
"event_000002333","session_00001073","user_0034","org_005","favorite_added","ste_000170","{""position"":7,""source"":""search""}","2025-10-25T14:52:44.9931988Z"
"event_000002334","session_00001074","user_0034","org_005","search_submitted","","{""query_source"":""base""}","2025-10-13T07:19:33.9931988Z"
"event_000002335","session_00001075","user_0034","org_005","search_submitted","","{""query_source"":""base""}","2025-11-21T21:43:33.9931988Z"
"event_000002336","session_00001075","user_0034","org_005","result_clicked","ste_000998","{""position"":5}","2025-11-21T21:43:41.9931988Z"
"event_000002337","session_00001076","user_0034","org_005","search_submitted","","{""query_source"":""base""}","2026-01-20T23:40:33.9931988Z"
"event_000002338","session_00001076","user_0034","org_005","result_clicked","ste_000546","{""position"":4}","2026-01-20T23:40:41.9931988Z"
"event_000002339","session_00001076","user_0034","org_005","favorite_added","ste_000646","{""position"":6,""source"":""search""}","2026-01-20T23:40:44.9931988Z"
"event_000002340","session_00001077","user_0034","org_005","search_submitted","","{""query_source"":""typo""}","2026-01-31T14:39:33.9931988Z"
"event_000002341","session_00001077","user_0034","org_005","result_clicked","ste_000348","{""position"":5}","2026-01-31T14:39:41.9931988Z"
"event_000002342","session_00001077","user_0034","org_005","favorite_added","ste_001020","{""position"":2,""source"":""search""}","2026-01-31T14:39:44.9931988Z"
"event_000002343","session_00001077","user_0034","org_005","purchase_completed","ste_000348","{""source"":""search"",""position"":5}","2026-01-31T14:39:51.9931988Z"
"event_000002344","session_00001078","user_0034","org_005","search_submitted","","{""query_source"":""base""}","2026-02-25T02:40:33.9931988Z"
"event_000002345","session_00001079","user_0034","org_005","search_submitted","","{""query_source"":""typo""}","2026-02-26T18:10:33.9931988Z"
"event_000002346","session_00001079","user_0034","org_005","result_clicked","ste_000297","{""position"":5}","2026-02-26T18:10:41.9931988Z"
"event_000002347","session_00001080","user_0034","org_005","search_submitted","","{""query_source"":""base""}","2026-03-20T22:24:33.9931988Z"
"event_000002348","session_00001080","user_0034","org_005","result_clicked","ste_001190","{""position"":4}","2026-03-20T22:24:41.9931988Z"
"event_000002349","session_00001080","user_0034","org_005","favorite_added","ste_000684","{""position"":2,""source"":""search""}","2026-03-20T22:24:44.9931988Z"
"event_000002350","session_00001080","user_0034","org_005","purchase_completed","ste_001190","{""source"":""search"",""position"":4}","2026-03-20T22:24:51.9931988Z"
"event_000002351","session_00001081","user_0034","org_005","search_submitted","","{""query_source"":""base""}","2026-01-16T06:18:33.9931988Z"
"event_000002352","session_00001081","user_0034","org_005","result_clicked","ste_000832","{""position"":4}","2026-01-16T06:18:41.9931988Z"
"event_000002353","session_00001081","user_0034","org_005","favorite_added","ste_001084","{""position"":5,""source"":""search""}","2026-01-16T06:18:44.9931988Z"
"event_000002354","session_00001082","user_0034","org_005","search_submitted","","{""query_source"":""base""}","2026-03-04T02:57:33.9931988Z"
"event_000002355","session_00001082","user_0034","org_005","result_clicked","ste_000980","{""position"":4}","2026-03-04T02:57:41.9931988Z"
"event_000002356","session_00001082","user_0034","org_005","favorite_added","ste_000734","{""position"":2,""source"":""search""}","2026-03-04T02:57:44.9931988Z"
"event_000002357","session_00001083","user_0034","org_005","search_submitted","","{""query_source"":""synonym""}","2026-03-25T07:58:33.9931988Z"
"event_000002358","session_00001084","user_0034","org_005","search_submitted","","{""query_source"":""base""}","2025-10-20T10:10:33.9931988Z"
"event_000002359","session_00001084","user_0034","org_005","result_clicked","ste_001036","{""position"":2}","2025-10-20T10:10:41.9931988Z"
"event_000002360","session_00001085","user_0034","org_005","search_submitted","","{""query_source"":""base""}","2025-11-13T08:36:33.9931988Z"
"event_000002361","session_00001085","user_0034","org_005","result_clicked","ste_000310","{""position"":2}","2025-11-13T08:36:41.9931988Z"
"event_000002362","session_00001085","user_0034","org_005","purchase_completed","ste_000310","{""source"":""search"",""position"":2}","2025-11-13T08:36:51.9931988Z"
"event_000002363","session_00001086","user_0034","org_005","search_submitted","","{""query_source"":""base""}","2025-12-20T19:43:33.9931988Z"
"event_000002364","session_00001086","user_0034","org_005","result_clicked","ste_000170","{""position"":4}","2025-12-20T19:43:41.9931988Z"
"event_000002365","session_00001086","user_0034","org_005","favorite_added","ste_000161","{""position"":3,""source"":""search""}","2025-12-20T19:43:44.9931988Z"
"event_000002366","session_00001087","user_0034","org_005","search_submitted","","{""query_source"":""base""}","2026-02-11T11:52:33.9931988Z"
"event_000002367","session_00001087","user_0034","org_005","result_clicked","ste_000355","{""position"":5}","2026-02-11T11:52:41.9931988Z"
"event_000002368","session_00001088","user_0034","org_005","search_submitted","","{""query_source"":""base""}","2026-03-24T11:45:33.9931988Z"
"event_000002369","session_00001089","user_0034","org_005","search_submitted","","{""query_source"":""base""}","2025-10-26T14:48:33.9931988Z"
"event_000002370","session_00001090","user_0034","org_005","search_submitted","","{""query_source"":""base""}","2026-03-12T21:26:33.9931988Z"
"event_000002371","session_00001090","user_0034","org_005","result_clicked","ste_000973","{""position"":4}","2026-03-12T21:26:41.9931988Z"
"event_000002372","session_00001090","user_0034","org_005","favorite_added","ste_000869","{""position"":6,""source"":""search""}","2026-03-12T21:26:44.9931988Z"
"event_000002373","session_00001091","user_0034","org_005","search_submitted","","{""query_source"":""base""}","2026-03-20T10:15:33.9931988Z"
"event_000002374","session_00001091","user_0034","org_005","result_clicked","ste_001012","{""position"":1}","2026-03-20T10:15:41.9931988Z"
"event_000002375","session_00001092","user_0034","org_005","search_submitted","","{""query_source"":""base""}","2025-10-01T12:35:33.9931988Z"
"event_000002376","session_00001092","user_0034","org_005","result_clicked","ste_000209","{""position"":4}","2025-10-01T12:35:41.9931988Z"
"event_000002377","session_00001093","user_0034","org_005","search_submitted","","{""query_source"":""synonym""}","2026-03-13T06:57:33.9931988Z"
"event_000002378","session_00001093","user_0034","org_005","result_clicked","ste_000562","{""position"":3}","2026-03-13T06:57:41.9931988Z"
"event_000002379","session_00001094","user_0034","org_005","search_submitted","","{""query_source"":""base""}","2026-02-20T01:16:33.9931988Z"
"event_000002380","session_00001094","user_0034","org_005","result_clicked","ste_000591","{""position"":1}","2026-02-20T01:16:41.9931988Z"
"event_000002381","session_00001094","user_0034","org_005","purchase_completed","ste_000591","{""source"":""search"",""position"":1}","2026-02-20T01:16:51.9931988Z"
"event_000002382","session_00001095","user_0034","org_005","search_submitted","","{""query_source"":""base""}","2025-10-17T02:00:33.9931988Z"
"event_000002383","session_00001095","user_0034","org_005","result_clicked","ste_000816","{""position"":2}","2025-10-17T02:00:41.9931988Z"
"event_000002384","session_00001096","user_0035","org_005","search_submitted","","{""query_source"":""base""}","2025-09-30T11:27:33.9931988Z"
"event_000002385","session_00001096","user_0035","org_005","result_clicked","ste_000558","{""position"":4}","2025-09-30T11:27:41.9931988Z"
"event_000002386","session_00001097","user_0035","org_005","search_submitted","","{""query_source"":""base""}","2025-10-03T05:38:33.9931988Z"
"event_000002387","session_00001098","user_0035","org_005","search_submitted","","{""query_source"":""base""}","2025-11-12T21:01:33.9931988Z"
"event_000002388","session_00001098","user_0035","org_005","result_clicked","ste_000137","{""position"":1}","2025-11-12T21:01:41.9931988Z"
"event_000002389","session_00001098","user_0035","org_005","favorite_added","ste_000202","{""position"":3,""source"":""search""}","2025-11-12T21:01:44.9931988Z"
"event_000002390","session_00001099","user_0035","org_005","search_submitted","","{""query_source"":""base""}","2025-10-14T15:01:33.9931988Z"
"event_000002391","session_00001099","user_0035","org_005","result_clicked","ste_000125","{""position"":2}","2025-10-14T15:01:41.9931988Z"
"event_000002392","session_00001100","user_0035","org_005","search_submitted","","{""query_source"":""base""}","2025-10-01T06:52:33.9931988Z"
"event_000002393","session_00001101","user_0035","org_005","search_submitted","","{""query_source"":""synonym""}","2025-10-10T17:17:33.9931988Z"
"event_000002394","session_00001101","user_0035","org_005","result_clicked","ste_001008","{""position"":1}","2025-10-10T17:17:41.9931988Z"
"event_000002395","session_00001101","user_0035","org_005","purchase_completed","ste_001008","{""source"":""search"",""position"":1}","2025-10-10T17:17:51.9931988Z"
"event_000002396","session_00001102","user_0035","org_005","search_submitted","","{""query_source"":""base""}","2025-12-31T13:04:33.9931988Z"
"event_000002397","session_00001102","user_0035","org_005","result_clicked","ste_000486","{""position"":1}","2025-12-31T13:04:41.9931988Z"
"event_000002398","session_00001103","user_0035","org_005","search_submitted","","{""query_source"":""typo""}","2025-11-04T05:11:33.9931988Z"
"event_000002399","session_00001104","user_0035","org_005","search_submitted","","{""query_source"":""base""}","2025-10-22T19:50:33.9931988Z"
"event_000002400","session_00001104","user_0035","org_005","result_clicked","ste_000599","{""position"":5}","2025-10-22T19:50:41.9931988Z"
"event_000002401","session_00001104","user_0035","org_005","purchase_completed","ste_000599","{""source"":""search"",""position"":5}","2025-10-22T19:50:51.9931988Z"
"event_000002402","session_00001105","user_0035","org_005","search_submitted","","{""query_source"":""base""}","2025-10-22T10:39:33.9931988Z"
"event_000002403","session_00001105","user_0035","org_005","result_clicked","ste_000176","{""position"":2}","2025-10-22T10:39:41.9931988Z"
"event_000002404","session_00001105","user_0035","org_005","favorite_added","ste_000621","{""position"":3,""source"":""search""}","2025-10-22T10:39:44.9931988Z"
"event_000002405","session_00001105","user_0035","org_005","purchase_completed","ste_000176","{""source"":""search"",""position"":2}","2025-10-22T10:39:51.9931988Z"
"event_000002406","session_00001106","user_0035","org_005","search_submitted","","{""query_source"":""base""}","2025-10-20T07:55:33.9931988Z"
"event_000002407","session_00001106","user_0035","org_005","result_clicked","ste_000562","{""position"":1}","2025-10-20T07:55:41.9931988Z"
"event_000002408","session_00001107","user_0035","org_005","search_submitted","","{""query_source"":""base""}","2026-03-10T09:49:33.9931988Z"
"event_000002409","session_00001107","user_0035","org_005","result_clicked","ste_000126","{""position"":2}","2026-03-10T09:49:41.9931988Z"
"event_000002410","session_00001108","user_0035","org_005","search_submitted","","{""query_source"":""base""}","2026-03-16T13:38:33.9931988Z"
"event_000002411","session_00001108","user_0035","org_005","result_clicked","ste_000814","{""position"":5}","2026-03-16T13:38:41.9931988Z"
"event_000002412","session_00001108","user_0035","org_005","purchase_completed","ste_000814","{""source"":""search"",""position"":5}","2026-03-16T13:38:51.9931988Z"
"event_000002413","session_00001109","user_0035","org_005","search_submitted","","{""query_source"":""base""}","2025-12-17T18:33:33.9931988Z"
"event_000002414","session_00001109","user_0035","org_005","result_clicked","ste_000819","{""position"":3}","2025-12-17T18:33:41.9931988Z"
"event_000002415","session_00001110","user_0035","org_005","search_submitted","","{""query_source"":""base""}","2026-01-04T01:52:33.9931988Z"
"event_000002416","session_00001110","user_0035","org_005","result_clicked","ste_000995","{""position"":3}","2026-01-04T01:52:41.9931988Z"
"event_000002417","session_00001111","user_0035","org_005","search_submitted","","{""query_source"":""base""}","2025-10-09T20:53:33.9931988Z"
"event_000002418","session_00001111","user_0035","org_005","result_clicked","ste_000335","{""position"":4}","2025-10-09T20:53:41.9931988Z"
"event_000002419","session_00001112","user_0035","org_005","search_submitted","","{""query_source"":""base""}","2026-02-18T01:31:33.9931988Z"
"event_000002420","session_00001113","user_0035","org_005","search_submitted","","{""query_source"":""base""}","2026-02-05T11:03:33.9931988Z"
"event_000002421","session_00001113","user_0035","org_005","result_clicked","ste_000077","{""position"":5}","2026-02-05T11:03:41.9931988Z"
"event_000002422","session_00001113","user_0035","org_005","favorite_added","ste_001018","{""position"":6,""source"":""search""}","2026-02-05T11:03:44.9931988Z"
"event_000002423","session_00001114","user_0035","org_005","search_submitted","","{""query_source"":""typo""}","2025-10-10T08:16:33.9931988Z"
"event_000002424","session_00001114","user_0035","org_005","result_clicked","ste_000189","{""position"":5}","2025-10-10T08:16:41.9931988Z"
"event_000002425","session_00001115","user_0035","org_005","search_submitted","","{""query_source"":""base""}","2026-01-19T12:35:33.9931988Z"
"event_000002426","session_00001115","user_0035","org_005","result_clicked","ste_001074","{""position"":1}","2026-01-19T12:35:41.9931988Z"
"event_000002427","session_00001115","user_0035","org_005","favorite_added","ste_001074","{""position"":1,""source"":""search""}","2026-01-19T12:35:44.9931988Z"
"event_000002428","session_00001116","user_0035","org_005","search_submitted","","{""query_source"":""base""}","2026-01-18T01:50:33.9931988Z"
"event_000002429","session_00001117","user_0035","org_005","search_submitted","","{""query_source"":""base""}","2025-10-25T14:34:33.9931988Z"
"event_000002430","session_00001117","user_0035","org_005","result_clicked","ste_001018","{""position"":4}","2025-10-25T14:34:41.9931988Z"
"event_000002431","session_00001118","user_0035","org_005","search_submitted","","{""query_source"":""base""}","2025-12-09T07:57:33.9931988Z"
"event_000002432","session_00001118","user_0035","org_005","result_clicked","ste_000872","{""position"":1}","2025-12-09T07:57:41.9931988Z"
"event_000002433","session_00001118","user_0035","org_005","purchase_completed","ste_000872","{""source"":""search"",""position"":1}","2025-12-09T07:57:51.9931988Z"
"event_000002434","session_00001119","user_0035","org_005","search_submitted","","{""query_source"":""base""}","2026-02-09T11:33:33.9931988Z"
"event_000002435","session_00001119","user_0035","org_005","result_clicked","ste_000774","{""position"":2}","2026-02-09T11:33:41.9931988Z"
"event_000002436","session_00001120","user_0035","org_005","search_submitted","","{""query_source"":""synonym""}","2026-01-03T17:19:33.9931988Z"
"event_000002437","session_00001120","user_0035","org_005","result_clicked","ste_001020","{""position"":2}","2026-01-03T17:19:41.9931988Z"
"event_000002438","session_00001120","user_0035","org_005","favorite_added","ste_000543","{""position"":4,""source"":""search""}","2026-01-03T17:19:44.9931988Z"
"event_000002439","session_00001121","user_0035","org_005","search_submitted","","{""query_source"":""synonym""}","2025-12-02T11:31:33.9931988Z"
"event_000002440","session_00001121","user_0035","org_005","result_clicked","ste_000998","{""position"":4}","2025-12-02T11:31:41.9931988Z"
"event_000002441","session_00001121","user_0035","org_005","favorite_added","ste_000955","{""position"":3,""source"":""search""}","2025-12-02T11:31:44.9931988Z"
"event_000002442","session_00001122","user_0035","org_005","search_submitted","","{""query_source"":""base""}","2026-02-02T20:42:33.9931988Z"
"event_000002443","session_00001122","user_0035","org_005","result_clicked","ste_000169","{""position"":1}","2026-02-02T20:42:41.9931988Z"
"event_000002444","session_00001122","user_0035","org_005","favorite_added","ste_000781","{""position"":3,""source"":""search""}","2026-02-02T20:42:44.9931988Z"
"event_000002445","session_00001123","user_0035","org_005","search_submitted","","{""query_source"":""base""}","2026-03-27T08:01:33.9931988Z"
"event_000002446","session_00001123","user_0035","org_005","result_clicked","ste_000748","{""position"":5}","2026-03-27T08:01:41.9931988Z"
"event_000002447","session_00001123","user_0035","org_005","favorite_added","ste_001196","{""position"":2,""source"":""search""}","2026-03-27T08:01:44.9931988Z"
"event_000002448","session_00001123","user_0035","org_005","purchase_completed","ste_000748","{""source"":""search"",""position"":5}","2026-03-27T08:01:51.9931988Z"
"event_000002449","session_00001124","user_0035","org_005","search_submitted","","{""query_source"":""base""}","2026-02-05T14:56:33.9931988Z"
"event_000002450","session_00001124","user_0035","org_005","result_clicked","ste_000771","{""position"":4}","2026-02-05T14:56:41.9931988Z"
"event_000002451","session_00001124","user_0035","org_005","favorite_added","ste_000393","{""position"":7,""source"":""search""}","2026-02-05T14:56:44.9931988Z"
"event_000002452","session_00001125","user_0035","org_005","search_submitted","","{""query_source"":""base""}","2026-01-23T08:23:33.9931988Z"
"event_000002453","session_00001125","user_0035","org_005","result_clicked","ste_000156","{""position"":4}","2026-01-23T08:23:41.9931988Z"
"event_000002454","session_00001126","user_0036","org_005","search_submitted","","{""query_source"":""typo""}","2026-03-08T20:58:33.9931988Z"
"event_000002455","session_00001127","user_0036","org_005","search_submitted","","{""query_source"":""synonym""}","2026-03-04T21:11:33.9931988Z"
"event_000002456","session_00001127","user_0036","org_005","result_clicked","ste_000323","{""position"":4}","2026-03-04T21:11:41.9931988Z"
"event_000002457","session_00001127","user_0036","org_005","purchase_completed","ste_000323","{""source"":""search"",""position"":4}","2026-03-04T21:11:51.9931988Z"
"event_000002458","session_00001128","user_0036","org_005","search_submitted","","{""query_source"":""base""}","2026-02-12T02:09:33.9931988Z"
"event_000002459","session_00001128","user_0036","org_005","result_clicked","ste_001122","{""position"":2}","2026-02-12T02:09:41.9931988Z"
"event_000002460","session_00001129","user_0036","org_005","search_submitted","","{""query_source"":""typo""}","2026-01-04T00:30:33.9931988Z"
"event_000002461","session_00001129","user_0036","org_005","result_clicked","ste_000925","{""position"":2}","2026-01-04T00:30:41.9931988Z"
"event_000002462","session_00001130","user_0036","org_005","search_submitted","","{""query_source"":""synonym""}","2025-11-02T20:41:33.9931988Z"
"event_000002463","session_00001131","user_0036","org_005","search_submitted","","{""query_source"":""typo""}","2025-10-11T03:15:33.9931988Z"
"event_000002464","session_00001131","user_0036","org_005","result_clicked","ste_000886","{""position"":1}","2025-10-11T03:15:41.9931988Z"
"event_000002465","session_00001132","user_0036","org_005","search_submitted","","{""query_source"":""base""}","2025-10-06T18:27:33.9931988Z"
"event_000002466","session_00001132","user_0036","org_005","result_clicked","ste_000419","{""position"":5}","2025-10-06T18:27:41.9931988Z"
"event_000002467","session_00001133","user_0036","org_005","search_submitted","","{""query_source"":""base""}","2026-03-17T04:41:33.9931988Z"
"event_000002468","session_00001133","user_0036","org_005","result_clicked","ste_000731","{""position"":4}","2026-03-17T04:41:41.9931988Z"
"event_000002469","session_00001134","user_0036","org_005","search_submitted","","{""query_source"":""base""}","2026-01-15T18:28:33.9931988Z"
"event_000002470","session_00001135","user_0036","org_005","search_submitted","","{""query_source"":""typo""}","2026-01-13T10:01:33.9931988Z"
"event_000002471","session_00001135","user_0036","org_005","result_clicked","ste_000414","{""position"":4}","2026-01-13T10:01:41.9931988Z"
"event_000002472","session_00001135","user_0036","org_005","favorite_added","ste_000467","{""position"":7,""source"":""search""}","2026-01-13T10:01:44.9931988Z"
"event_000002473","session_00001135","user_0036","org_005","purchase_completed","ste_000414","{""source"":""search"",""position"":4}","2026-01-13T10:01:51.9931988Z"
"event_000002474","session_00001136","user_0036","org_005","search_submitted","","{""query_source"":""base""}","2026-01-21T15:43:33.9931988Z"
"event_000002475","session_00001137","user_0036","org_005","search_submitted","","{""query_source"":""typo""}","2025-11-07T09:31:33.9931988Z"
"event_000002476","session_00001137","user_0036","org_005","result_clicked","ste_000206","{""position"":2}","2025-11-07T09:31:41.9931988Z"
"event_000002477","session_00001137","user_0036","org_005","purchase_completed","ste_000206","{""source"":""search"",""position"":2}","2025-11-07T09:31:51.9931988Z"
"event_000002478","session_00001138","user_0036","org_005","search_submitted","","{""query_source"":""base""}","2025-12-29T10:31:33.9931988Z"
"event_000002479","session_00001138","user_0036","org_005","result_clicked","ste_000468","{""position"":4}","2025-12-29T10:31:41.9931988Z"
"event_000002480","session_00001138","user_0036","org_005","favorite_added","ste_000989","{""position"":3,""source"":""search""}","2025-12-29T10:31:44.9931988Z"
"event_000002481","session_00001139","user_0036","org_005","search_submitted","","{""query_source"":""base""}","2025-10-21T08:59:33.9931988Z"
"event_000002482","session_00001140","user_0036","org_005","search_submitted","","{""query_source"":""base""}","2025-11-20T19:17:33.9931988Z"
"event_000002483","session_00001140","user_0036","org_005","result_clicked","ste_000636","{""position"":1}","2025-11-20T19:17:41.9931988Z"
"event_000002484","session_00001141","user_0036","org_005","search_submitted","","{""query_source"":""base""}","2026-01-22T20:36:33.9931988Z"
"event_000002485","session_00001142","user_0036","org_005","search_submitted","","{""query_source"":""base""}","2025-11-03T12:18:33.9931988Z"
"event_000002486","session_00001142","user_0036","org_005","result_clicked","ste_000894","{""position"":5}","2025-11-03T12:18:41.9931988Z"
"event_000002487","session_00001142","user_0036","org_005","purchase_completed","ste_000894","{""source"":""search"",""position"":5}","2025-11-03T12:18:51.9931988Z"
"event_000002488","session_00001143","user_0036","org_005","search_submitted","","{""query_source"":""base""}","2025-09-30T04:05:33.9931988Z"
"event_000002489","session_00001144","user_0036","org_005","search_submitted","","{""query_source"":""synonym""}","2026-01-31T19:03:33.9931988Z"
"event_000002490","session_00001145","user_0036","org_005","search_submitted","","{""query_source"":""typo""}","2025-11-29T05:24:33.9931988Z"
"event_000002491","session_00001145","user_0036","org_005","result_clicked","ste_001118","{""position"":4}","2025-11-29T05:24:41.9931988Z"
"event_000002492","session_00001145","user_0036","org_005","purchase_completed","ste_001118","{""source"":""search"",""position"":4}","2025-11-29T05:24:51.9931988Z"
"event_000002493","session_00001146","user_0036","org_005","search_submitted","","{""query_source"":""typo""}","2026-03-04T15:31:33.9931988Z"
"event_000002494","session_00001147","user_0036","org_005","search_submitted","","{""query_source"":""base""}","2025-11-20T14:27:33.9931988Z"
"event_000002495","session_00001148","user_0036","org_005","search_submitted","","{""query_source"":""base""}","2025-10-23T13:53:33.9931988Z"
"event_000002496","session_00001148","user_0036","org_005","result_clicked","ste_000858","{""position"":1}","2025-10-23T13:53:41.9931988Z"
"event_000002497","session_00001148","user_0036","org_005","favorite_added","ste_000511","{""position"":2,""source"":""search""}","2025-10-23T13:53:44.9931988Z"
"event_000002498","session_00001149","user_0036","org_005","search_submitted","","{""query_source"":""base""}","2026-03-24T04:02:33.9931988Z"
"event_000002499","session_00001150","user_0036","org_005","search_submitted","","{""query_source"":""base""}","2025-10-31T05:58:33.9931988Z"
"event_000002500","session_00001151","user_0036","org_005","search_submitted","","{""query_source"":""base""}","2026-02-04T00:03:33.9931988Z"
"event_000002501","session_00001151","user_0036","org_005","result_clicked","ste_000771","{""position"":5}","2026-02-04T00:03:41.9931988Z"
"event_000002502","session_00001151","user_0036","org_005","favorite_added","ste_000255","{""position"":3,""source"":""search""}","2026-02-04T00:03:44.9931988Z"
"event_000002503","session_00001152","user_0036","org_005","search_submitted","","{""query_source"":""base""}","2025-11-13T11:35:33.9931988Z"
"event_000002504","session_00001152","user_0036","org_005","result_clicked","ste_000040","{""position"":5}","2025-11-13T11:35:41.9931988Z"
"event_000002505","session_00001153","user_0036","org_005","search_submitted","","{""query_source"":""base""}","2025-12-06T19:23:33.9931988Z"
"event_000002506","session_00001153","user_0036","org_005","result_clicked","ste_000905","{""position"":3}","2025-12-06T19:23:41.9931988Z"
"event_000002507","session_00001154","user_0036","org_005","search_submitted","","{""query_source"":""base""}","2025-12-12T08:48:33.9931988Z"
"event_000002508","session_00001154","user_0036","org_005","result_clicked","ste_001069","{""position"":4}","2025-12-12T08:48:41.9931988Z"
"event_000002509","session_00001155","user_0036","org_005","search_submitted","","{""query_source"":""typo""}","2025-11-05T16:50:33.9931988Z"
"event_000002510","session_00001156","user_0036","org_005","search_submitted","","{""query_source"":""typo""}","2026-01-27T08:58:33.9931988Z"
"event_000002511","session_00001156","user_0036","org_005","result_clicked","ste_000300","{""position"":1}","2026-01-27T08:58:41.9931988Z"
"event_000002512","session_00001156","user_0036","org_005","purchase_completed","ste_000300","{""source"":""search"",""position"":1}","2026-01-27T08:58:51.9931988Z"
"event_000002513","session_00001157","user_0036","org_005","search_submitted","","{""query_source"":""typo""}","2026-02-10T03:40:33.9931988Z"
"event_000002514","session_00001157","user_0036","org_005","result_clicked","ste_000307","{""position"":1}","2026-02-10T03:40:41.9931988Z"
"event_000002515","session_00001158","user_0036","org_005","search_submitted","","{""query_source"":""base""}","2025-11-26T14:29:33.9931988Z"
"event_000002516","session_00001158","user_0036","org_005","result_clicked","ste_000838","{""position"":5}","2025-11-26T14:29:41.9931988Z"
"event_000002517","session_00001159","user_0037","org_005","search_submitted","","{""query_source"":""base""}","2026-02-05T16:35:33.9931988Z"
"event_000002518","session_00001159","user_0037","org_005","result_clicked","ste_001167","{""position"":1}","2026-02-05T16:35:41.9931988Z"
"event_000002519","session_00001159","user_0037","org_005","favorite_added","ste_001012","{""position"":3,""source"":""search""}","2026-02-05T16:35:44.9931988Z"
"event_000002520","session_00001160","user_0037","org_005","search_submitted","","{""query_source"":""base""}","2026-01-01T11:25:33.9931988Z"
"event_000002521","session_00001161","user_0037","org_005","search_submitted","","{""query_source"":""base""}","2026-01-03T23:45:33.9931988Z"
"event_000002522","session_00001161","user_0037","org_005","result_clicked","ste_000904","{""position"":5}","2026-01-03T23:45:41.9931988Z"
"event_000002523","session_00001161","user_0037","org_005","favorite_added","ste_000099","{""position"":4,""source"":""search""}","2026-01-03T23:45:44.9931988Z"
"event_000002524","session_00001162","user_0037","org_005","search_submitted","","{""query_source"":""synonym""}","2025-10-15T02:38:33.9931988Z"
"event_000002525","session_00001162","user_0037","org_005","result_clicked","ste_000536","{""position"":2}","2025-10-15T02:38:41.9931988Z"
"event_000002526","session_00001163","user_0037","org_005","search_submitted","","{""query_source"":""base""}","2025-12-11T06:31:33.9931988Z"
"event_000002527","session_00001163","user_0037","org_005","result_clicked","ste_000035","{""position"":4}","2025-12-11T06:31:41.9931988Z"
"event_000002528","session_00001163","user_0037","org_005","favorite_added","ste_000745","{""position"":3,""source"":""search""}","2025-12-11T06:31:44.9931988Z"
"event_000002529","session_00001163","user_0037","org_005","purchase_completed","ste_000035","{""source"":""search"",""position"":4}","2025-12-11T06:31:51.9931988Z"
"event_000002530","session_00001164","user_0037","org_005","search_submitted","","{""query_source"":""base""}","2026-01-01T23:19:33.9931988Z"
"event_000002531","session_00001165","user_0037","org_005","search_submitted","","{""query_source"":""base""}","2025-12-09T23:43:33.9931988Z"
"event_000002532","session_00001165","user_0037","org_005","result_clicked","ste_000546","{""position"":5}","2025-12-09T23:43:41.9931988Z"
"event_000002533","session_00001166","user_0037","org_005","search_submitted","","{""query_source"":""synonym""}","2025-12-03T09:20:33.9931988Z"
"event_000002534","session_00001167","user_0037","org_005","search_submitted","","{""query_source"":""base""}","2025-10-21T14:58:33.9931988Z"
"event_000002535","session_00001168","user_0037","org_005","search_submitted","","{""query_source"":""base""}","2026-01-31T01:50:33.9931988Z"
"event_000002536","session_00001169","user_0037","org_005","search_submitted","","{""query_source"":""base""}","2025-12-12T07:42:33.9931988Z"
"event_000002537","session_00001169","user_0037","org_005","result_clicked","ste_000485","{""position"":2}","2025-12-12T07:42:41.9931988Z"
"event_000002538","session_00001169","user_0037","org_005","favorite_added","ste_000710","{""position"":6,""source"":""search""}","2025-12-12T07:42:44.9931988Z"
"event_000002539","session_00001170","user_0037","org_005","search_submitted","","{""query_source"":""base""}","2025-12-26T20:09:33.9931988Z"
"event_000002540","session_00001170","user_0037","org_005","result_clicked","ste_000596","{""position"":2}","2025-12-26T20:09:41.9931988Z"
"event_000002541","session_00001170","user_0037","org_005","favorite_added","ste_000758","{""position"":4,""source"":""search""}","2025-12-26T20:09:44.9931988Z"
"event_000002542","session_00001170","user_0037","org_005","purchase_completed","ste_000596","{""source"":""search"",""position"":2}","2025-12-26T20:09:51.9931988Z"
"event_000002543","session_00001171","user_0037","org_005","search_submitted","","{""query_source"":""synonym""}","2026-01-12T01:15:33.9931988Z"
"event_000002544","session_00001171","user_0037","org_005","result_clicked","ste_001060","{""position"":3}","2026-01-12T01:15:41.9931988Z"
"event_000002545","session_00001171","user_0037","org_005","favorite_added","ste_000885","{""position"":6,""source"":""search""}","2026-01-12T01:15:44.9931988Z"
"event_000002546","session_00001172","user_0037","org_005","search_submitted","","{""query_source"":""base""}","2025-12-26T19:49:33.9931988Z"
"event_000002547","session_00001172","user_0037","org_005","result_clicked","ste_001101","{""position"":5}","2025-12-26T19:49:41.9931988Z"
"event_000002548","session_00001172","user_0037","org_005","purchase_completed","ste_001101","{""source"":""search"",""position"":5}","2025-12-26T19:49:51.9931988Z"
"event_000002549","session_00001173","user_0037","org_005","search_submitted","","{""query_source"":""base""}","2025-10-12T15:04:33.9931988Z"
"event_000002550","session_00001173","user_0037","org_005","result_clicked","ste_000618","{""position"":4}","2025-10-12T15:04:41.9931988Z"
"event_000002551","session_00001173","user_0037","org_005","favorite_added","ste_000498","{""position"":6,""source"":""search""}","2025-10-12T15:04:44.9931988Z"
"event_000002552","session_00001174","user_0037","org_005","search_submitted","","{""query_source"":""base""}","2026-01-16T13:07:33.9931988Z"
"event_000002553","session_00001174","user_0037","org_005","result_clicked","ste_000660","{""position"":5}","2026-01-16T13:07:41.9931988Z"
"event_000002554","session_00001175","user_0037","org_005","search_submitted","","{""query_source"":""base""}","2025-10-22T12:14:33.9931988Z"
"event_000002555","session_00001176","user_0037","org_005","search_submitted","","{""query_source"":""typo""}","2026-02-17T20:56:33.9931988Z"
"event_000002556","session_00001176","user_0037","org_005","result_clicked","ste_000889","{""position"":2}","2026-02-17T20:56:41.9931988Z"
"event_000002557","session_00001176","user_0037","org_005","favorite_added","ste_001119","{""position"":1,""source"":""search""}","2026-02-17T20:56:44.9931988Z"
"event_000002558","session_00001176","user_0037","org_005","purchase_completed","ste_000889","{""source"":""search"",""position"":2}","2026-02-17T20:56:51.9931988Z"
"event_000002559","session_00001177","user_0037","org_005","search_submitted","","{""query_source"":""base""}","2025-12-01T01:39:33.9931988Z"
"event_000002560","session_00001177","user_0037","org_005","result_clicked","ste_000352","{""position"":4}","2025-12-01T01:39:41.9931988Z"
"event_000002561","session_00001178","user_0037","org_005","search_submitted","","{""query_source"":""base""}","2025-11-15T02:26:33.9931988Z"
"event_000002562","session_00001178","user_0037","org_005","result_clicked","ste_000947","{""position"":2}","2025-11-15T02:26:41.9931988Z"
"event_000002563","session_00001178","user_0037","org_005","purchase_completed","ste_000947","{""source"":""search"",""position"":2}","2025-11-15T02:26:51.9931988Z"
"event_000002564","session_00001179","user_0037","org_005","search_submitted","","{""query_source"":""typo""}","2025-11-18T16:57:33.9931988Z"
"event_000002565","session_00001179","user_0037","org_005","result_clicked","ste_000795","{""position"":4}","2025-11-18T16:57:41.9931988Z"
"event_000002566","session_00001179","user_0037","org_005","purchase_completed","ste_000795","{""source"":""search"",""position"":4}","2025-11-18T16:57:51.9931988Z"
"event_000002567","session_00001180","user_0037","org_005","search_submitted","","{""query_source"":""typo""}","2025-10-18T22:53:33.9931988Z"
"event_000002568","session_00001180","user_0037","org_005","result_clicked","ste_000191","{""position"":3}","2025-10-18T22:53:41.9931988Z"
"event_000002569","session_00001181","user_0037","org_005","search_submitted","","{""query_source"":""base""}","2026-03-02T18:58:33.9931988Z"
"event_000002570","session_00001182","user_0037","org_005","search_submitted","","{""query_source"":""synonym""}","2026-01-12T11:50:33.9931988Z"
"event_000002571","session_00001182","user_0037","org_005","result_clicked","ste_000362","{""position"":5}","2026-01-12T11:50:41.9931988Z"
"event_000002572","session_00001183","user_0037","org_005","search_submitted","","{""query_source"":""typo""}","2025-11-22T11:44:33.9931988Z"
"event_000002573","session_00001184","user_0037","org_005","search_submitted","","{""query_source"":""base""}","2026-02-26T07:43:33.9931988Z"
"event_000002574","session_00001185","user_0037","org_005","search_submitted","","{""query_source"":""base""}","2026-02-19T16:57:33.9931988Z"
"event_000002575","session_00001185","user_0037","org_005","result_clicked","ste_000005","{""position"":4}","2026-02-19T16:57:41.9931988Z"
"event_000002576","session_00001186","user_0037","org_005","search_submitted","","{""query_source"":""base""}","2026-03-07T10:17:33.9931988Z"
"event_000002577","session_00001186","user_0037","org_005","result_clicked","ste_000979","{""position"":4}","2026-03-07T10:17:41.9931988Z"
"event_000002578","session_00001186","user_0037","org_005","favorite_added","ste_000355","{""position"":1,""source"":""search""}","2026-03-07T10:17:44.9931988Z"
"event_000002579","session_00001187","user_0037","org_005","search_submitted","","{""query_source"":""synonym""}","2025-12-20T20:39:33.9931988Z"
"event_000002580","session_00001187","user_0037","org_005","result_clicked","ste_001074","{""position"":5}","2025-12-20T20:39:41.9931988Z"
"event_000002581","session_00001187","user_0037","org_005","favorite_added","ste_000686","{""position"":2,""source"":""search""}","2025-12-20T20:39:44.9931988Z"
"event_000002582","session_00001188","user_0037","org_005","search_submitted","","{""query_source"":""base""}","2025-11-07T00:36:33.9931988Z"
"event_000002583","session_00001188","user_0037","org_005","result_clicked","ste_000029","{""position"":1}","2025-11-07T00:36:41.9931988Z"
"event_000002584","session_00001188","user_0037","org_005","purchase_completed","ste_000029","{""source"":""search"",""position"":1}","2025-11-07T00:36:51.9931988Z"
"event_000002585","session_00001189","user_0037","org_005","search_submitted","","{""query_source"":""base""}","2026-02-24T09:01:33.9931988Z"
"event_000002586","session_00001189","user_0037","org_005","result_clicked","ste_000458","{""position"":5}","2026-02-24T09:01:41.9931988Z"
"event_000002587","session_00001190","user_0038","org_005","search_submitted","","{""query_source"":""base""}","2025-12-05T16:28:33.9931988Z"
"event_000002588","session_00001191","user_0038","org_005","search_submitted","","{""query_source"":""typo""}","2025-12-17T23:38:33.9931988Z"
"event_000002589","session_00001191","user_0038","org_005","result_clicked","ste_000592","{""position"":4}","2025-12-17T23:38:41.9931988Z"
"event_000002590","session_00001191","user_0038","org_005","favorite_added","ste_000511","{""position"":6,""source"":""search""}","2025-12-17T23:38:44.9931988Z"
"event_000002591","session_00001192","user_0038","org_005","search_submitted","","{""query_source"":""typo""}","2026-02-07T11:28:33.9931988Z"
"event_000002592","session_00001192","user_0038","org_005","result_clicked","ste_000737","{""position"":5}","2026-02-07T11:28:41.9931988Z"
"event_000002593","session_00001192","user_0038","org_005","favorite_added","ste_000004","{""position"":7,""source"":""search""}","2026-02-07T11:28:44.9931988Z"
"event_000002594","session_00001193","user_0038","org_005","search_submitted","","{""query_source"":""base""}","2026-02-10T08:37:33.9931988Z"
"event_000002595","session_00001194","user_0038","org_005","search_submitted","","{""query_source"":""base""}","2026-03-18T08:49:33.9931988Z"
"event_000002596","session_00001194","user_0038","org_005","result_clicked","ste_000197","{""position"":2}","2026-03-18T08:49:41.9931988Z"
"event_000002597","session_00001194","user_0038","org_005","favorite_added","ste_000849","{""position"":3,""source"":""search""}","2026-03-18T08:49:44.9931988Z"
"event_000002598","session_00001195","user_0038","org_005","search_submitted","","{""query_source"":""base""}","2025-11-03T05:12:33.9931988Z"
"event_000002599","session_00001195","user_0038","org_005","result_clicked","ste_000210","{""position"":1}","2025-11-03T05:12:41.9931988Z"
"event_000002600","session_00001196","user_0038","org_005","search_submitted","","{""query_source"":""base""}","2025-12-27T00:11:33.9931988Z"
"event_000002601","session_00001196","user_0038","org_005","result_clicked","ste_000365","{""position"":5}","2025-12-27T00:11:41.9931988Z"
"event_000002602","session_00001197","user_0038","org_005","search_submitted","","{""query_source"":""base""}","2026-03-23T17:04:33.9931988Z"
"event_000002603","session_00001198","user_0038","org_005","search_submitted","","{""query_source"":""base""}","2026-02-08T04:39:33.9931988Z"
"event_000002604","session_00001199","user_0038","org_005","search_submitted","","{""query_source"":""synonym""}","2026-02-01T22:09:33.9931988Z"
"event_000002605","session_00001199","user_0038","org_005","result_clicked","ste_001154","{""position"":2}","2026-02-01T22:09:41.9931988Z"
"event_000002606","session_00001199","user_0038","org_005","favorite_added","ste_000181","{""position"":6,""source"":""search""}","2026-02-01T22:09:44.9931988Z"
"event_000002607","session_00001200","user_0038","org_005","search_submitted","","{""query_source"":""base""}","2025-12-19T23:55:33.9931988Z"
"event_000002608","session_00001200","user_0038","org_005","result_clicked","ste_000245","{""position"":3}","2025-12-19T23:55:41.9931988Z"
"event_000002609","session_00001200","user_0038","org_005","favorite_added","ste_000060","{""position"":4,""source"":""search""}","2025-12-19T23:55:44.9931988Z"
"event_000002610","session_00001201","user_0038","org_005","search_submitted","","{""query_source"":""base""}","2026-02-12T02:43:33.9931988Z"
"event_000002611","session_00001201","user_0038","org_005","result_clicked","ste_000125","{""position"":5}","2026-02-12T02:43:41.9931988Z"
"event_000002612","session_00001202","user_0038","org_005","search_submitted","","{""query_source"":""base""}","2025-10-12T18:15:33.9931988Z"
"event_000002613","session_00001203","user_0038","org_005","search_submitted","","{""query_source"":""base""}","2026-01-28T17:31:33.9931988Z"
"event_000002614","session_00001203","user_0038","org_005","result_clicked","ste_001133","{""position"":4}","2026-01-28T17:31:41.9931988Z"
"event_000002615","session_00001203","user_0038","org_005","favorite_added","ste_000406","{""position"":2,""source"":""search""}","2026-01-28T17:31:44.9931988Z"
"event_000002616","session_00001204","user_0038","org_005","search_submitted","","{""query_source"":""base""}","2026-03-25T14:56:33.9931988Z"
"event_000002617","session_00001204","user_0038","org_005","result_clicked","ste_000536","{""position"":1}","2026-03-25T14:56:41.9931988Z"
"event_000002618","session_00001204","user_0038","org_005","favorite_added","ste_000259","{""position"":2,""source"":""search""}","2026-03-25T14:56:44.9931988Z"
"event_000002619","session_00001204","user_0038","org_005","purchase_completed","ste_000536","{""source"":""search"",""position"":1}","2026-03-25T14:56:51.9931988Z"
"event_000002620","session_00001205","user_0038","org_005","search_submitted","","{""query_source"":""base""}","2026-01-25T04:42:33.9931988Z"
"event_000002621","session_00001205","user_0038","org_005","result_clicked","ste_000416","{""position"":4}","2026-01-25T04:42:41.9931988Z"
"event_000002622","session_00001205","user_0038","org_005","purchase_completed","ste_000416","{""source"":""search"",""position"":4}","2026-01-25T04:42:51.9931988Z"
"event_000002623","session_00001206","user_0038","org_005","search_submitted","","{""query_source"":""base""}","2026-01-09T05:35:33.9931988Z"
"event_000002624","session_00001207","user_0038","org_005","search_submitted","","{""query_source"":""base""}","2026-03-17T18:09:33.9931988Z"
"event_000002625","session_00001208","user_0038","org_005","search_submitted","","{""query_source"":""base""}","2026-02-01T05:19:33.9931988Z"
"event_000002626","session_00001208","user_0038","org_005","result_clicked","ste_000153","{""position"":4}","2026-02-01T05:19:41.9931988Z"
"event_000002627","session_00001208","user_0038","org_005","favorite_added","ste_000697","{""position"":3,""source"":""search""}","2026-02-01T05:19:44.9931988Z"
"event_000002628","session_00001209","user_0038","org_005","search_submitted","","{""query_source"":""base""}","2026-01-04T03:41:33.9931988Z"
"event_000002629","session_00001209","user_0038","org_005","result_clicked","ste_000787","{""position"":1}","2026-01-04T03:41:41.9931988Z"
"event_000002630","session_00001210","user_0038","org_005","search_submitted","","{""query_source"":""base""}","2026-03-09T17:16:33.9931988Z"
"event_000002631","session_00001210","user_0038","org_005","result_clicked","ste_000202","{""position"":4}","2026-03-09T17:16:41.9931988Z"
"event_000002632","session_00001211","user_0038","org_005","search_submitted","","{""query_source"":""base""}","2026-02-27T21:21:33.9931988Z"
"event_000002633","session_00001212","user_0038","org_005","search_submitted","","{""query_source"":""base""}","2025-10-02T16:04:33.9931988Z"
"event_000002634","session_00001213","user_0038","org_005","search_submitted","","{""query_source"":""base""}","2026-01-18T11:25:33.9931988Z"
"event_000002635","session_00001213","user_0038","org_005","result_clicked","ste_000166","{""position"":1}","2026-01-18T11:25:41.9931988Z"
"event_000002636","session_00001213","user_0038","org_005","purchase_completed","ste_000166","{""source"":""search"",""position"":1}","2026-01-18T11:25:51.9931988Z"
"event_000002637","session_00001214","user_0038","org_005","search_submitted","","{""query_source"":""base""}","2026-03-22T04:49:33.9931988Z"
"event_000002638","session_00001214","user_0038","org_005","result_clicked","ste_001051","{""position"":2}","2026-03-22T04:49:41.9931988Z"
"event_000002639","session_00001215","user_0038","org_005","search_submitted","","{""query_source"":""base""}","2025-12-03T08:11:33.9931988Z"
"event_000002640","session_00001216","user_0038","org_005","search_submitted","","{""query_source"":""base""}","2026-01-14T15:56:33.9931988Z"
"event_000002641","session_00001216","user_0038","org_005","result_clicked","ste_000778","{""position"":3}","2026-01-14T15:56:41.9931988Z"
"event_000002642","session_00001217","user_0039","org_005","search_submitted","","{""query_source"":""synonym""}","2026-03-11T19:27:33.9931988Z"
"event_000002643","session_00001217","user_0039","org_005","result_clicked","ste_000275","{""position"":4}","2026-03-11T19:27:41.9931988Z"
"event_000002644","session_00001217","user_0039","org_005","favorite_added","ste_000131","{""position"":6,""source"":""search""}","2026-03-11T19:27:44.9931988Z"
"event_000002645","session_00001217","user_0039","org_005","purchase_completed","ste_000275","{""source"":""search"",""position"":4}","2026-03-11T19:27:51.9931988Z"
"event_000002646","session_00001218","user_0039","org_005","search_submitted","","{""query_source"":""synonym""}","2025-11-07T01:01:33.9931988Z"
"event_000002647","session_00001218","user_0039","org_005","result_clicked","ste_000262","{""position"":3}","2025-11-07T01:01:41.9931988Z"
"event_000002648","session_00001218","user_0039","org_005","favorite_added","ste_000586","{""position"":4,""source"":""search""}","2025-11-07T01:01:44.9931988Z"
"event_000002649","session_00001219","user_0039","org_005","search_submitted","","{""query_source"":""base""}","2025-10-21T10:41:33.9931988Z"
"event_000002650","session_00001219","user_0039","org_005","result_clicked","ste_001065","{""position"":5}","2025-10-21T10:41:41.9931988Z"
"event_000002651","session_00001220","user_0039","org_005","search_submitted","","{""query_source"":""synonym""}","2025-12-06T00:30:33.9931988Z"
"event_000002652","session_00001220","user_0039","org_005","result_clicked","ste_001117","{""position"":4}","2025-12-06T00:30:41.9931988Z"
"event_000002653","session_00001220","user_0039","org_005","purchase_completed","ste_001117","{""source"":""search"",""position"":4}","2025-12-06T00:30:51.9931988Z"
"event_000002654","session_00001221","user_0039","org_005","search_submitted","","{""query_source"":""base""}","2025-10-02T06:35:33.9931988Z"
"event_000002655","session_00001221","user_0039","org_005","result_clicked","ste_001170","{""position"":2}","2025-10-02T06:35:41.9931988Z"
"event_000002656","session_00001222","user_0039","org_005","search_submitted","","{""query_source"":""base""}","2025-10-04T10:33:33.9931988Z"
"event_000002657","session_00001223","user_0039","org_005","search_submitted","","{""query_source"":""synonym""}","2026-02-10T02:58:33.9931988Z"
"event_000002658","session_00001223","user_0039","org_005","result_clicked","ste_000323","{""position"":4}","2026-02-10T02:58:41.9931988Z"
"event_000002659","session_00001223","user_0039","org_005","favorite_added","ste_000323","{""position"":4,""source"":""search""}","2026-02-10T02:58:44.9931988Z"
"event_000002660","session_00001224","user_0039","org_005","search_submitted","","{""query_source"":""base""}","2025-12-11T09:23:33.9931988Z"
"event_000002661","session_00001224","user_0039","org_005","result_clicked","ste_000376","{""position"":1}","2025-12-11T09:23:41.9931988Z"
"event_000002662","session_00001225","user_0039","org_005","search_submitted","","{""query_source"":""synonym""}","2026-02-08T10:00:33.9931988Z"
"event_000002663","session_00001225","user_0039","org_005","result_clicked","ste_001067","{""position"":3}","2026-02-08T10:00:41.9931988Z"
"event_000002664","session_00001226","user_0039","org_005","search_submitted","","{""query_source"":""base""}","2025-10-21T23:21:33.9931988Z"
"event_000002665","session_00001226","user_0039","org_005","result_clicked","ste_000005","{""position"":1}","2025-10-21T23:21:41.9931988Z"
"event_000002666","session_00001227","user_0039","org_005","search_submitted","","{""query_source"":""base""}","2026-01-20T07:25:33.9931988Z"
"event_000002667","session_00001227","user_0039","org_005","result_clicked","ste_000303","{""position"":5}","2026-01-20T07:25:41.9931988Z"
"event_000002668","session_00001227","user_0039","org_005","favorite_added","ste_000958","{""position"":7,""source"":""search""}","2026-01-20T07:25:44.9931988Z"
"event_000002669","session_00001228","user_0039","org_005","search_submitted","","{""query_source"":""base""}","2026-02-14T06:36:33.9931988Z"
"event_000002670","session_00001228","user_0039","org_005","result_clicked","ste_000768","{""position"":3}","2026-02-14T06:36:41.9931988Z"
"event_000002671","session_00001228","user_0039","org_005","favorite_added","ste_000864","{""position"":5,""source"":""search""}","2026-02-14T06:36:44.9931988Z"
"event_000002672","session_00001228","user_0039","org_005","purchase_completed","ste_000768","{""source"":""search"",""position"":3}","2026-02-14T06:36:51.9931988Z"
"event_000002673","session_00001229","user_0039","org_005","search_submitted","","{""query_source"":""synonym""}","2026-01-01T03:44:33.9931988Z"
"event_000002674","session_00001229","user_0039","org_005","result_clicked","ste_000846","{""position"":3}","2026-01-01T03:44:41.9931988Z"
"event_000002675","session_00001229","user_0039","org_005","purchase_completed","ste_000846","{""source"":""search"",""position"":3}","2026-01-01T03:44:51.9931988Z"
"event_000002676","session_00001230","user_0039","org_005","search_submitted","","{""query_source"":""base""}","2025-10-16T10:00:33.9931988Z"
"event_000002677","session_00001230","user_0039","org_005","result_clicked","ste_000876","{""position"":5}","2025-10-16T10:00:41.9931988Z"
"event_000002678","session_00001230","user_0039","org_005","favorite_added","ste_000303","{""position"":1,""source"":""search""}","2025-10-16T10:00:44.9931988Z"
"event_000002679","session_00001231","user_0039","org_005","search_submitted","","{""query_source"":""base""}","2025-12-31T14:25:33.9931988Z"
"event_000002680","session_00001231","user_0039","org_005","result_clicked","ste_000153","{""position"":3}","2025-12-31T14:25:41.9931988Z"
"event_000002681","session_00001232","user_0039","org_005","search_submitted","","{""query_source"":""synonym""}","2026-02-08T14:34:33.9931988Z"
"event_000002682","session_00001233","user_0039","org_005","search_submitted","","{""query_source"":""synonym""}","2025-11-20T06:53:33.9931988Z"
"event_000002683","session_00001233","user_0039","org_005","result_clicked","ste_000548","{""position"":5}","2025-11-20T06:53:41.9931988Z"
"event_000002684","session_00001233","user_0039","org_005","purchase_completed","ste_000548","{""source"":""search"",""position"":5}","2025-11-20T06:53:51.9931988Z"
"event_000002685","session_00001234","user_0039","org_005","search_submitted","","{""query_source"":""base""}","2025-10-11T10:51:33.9931988Z"
"event_000002686","session_00001235","user_0039","org_005","search_submitted","","{""query_source"":""typo""}","2026-03-12T17:10:33.9931988Z"
"event_000002687","session_00001235","user_0039","org_005","result_clicked","ste_000937","{""position"":1}","2026-03-12T17:10:41.9931988Z"
"event_000002688","session_00001236","user_0039","org_005","search_submitted","","{""query_source"":""base""}","2026-01-30T12:20:33.9931988Z"
"event_000002689","session_00001236","user_0039","org_005","result_clicked","ste_000593","{""position"":5}","2026-01-30T12:20:41.9931988Z"
"event_000002690","session_00001236","user_0039","org_005","purchase_completed","ste_000593","{""source"":""search"",""position"":5}","2026-01-30T12:20:51.9931988Z"
"event_000002691","session_00001237","user_0039","org_005","search_submitted","","{""query_source"":""base""}","2026-02-26T06:48:33.9931988Z"
"event_000002692","session_00001237","user_0039","org_005","result_clicked","ste_000592","{""position"":5}","2026-02-26T06:48:41.9931988Z"
"event_000002693","session_00001237","user_0039","org_005","favorite_added","ste_000168","{""position"":4,""source"":""search""}","2026-02-26T06:48:44.9931988Z"
"event_000002694","session_00001238","user_0039","org_005","search_submitted","","{""query_source"":""base""}","2026-02-17T17:39:33.9931988Z"
"event_000002695","session_00001238","user_0039","org_005","result_clicked","ste_000073","{""position"":5}","2026-02-17T17:39:41.9931988Z"
"event_000002696","session_00001238","user_0039","org_005","purchase_completed","ste_000073","{""source"":""search"",""position"":5}","2026-02-17T17:39:51.9931988Z"
"event_000002697","session_00001239","user_0039","org_005","search_submitted","","{""query_source"":""base""}","2025-09-30T08:33:33.9931988Z"
"event_000002698","session_00001240","user_0039","org_005","search_submitted","","{""query_source"":""base""}","2026-01-27T07:27:33.9931988Z"
"event_000002699","session_00001240","user_0039","org_005","result_clicked","ste_000225","{""position"":4}","2026-01-27T07:27:41.9931988Z"
"event_000002700","session_00001240","user_0039","org_005","favorite_added","ste_000804","{""position"":7,""source"":""search""}","2026-01-27T07:27:44.9931988Z"
"event_000002701","session_00001241","user_0039","org_005","search_submitted","","{""query_source"":""typo""}","2026-01-15T16:30:33.9931988Z"
"event_000002702","session_00001241","user_0039","org_005","result_clicked","ste_000787","{""position"":5}","2026-01-15T16:30:41.9931988Z"
"event_000002703","session_00001242","user_0039","org_005","search_submitted","","{""query_source"":""base""}","2026-03-02T16:39:33.9931988Z"
"event_000002704","session_00001243","user_0039","org_005","search_submitted","","{""query_source"":""base""}","2025-11-12T15:23:33.9931988Z"
"event_000002705","session_00001243","user_0039","org_005","result_clicked","ste_001098","{""position"":3}","2025-11-12T15:23:41.9931988Z"
"event_000002706","session_00001243","user_0039","org_005","favorite_added","ste_000289","{""position"":7,""source"":""search""}","2025-11-12T15:23:44.9931988Z"
"event_000002707","session_00001244","user_0039","org_005","search_submitted","","{""query_source"":""synonym""}","2025-09-29T04:52:33.9931988Z"
"event_000002708","session_00001244","user_0039","org_005","result_clicked","ste_000417","{""position"":5}","2025-09-29T04:52:41.9931988Z"
"event_000002709","session_00001245","user_0039","org_005","search_submitted","","{""query_source"":""synonym""}","2026-03-10T06:17:33.9931988Z"
"event_000002710","session_00001245","user_0039","org_005","result_clicked","ste_000324","{""position"":2}","2026-03-10T06:17:41.9931988Z"
"event_000002711","session_00001246","user_0039","org_005","search_submitted","","{""query_source"":""base""}","2025-11-08T02:55:33.9931988Z"
"event_000002712","session_00001246","user_0039","org_005","result_clicked","ste_000248","{""position"":5}","2025-11-08T02:55:41.9931988Z"
"event_000002713","session_00001246","user_0039","org_005","favorite_added","ste_000239","{""position"":4,""source"":""search""}","2025-11-08T02:55:44.9931988Z"
"event_000002714","session_00001247","user_0039","org_005","search_submitted","","{""query_source"":""base""}","2026-02-26T13:59:33.9931988Z"
"event_000002715","session_00001247","user_0039","org_005","result_clicked","ste_001060","{""position"":4}","2026-02-26T13:59:41.9931988Z"
"event_000002716","session_00001247","user_0039","org_005","favorite_added","ste_000223","{""position"":5,""source"":""search""}","2026-02-26T13:59:44.9931988Z"
"event_000002717","session_00001248","user_0039","org_005","search_submitted","","{""query_source"":""base""}","2026-01-30T03:37:33.9931988Z"
"event_000002718","session_00001248","user_0039","org_005","result_clicked","ste_000628","{""position"":1}","2026-01-30T03:37:41.9931988Z"
"event_000002719","session_00001249","user_0039","org_005","search_submitted","","{""query_source"":""base""}","2025-11-21T21:12:33.9931988Z"
"event_000002720","session_00001249","user_0039","org_005","result_clicked","ste_000447","{""position"":2}","2025-11-21T21:12:41.9931988Z"
"event_000002721","session_00001250","user_0040","org_005","search_submitted","","{""query_source"":""base""}","2025-10-12T19:09:33.9931988Z"
"event_000002722","session_00001250","user_0040","org_005","result_clicked","ste_000446","{""position"":4}","2025-10-12T19:09:41.9931988Z"
"event_000002723","session_00001250","user_0040","org_005","favorite_added","ste_000141","{""position"":2,""source"":""search""}","2025-10-12T19:09:44.9931988Z"
"event_000002724","session_00001251","user_0040","org_005","search_submitted","","{""query_source"":""base""}","2025-11-28T11:41:33.9931988Z"
"event_000002725","session_00001252","user_0040","org_005","search_submitted","","{""query_source"":""typo""}","2026-01-17T00:57:33.9931988Z"
"event_000002726","session_00001252","user_0040","org_005","result_clicked","ste_000784","{""position"":4}","2026-01-17T00:57:41.9931988Z"
"event_000002727","session_00001253","user_0040","org_005","search_submitted","","{""query_source"":""base""}","2025-11-20T15:04:33.9931988Z"
"event_000002728","session_00001254","user_0040","org_005","search_submitted","","{""query_source"":""base""}","2025-10-04T00:46:33.9931988Z"
"event_000002729","session_00001254","user_0040","org_005","result_clicked","ste_001099","{""position"":4}","2025-10-04T00:46:41.9931988Z"
"event_000002730","session_00001254","user_0040","org_005","purchase_completed","ste_001099","{""source"":""search"",""position"":4}","2025-10-04T00:46:51.9931988Z"
"event_000002731","session_00001255","user_0040","org_005","search_submitted","","{""query_source"":""synonym""}","2025-10-03T00:08:33.9931988Z"
"event_000002732","session_00001255","user_0040","org_005","result_clicked","ste_000699","{""position"":1}","2025-10-03T00:08:41.9931988Z"
"event_000002733","session_00001256","user_0040","org_005","search_submitted","","{""query_source"":""base""}","2026-01-23T08:12:33.9931988Z"
"event_000002734","session_00001256","user_0040","org_005","result_clicked","ste_000451","{""position"":4}","2026-01-23T08:12:41.9931988Z"
"event_000002735","session_00001256","user_0040","org_005","favorite_added","ste_000210","{""position"":3,""source"":""search""}","2026-01-23T08:12:44.9931988Z"
"event_000002736","session_00001257","user_0040","org_005","search_submitted","","{""query_source"":""typo""}","2026-01-07T10:11:33.9931988Z"
"event_000002737","session_00001257","user_0040","org_005","result_clicked","ste_000909","{""position"":2}","2026-01-07T10:11:41.9931988Z"
"event_000002738","session_00001257","user_0040","org_005","favorite_added","ste_000909","{""position"":2,""source"":""search""}","2026-01-07T10:11:44.9931988Z"
"event_000002739","session_00001258","user_0040","org_005","search_submitted","","{""query_source"":""typo""}","2026-01-13T13:42:33.9931988Z"
"event_000002740","session_00001258","user_0040","org_005","result_clicked","ste_001133","{""position"":5}","2026-01-13T13:42:41.9931988Z"
"event_000002741","session_00001258","user_0040","org_005","purchase_completed","ste_001133","{""source"":""search"",""position"":5}","2026-01-13T13:42:51.9931988Z"
"event_000002742","session_00001259","user_0040","org_005","search_submitted","","{""query_source"":""base""}","2025-12-25T13:18:33.9931988Z"
"event_000002743","session_00001259","user_0040","org_005","result_clicked","ste_000323","{""position"":4}","2025-12-25T13:18:41.9931988Z"
"event_000002744","session_00001259","user_0040","org_005","favorite_added","ste_000434","{""position"":2,""source"":""search""}","2025-12-25T13:18:44.9931988Z"
"event_000002745","session_00001259","user_0040","org_005","purchase_completed","ste_000323","{""source"":""search"",""position"":4}","2025-12-25T13:18:51.9931988Z"
"event_000002746","session_00001260","user_0040","org_005","search_submitted","","{""query_source"":""base""}","2026-02-15T03:21:33.9931988Z"
"event_000002747","session_00001261","user_0040","org_005","search_submitted","","{""query_source"":""base""}","2026-03-14T01:01:33.9931988Z"
"event_000002748","session_00001262","user_0040","org_005","search_submitted","","{""query_source"":""base""}","2026-02-27T13:50:33.9931988Z"
"event_000002749","session_00001262","user_0040","org_005","result_clicked","ste_000993","{""position"":5}","2026-02-27T13:50:41.9931988Z"
"event_000002750","session_00001262","user_0040","org_005","purchase_completed","ste_000993","{""source"":""search"",""position"":5}","2026-02-27T13:50:51.9931988Z"
"event_000002751","session_00001263","user_0040","org_005","search_submitted","","{""query_source"":""base""}","2026-03-04T23:02:33.9931988Z"
"event_000002752","session_00001263","user_0040","org_005","result_clicked","ste_000834","{""position"":2}","2026-03-04T23:02:41.9931988Z"
"event_000002753","session_00001264","user_0040","org_005","search_submitted","","{""query_source"":""base""}","2025-10-26T02:01:33.9931988Z"
"event_000002754","session_00001264","user_0040","org_005","result_clicked","ste_000985","{""position"":5}","2025-10-26T02:01:41.9931988Z"
"event_000002755","session_00001265","user_0040","org_005","search_submitted","","{""query_source"":""base""}","2026-01-20T18:18:33.9931988Z"
"event_000002756","session_00001265","user_0040","org_005","result_clicked","ste_000255","{""position"":5}","2026-01-20T18:18:41.9931988Z"
"event_000002757","session_00001265","user_0040","org_005","favorite_added","ste_000655","{""position"":6,""source"":""search""}","2026-01-20T18:18:44.9931988Z"
"event_000002758","session_00001266","user_0040","org_005","search_submitted","","{""query_source"":""base""}","2025-11-10T07:03:33.9931988Z"
"event_000002759","session_00001266","user_0040","org_005","result_clicked","ste_000585","{""position"":5}","2025-11-10T07:03:41.9931988Z"
"event_000002760","session_00001266","user_0040","org_005","favorite_added","ste_000092","{""position"":1,""source"":""search""}","2025-11-10T07:03:44.9931988Z"
"event_000002761","session_00001266","user_0040","org_005","purchase_completed","ste_000585","{""source"":""search"",""position"":5}","2025-11-10T07:03:51.9931988Z"
"event_000002762","session_00001267","user_0040","org_005","search_submitted","","{""query_source"":""typo""}","2025-12-11T02:17:33.9931988Z"
"event_000002763","session_00001267","user_0040","org_005","result_clicked","ste_000080","{""position"":3}","2025-12-11T02:17:41.9931988Z"
"event_000002764","session_00001267","user_0040","org_005","favorite_added","ste_001179","{""position"":6,""source"":""search""}","2025-12-11T02:17:44.9931988Z"
"event_000002765","session_00001267","user_0040","org_005","purchase_completed","ste_000080","{""source"":""search"",""position"":3}","2025-12-11T02:17:51.9931988Z"
"event_000002766","session_00001268","user_0040","org_005","search_submitted","","{""query_source"":""base""}","2026-02-09T18:57:33.9931988Z"
"event_000002767","session_00001268","user_0040","org_005","result_clicked","ste_000273","{""position"":3}","2026-02-09T18:57:41.9931988Z"
"event_000002768","session_00001269","user_0040","org_005","search_submitted","","{""query_source"":""base""}","2025-12-11T16:29:33.9931988Z"
"event_000002769","session_00001269","user_0040","org_005","result_clicked","ste_000570","{""position"":1}","2025-12-11T16:29:41.9931988Z"
"event_000002770","session_00001269","user_0040","org_005","favorite_added","ste_001041","{""position"":4,""source"":""search""}","2025-12-11T16:29:44.9931988Z"
"event_000002771","session_00001269","user_0040","org_005","purchase_completed","ste_000570","{""source"":""search"",""position"":1}","2025-12-11T16:29:51.9931988Z"
"event_000002772","session_00001270","user_0040","org_005","search_submitted","","{""query_source"":""base""}","2026-03-23T01:00:33.9931988Z"
"event_000002773","session_00001270","user_0040","org_005","result_clicked","ste_000863","{""position"":3}","2026-03-23T01:00:41.9931988Z"
"event_000002774","session_00001271","user_0040","org_005","search_submitted","","{""query_source"":""base""}","2025-12-31T00:58:33.9931988Z"
"event_000002775","session_00001271","user_0040","org_005","result_clicked","ste_000702","{""position"":3}","2025-12-31T00:58:41.9931988Z"
"event_000002776","session_00001272","user_0040","org_005","search_submitted","","{""query_source"":""base""}","2025-11-09T14:15:33.9931988Z"
"event_000002777","session_00001272","user_0040","org_005","result_clicked","ste_000993","{""position"":5}","2025-11-09T14:15:41.9931988Z"
"event_000002778","session_00001272","user_0040","org_005","favorite_added","ste_000993","{""position"":5,""source"":""search""}","2025-11-09T14:15:44.9931988Z"
"event_000002779","session_00001273","user_0040","org_005","search_submitted","","{""query_source"":""base""}","2026-01-07T19:00:33.9931988Z"
"event_000002780","session_00001274","user_0040","org_005","search_submitted","","{""query_source"":""base""}","2025-11-09T17:08:33.9931988Z"
"event_000002781","session_00001274","user_0040","org_005","result_clicked","ste_000136","{""position"":2}","2025-11-09T17:08:41.9931988Z"
"event_000002782","session_00001275","user_0040","org_005","search_submitted","","{""query_source"":""synonym""}","2025-12-19T13:06:33.9931988Z"
"event_000002783","session_00001275","user_0040","org_005","result_clicked","ste_000872","{""position"":3}","2025-12-19T13:06:41.9931988Z"
"event_000002784","session_00001276","user_0040","org_005","search_submitted","","{""query_source"":""base""}","2026-02-26T20:00:33.9931988Z"
"event_000002785","session_00001276","user_0040","org_005","result_clicked","ste_000078","{""position"":1}","2026-02-26T20:00:41.9931988Z"
"event_000002786","session_00001277","user_0040","org_005","search_submitted","","{""query_source"":""base""}","2026-02-02T03:35:33.9931988Z"
"event_000002787","session_00001278","user_0040","org_005","search_submitted","","{""query_source"":""base""}","2025-11-21T01:58:33.9931988Z"
"event_000002788","session_00001279","user_0040","org_005","search_submitted","","{""query_source"":""base""}","2026-03-14T23:44:33.9931988Z"
"event_000002789","session_00001279","user_0040","org_005","result_clicked","ste_001194","{""position"":4}","2026-03-14T23:44:41.9931988Z"
"event_000002790","session_00001280","user_0040","org_005","search_submitted","","{""query_source"":""synonym""}","2026-01-05T07:32:33.9931988Z"
"event_000002791","session_00001281","user_0040","org_005","search_submitted","","{""query_source"":""base""}","2025-11-11T10:09:33.9931988Z"
"event_000002792","session_00001282","user_0040","org_005","search_submitted","","{""query_source"":""base""}","2026-03-03T05:11:33.9931988Z"
"event_000002793","session_00001282","user_0040","org_005","result_clicked","ste_000076","{""position"":3}","2026-03-03T05:11:41.9931988Z"
"event_000002794","session_00001282","user_0040","org_005","favorite_added","ste_000635","{""position"":4,""source"":""search""}","2026-03-03T05:11:44.9931988Z"
"event_000002795","session_00001283","user_0040","org_005","search_submitted","","{""query_source"":""base""}","2026-01-07T00:18:33.9931988Z"
"event_000002796","session_00001283","user_0040","org_005","result_clicked","ste_000158","{""position"":5}","2026-01-07T00:18:41.9931988Z"
"event_000002797","session_00001283","user_0040","org_005","favorite_added","ste_000158","{""position"":5,""source"":""search""}","2026-01-07T00:18:44.9931988Z"
"event_000002798","session_00001284","user_0040","org_005","search_submitted","","{""query_source"":""base""}","2026-02-03T00:37:33.9931988Z"
"event_000002799","session_00001285","user_0040","org_005","search_submitted","","{""query_source"":""typo""}","2025-11-22T05:18:33.9931988Z"
"event_000002800","session_00001285","user_0040","org_005","result_clicked","ste_000290","{""position"":3}","2025-11-22T05:18:41.9931988Z"
"event_000002801","session_00001285","user_0040","org_005","favorite_added","ste_000942","{""position"":1,""source"":""search""}","2025-11-22T05:18:44.9931988Z"
"event_000002802","session_00001286","user_0040","org_005","search_submitted","","{""query_source"":""base""}","2025-11-30T15:09:33.9931988Z"
"event_000002803","session_00001286","user_0040","org_005","result_clicked","ste_000955","{""position"":1}","2025-11-30T15:09:41.9931988Z"
"event_000002804","session_00001286","user_0040","org_005","favorite_added","ste_000445","{""position"":3,""source"":""search""}","2025-11-30T15:09:44.9931988Z"
"event_000002805","session_00001287","user_0041","org_006","search_submitted","","{""query_source"":""base""}","2025-12-18T11:16:33.9931988Z"
"event_000002806","session_00001288","user_0041","org_006","search_submitted","","{""query_source"":""base""}","2026-01-19T03:42:33.9931988Z"
"event_000002807","session_00001288","user_0041","org_006","result_clicked","ste_001170","{""position"":2}","2026-01-19T03:42:41.9931988Z"
"event_000002808","session_00001288","user_0041","org_006","purchase_completed","ste_001170","{""source"":""search"",""position"":2}","2026-01-19T03:42:51.9931988Z"
"event_000002809","session_00001289","user_0041","org_006","search_submitted","","{""query_source"":""base""}","2025-10-28T05:08:33.9931988Z"
"event_000002810","session_00001289","user_0041","org_006","result_clicked","ste_000195","{""position"":5}","2025-10-28T05:08:41.9931988Z"
"event_000002811","session_00001290","user_0041","org_006","search_submitted","","{""query_source"":""base""}","2026-03-04T10:23:33.9931988Z"
"event_000002812","session_00001290","user_0041","org_006","result_clicked","ste_000214","{""position"":4}","2026-03-04T10:23:41.9931988Z"
"event_000002813","session_00001291","user_0041","org_006","search_submitted","","{""query_source"":""base""}","2025-12-23T14:33:33.9931988Z"
"event_000002814","session_00001291","user_0041","org_006","result_clicked","ste_000577","{""position"":2}","2025-12-23T14:33:41.9931988Z"
"event_000002815","session_00001291","user_0041","org_006","favorite_added","ste_000852","{""position"":7,""source"":""search""}","2025-12-23T14:33:44.9931988Z"
"event_000002816","session_00001292","user_0041","org_006","search_submitted","","{""query_source"":""base""}","2026-03-22T02:49:33.9931988Z"
"event_000002817","session_00001292","user_0041","org_006","result_clicked","ste_000719","{""position"":1}","2026-03-22T02:49:41.9931988Z"
"event_000002818","session_00001293","user_0041","org_006","search_submitted","","{""query_source"":""base""}","2026-01-29T01:55:33.9931988Z"
"event_000002819","session_00001294","user_0041","org_006","search_submitted","","{""query_source"":""typo""}","2025-10-27T09:23:33.9931988Z"
"event_000002820","session_00001294","user_0041","org_006","result_clicked","ste_000022","{""position"":3}","2025-10-27T09:23:41.9931988Z"
"event_000002821","session_00001294","user_0041","org_006","purchase_completed","ste_000022","{""source"":""search"",""position"":3}","2025-10-27T09:23:51.9931988Z"
"event_000002822","session_00001295","user_0041","org_006","search_submitted","","{""query_source"":""base""}","2025-10-15T23:35:33.9931988Z"
"event_000002823","session_00001296","user_0041","org_006","search_submitted","","{""query_source"":""base""}","2025-11-22T18:54:33.9931988Z"
"event_000002824","session_00001296","user_0041","org_006","result_clicked","ste_000083","{""position"":3}","2025-11-22T18:54:41.9931988Z"
"event_000002825","session_00001297","user_0041","org_006","search_submitted","","{""query_source"":""base""}","2025-10-10T23:32:33.9931988Z"
"event_000002826","session_00001297","user_0041","org_006","result_clicked","ste_000954","{""position"":3}","2025-10-10T23:32:41.9931988Z"
"event_000002827","session_00001298","user_0041","org_006","search_submitted","","{""query_source"":""base""}","2026-02-15T01:59:33.9931988Z"
"event_000002828","session_00001298","user_0041","org_006","result_clicked","ste_000855","{""position"":3}","2026-02-15T01:59:41.9931988Z"
"event_000002829","session_00001299","user_0041","org_006","search_submitted","","{""query_source"":""typo""}","2026-01-22T13:43:33.9931988Z"
"event_000002830","session_00001299","user_0041","org_006","result_clicked","ste_000947","{""position"":2}","2026-01-22T13:43:41.9931988Z"
"event_000002831","session_00001299","user_0041","org_006","purchase_completed","ste_000947","{""source"":""search"",""position"":2}","2026-01-22T13:43:51.9931988Z"
"event_000002832","session_00001300","user_0041","org_006","search_submitted","","{""query_source"":""synonym""}","2026-03-03T15:40:33.9931988Z"
"event_000002833","session_00001300","user_0041","org_006","result_clicked","ste_000572","{""position"":1}","2026-03-03T15:40:41.9931988Z"
"event_000002834","session_00001300","user_0041","org_006","favorite_added","ste_000756","{""position"":3,""source"":""search""}","2026-03-03T15:40:44.9931988Z"
"event_000002835","session_00001301","user_0041","org_006","search_submitted","","{""query_source"":""base""}","2026-01-19T05:54:33.9931988Z"
"event_000002836","session_00001301","user_0041","org_006","result_clicked","ste_000338","{""position"":5}","2026-01-19T05:54:41.9931988Z"
"event_000002837","session_00001302","user_0041","org_006","search_submitted","","{""query_source"":""synonym""}","2026-01-01T16:08:33.9931988Z"
"event_000002838","session_00001302","user_0041","org_006","result_clicked","ste_000352","{""position"":4}","2026-01-01T16:08:41.9931988Z"
"event_000002839","session_00001302","user_0041","org_006","favorite_added","ste_000352","{""position"":4,""source"":""search""}","2026-01-01T16:08:44.9931988Z"
"event_000002840","session_00001302","user_0041","org_006","purchase_completed","ste_000352","{""source"":""search"",""position"":4}","2026-01-01T16:08:51.9931988Z"
"event_000002841","session_00001303","user_0041","org_006","search_submitted","","{""query_source"":""base""}","2026-01-24T18:57:33.9931988Z"
"event_000002842","session_00001303","user_0041","org_006","result_clicked","ste_001113","{""position"":1}","2026-01-24T18:57:41.9931988Z"
"event_000002843","session_00001304","user_0041","org_006","search_submitted","","{""query_source"":""base""}","2025-09-29T09:26:33.9931988Z"
"event_000002844","session_00001304","user_0041","org_006","result_clicked","ste_000802","{""position"":3}","2025-09-29T09:26:41.9931988Z"
"event_000002845","session_00001305","user_0041","org_006","search_submitted","","{""query_source"":""typo""}","2026-03-19T07:38:33.9931988Z"
"event_000002846","session_00001306","user_0041","org_006","search_submitted","","{""query_source"":""base""}","2026-01-31T04:28:33.9931988Z"
"event_000002847","session_00001306","user_0041","org_006","result_clicked","ste_000587","{""position"":1}","2026-01-31T04:28:41.9931988Z"
"event_000002848","session_00001307","user_0041","org_006","search_submitted","","{""query_source"":""base""}","2025-10-02T13:16:33.9931988Z"
"event_000002849","session_00001307","user_0041","org_006","result_clicked","ste_000307","{""position"":4}","2025-10-02T13:16:41.9931988Z"
"event_000002850","session_00001307","user_0041","org_006","favorite_added","ste_000170","{""position"":5,""source"":""search""}","2025-10-02T13:16:44.9931988Z"
"event_000002851","session_00001308","user_0041","org_006","search_submitted","","{""query_source"":""base""}","2026-03-15T23:15:33.9931988Z"
"event_000002852","session_00001309","user_0041","org_006","search_submitted","","{""query_source"":""base""}","2026-01-29T17:59:33.9931988Z"
"event_000002853","session_00001310","user_0041","org_006","search_submitted","","{""query_source"":""base""}","2026-02-17T22:54:33.9931988Z"
"event_000002854","session_00001310","user_0041","org_006","result_clicked","ste_000275","{""position"":3}","2026-02-17T22:54:41.9931988Z"
"event_000002855","session_00001311","user_0041","org_006","search_submitted","","{""query_source"":""synonym""}","2026-03-17T15:43:33.9931988Z"
"event_000002856","session_00001312","user_0041","org_006","search_submitted","","{""query_source"":""synonym""}","2025-12-28T10:59:33.9931988Z"
"event_000002857","session_00001312","user_0041","org_006","result_clicked","ste_001040","{""position"":3}","2025-12-28T10:59:41.9931988Z"
"event_000002858","session_00001312","user_0041","org_006","favorite_added","ste_000376","{""position"":1,""source"":""search""}","2025-12-28T10:59:44.9931988Z"
"event_000002859","session_00001313","user_0041","org_006","search_submitted","","{""query_source"":""base""}","2026-02-19T08:26:33.9931988Z"
"event_000002860","session_00001313","user_0041","org_006","result_clicked","ste_000517","{""position"":4}","2026-02-19T08:26:41.9931988Z"
"event_000002861","session_00001313","user_0041","org_006","favorite_added","ste_000517","{""position"":4,""source"":""search""}","2026-02-19T08:26:44.9931988Z"
"event_000002862","session_00001314","user_0041","org_006","search_submitted","","{""query_source"":""base""}","2025-11-20T05:58:33.9931988Z"
"event_000002863","session_00001314","user_0041","org_006","result_clicked","ste_000512","{""position"":2}","2025-11-20T05:58:41.9931988Z"
"event_000002864","session_00001314","user_0041","org_006","favorite_added","ste_000581","{""position"":4,""source"":""search""}","2025-11-20T05:58:44.9931988Z"
"event_000002865","session_00001315","user_0041","org_006","search_submitted","","{""query_source"":""base""}","2026-02-22T14:06:33.9931988Z"
"event_000002866","session_00001316","user_0041","org_006","search_submitted","","{""query_source"":""base""}","2026-03-09T19:41:33.9931988Z"
"event_000002867","session_00001316","user_0041","org_006","result_clicked","ste_000398","{""position"":4}","2026-03-09T19:41:41.9931988Z"
"event_000002868","session_00001317","user_0041","org_006","search_submitted","","{""query_source"":""base""}","2025-12-16T14:41:33.9931988Z"
"event_000002869","session_00001317","user_0041","org_006","result_clicked","ste_000398","{""position"":1}","2025-12-16T14:41:41.9931988Z"
"event_000002870","session_00001317","user_0041","org_006","favorite_added","ste_001124","{""position"":5,""source"":""search""}","2025-12-16T14:41:44.9931988Z"
"event_000002871","session_00001318","user_0041","org_006","search_submitted","","{""query_source"":""base""}","2025-11-21T16:04:33.9931988Z"
"event_000002872","session_00001319","user_0041","org_006","search_submitted","","{""query_source"":""base""}","2026-02-15T00:47:33.9931988Z"
"event_000002873","session_00001320","user_0041","org_006","search_submitted","","{""query_source"":""base""}","2025-12-02T09:17:33.9931988Z"
"event_000002874","session_00001321","user_0042","org_006","search_submitted","","{""query_source"":""typo""}","2025-12-12T09:11:33.9931988Z"
"event_000002875","session_00001321","user_0042","org_006","result_clicked","ste_000511","{""position"":3}","2025-12-12T09:11:41.9931988Z"
"event_000002876","session_00001321","user_0042","org_006","purchase_completed","ste_000511","{""source"":""search"",""position"":3}","2025-12-12T09:11:51.9931988Z"
"event_000002877","session_00001322","user_0042","org_006","search_submitted","","{""query_source"":""typo""}","2025-10-29T08:20:33.9931988Z"
"event_000002878","session_00001322","user_0042","org_006","result_clicked","ste_000485","{""position"":3}","2025-10-29T08:20:41.9931988Z"
"event_000002879","session_00001323","user_0042","org_006","search_submitted","","{""query_source"":""base""}","2025-10-26T22:22:33.9931988Z"
"event_000002880","session_00001324","user_0042","org_006","search_submitted","","{""query_source"":""base""}","2025-10-29T01:22:33.9931988Z"
"event_000002881","session_00001324","user_0042","org_006","result_clicked","ste_001052","{""position"":3}","2025-10-29T01:22:41.9931988Z"
"event_000002882","session_00001324","user_0042","org_006","favorite_added","ste_000539","{""position"":5,""source"":""search""}","2025-10-29T01:22:44.9931988Z"
"event_000002883","session_00001325","user_0042","org_006","search_submitted","","{""query_source"":""typo""}","2026-03-19T17:16:33.9931988Z"
"event_000002884","session_00001325","user_0042","org_006","result_clicked","ste_000556","{""position"":2}","2026-03-19T17:16:41.9931988Z"
"event_000002885","session_00001325","user_0042","org_006","purchase_completed","ste_000556","{""source"":""search"",""position"":2}","2026-03-19T17:16:51.9931988Z"
"event_000002886","session_00001326","user_0042","org_006","search_submitted","","{""query_source"":""base""}","2025-11-15T13:50:33.9931988Z"
"event_000002887","session_00001326","user_0042","org_006","result_clicked","ste_000032","{""position"":2}","2025-11-15T13:50:41.9931988Z"
"event_000002888","session_00001327","user_0042","org_006","search_submitted","","{""query_source"":""base""}","2025-10-14T15:43:33.9931988Z"
"event_000002889","session_00001327","user_0042","org_006","result_clicked","ste_000103","{""position"":4}","2025-10-14T15:43:41.9931988Z"
"event_000002890","session_00001327","user_0042","org_006","favorite_added","ste_000111","{""position"":7,""source"":""search""}","2025-10-14T15:43:44.9931988Z"
"event_000002891","session_00001328","user_0042","org_006","search_submitted","","{""query_source"":""base""}","2026-01-29T15:09:33.9931988Z"
"event_000002892","session_00001329","user_0042","org_006","search_submitted","","{""query_source"":""base""}","2025-11-03T06:58:33.9931988Z"
"event_000002893","session_00001330","user_0042","org_006","search_submitted","","{""query_source"":""base""}","2025-10-10T22:44:33.9931988Z"
"event_000002894","session_00001331","user_0042","org_006","search_submitted","","{""query_source"":""base""}","2025-10-08T13:50:33.9931988Z"
"event_000002895","session_00001332","user_0042","org_006","search_submitted","","{""query_source"":""synonym""}","2026-03-22T18:07:33.9931988Z"
"event_000002896","session_00001333","user_0042","org_006","search_submitted","","{""query_source"":""base""}","2025-12-08T03:11:33.9931988Z"
"event_000002897","session_00001333","user_0042","org_006","result_clicked","ste_000429","{""position"":4}","2025-12-08T03:11:41.9931988Z"
"event_000002898","session_00001334","user_0042","org_006","search_submitted","","{""query_source"":""synonym""}","2026-03-14T20:35:33.9931988Z"
"event_000002899","session_00001334","user_0042","org_006","result_clicked","ste_000821","{""position"":3}","2026-03-14T20:35:41.9931988Z"
"event_000002900","session_00001335","user_0042","org_006","search_submitted","","{""query_source"":""base""}","2025-12-20T13:07:33.9931988Z"
"event_000002901","session_00001335","user_0042","org_006","result_clicked","ste_000122","{""position"":1}","2025-12-20T13:07:41.9931988Z"
"event_000002902","session_00001335","user_0042","org_006","favorite_added","ste_000217","{""position"":4,""source"":""search""}","2025-12-20T13:07:44.9931988Z"
"event_000002903","session_00001336","user_0042","org_006","search_submitted","","{""query_source"":""base""}","2025-11-09T13:41:33.9931988Z"
"event_000002904","session_00001336","user_0042","org_006","result_clicked","ste_000486","{""position"":2}","2025-11-09T13:41:41.9931988Z"
"event_000002905","session_00001336","user_0042","org_006","purchase_completed","ste_000486","{""source"":""search"",""position"":2}","2025-11-09T13:41:51.9931988Z"
"event_000002906","session_00001337","user_0042","org_006","search_submitted","","{""query_source"":""synonym""}","2026-01-27T10:56:33.9931988Z"
"event_000002907","session_00001338","user_0042","org_006","search_submitted","","{""query_source"":""base""}","2025-11-17T08:29:33.9931988Z"
"event_000002908","session_00001338","user_0042","org_006","result_clicked","ste_000078","{""position"":1}","2025-11-17T08:29:41.9931988Z"
"event_000002909","session_00001339","user_0042","org_006","search_submitted","","{""query_source"":""base""}","2025-12-20T17:19:33.9931988Z"
"event_000002910","session_00001339","user_0042","org_006","result_clicked","ste_000679","{""position"":3}","2025-12-20T17:19:41.9931988Z"
"event_000002911","session_00001340","user_0042","org_006","search_submitted","","{""query_source"":""base""}","2026-01-30T23:07:33.9931988Z"
"event_000002912","session_00001340","user_0042","org_006","result_clicked","ste_000205","{""position"":3}","2026-01-30T23:07:41.9931988Z"
"event_000002913","session_00001341","user_0042","org_006","search_submitted","","{""query_source"":""typo""}","2025-12-17T07:50:33.9931988Z"
"event_000002914","session_00001341","user_0042","org_006","result_clicked","ste_000666","{""position"":2}","2025-12-17T07:50:41.9931988Z"
"event_000002915","session_00001342","user_0042","org_006","search_submitted","","{""query_source"":""base""}","2026-03-25T11:46:33.9931988Z"
"event_000002916","session_00001342","user_0042","org_006","result_clicked","ste_000881","{""position"":2}","2026-03-25T11:46:41.9931988Z"
"event_000002917","session_00001342","user_0042","org_006","purchase_completed","ste_000881","{""source"":""search"",""position"":2}","2026-03-25T11:46:51.9931988Z"
"event_000002918","session_00001343","user_0042","org_006","search_submitted","","{""query_source"":""synonym""}","2026-03-14T21:03:33.9931988Z"
"event_000002919","session_00001344","user_0042","org_006","search_submitted","","{""query_source"":""base""}","2025-11-04T08:36:33.9931988Z"
"event_000002920","session_00001344","user_0042","org_006","result_clicked","ste_000537","{""position"":2}","2025-11-04T08:36:41.9931988Z"
"event_000002921","session_00001344","user_0042","org_006","purchase_completed","ste_000537","{""source"":""search"",""position"":2}","2025-11-04T08:36:51.9931988Z"
"event_000002922","session_00001345","user_0042","org_006","search_submitted","","{""query_source"":""base""}","2026-03-27T04:01:33.9931988Z"
"event_000002923","session_00001345","user_0042","org_006","result_clicked","ste_000784","{""position"":3}","2026-03-27T04:01:41.9931988Z"
"event_000002924","session_00001346","user_0042","org_006","search_submitted","","{""query_source"":""base""}","2025-09-29T22:09:33.9931988Z"
"event_000002925","session_00001347","user_0042","org_006","search_submitted","","{""query_source"":""base""}","2025-12-19T03:17:33.9931988Z"
"event_000002926","session_00001348","user_0042","org_006","search_submitted","","{""query_source"":""base""}","2025-11-16T04:08:33.9931988Z"
"event_000002927","session_00001349","user_0042","org_006","search_submitted","","{""query_source"":""base""}","2026-01-21T09:10:33.9931988Z"
"event_000002928","session_00001349","user_0042","org_006","result_clicked","ste_000457","{""position"":4}","2026-01-21T09:10:41.9931988Z"
"event_000002929","session_00001350","user_0042","org_006","search_submitted","","{""query_source"":""base""}","2025-11-20T06:53:33.9931988Z"
"event_000002930","session_00001350","user_0042","org_006","result_clicked","ste_000054","{""position"":1}","2025-11-20T06:53:41.9931988Z"
"event_000002931","session_00001351","user_0042","org_006","search_submitted","","{""query_source"":""base""}","2026-02-13T16:59:33.9931988Z"
"event_000002932","session_00001351","user_0042","org_006","result_clicked","ste_001192","{""position"":1}","2026-02-13T16:59:41.9931988Z"
"event_000002933","session_00001351","user_0042","org_006","favorite_added","ste_000042","{""position"":4,""source"":""search""}","2026-02-13T16:59:44.9931988Z"
"event_000002934","session_00001352","user_0042","org_006","search_submitted","","{""query_source"":""synonym""}","2026-03-27T08:58:33.9931988Z"
"event_000002935","session_00001352","user_0042","org_006","result_clicked","ste_000872","{""position"":1}","2026-03-27T08:58:41.9931988Z"
"event_000002936","session_00001352","user_0042","org_006","purchase_completed","ste_000872","{""source"":""search"",""position"":1}","2026-03-27T08:58:51.9931988Z"
"event_000002937","session_00001353","user_0042","org_006","search_submitted","","{""query_source"":""base""}","2025-10-09T03:34:33.9931988Z"
"event_000002938","session_00001353","user_0042","org_006","result_clicked","ste_000326","{""position"":5}","2025-10-09T03:34:41.9931988Z"
"event_000002939","session_00001353","user_0042","org_006","favorite_added","ste_001194","{""position"":7,""source"":""search""}","2025-10-09T03:34:44.9931988Z"
"event_000002940","session_00001353","user_0042","org_006","purchase_completed","ste_000326","{""source"":""search"",""position"":5}","2025-10-09T03:34:51.9931988Z"
"event_000002941","session_00001354","user_0042","org_006","search_submitted","","{""query_source"":""base""}","2026-01-28T00:35:33.9931988Z"
"event_000002942","session_00001354","user_0042","org_006","result_clicked","ste_000804","{""position"":5}","2026-01-28T00:35:41.9931988Z"
"event_000002943","session_00001354","user_0042","org_006","favorite_added","ste_000825","{""position"":6,""source"":""search""}","2026-01-28T00:35:44.9931988Z"
"event_000002944","session_00001354","user_0042","org_006","purchase_completed","ste_000804","{""source"":""search"",""position"":5}","2026-01-28T00:35:51.9931988Z"
"event_000002945","session_00001355","user_0043","org_006","search_submitted","","{""query_source"":""synonym""}","2026-02-27T21:31:33.9931988Z"
"event_000002946","session_00001355","user_0043","org_006","result_clicked","ste_000014","{""position"":4}","2026-02-27T21:31:41.9931988Z"
"event_000002947","session_00001356","user_0043","org_006","search_submitted","","{""query_source"":""base""}","2025-12-28T15:28:33.9931988Z"
"event_000002948","session_00001357","user_0043","org_006","search_submitted","","{""query_source"":""typo""}","2025-11-28T00:07:33.9931988Z"
"event_000002949","session_00001357","user_0043","org_006","result_clicked","ste_001075","{""position"":1}","2025-11-28T00:07:41.9931988Z"
"event_000002950","session_00001358","user_0043","org_006","search_submitted","","{""query_source"":""base""}","2025-11-01T22:33:33.9931988Z"
"event_000002951","session_00001358","user_0043","org_006","result_clicked","ste_001139","{""position"":2}","2025-11-01T22:33:41.9931988Z"
"event_000002952","session_00001359","user_0043","org_006","search_submitted","","{""query_source"":""base""}","2025-11-22T18:50:33.9931988Z"
"event_000002953","session_00001359","user_0043","org_006","result_clicked","ste_000609","{""position"":3}","2025-11-22T18:50:41.9931988Z"
"event_000002954","session_00001359","user_0043","org_006","favorite_added","ste_000760","{""position"":7,""source"":""search""}","2025-11-22T18:50:44.9931988Z"
"event_000002955","session_00001360","user_0043","org_006","search_submitted","","{""query_source"":""base""}","2025-11-23T17:33:33.9931988Z"
"event_000002956","session_00001361","user_0043","org_006","search_submitted","","{""query_source"":""typo""}","2026-03-13T06:49:33.9931988Z"
"event_000002957","session_00001361","user_0043","org_006","result_clicked","ste_000928","{""position"":2}","2026-03-13T06:49:41.9931988Z"
"event_000002958","session_00001362","user_0043","org_006","search_submitted","","{""query_source"":""base""}","2026-03-05T14:39:33.9931988Z"
"event_000002959","session_00001362","user_0043","org_006","result_clicked","ste_001027","{""position"":3}","2026-03-05T14:39:41.9931988Z"
"event_000002960","session_00001363","user_0043","org_006","search_submitted","","{""query_source"":""base""}","2025-10-20T23:09:33.9931988Z"
"event_000002961","session_00001363","user_0043","org_006","result_clicked","ste_000181","{""position"":1}","2025-10-20T23:09:41.9931988Z"
"event_000002962","session_00001364","user_0043","org_006","search_submitted","","{""query_source"":""base""}","2025-10-28T15:21:33.9931988Z"
"event_000002963","session_00001364","user_0043","org_006","result_clicked","ste_001106","{""position"":1}","2025-10-28T15:21:41.9931988Z"
"event_000002964","session_00001364","user_0043","org_006","favorite_added","ste_001106","{""position"":1,""source"":""search""}","2025-10-28T15:21:44.9931988Z"
"event_000002965","session_00001365","user_0043","org_006","search_submitted","","{""query_source"":""base""}","2026-03-08T15:39:33.9931988Z"
"event_000002966","session_00001365","user_0043","org_006","result_clicked","ste_000994","{""position"":1}","2026-03-08T15:39:41.9931988Z"
"event_000002967","session_00001365","user_0043","org_006","purchase_completed","ste_000994","{""source"":""search"",""position"":1}","2026-03-08T15:39:51.9931988Z"
"event_000002968","session_00001366","user_0043","org_006","search_submitted","","{""query_source"":""base""}","2026-01-29T18:19:33.9931988Z"
"event_000002969","session_00001366","user_0043","org_006","result_clicked","ste_000155","{""position"":2}","2026-01-29T18:19:41.9931988Z"
"event_000002970","session_00001366","user_0043","org_006","purchase_completed","ste_000155","{""source"":""search"",""position"":2}","2026-01-29T18:19:51.9931988Z"
"event_000002971","session_00001367","user_0043","org_006","search_submitted","","{""query_source"":""synonym""}","2026-03-27T13:05:33.9931988Z"
"event_000002972","session_00001367","user_0043","org_006","result_clicked","ste_000198","{""position"":5}","2026-03-27T13:05:41.9931988Z"
"event_000002973","session_00001368","user_0043","org_006","search_submitted","","{""query_source"":""base""}","2025-11-20T10:45:33.9931988Z"
"event_000002974","session_00001369","user_0043","org_006","search_submitted","","{""query_source"":""synonym""}","2025-10-30T03:17:33.9931988Z"
"event_000002975","session_00001369","user_0043","org_006","result_clicked","ste_000466","{""position"":4}","2025-10-30T03:17:41.9931988Z"
"event_000002976","session_00001370","user_0043","org_006","search_submitted","","{""query_source"":""base""}","2026-02-25T23:20:33.9931988Z"
"event_000002977","session_00001370","user_0043","org_006","result_clicked","ste_001120","{""position"":2}","2026-02-25T23:20:41.9931988Z"
"event_000002978","session_00001371","user_0043","org_006","search_submitted","","{""query_source"":""base""}","2025-10-01T15:50:33.9931988Z"
"event_000002979","session_00001372","user_0043","org_006","search_submitted","","{""query_source"":""base""}","2025-11-21T17:33:33.9931988Z"
"event_000002980","session_00001372","user_0043","org_006","result_clicked","ste_000998","{""position"":1}","2025-11-21T17:33:41.9931988Z"
"event_000002981","session_00001373","user_0043","org_006","search_submitted","","{""query_source"":""base""}","2026-03-08T17:31:33.9931988Z"
"event_000002982","session_00001374","user_0043","org_006","search_submitted","","{""query_source"":""base""}","2025-12-18T08:33:33.9931988Z"
"event_000002983","session_00001375","user_0043","org_006","search_submitted","","{""query_source"":""base""}","2025-11-30T08:03:33.9931988Z"
"event_000002984","session_00001375","user_0043","org_006","result_clicked","ste_000974","{""position"":4}","2025-11-30T08:03:41.9931988Z"
"event_000002985","session_00001375","user_0043","org_006","favorite_added","ste_000974","{""position"":4,""source"":""search""}","2025-11-30T08:03:44.9931988Z"
"event_000002986","session_00001376","user_0043","org_006","search_submitted","","{""query_source"":""typo""}","2026-03-13T05:23:33.9931988Z"
"event_000002987","session_00001377","user_0043","org_006","search_submitted","","{""query_source"":""typo""}","2026-03-06T08:50:33.9931988Z"
"event_000002988","session_00001377","user_0043","org_006","result_clicked","ste_000575","{""position"":1}","2026-03-06T08:50:41.9931988Z"
"event_000002989","session_00001378","user_0043","org_006","search_submitted","","{""query_source"":""base""}","2026-01-28T09:37:33.9931988Z"
"event_000002990","session_00001378","user_0043","org_006","result_clicked","ste_001020","{""position"":3}","2026-01-28T09:37:41.9931988Z"
"event_000002991","session_00001378","user_0043","org_006","favorite_added","ste_001062","{""position"":5,""source"":""search""}","2026-01-28T09:37:44.9931988Z"
"event_000002992","session_00001379","user_0043","org_006","search_submitted","","{""query_source"":""base""}","2025-09-29T07:56:33.9931988Z"
"event_000002993","session_00001379","user_0043","org_006","result_clicked","ste_000646","{""position"":1}","2025-09-29T07:56:41.9931988Z"
"event_000002994","session_00001379","user_0043","org_006","favorite_added","ste_000504","{""position"":5,""source"":""search""}","2025-09-29T07:56:44.9931988Z"
"event_000002995","session_00001379","user_0043","org_006","purchase_completed","ste_000646","{""source"":""search"",""position"":1}","2025-09-29T07:56:51.9931988Z"
"event_000002996","session_00001380","user_0043","org_006","search_submitted","","{""query_source"":""synonym""}","2025-12-03T17:39:33.9931988Z"
"event_000002997","session_00001381","user_0043","org_006","search_submitted","","{""query_source"":""base""}","2026-03-09T13:49:33.9931988Z"
"event_000002998","session_00001381","user_0043","org_006","result_clicked","ste_000625","{""position"":2}","2026-03-09T13:49:41.9931988Z"
"event_000002999","session_00001381","user_0043","org_006","favorite_added","ste_000625","{""position"":2,""source"":""search""}","2026-03-09T13:49:44.9931988Z"
"event_000003000","session_00001382","user_0043","org_006","search_submitted","","{""query_source"":""base""}","2025-12-24T16:18:33.9931988Z"
"event_000003001","session_00001383","user_0043","org_006","search_submitted","","{""query_source"":""typo""}","2026-03-03T12:00:33.9931988Z"
"event_000003002","session_00001383","user_0043","org_006","result_clicked","ste_000085","{""position"":4}","2026-03-03T12:00:41.9931988Z"
"event_000003003","session_00001383","user_0043","org_006","favorite_added","ste_000369","{""position"":2,""source"":""search""}","2026-03-03T12:00:44.9931988Z"
"event_000003004","session_00001384","user_0044","org_006","search_submitted","","{""query_source"":""base""}","2026-03-11T10:33:33.9931988Z"
"event_000003005","session_00001384","user_0044","org_006","result_clicked","ste_000735","{""position"":3}","2026-03-11T10:33:41.9931988Z"
"event_000003006","session_00001385","user_0044","org_006","search_submitted","","{""query_source"":""base""}","2025-12-06T13:35:33.9931988Z"
"event_000003007","session_00001386","user_0044","org_006","search_submitted","","{""query_source"":""base""}","2025-10-22T15:18:33.9931988Z"
"event_000003008","session_00001386","user_0044","org_006","result_clicked","ste_000485","{""position"":4}","2025-10-22T15:18:41.9931988Z"
"event_000003009","session_00001387","user_0044","org_006","search_submitted","","{""query_source"":""base""}","2025-12-10T00:33:33.9931988Z"
"event_000003010","session_00001387","user_0044","org_006","result_clicked","ste_000471","{""position"":4}","2025-12-10T00:33:41.9931988Z"
"event_000003011","session_00001388","user_0044","org_006","search_submitted","","{""query_source"":""typo""}","2025-10-16T00:04:33.9931988Z"
"event_000003012","session_00001388","user_0044","org_006","result_clicked","ste_000196","{""position"":5}","2025-10-16T00:04:41.9931988Z"
"event_000003013","session_00001388","user_0044","org_006","purchase_completed","ste_000196","{""source"":""search"",""position"":5}","2025-10-16T00:04:51.9931988Z"
"event_000003014","session_00001389","user_0044","org_006","search_submitted","","{""query_source"":""base""}","2025-12-01T09:33:33.9931988Z"
"event_000003015","session_00001389","user_0044","org_006","result_clicked","ste_000532","{""position"":3}","2025-12-01T09:33:41.9931988Z"
"event_000003016","session_00001390","user_0044","org_006","search_submitted","","{""query_source"":""base""}","2026-03-12T08:13:33.9931988Z"
"event_000003017","session_00001390","user_0044","org_006","result_clicked","ste_000235","{""position"":5}","2026-03-12T08:13:41.9931988Z"
"event_000003018","session_00001391","user_0044","org_006","search_submitted","","{""query_source"":""base""}","2025-10-31T13:36:33.9931988Z"
"event_000003019","session_00001391","user_0044","org_006","result_clicked","ste_000801","{""position"":3}","2025-10-31T13:36:41.9931988Z"
"event_000003020","session_00001391","user_0044","org_006","favorite_added","ste_000680","{""position"":4,""source"":""search""}","2025-10-31T13:36:44.9931988Z"
"event_000003021","session_00001392","user_0044","org_006","search_submitted","","{""query_source"":""base""}","2025-12-10T17:04:33.9931988Z"
"event_000003022","session_00001392","user_0044","org_006","result_clicked","ste_000071","{""position"":1}","2025-12-10T17:04:41.9931988Z"
"event_000003023","session_00001392","user_0044","org_006","purchase_completed","ste_000071","{""source"":""search"",""position"":1}","2025-12-10T17:04:51.9931988Z"
"event_000003024","session_00001393","user_0044","org_006","search_submitted","","{""query_source"":""base""}","2026-02-02T15:48:33.9931988Z"
"event_000003025","session_00001393","user_0044","org_006","result_clicked","ste_000460","{""position"":1}","2026-02-02T15:48:41.9931988Z"
"event_000003026","session_00001394","user_0044","org_006","search_submitted","","{""query_source"":""base""}","2025-10-21T12:51:33.9931988Z"
"event_000003027","session_00001395","user_0044","org_006","search_submitted","","{""query_source"":""synonym""}","2025-12-05T15:14:33.9931988Z"
"event_000003028","session_00001395","user_0044","org_006","result_clicked","ste_000765","{""position"":5}","2025-12-05T15:14:41.9931988Z"
"event_000003029","session_00001395","user_0044","org_006","favorite_added","ste_000151","{""position"":4,""source"":""search""}","2025-12-05T15:14:44.9931988Z"
"event_000003030","session_00001395","user_0044","org_006","purchase_completed","ste_000765","{""source"":""search"",""position"":5}","2025-12-05T15:14:51.9931988Z"
"event_000003031","session_00001396","user_0044","org_006","search_submitted","","{""query_source"":""base""}","2026-03-17T14:29:33.9931988Z"
"event_000003032","session_00001396","user_0044","org_006","result_clicked","ste_000166","{""position"":5}","2026-03-17T14:29:41.9931988Z"
"event_000003033","session_00001397","user_0044","org_006","search_submitted","","{""query_source"":""base""}","2025-10-28T05:04:33.9931988Z"
"event_000003034","session_00001398","user_0044","org_006","search_submitted","","{""query_source"":""synonym""}","2025-12-01T10:32:33.9931988Z"
"event_000003035","session_00001399","user_0044","org_006","search_submitted","","{""query_source"":""base""}","2025-10-08T06:24:33.9931988Z"
"event_000003036","session_00001400","user_0044","org_006","search_submitted","","{""query_source"":""base""}","2026-02-09T14:44:33.9931988Z"
"event_000003037","session_00001400","user_0044","org_006","result_clicked","ste_000244","{""position"":3}","2026-02-09T14:44:41.9931988Z"
"event_000003038","session_00001400","user_0044","org_006","favorite_added","ste_000851","{""position"":5,""source"":""search""}","2026-02-09T14:44:44.9931988Z"
"event_000003039","session_00001401","user_0044","org_006","search_submitted","","{""query_source"":""synonym""}","2025-11-16T06:03:33.9931988Z"
"event_000003040","session_00001401","user_0044","org_006","result_clicked","ste_000968","{""position"":4}","2025-11-16T06:03:41.9931988Z"
"event_000003041","session_00001401","user_0044","org_006","favorite_added","ste_000132","{""position"":7,""source"":""search""}","2025-11-16T06:03:44.9931988Z"
"event_000003042","session_00001402","user_0044","org_006","search_submitted","","{""query_source"":""base""}","2026-01-04T00:52:33.9931988Z"
"event_000003043","session_00001402","user_0044","org_006","result_clicked","ste_000762","{""position"":1}","2026-01-04T00:52:41.9931988Z"
"event_000003044","session_00001403","user_0044","org_006","search_submitted","","{""query_source"":""base""}","2025-11-08T21:58:33.9931988Z"
"event_000003045","session_00001403","user_0044","org_006","result_clicked","ste_000805","{""position"":4}","2025-11-08T21:58:41.9931988Z"
"event_000003046","session_00001404","user_0044","org_006","search_submitted","","{""query_source"":""base""}","2025-11-16T15:39:33.9931988Z"
"event_000003047","session_00001405","user_0044","org_006","search_submitted","","{""query_source"":""synonym""}","2026-01-10T06:02:33.9931988Z"
"event_000003048","session_00001405","user_0044","org_006","result_clicked","ste_000852","{""position"":1}","2026-01-10T06:02:41.9931988Z"
"event_000003049","session_00001406","user_0044","org_006","search_submitted","","{""query_source"":""base""}","2025-11-23T02:37:33.9931988Z"
"event_000003050","session_00001407","user_0044","org_006","search_submitted","","{""query_source"":""typo""}","2026-01-26T08:33:33.9931988Z"
"event_000003051","session_00001407","user_0044","org_006","result_clicked","ste_000217","{""position"":1}","2026-01-26T08:33:41.9931988Z"
"event_000003052","session_00001408","user_0044","org_006","search_submitted","","{""query_source"":""base""}","2025-10-31T15:00:33.9931988Z"
"event_000003053","session_00001409","user_0044","org_006","search_submitted","","{""query_source"":""base""}","2026-01-19T03:10:33.9931988Z"
"event_000003054","session_00001410","user_0044","org_006","search_submitted","","{""query_source"":""base""}","2025-10-25T16:57:33.9931988Z"
"event_000003055","session_00001411","user_0044","org_006","search_submitted","","{""query_source"":""base""}","2026-02-18T12:15:33.9931988Z"
"event_000003056","session_00001411","user_0044","org_006","result_clicked","ste_001089","{""position"":1}","2026-02-18T12:15:41.9931988Z"
"event_000003057","session_00001411","user_0044","org_006","favorite_added","ste_001089","{""position"":1,""source"":""search""}","2026-02-18T12:15:44.9931988Z"
"event_000003058","session_00001411","user_0044","org_006","purchase_completed","ste_001089","{""source"":""search"",""position"":1}","2026-02-18T12:15:51.9931988Z"
"event_000003059","session_00001412","user_0044","org_006","search_submitted","","{""query_source"":""base""}","2025-12-23T06:12:33.9931988Z"
"event_000003060","session_00001413","user_0044","org_006","search_submitted","","{""query_source"":""base""}","2026-01-15T04:18:33.9931988Z"
"event_000003061","session_00001414","user_0044","org_006","search_submitted","","{""query_source"":""base""}","2025-10-28T23:11:33.9931988Z"
"event_000003062","session_00001414","user_0044","org_006","result_clicked","ste_000755","{""position"":4}","2025-10-28T23:11:41.9931988Z"
"event_000003063","session_00001415","user_0044","org_006","search_submitted","","{""query_source"":""base""}","2026-03-09T19:53:33.9931988Z"
"event_000003064","session_00001416","user_0044","org_006","search_submitted","","{""query_source"":""base""}","2026-01-17T20:33:33.9931988Z"
"event_000003065","session_00001416","user_0044","org_006","result_clicked","ste_000983","{""position"":2}","2026-01-17T20:33:41.9931988Z"
"event_000003066","session_00001417","user_0044","org_006","search_submitted","","{""query_source"":""base""}","2025-12-23T20:12:33.9931988Z"
"event_000003067","session_00001417","user_0044","org_006","result_clicked","ste_000262","{""position"":5}","2025-12-23T20:12:41.9931988Z"
"event_000003068","session_00001417","user_0044","org_006","favorite_added","ste_000802","{""position"":1,""source"":""search""}","2025-12-23T20:12:44.9931988Z"
"event_000003069","session_00001418","user_0044","org_006","search_submitted","","{""query_source"":""base""}","2026-03-12T13:18:33.9931988Z"
"event_000003070","session_00001418","user_0044","org_006","result_clicked","ste_000391","{""position"":3}","2026-03-12T13:18:41.9931988Z"
"event_000003071","session_00001419","user_0044","org_006","search_submitted","","{""query_source"":""base""}","2025-11-24T19:05:33.9931988Z"
"event_000003072","session_00001419","user_0044","org_006","result_clicked","ste_000181","{""position"":3}","2025-11-24T19:05:41.9931988Z"
"event_000003073","session_00001419","user_0044","org_006","favorite_added","ste_001144","{""position"":7,""source"":""search""}","2025-11-24T19:05:44.9931988Z"
"event_000003074","session_00001419","user_0044","org_006","purchase_completed","ste_000181","{""source"":""search"",""position"":3}","2025-11-24T19:05:51.9931988Z"
"event_000003075","session_00001420","user_0045","org_006","search_submitted","","{""query_source"":""base""}","2025-10-13T09:05:33.9931988Z"
"event_000003076","session_00001420","user_0045","org_006","result_clicked","ste_001098","{""position"":4}","2025-10-13T09:05:41.9931988Z"
"event_000003077","session_00001420","user_0045","org_006","favorite_added","ste_001098","{""position"":4,""source"":""search""}","2025-10-13T09:05:44.9931988Z"
"event_000003078","session_00001420","user_0045","org_006","purchase_completed","ste_001098","{""source"":""search"",""position"":4}","2025-10-13T09:05:51.9931988Z"
"event_000003079","session_00001421","user_0045","org_006","search_submitted","","{""query_source"":""synonym""}","2025-11-16T14:27:33.9931988Z"
"event_000003080","session_00001421","user_0045","org_006","result_clicked","ste_001195","{""position"":2}","2025-11-16T14:27:41.9931988Z"
"event_000003081","session_00001421","user_0045","org_006","purchase_completed","ste_001195","{""source"":""search"",""position"":2}","2025-11-16T14:27:51.9931988Z"
"event_000003082","session_00001422","user_0045","org_006","search_submitted","","{""query_source"":""base""}","2026-03-12T05:56:33.9931988Z"
"event_000003083","session_00001423","user_0045","org_006","search_submitted","","{""query_source"":""base""}","2025-11-21T06:35:33.9931988Z"
"event_000003084","session_00001423","user_0045","org_006","result_clicked","ste_000355","{""position"":2}","2025-11-21T06:35:41.9931988Z"
"event_000003085","session_00001424","user_0045","org_006","search_submitted","","{""query_source"":""typo""}","2026-01-17T13:51:33.9931988Z"
"event_000003086","session_00001424","user_0045","org_006","result_clicked","ste_000224","{""position"":2}","2026-01-17T13:51:41.9931988Z"
"event_000003087","session_00001425","user_0045","org_006","search_submitted","","{""query_source"":""synonym""}","2026-01-17T00:22:33.9931988Z"
"event_000003088","session_00001425","user_0045","org_006","result_clicked","ste_000499","{""position"":5}","2026-01-17T00:22:41.9931988Z"
"event_000003089","session_00001426","user_0045","org_006","search_submitted","","{""query_source"":""synonym""}","2025-11-25T18:37:33.9931988Z"
"event_000003090","session_00001427","user_0045","org_006","search_submitted","","{""query_source"":""base""}","2026-01-04T03:34:33.9931988Z"
"event_000003091","session_00001427","user_0045","org_006","result_clicked","ste_001122","{""position"":5}","2026-01-04T03:34:41.9931988Z"
"event_000003092","session_00001427","user_0045","org_006","purchase_completed","ste_001122","{""source"":""search"",""position"":5}","2026-01-04T03:34:51.9931988Z"
"event_000003093","session_00001428","user_0045","org_006","search_submitted","","{""query_source"":""base""}","2026-03-20T16:57:33.9931988Z"
"event_000003094","session_00001428","user_0045","org_006","result_clicked","ste_000757","{""position"":3}","2026-03-20T16:57:41.9931988Z"
"event_000003095","session_00001428","user_0045","org_006","favorite_added","ste_000409","{""position"":1,""source"":""search""}","2026-03-20T16:57:44.9931988Z"
"event_000003096","session_00001429","user_0045","org_006","search_submitted","","{""query_source"":""base""}","2025-11-06T23:33:33.9931988Z"
"event_000003097","session_00001429","user_0045","org_006","result_clicked","ste_000868","{""position"":2}","2025-11-06T23:33:41.9931988Z"
"event_000003098","session_00001429","user_0045","org_006","favorite_added","ste_000542","{""position"":7,""source"":""search""}","2025-11-06T23:33:44.9931988Z"
"event_000003099","session_00001430","user_0045","org_006","search_submitted","","{""query_source"":""base""}","2025-10-15T11:26:33.9931988Z"
"event_000003100","session_00001430","user_0045","org_006","result_clicked","ste_000790","{""position"":4}","2025-10-15T11:26:41.9931988Z"
"event_000003101","session_00001431","user_0045","org_006","search_submitted","","{""query_source"":""base""}","2025-10-26T11:38:33.9931988Z"
"event_000003102","session_00001431","user_0045","org_006","result_clicked","ste_000450","{""position"":5}","2025-10-26T11:38:41.9931988Z"
"event_000003103","session_00001431","user_0045","org_006","favorite_added","ste_001062","{""position"":7,""source"":""search""}","2025-10-26T11:38:44.9931988Z"
"event_000003104","session_00001432","user_0045","org_006","search_submitted","","{""query_source"":""base""}","2025-10-21T16:00:33.9931988Z"
"event_000003105","session_00001432","user_0045","org_006","result_clicked","ste_000972","{""position"":4}","2025-10-21T16:00:41.9931988Z"
"event_000003106","session_00001433","user_0045","org_006","search_submitted","","{""query_source"":""typo""}","2026-01-16T00:28:33.9931988Z"
"event_000003107","session_00001433","user_0045","org_006","result_clicked","ste_000595","{""position"":3}","2026-01-16T00:28:41.9931988Z"
"event_000003108","session_00001433","user_0045","org_006","favorite_added","ste_000461","{""position"":1,""source"":""search""}","2026-01-16T00:28:44.9931988Z"
"event_000003109","session_00001434","user_0045","org_006","search_submitted","","{""query_source"":""typo""}","2025-12-31T04:21:33.9931988Z"
"event_000003110","session_00001434","user_0045","org_006","result_clicked","ste_000213","{""position"":5}","2025-12-31T04:21:41.9931988Z"
"event_000003111","session_00001434","user_0045","org_006","favorite_added","ste_001045","{""position"":2,""source"":""search""}","2025-12-31T04:21:44.9931988Z"
"event_000003112","session_00001434","user_0045","org_006","purchase_completed","ste_000213","{""source"":""search"",""position"":5}","2025-12-31T04:21:51.9931988Z"
"event_000003113","session_00001435","user_0045","org_006","search_submitted","","{""query_source"":""base""}","2026-02-21T21:48:33.9931988Z"
"event_000003114","session_00001436","user_0045","org_006","search_submitted","","{""query_source"":""typo""}","2026-02-19T16:01:33.9931988Z"
"event_000003115","session_00001437","user_0045","org_006","search_submitted","","{""query_source"":""base""}","2026-02-10T05:29:33.9931988Z"
"event_000003116","session_00001437","user_0045","org_006","result_clicked","ste_000895","{""position"":5}","2026-02-10T05:29:41.9931988Z"
"event_000003117","session_00001437","user_0045","org_006","favorite_added","ste_000895","{""position"":5,""source"":""search""}","2026-02-10T05:29:44.9931988Z"
"event_000003118","session_00001437","user_0045","org_006","purchase_completed","ste_000895","{""source"":""search"",""position"":5}","2026-02-10T05:29:51.9931988Z"
"event_000003119","session_00001438","user_0045","org_006","search_submitted","","{""query_source"":""base""}","2025-11-15T21:57:33.9931988Z"
"event_000003120","session_00001438","user_0045","org_006","result_clicked","ste_000784","{""position"":1}","2025-11-15T21:57:41.9931988Z"
"event_000003121","session_00001439","user_0045","org_006","search_submitted","","{""query_source"":""base""}","2025-12-11T04:14:33.9931988Z"
"event_000003122","session_00001439","user_0045","org_006","result_clicked","ste_000250","{""position"":2}","2025-12-11T04:14:41.9931988Z"
"event_000003123","session_00001439","user_0045","org_006","favorite_added","ste_001087","{""position"":1,""source"":""search""}","2025-12-11T04:14:44.9931988Z"
"event_000003124","session_00001440","user_0045","org_006","search_submitted","","{""query_source"":""base""}","2026-01-16T15:07:33.9931988Z"
"event_000003125","session_00001440","user_0045","org_006","result_clicked","ste_000908","{""position"":3}","2026-01-16T15:07:41.9931988Z"
"event_000003126","session_00001441","user_0045","org_006","search_submitted","","{""query_source"":""base""}","2025-11-24T07:38:33.9931988Z"
"event_000003127","session_00001441","user_0045","org_006","result_clicked","ste_000333","{""position"":1}","2025-11-24T07:38:41.9931988Z"
"event_000003128","session_00001442","user_0045","org_006","search_submitted","","{""query_source"":""base""}","2025-11-10T17:41:33.9931988Z"
"event_000003129","session_00001442","user_0045","org_006","result_clicked","ste_001110","{""position"":4}","2025-11-10T17:41:41.9931988Z"
"event_000003130","session_00001443","user_0045","org_006","search_submitted","","{""query_source"":""base""}","2025-12-09T02:27:33.9931988Z"
"event_000003131","session_00001443","user_0045","org_006","result_clicked","ste_000821","{""position"":4}","2025-12-09T02:27:41.9931988Z"
"event_000003132","session_00001444","user_0045","org_006","search_submitted","","{""query_source"":""base""}","2025-10-20T16:36:33.9931988Z"
"event_000003133","session_00001445","user_0045","org_006","search_submitted","","{""query_source"":""base""}","2026-01-10T18:30:33.9931988Z"
"event_000003134","session_00001446","user_0045","org_006","search_submitted","","{""query_source"":""synonym""}","2025-10-11T13:25:33.9931988Z"
"event_000003135","session_00001446","user_0045","org_006","result_clicked","ste_000313","{""position"":5}","2025-10-11T13:25:41.9931988Z"
"event_000003136","session_00001446","user_0045","org_006","purchase_completed","ste_000313","{""source"":""search"",""position"":5}","2025-10-11T13:25:51.9931988Z"
"event_000003137","session_00001447","user_0045","org_006","search_submitted","","{""query_source"":""base""}","2026-03-15T22:01:33.9931988Z"
"event_000003138","session_00001447","user_0045","org_006","result_clicked","ste_000134","{""position"":2}","2026-03-15T22:01:41.9931988Z"
"event_000003139","session_00001448","user_0045","org_006","search_submitted","","{""query_source"":""typo""}","2025-10-22T16:33:33.9931988Z"
"event_000003140","session_00001448","user_0045","org_006","result_clicked","ste_000600","{""position"":2}","2025-10-22T16:33:41.9931988Z"
"event_000003141","session_00001448","user_0045","org_006","favorite_added","ste_000935","{""position"":7,""source"":""search""}","2025-10-22T16:33:44.9931988Z"
"event_000003142","session_00001448","user_0045","org_006","purchase_completed","ste_000600","{""source"":""search"",""position"":2}","2025-10-22T16:33:51.9931988Z"
"event_000003143","session_00001449","user_0045","org_006","search_submitted","","{""query_source"":""base""}","2026-01-27T18:43:33.9931988Z"
"event_000003144","session_00001449","user_0045","org_006","result_clicked","ste_001065","{""position"":3}","2026-01-27T18:43:41.9931988Z"
"event_000003145","session_00001450","user_0045","org_006","search_submitted","","{""query_source"":""base""}","2025-09-29T13:43:33.9931988Z"
"event_000003146","session_00001450","user_0045","org_006","result_clicked","ste_000142","{""position"":1}","2025-09-29T13:43:41.9931988Z"
"event_000003147","session_00001450","user_0045","org_006","favorite_added","ste_000004","{""position"":3,""source"":""search""}","2025-09-29T13:43:44.9931988Z"
"event_000003148","session_00001451","user_0045","org_006","search_submitted","","{""query_source"":""base""}","2025-10-18T12:02:33.9931988Z"
"event_000003149","session_00001451","user_0045","org_006","result_clicked","ste_000283","{""position"":3}","2025-10-18T12:02:41.9931988Z"
"event_000003150","session_00001452","user_0045","org_006","search_submitted","","{""query_source"":""typo""}","2026-02-01T00:18:33.9931988Z"
"event_000003151","session_00001453","user_0045","org_006","search_submitted","","{""query_source"":""base""}","2025-10-29T03:44:33.9931988Z"
"event_000003152","session_00001453","user_0045","org_006","result_clicked","ste_000242","{""position"":2}","2025-10-29T03:44:41.9931988Z"
"event_000003153","session_00001453","user_0045","org_006","favorite_added","ste_000447","{""position"":7,""source"":""search""}","2025-10-29T03:44:44.9931988Z"
"event_000003154","session_00001454","user_0045","org_006","search_submitted","","{""query_source"":""base""}","2026-02-26T19:19:33.9931988Z"
"event_000003155","session_00001454","user_0045","org_006","result_clicked","ste_000786","{""position"":4}","2026-02-26T19:19:41.9931988Z"
"event_000003156","session_00001454","user_0045","org_006","purchase_completed","ste_000786","{""source"":""search"",""position"":4}","2026-02-26T19:19:51.9931988Z"
"event_000003157","session_00001455","user_0045","org_006","search_submitted","","{""query_source"":""base""}","2026-02-28T03:40:33.9931988Z"
"event_000003158","session_00001456","user_0046","org_006","search_submitted","","{""query_source"":""base""}","2025-10-23T19:10:33.9931988Z"
"event_000003159","session_00001456","user_0046","org_006","result_clicked","ste_000283","{""position"":4}","2025-10-23T19:10:41.9931988Z"
"event_000003160","session_00001456","user_0046","org_006","purchase_completed","ste_000283","{""source"":""search"",""position"":4}","2025-10-23T19:10:51.9931988Z"
"event_000003161","session_00001457","user_0046","org_006","search_submitted","","{""query_source"":""typo""}","2026-01-27T08:50:33.9931988Z"
"event_000003162","session_00001457","user_0046","org_006","result_clicked","ste_000729","{""position"":4}","2026-01-27T08:50:41.9931988Z"
"event_000003163","session_00001457","user_0046","org_006","purchase_completed","ste_000729","{""source"":""search"",""position"":4}","2026-01-27T08:50:51.9931988Z"
"event_000003164","session_00001458","user_0046","org_006","search_submitted","","{""query_source"":""base""}","2026-02-12T06:30:33.9931988Z"
"event_000003165","session_00001458","user_0046","org_006","result_clicked","ste_000494","{""position"":3}","2026-02-12T06:30:41.9931988Z"
"event_000003166","session_00001458","user_0046","org_006","purchase_completed","ste_000494","{""source"":""search"",""position"":3}","2026-02-12T06:30:51.9931988Z"
"event_000003167","session_00001459","user_0046","org_006","search_submitted","","{""query_source"":""base""}","2025-11-05T02:52:33.9931988Z"
"event_000003168","session_00001459","user_0046","org_006","result_clicked","ste_000294","{""position"":5}","2025-11-05T02:52:41.9931988Z"
"event_000003169","session_00001459","user_0046","org_006","favorite_added","ste_001076","{""position"":7,""source"":""search""}","2025-11-05T02:52:44.9931988Z"
"event_000003170","session_00001460","user_0046","org_006","search_submitted","","{""query_source"":""base""}","2026-02-03T08:43:33.9931988Z"
"event_000003171","session_00001460","user_0046","org_006","result_clicked","ste_000381","{""position"":2}","2026-02-03T08:43:41.9931988Z"
"event_000003172","session_00001460","user_0046","org_006","favorite_added","ste_000121","{""position"":7,""source"":""search""}","2026-02-03T08:43:44.9931988Z"
"event_000003173","session_00001461","user_0046","org_006","search_submitted","","{""query_source"":""base""}","2025-11-26T12:03:33.9931988Z"
"event_000003174","session_00001462","user_0046","org_006","search_submitted","","{""query_source"":""base""}","2026-02-06T02:36:33.9931988Z"
"event_000003175","session_00001462","user_0046","org_006","result_clicked","ste_000643","{""position"":4}","2026-02-06T02:36:41.9931988Z"
"event_000003176","session_00001462","user_0046","org_006","favorite_added","ste_001058","{""position"":3,""source"":""search""}","2026-02-06T02:36:44.9931988Z"
"event_000003177","session_00001462","user_0046","org_006","purchase_completed","ste_000643","{""source"":""search"",""position"":4}","2026-02-06T02:36:51.9931988Z"
"event_000003178","session_00001463","user_0046","org_006","search_submitted","","{""query_source"":""synonym""}","2025-12-25T22:53:33.9931988Z"
"event_000003179","session_00001463","user_0046","org_006","result_clicked","ste_000632","{""position"":2}","2025-12-25T22:53:41.9931988Z"
"event_000003180","session_00001463","user_0046","org_006","favorite_added","ste_000727","{""position"":7,""source"":""search""}","2025-12-25T22:53:44.9931988Z"
"event_000003181","session_00001464","user_0046","org_006","search_submitted","","{""query_source"":""base""}","2026-01-23T14:55:33.9931988Z"
"event_000003182","session_00001464","user_0046","org_006","result_clicked","ste_001103","{""position"":1}","2026-01-23T14:55:41.9931988Z"
"event_000003183","session_00001464","user_0046","org_006","purchase_completed","ste_001103","{""source"":""search"",""position"":1}","2026-01-23T14:55:51.9931988Z"
"event_000003184","session_00001465","user_0046","org_006","search_submitted","","{""query_source"":""base""}","2025-11-13T18:55:33.9931988Z"
"event_000003185","session_00001465","user_0046","org_006","result_clicked","ste_000035","{""position"":4}","2025-11-13T18:55:41.9931988Z"
"event_000003186","session_00001466","user_0046","org_006","search_submitted","","{""query_source"":""base""}","2026-02-21T22:11:33.9931988Z"
"event_000003187","session_00001466","user_0046","org_006","result_clicked","ste_000511","{""position"":5}","2026-02-21T22:11:41.9931988Z"
"event_000003188","session_00001466","user_0046","org_006","favorite_added","ste_000165","{""position"":3,""source"":""search""}","2026-02-21T22:11:44.9931988Z"
"event_000003189","session_00001467","user_0046","org_006","search_submitted","","{""query_source"":""synonym""}","2025-12-07T14:27:33.9931988Z"
"event_000003190","session_00001467","user_0046","org_006","result_clicked","ste_000331","{""position"":4}","2025-12-07T14:27:41.9931988Z"
"event_000003191","session_00001467","user_0046","org_006","purchase_completed","ste_000331","{""source"":""search"",""position"":4}","2025-12-07T14:27:51.9931988Z"
"event_000003192","session_00001468","user_0046","org_006","search_submitted","","{""query_source"":""base""}","2025-11-20T08:48:33.9931988Z"
"event_000003193","session_00001468","user_0046","org_006","result_clicked","ste_001011","{""position"":2}","2025-11-20T08:48:41.9931988Z"
"event_000003194","session_00001469","user_0046","org_006","search_submitted","","{""query_source"":""base""}","2026-01-19T13:23:33.9931988Z"
"event_000003195","session_00001469","user_0046","org_006","result_clicked","ste_000374","{""position"":3}","2026-01-19T13:23:41.9931988Z"
"event_000003196","session_00001469","user_0046","org_006","favorite_added","ste_000215","{""position"":4,""source"":""search""}","2026-01-19T13:23:44.9931988Z"
"event_000003197","session_00001470","user_0046","org_006","search_submitted","","{""query_source"":""base""}","2025-12-08T10:35:33.9931988Z"
"event_000003198","session_00001470","user_0046","org_006","result_clicked","ste_000825","{""position"":1}","2025-12-08T10:35:41.9931988Z"
"event_000003199","session_00001471","user_0046","org_006","search_submitted","","{""query_source"":""base""}","2026-03-10T08:14:33.9931988Z"
"event_000003200","session_00001472","user_0046","org_006","search_submitted","","{""query_source"":""base""}","2025-11-02T12:28:33.9931988Z"
"event_000003201","session_00001472","user_0046","org_006","result_clicked","ste_000792","{""position"":1}","2025-11-02T12:28:41.9931988Z"
"event_000003202","session_00001472","user_0046","org_006","purchase_completed","ste_000792","{""source"":""search"",""position"":1}","2025-11-02T12:28:51.9931988Z"
"event_000003203","session_00001473","user_0046","org_006","search_submitted","","{""query_source"":""base""}","2025-10-31T11:47:33.9931988Z"
"event_000003204","session_00001473","user_0046","org_006","result_clicked","ste_000882","{""position"":2}","2025-10-31T11:47:41.9931988Z"
"event_000003205","session_00001474","user_0046","org_006","search_submitted","","{""query_source"":""base""}","2026-01-06T03:25:33.9931988Z"
"event_000003206","session_00001474","user_0046","org_006","result_clicked","ste_000117","{""position"":1}","2026-01-06T03:25:41.9931988Z"
"event_000003207","session_00001475","user_0046","org_006","search_submitted","","{""query_source"":""base""}","2026-02-10T16:03:33.9931988Z"
"event_000003208","session_00001475","user_0046","org_006","result_clicked","ste_000319","{""position"":4}","2026-02-10T16:03:41.9931988Z"
"event_000003209","session_00001476","user_0046","org_006","search_submitted","","{""query_source"":""base""}","2026-01-07T11:14:33.9931988Z"
"event_000003210","session_00001476","user_0046","org_006","result_clicked","ste_000745","{""position"":3}","2026-01-07T11:14:41.9931988Z"
"event_000003211","session_00001477","user_0046","org_006","search_submitted","","{""query_source"":""base""}","2025-12-03T14:06:33.9931988Z"
"event_000003212","session_00001478","user_0046","org_006","search_submitted","","{""query_source"":""base""}","2025-11-26T15:15:33.9931988Z"
"event_000003213","session_00001478","user_0046","org_006","result_clicked","ste_000073","{""position"":2}","2025-11-26T15:15:41.9931988Z"
"event_000003214","session_00001478","user_0046","org_006","purchase_completed","ste_000073","{""source"":""search"",""position"":2}","2025-11-26T15:15:51.9931988Z"
"event_000003215","session_00001479","user_0046","org_006","search_submitted","","{""query_source"":""base""}","2025-12-28T13:02:33.9931988Z"
"event_000003216","session_00001480","user_0046","org_006","search_submitted","","{""query_source"":""base""}","2025-11-23T06:04:33.9931988Z"
"event_000003217","session_00001480","user_0046","org_006","result_clicked","ste_000161","{""position"":1}","2025-11-23T06:04:41.9931988Z"
"event_000003218","session_00001480","user_0046","org_006","favorite_added","ste_000958","{""position"":4,""source"":""search""}","2025-11-23T06:04:44.9931988Z"
"event_000003219","session_00001481","user_0046","org_006","search_submitted","","{""query_source"":""base""}","2025-11-25T18:46:33.9931988Z"
"event_000003220","session_00001482","user_0046","org_006","search_submitted","","{""query_source"":""synonym""}","2026-01-16T09:45:33.9931988Z"
"event_000003221","session_00001482","user_0046","org_006","result_clicked","ste_000743","{""position"":3}","2026-01-16T09:45:41.9931988Z"
"event_000003222","session_00001483","user_0046","org_006","search_submitted","","{""query_source"":""base""}","2026-01-03T22:25:33.9931988Z"
"event_000003223","session_00001483","user_0046","org_006","result_clicked","ste_000152","{""position"":3}","2026-01-03T22:25:41.9931988Z"
"event_000003224","session_00001483","user_0046","org_006","purchase_completed","ste_000152","{""source"":""search"",""position"":3}","2026-01-03T22:25:51.9931988Z"
"event_000003225","session_00001484","user_0046","org_006","search_submitted","","{""query_source"":""typo""}","2025-10-03T01:53:33.9931988Z"
"event_000003226","session_00001484","user_0046","org_006","result_clicked","ste_000569","{""position"":1}","2025-10-03T01:53:41.9931988Z"
"event_000003227","session_00001485","user_0046","org_006","search_submitted","","{""query_source"":""base""}","2026-02-20T09:08:33.9931988Z"
"event_000003228","session_00001485","user_0046","org_006","result_clicked","ste_000325","{""position"":2}","2026-02-20T09:08:41.9931988Z"
"event_000003229","session_00001486","user_0047","org_006","search_submitted","","{""query_source"":""base""}","2025-12-30T03:06:33.9931988Z"
"event_000003230","session_00001486","user_0047","org_006","result_clicked","ste_000735","{""position"":1}","2025-12-30T03:06:41.9931988Z"
"event_000003231","session_00001486","user_0047","org_006","favorite_added","ste_000250","{""position"":2,""source"":""search""}","2025-12-30T03:06:44.9931988Z"
"event_000003232","session_00001487","user_0047","org_006","search_submitted","","{""query_source"":""synonym""}","2026-01-15T03:21:33.9931988Z"
"event_000003233","session_00001487","user_0047","org_006","result_clicked","ste_000331","{""position"":3}","2026-01-15T03:21:41.9931988Z"
"event_000003234","session_00001487","user_0047","org_006","favorite_added","ste_000648","{""position"":4,""source"":""search""}","2026-01-15T03:21:44.9931988Z"
"event_000003235","session_00001488","user_0047","org_006","search_submitted","","{""query_source"":""base""}","2025-12-27T21:45:33.9931988Z"
"event_000003236","session_00001488","user_0047","org_006","result_clicked","ste_000244","{""position"":4}","2025-12-27T21:45:41.9931988Z"
"event_000003237","session_00001489","user_0047","org_006","search_submitted","","{""query_source"":""base""}","2026-03-11T08:38:33.9931988Z"
"event_000003238","session_00001489","user_0047","org_006","result_clicked","ste_001032","{""position"":3}","2026-03-11T08:38:41.9931988Z"
"event_000003239","session_00001489","user_0047","org_006","purchase_completed","ste_001032","{""source"":""search"",""position"":3}","2026-03-11T08:38:51.9931988Z"
"event_000003240","session_00001490","user_0047","org_006","search_submitted","","{""query_source"":""typo""}","2025-12-17T12:49:33.9931988Z"
"event_000003241","session_00001491","user_0047","org_006","search_submitted","","{""query_source"":""base""}","2025-12-02T12:20:33.9931988Z"
"event_000003242","session_00001491","user_0047","org_006","result_clicked","ste_001135","{""position"":5}","2025-12-02T12:20:41.9931988Z"
"event_000003243","session_00001492","user_0047","org_006","search_submitted","","{""query_source"":""base""}","2025-12-21T18:38:33.9931988Z"
"event_000003244","session_00001492","user_0047","org_006","result_clicked","ste_000010","{""position"":2}","2025-12-21T18:38:41.9931988Z"
"event_000003245","session_00001492","user_0047","org_006","favorite_added","ste_000093","{""position"":4,""source"":""search""}","2025-12-21T18:38:44.9931988Z"
"event_000003246","session_00001493","user_0047","org_006","search_submitted","","{""query_source"":""base""}","2025-12-06T17:09:33.9931988Z"
"event_000003247","session_00001493","user_0047","org_006","result_clicked","ste_000992","{""position"":1}","2025-12-06T17:09:41.9931988Z"
"event_000003248","session_00001493","user_0047","org_006","favorite_added","ste_000118","{""position"":2,""source"":""search""}","2025-12-06T17:09:44.9931988Z"
"event_000003249","session_00001494","user_0047","org_006","search_submitted","","{""query_source"":""synonym""}","2025-12-27T05:05:33.9931988Z"
"event_000003250","session_00001494","user_0047","org_006","result_clicked","ste_000121","{""position"":2}","2025-12-27T05:05:41.9931988Z"
"event_000003251","session_00001494","user_0047","org_006","favorite_added","ste_000105","{""position"":1,""source"":""search""}","2025-12-27T05:05:44.9931988Z"
"event_000003252","session_00001495","user_0047","org_006","search_submitted","","{""query_source"":""base""}","2025-10-29T18:54:33.9931988Z"
"event_000003253","session_00001496","user_0047","org_006","search_submitted","","{""query_source"":""typo""}","2025-11-30T19:44:33.9931988Z"
"event_000003254","session_00001497","user_0047","org_006","search_submitted","","{""query_source"":""typo""}","2025-10-28T06:40:33.9931988Z"
"event_000003255","session_00001497","user_0047","org_006","result_clicked","ste_001156","{""position"":4}","2025-10-28T06:40:41.9931988Z"
"event_000003256","session_00001497","user_0047","org_006","purchase_completed","ste_001156","{""source"":""search"",""position"":4}","2025-10-28T06:40:51.9931988Z"
"event_000003257","session_00001498","user_0047","org_006","search_submitted","","{""query_source"":""base""}","2026-02-22T19:54:33.9931988Z"
"event_000003258","session_00001499","user_0047","org_006","search_submitted","","{""query_source"":""base""}","2025-11-17T18:50:33.9931988Z"
"event_000003259","session_00001499","user_0047","org_006","result_clicked","ste_000736","{""position"":5}","2025-11-17T18:50:41.9931988Z"
"event_000003260","session_00001499","user_0047","org_006","purchase_completed","ste_000736","{""source"":""search"",""position"":5}","2025-11-17T18:50:51.9931988Z"
"event_000003261","session_00001500","user_0047","org_006","search_submitted","","{""query_source"":""typo""}","2025-10-23T06:37:33.9931988Z"
"event_000003262","session_00001501","user_0047","org_006","search_submitted","","{""query_source"":""base""}","2025-12-28T06:47:33.9931988Z"
"event_000003263","session_00001502","user_0047","org_006","search_submitted","","{""query_source"":""base""}","2026-01-17T19:36:33.9931988Z"
"event_000003264","session_00001502","user_0047","org_006","result_clicked","ste_000875","{""position"":1}","2026-01-17T19:36:41.9931988Z"
"event_000003265","session_00001503","user_0047","org_006","search_submitted","","{""query_source"":""base""}","2026-03-04T21:06:33.9931988Z"
"event_000003266","session_00001503","user_0047","org_006","result_clicked","ste_000757","{""position"":5}","2026-03-04T21:06:41.9931988Z"
"event_000003267","session_00001503","user_0047","org_006","favorite_added","ste_000847","{""position"":6,""source"":""search""}","2026-03-04T21:06:44.9931988Z"
"event_000003268","session_00001504","user_0047","org_006","search_submitted","","{""query_source"":""base""}","2026-02-05T02:43:33.9931988Z"
"event_000003269","session_00001504","user_0047","org_006","result_clicked","ste_000677","{""position"":2}","2026-02-05T02:43:41.9931988Z"
"event_000003270","session_00001505","user_0047","org_006","search_submitted","","{""query_source"":""base""}","2026-01-28T04:53:33.9931988Z"
"event_000003271","session_00001505","user_0047","org_006","result_clicked","ste_001078","{""position"":5}","2026-01-28T04:53:41.9931988Z"
"event_000003272","session_00001506","user_0047","org_006","search_submitted","","{""query_source"":""base""}","2026-01-08T23:01:33.9931988Z"
"event_000003273","session_00001506","user_0047","org_006","result_clicked","ste_000180","{""position"":4}","2026-01-08T23:01:41.9931988Z"
"event_000003274","session_00001506","user_0047","org_006","favorite_added","ste_000362","{""position"":3,""source"":""search""}","2026-01-08T23:01:44.9931988Z"
"event_000003275","session_00001507","user_0047","org_006","search_submitted","","{""query_source"":""base""}","2025-10-31T08:30:33.9931988Z"
"event_000003276","session_00001507","user_0047","org_006","result_clicked","ste_000133","{""position"":4}","2025-10-31T08:30:41.9931988Z"
"event_000003277","session_00001507","user_0047","org_006","favorite_added","ste_001180","{""position"":6,""source"":""search""}","2025-10-31T08:30:44.9931988Z"
"event_000003278","session_00001508","user_0047","org_006","search_submitted","","{""query_source"":""base""}","2026-02-22T10:22:33.9931988Z"
"event_000003279","session_00001508","user_0047","org_006","result_clicked","ste_000640","{""position"":3}","2026-02-22T10:22:41.9931988Z"
"event_000003280","session_00001508","user_0047","org_006","purchase_completed","ste_000640","{""source"":""search"",""position"":3}","2026-02-22T10:22:51.9931988Z"
"event_000003281","session_00001509","user_0047","org_006","search_submitted","","{""query_source"":""typo""}","2025-10-21T20:32:33.9931988Z"
"event_000003282","session_00001509","user_0047","org_006","result_clicked","ste_000517","{""position"":4}","2025-10-21T20:32:41.9931988Z"
"event_000003283","session_00001509","user_0047","org_006","favorite_added","ste_000744","{""position"":5,""source"":""search""}","2025-10-21T20:32:44.9931988Z"
"event_000003284","session_00001510","user_0047","org_006","search_submitted","","{""query_source"":""base""}","2025-10-15T22:09:33.9931988Z"
"event_000003285","session_00001510","user_0047","org_006","result_clicked","ste_000666","{""position"":2}","2025-10-15T22:09:41.9931988Z"
"event_000003286","session_00001510","user_0047","org_006","purchase_completed","ste_000666","{""source"":""search"",""position"":2}","2025-10-15T22:09:51.9931988Z"
"event_000003287","session_00001511","user_0047","org_006","search_submitted","","{""query_source"":""base""}","2025-11-10T21:39:33.9931988Z"
"event_000003288","session_00001511","user_0047","org_006","result_clicked","ste_000801","{""position"":2}","2025-11-10T21:39:41.9931988Z"
"event_000003289","session_00001512","user_0047","org_006","search_submitted","","{""query_source"":""base""}","2026-02-10T01:39:33.9931988Z"
"event_000003290","session_00001512","user_0047","org_006","result_clicked","ste_000045","{""position"":1}","2026-02-10T01:39:41.9931988Z"
"event_000003291","session_00001513","user_0047","org_006","search_submitted","","{""query_source"":""synonym""}","2025-10-25T00:06:33.9931988Z"
"event_000003292","session_00001513","user_0047","org_006","result_clicked","ste_000233","{""position"":3}","2025-10-25T00:06:41.9931988Z"
"event_000003293","session_00001514","user_0047","org_006","search_submitted","","{""query_source"":""base""}","2025-11-04T16:23:33.9931988Z"
"event_000003294","session_00001514","user_0047","org_006","result_clicked","ste_001121","{""position"":5}","2025-11-04T16:23:41.9931988Z"
"event_000003295","session_00001515","user_0048","org_006","search_submitted","","{""query_source"":""base""}","2026-01-09T07:03:33.9931988Z"
"event_000003296","session_00001515","user_0048","org_006","result_clicked","ste_000454","{""position"":4}","2026-01-09T07:03:41.9931988Z"
"event_000003297","session_00001516","user_0048","org_006","search_submitted","","{""query_source"":""base""}","2026-02-28T15:20:33.9931988Z"
"event_000003298","session_00001516","user_0048","org_006","result_clicked","ste_000830","{""position"":5}","2026-02-28T15:20:41.9931988Z"
"event_000003299","session_00001517","user_0048","org_006","search_submitted","","{""query_source"":""synonym""}","2025-12-23T09:16:33.9931988Z"
"event_000003300","session_00001517","user_0048","org_006","result_clicked","ste_000574","{""position"":3}","2025-12-23T09:16:41.9931988Z"
"event_000003301","session_00001518","user_0048","org_006","search_submitted","","{""query_source"":""base""}","2025-12-26T13:36:33.9931988Z"
"event_000003302","session_00001519","user_0048","org_006","search_submitted","","{""query_source"":""base""}","2026-03-19T05:20:33.9931988Z"
"event_000003303","session_00001519","user_0048","org_006","result_clicked","ste_000020","{""position"":3}","2026-03-19T05:20:41.9931988Z"
"event_000003304","session_00001519","user_0048","org_006","purchase_completed","ste_000020","{""source"":""search"",""position"":3}","2026-03-19T05:20:51.9931988Z"
"event_000003305","session_00001520","user_0048","org_006","search_submitted","","{""query_source"":""base""}","2025-12-06T02:50:33.9931988Z"
"event_000003306","session_00001520","user_0048","org_006","result_clicked","ste_001027","{""position"":4}","2025-12-06T02:50:41.9931988Z"
"event_000003307","session_00001521","user_0048","org_006","search_submitted","","{""query_source"":""base""}","2025-09-30T11:18:33.9931988Z"
"event_000003308","session_00001521","user_0048","org_006","result_clicked","ste_000131","{""position"":1}","2025-09-30T11:18:41.9931988Z"
"event_000003309","session_00001522","user_0048","org_006","search_submitted","","{""query_source"":""base""}","2025-12-22T20:41:33.9931988Z"
"event_000003310","session_00001522","user_0048","org_006","result_clicked","ste_000040","{""position"":1}","2025-12-22T20:41:41.9931988Z"
"event_000003311","session_00001522","user_0048","org_006","purchase_completed","ste_000040","{""source"":""search"",""position"":1}","2025-12-22T20:41:51.9931988Z"
"event_000003312","session_00001523","user_0048","org_006","search_submitted","","{""query_source"":""base""}","2026-03-25T03:31:33.9931988Z"
"event_000003313","session_00001523","user_0048","org_006","result_clicked","ste_000420","{""position"":4}","2026-03-25T03:31:41.9931988Z"
"event_000003314","session_00001523","user_0048","org_006","favorite_added","ste_000854","{""position"":7,""source"":""search""}","2026-03-25T03:31:44.9931988Z"
"event_000003315","session_00001524","user_0048","org_006","search_submitted","","{""query_source"":""base""}","2026-02-13T16:24:33.9931988Z"
"event_000003316","session_00001524","user_0048","org_006","result_clicked","ste_000060","{""position"":5}","2026-02-13T16:24:41.9931988Z"
"event_000003317","session_00001525","user_0048","org_006","search_submitted","","{""query_source"":""base""}","2025-12-22T16:07:33.9931988Z"
"event_000003318","session_00001525","user_0048","org_006","result_clicked","ste_001073","{""position"":2}","2025-12-22T16:07:41.9931988Z"
"event_000003319","session_00001525","user_0048","org_006","purchase_completed","ste_001073","{""source"":""search"",""position"":2}","2025-12-22T16:07:51.9931988Z"
"event_000003320","session_00001526","user_0048","org_006","search_submitted","","{""query_source"":""base""}","2026-02-25T23:38:33.9931988Z"
"event_000003321","session_00001527","user_0048","org_006","search_submitted","","{""query_source"":""base""}","2025-11-14T12:34:33.9931988Z"
"event_000003322","session_00001527","user_0048","org_006","result_clicked","ste_000887","{""position"":1}","2025-11-14T12:34:41.9931988Z"
"event_000003323","session_00001527","user_0048","org_006","favorite_added","ste_000287","{""position"":6,""source"":""search""}","2025-11-14T12:34:44.9931988Z"
"event_000003324","session_00001528","user_0048","org_006","search_submitted","","{""query_source"":""base""}","2026-01-13T17:36:33.9931988Z"
"event_000003325","session_00001528","user_0048","org_006","result_clicked","ste_000886","{""position"":1}","2026-01-13T17:36:41.9931988Z"
"event_000003326","session_00001529","user_0048","org_006","search_submitted","","{""query_source"":""base""}","2025-11-13T06:34:33.9931988Z"
"event_000003327","session_00001529","user_0048","org_006","result_clicked","ste_000032","{""position"":2}","2025-11-13T06:34:41.9931988Z"
"event_000003328","session_00001530","user_0048","org_006","search_submitted","","{""query_source"":""base""}","2026-03-16T23:58:33.9931988Z"
"event_000003329","session_00001530","user_0048","org_006","result_clicked","ste_000534","{""position"":1}","2026-03-16T23:58:41.9931988Z"
"event_000003330","session_00001530","user_0048","org_006","favorite_added","ste_000534","{""position"":1,""source"":""search""}","2026-03-16T23:58:44.9931988Z"
"event_000003331","session_00001531","user_0048","org_006","search_submitted","","{""query_source"":""synonym""}","2026-03-09T03:19:33.9931988Z"
"event_000003332","session_00001531","user_0048","org_006","result_clicked","ste_000613","{""position"":4}","2026-03-09T03:19:41.9931988Z"
"event_000003333","session_00001532","user_0048","org_006","search_submitted","","{""query_source"":""base""}","2025-10-09T14:59:33.9931988Z"
"event_000003334","session_00001532","user_0048","org_006","result_clicked","ste_000146","{""position"":5}","2025-10-09T14:59:41.9931988Z"
"event_000003335","session_00001533","user_0048","org_006","search_submitted","","{""query_source"":""base""}","2025-11-12T11:57:33.9931988Z"
"event_000003336","session_00001533","user_0048","org_006","result_clicked","ste_000924","{""position"":5}","2025-11-12T11:57:41.9931988Z"
"event_000003337","session_00001534","user_0048","org_006","search_submitted","","{""query_source"":""base""}","2026-03-25T10:30:33.9931988Z"
"event_000003338","session_00001535","user_0048","org_006","search_submitted","","{""query_source"":""base""}","2025-12-04T16:37:33.9931988Z"
"event_000003339","session_00001535","user_0048","org_006","result_clicked","ste_000252","{""position"":1}","2025-12-04T16:37:41.9931988Z"
"event_000003340","session_00001535","user_0048","org_006","favorite_added","ste_000252","{""position"":1,""source"":""search""}","2025-12-04T16:37:44.9931988Z"
"event_000003341","session_00001536","user_0048","org_006","search_submitted","","{""query_source"":""base""}","2025-11-25T16:21:33.9931988Z"
"event_000003342","session_00001536","user_0048","org_006","result_clicked","ste_000996","{""position"":5}","2025-11-25T16:21:41.9931988Z"
"event_000003343","session_00001536","user_0048","org_006","favorite_added","ste_000035","{""position"":6,""source"":""search""}","2025-11-25T16:21:44.9931988Z"
"event_000003344","session_00001537","user_0048","org_006","search_submitted","","{""query_source"":""base""}","2026-01-21T14:54:33.9931988Z"
"event_000003345","session_00001537","user_0048","org_006","result_clicked","ste_000582","{""position"":5}","2026-01-21T14:54:41.9931988Z"
"event_000003346","session_00001538","user_0048","org_006","search_submitted","","{""query_source"":""base""}","2025-10-01T13:23:33.9931988Z"
"event_000003347","session_00001539","user_0048","org_006","search_submitted","","{""query_source"":""base""}","2025-11-17T14:20:33.9931988Z"
"event_000003348","session_00001539","user_0048","org_006","result_clicked","ste_000853","{""position"":5}","2025-11-17T14:20:41.9931988Z"
"event_000003349","session_00001539","user_0048","org_006","favorite_added","ste_000388","{""position"":3,""source"":""search""}","2025-11-17T14:20:44.9931988Z"
"event_000003350","session_00001540","user_0048","org_006","search_submitted","","{""query_source"":""base""}","2026-02-02T14:50:33.9931988Z"
"event_000003351","session_00001540","user_0048","org_006","result_clicked","ste_000894","{""position"":4}","2026-02-02T14:50:41.9931988Z"
"event_000003352","session_00001540","user_0048","org_006","purchase_completed","ste_000894","{""source"":""search"",""position"":4}","2026-02-02T14:50:51.9931988Z"
"event_000003353","session_00001541","user_0048","org_006","search_submitted","","{""query_source"":""base""}","2026-01-24T06:13:33.9931988Z"
"event_000003354","session_00001541","user_0048","org_006","result_clicked","ste_000931","{""position"":2}","2026-01-24T06:13:41.9931988Z"
"event_000003355","session_00001541","user_0048","org_006","favorite_added","ste_000500","{""position"":6,""source"":""search""}","2026-01-24T06:13:44.9931988Z"
"event_000003356","session_00001541","user_0048","org_006","purchase_completed","ste_000931","{""source"":""search"",""position"":2}","2026-01-24T06:13:51.9931988Z"
"event_000003357","session_00001542","user_0048","org_006","search_submitted","","{""query_source"":""base""}","2026-03-13T04:16:33.9931988Z"
"event_000003358","session_00001542","user_0048","org_006","result_clicked","ste_000241","{""position"":5}","2026-03-13T04:16:41.9931988Z"
"event_000003359","session_00001542","user_0048","org_006","favorite_added","ste_001172","{""position"":4,""source"":""search""}","2026-03-13T04:16:44.9931988Z"
"event_000003360","session_00001543","user_0048","org_006","search_submitted","","{""query_source"":""base""}","2025-11-19T07:56:33.9931988Z"
"event_000003361","session_00001543","user_0048","org_006","result_clicked","ste_000284","{""position"":1}","2025-11-19T07:56:41.9931988Z"
"event_000003362","session_00001544","user_0048","org_006","search_submitted","","{""query_source"":""base""}","2025-12-16T18:47:33.9931988Z"
"event_000003363","session_00001544","user_0048","org_006","result_clicked","ste_000871","{""position"":5}","2025-12-16T18:47:41.9931988Z"
"event_000003364","session_00001545","user_0048","org_006","search_submitted","","{""query_source"":""synonym""}","2026-03-07T16:31:33.9931988Z"
"event_000003365","session_00001545","user_0048","org_006","result_clicked","ste_000437","{""position"":1}","2026-03-07T16:31:41.9931988Z"
"event_000003366","session_00001545","user_0048","org_006","favorite_added","ste_000437","{""position"":1,""source"":""search""}","2026-03-07T16:31:44.9931988Z"
"event_000003367","session_00001545","user_0048","org_006","purchase_completed","ste_000437","{""source"":""search"",""position"":1}","2026-03-07T16:31:51.9931988Z"
"event_000003368","session_00001546","user_0049","org_007","search_submitted","","{""query_source"":""typo""}","2025-12-30T14:08:33.9931988Z"
"event_000003369","session_00001546","user_0049","org_007","result_clicked","ste_000679","{""position"":3}","2025-12-30T14:08:41.9931988Z"
"event_000003370","session_00001547","user_0049","org_007","search_submitted","","{""query_source"":""base""}","2025-12-05T19:01:33.9931988Z"
"event_000003371","session_00001547","user_0049","org_007","result_clicked","ste_000927","{""position"":5}","2025-12-05T19:01:41.9931988Z"
"event_000003372","session_00001548","user_0049","org_007","search_submitted","","{""query_source"":""base""}","2025-10-04T18:38:33.9931988Z"
"event_000003373","session_00001548","user_0049","org_007","result_clicked","ste_000185","{""position"":3}","2025-10-04T18:38:41.9931988Z"
"event_000003374","session_00001548","user_0049","org_007","favorite_added","ste_001111","{""position"":7,""source"":""search""}","2025-10-04T18:38:44.9931988Z"
"event_000003375","session_00001549","user_0049","org_007","search_submitted","","{""query_source"":""base""}","2026-02-05T01:38:33.9931988Z"
"event_000003376","session_00001549","user_0049","org_007","result_clicked","ste_000428","{""position"":4}","2026-02-05T01:38:41.9931988Z"
"event_000003377","session_00001550","user_0049","org_007","search_submitted","","{""query_source"":""base""}","2025-11-17T03:05:33.9931988Z"
"event_000003378","session_00001550","user_0049","org_007","result_clicked","ste_000122","{""position"":5}","2025-11-17T03:05:41.9931988Z"
"event_000003379","session_00001550","user_0049","org_007","purchase_completed","ste_000122","{""source"":""search"",""position"":5}","2025-11-17T03:05:51.9931988Z"
"event_000003380","session_00001551","user_0049","org_007","search_submitted","","{""query_source"":""base""}","2026-01-30T10:58:33.9931988Z"
"event_000003381","session_00001551","user_0049","org_007","result_clicked","ste_000388","{""position"":4}","2026-01-30T10:58:41.9931988Z"
"event_000003382","session_00001551","user_0049","org_007","favorite_added","ste_000764","{""position"":1,""source"":""search""}","2026-01-30T10:58:44.9931988Z"
"event_000003383","session_00001552","user_0049","org_007","search_submitted","","{""query_source"":""typo""}","2025-10-02T05:28:33.9931988Z"
"event_000003384","session_00001552","user_0049","org_007","result_clicked","ste_000977","{""position"":5}","2025-10-02T05:28:41.9931988Z"
"event_000003385","session_00001552","user_0049","org_007","purchase_completed","ste_000977","{""source"":""search"",""position"":5}","2025-10-02T05:28:51.9931988Z"
"event_000003386","session_00001553","user_0049","org_007","search_submitted","","{""query_source"":""base""}","2025-12-16T12:28:33.9931988Z"
"event_000003387","session_00001553","user_0049","org_007","result_clicked","ste_000177","{""position"":5}","2025-12-16T12:28:41.9931988Z"
"event_000003388","session_00001553","user_0049","org_007","favorite_added","ste_000843","{""position"":4,""source"":""search""}","2025-12-16T12:28:44.9931988Z"
"event_000003389","session_00001554","user_0049","org_007","search_submitted","","{""query_source"":""base""}","2025-11-03T18:38:33.9931988Z"
"event_000003390","session_00001554","user_0049","org_007","result_clicked","ste_000440","{""position"":4}","2025-11-03T18:38:41.9931988Z"
"event_000003391","session_00001555","user_0049","org_007","search_submitted","","{""query_source"":""base""}","2026-02-16T10:33:33.9931988Z"
"event_000003392","session_00001555","user_0049","org_007","result_clicked","ste_000204","{""position"":1}","2026-02-16T10:33:41.9931988Z"
"event_000003393","session_00001556","user_0049","org_007","search_submitted","","{""query_source"":""base""}","2026-01-24T01:50:33.9931988Z"
"event_000003394","session_00001556","user_0049","org_007","result_clicked","ste_000362","{""position"":4}","2026-01-24T01:50:41.9931988Z"
"event_000003395","session_00001557","user_0049","org_007","search_submitted","","{""query_source"":""typo""}","2026-03-02T22:01:33.9931988Z"
"event_000003396","session_00001558","user_0049","org_007","search_submitted","","{""query_source"":""typo""}","2025-10-28T20:04:33.9931988Z"
"event_000003397","session_00001558","user_0049","org_007","result_clicked","ste_000799","{""position"":3}","2025-10-28T20:04:41.9931988Z"
"event_000003398","session_00001558","user_0049","org_007","favorite_added","ste_000653","{""position"":7,""source"":""search""}","2025-10-28T20:04:44.9931988Z"
"event_000003399","session_00001559","user_0049","org_007","search_submitted","","{""query_source"":""base""}","2025-10-31T21:27:33.9931988Z"
"event_000003400","session_00001559","user_0049","org_007","result_clicked","ste_000915","{""position"":2}","2025-10-31T21:27:41.9931988Z"
"event_000003401","session_00001560","user_0049","org_007","search_submitted","","{""query_source"":""base""}","2025-10-29T12:58:33.9931988Z"
"event_000003402","session_00001561","user_0049","org_007","search_submitted","","{""query_source"":""base""}","2026-01-24T20:16:33.9931988Z"
"event_000003403","session_00001561","user_0049","org_007","result_clicked","ste_000179","{""position"":5}","2026-01-24T20:16:41.9931988Z"
"event_000003404","session_00001561","user_0049","org_007","purchase_completed","ste_000179","{""source"":""search"",""position"":5}","2026-01-24T20:16:51.9931988Z"
"event_000003405","session_00001562","user_0049","org_007","search_submitted","","{""query_source"":""synonym""}","2026-01-27T13:15:33.9931988Z"
"event_000003406","session_00001563","user_0049","org_007","search_submitted","","{""query_source"":""base""}","2025-10-26T12:05:33.9931988Z"
"event_000003407","session_00001563","user_0049","org_007","result_clicked","ste_000477","{""position"":3}","2025-10-26T12:05:41.9931988Z"
"event_000003408","session_00001564","user_0049","org_007","search_submitted","","{""query_source"":""base""}","2026-02-10T20:21:33.9931988Z"
"event_000003409","session_00001564","user_0049","org_007","result_clicked","ste_000938","{""position"":5}","2026-02-10T20:21:41.9931988Z"
"event_000003410","session_00001564","user_0049","org_007","favorite_added","ste_000938","{""position"":5,""source"":""search""}","2026-02-10T20:21:44.9931988Z"
"event_000003411","session_00001565","user_0049","org_007","search_submitted","","{""query_source"":""base""}","2026-01-28T14:04:33.9931988Z"
"event_000003412","session_00001566","user_0049","org_007","search_submitted","","{""query_source"":""base""}","2026-01-03T05:46:33.9931988Z"
"event_000003413","session_00001567","user_0049","org_007","search_submitted","","{""query_source"":""base""}","2026-02-13T21:53:33.9931988Z"
"event_000003414","session_00001567","user_0049","org_007","result_clicked","ste_000048","{""position"":2}","2026-02-13T21:53:41.9931988Z"
"event_000003415","session_00001567","user_0049","org_007","favorite_added","ste_000035","{""position"":1,""source"":""search""}","2026-02-13T21:53:44.9931988Z"
"event_000003416","session_00001568","user_0049","org_007","search_submitted","","{""query_source"":""synonym""}","2026-03-04T23:59:33.9931988Z"
"event_000003417","session_00001568","user_0049","org_007","result_clicked","ste_000676","{""position"":1}","2026-03-04T23:59:41.9931988Z"
"event_000003418","session_00001569","user_0049","org_007","search_submitted","","{""query_source"":""base""}","2026-01-10T12:29:33.9931988Z"
"event_000003419","session_00001569","user_0049","org_007","result_clicked","ste_000646","{""position"":2}","2026-01-10T12:29:41.9931988Z"
"event_000003420","session_00001569","user_0049","org_007","favorite_added","ste_000020","{""position"":7,""source"":""search""}","2026-01-10T12:29:44.9931988Z"
"event_000003421","session_00001570","user_0049","org_007","search_submitted","","{""query_source"":""base""}","2025-10-10T19:59:33.9931988Z"
"event_000003422","session_00001571","user_0049","org_007","search_submitted","","{""query_source"":""base""}","2026-02-07T09:08:33.9931988Z"
"event_000003423","session_00001571","user_0049","org_007","result_clicked","ste_000498","{""position"":5}","2026-02-07T09:08:41.9931988Z"
"event_000003424","session_00001572","user_0049","org_007","search_submitted","","{""query_source"":""base""}","2026-03-08T01:56:33.9931988Z"
"event_000003425","session_00001572","user_0049","org_007","result_clicked","ste_001182","{""position"":4}","2026-03-08T01:56:41.9931988Z"
"event_000003426","session_00001573","user_0049","org_007","search_submitted","","{""query_source"":""base""}","2025-10-22T02:13:33.9931988Z"
"event_000003427","session_00001573","user_0049","org_007","result_clicked","ste_001097","{""position"":3}","2025-10-22T02:13:41.9931988Z"
"event_000003428","session_00001573","user_0049","org_007","favorite_added","ste_001089","{""position"":2,""source"":""search""}","2025-10-22T02:13:44.9931988Z"
"event_000003429","session_00001574","user_0049","org_007","search_submitted","","{""query_source"":""base""}","2026-02-13T00:03:33.9931988Z"
"event_000003430","session_00001574","user_0049","org_007","result_clicked","ste_000137","{""position"":3}","2026-02-13T00:03:41.9931988Z"
"event_000003431","session_00001575","user_0050","org_007","search_submitted","","{""query_source"":""base""}","2025-11-05T08:15:33.9931988Z"
"event_000003432","session_00001575","user_0050","org_007","result_clicked","ste_000324","{""position"":1}","2025-11-05T08:15:41.9931988Z"
"event_000003433","session_00001576","user_0050","org_007","search_submitted","","{""query_source"":""base""}","2026-01-16T19:25:33.9931988Z"
"event_000003434","session_00001576","user_0050","org_007","result_clicked","ste_000603","{""position"":1}","2026-01-16T19:25:41.9931988Z"
"event_000003435","session_00001577","user_0050","org_007","search_submitted","","{""query_source"":""base""}","2025-12-16T12:50:33.9931988Z"
"event_000003436","session_00001577","user_0050","org_007","result_clicked","ste_000186","{""position"":3}","2025-12-16T12:50:41.9931988Z"
"event_000003437","session_00001577","user_0050","org_007","purchase_completed","ste_000186","{""source"":""search"",""position"":3}","2025-12-16T12:50:51.9931988Z"
"event_000003438","session_00001578","user_0050","org_007","search_submitted","","{""query_source"":""synonym""}","2025-12-29T08:35:33.9931988Z"
"event_000003439","session_00001579","user_0050","org_007","search_submitted","","{""query_source"":""base""}","2025-11-18T16:27:33.9931988Z"
"event_000003440","session_00001579","user_0050","org_007","result_clicked","ste_000994","{""position"":5}","2025-11-18T16:27:41.9931988Z"
"event_000003441","session_00001579","user_0050","org_007","purchase_completed","ste_000994","{""source"":""search"",""position"":5}","2025-11-18T16:27:51.9931988Z"
"event_000003442","session_00001580","user_0050","org_007","search_submitted","","{""query_source"":""synonym""}","2025-10-11T16:28:33.9931988Z"
"event_000003443","session_00001580","user_0050","org_007","result_clicked","ste_000110","{""position"":2}","2025-10-11T16:28:41.9931988Z"
"event_000003444","session_00001581","user_0050","org_007","search_submitted","","{""query_source"":""base""}","2026-01-26T06:25:33.9931988Z"
"event_000003445","session_00001581","user_0050","org_007","result_clicked","ste_000769","{""position"":1}","2026-01-26T06:25:41.9931988Z"
"event_000003446","session_00001581","user_0050","org_007","favorite_added","ste_000570","{""position"":6,""source"":""search""}","2026-01-26T06:25:44.9931988Z"
"event_000003447","session_00001582","user_0050","org_007","search_submitted","","{""query_source"":""typo""}","2025-12-24T13:18:33.9931988Z"
"event_000003448","session_00001582","user_0050","org_007","result_clicked","ste_000334","{""position"":4}","2025-12-24T13:18:41.9931988Z"
"event_000003449","session_00001583","user_0050","org_007","search_submitted","","{""query_source"":""base""}","2026-01-27T19:57:33.9931988Z"
"event_000003450","session_00001583","user_0050","org_007","result_clicked","ste_000091","{""position"":4}","2026-01-27T19:57:41.9931988Z"
"event_000003451","session_00001583","user_0050","org_007","favorite_added","ste_000091","{""position"":4,""source"":""search""}","2026-01-27T19:57:44.9931988Z"
"event_000003452","session_00001584","user_0050","org_007","search_submitted","","{""query_source"":""base""}","2025-11-02T01:29:33.9931988Z"
"event_000003453","session_00001584","user_0050","org_007","result_clicked","ste_000252","{""position"":1}","2025-11-02T01:29:41.9931988Z"
"event_000003454","session_00001585","user_0050","org_007","search_submitted","","{""query_source"":""base""}","2026-02-08T16:58:33.9931988Z"
"event_000003455","session_00001585","user_0050","org_007","result_clicked","ste_000848","{""position"":4}","2026-02-08T16:58:41.9931988Z"
"event_000003456","session_00001586","user_0050","org_007","search_submitted","","{""query_source"":""base""}","2026-02-09T15:31:33.9931988Z"
"event_000003457","session_00001586","user_0050","org_007","result_clicked","ste_000125","{""position"":3}","2026-02-09T15:31:41.9931988Z"
"event_000003458","session_00001586","user_0050","org_007","purchase_completed","ste_000125","{""source"":""search"",""position"":3}","2026-02-09T15:31:51.9931988Z"
"event_000003459","session_00001587","user_0050","org_007","search_submitted","","{""query_source"":""base""}","2026-01-24T09:49:33.9931988Z"
"event_000003460","session_00001587","user_0050","org_007","result_clicked","ste_001071","{""position"":4}","2026-01-24T09:49:41.9931988Z"
"event_000003461","session_00001588","user_0050","org_007","search_submitted","","{""query_source"":""typo""}","2025-12-02T22:55:33.9931988Z"
"event_000003462","session_00001588","user_0050","org_007","result_clicked","ste_000944","{""position"":3}","2025-12-02T22:55:41.9931988Z"
"event_000003463","session_00001588","user_0050","org_007","favorite_added","ste_000499","{""position"":4,""source"":""search""}","2025-12-02T22:55:44.9931988Z"
"event_000003464","session_00001588","user_0050","org_007","purchase_completed","ste_000944","{""source"":""search"",""position"":3}","2025-12-02T22:55:51.9931988Z"
"event_000003465","session_00001589","user_0050","org_007","search_submitted","","{""query_source"":""base""}","2025-12-22T06:16:33.9931988Z"
"event_000003466","session_00001589","user_0050","org_007","result_clicked","ste_000957","{""position"":2}","2025-12-22T06:16:41.9931988Z"
"event_000003467","session_00001590","user_0050","org_007","search_submitted","","{""query_source"":""base""}","2026-02-17T06:52:33.9931988Z"
"event_000003468","session_00001591","user_0050","org_007","search_submitted","","{""query_source"":""base""}","2026-01-16T05:37:33.9931988Z"
"event_000003469","session_00001591","user_0050","org_007","result_clicked","ste_000914","{""position"":4}","2026-01-16T05:37:41.9931988Z"
"event_000003470","session_00001591","user_0050","org_007","purchase_completed","ste_000914","{""source"":""search"",""position"":4}","2026-01-16T05:37:51.9931988Z"
"event_000003471","session_00001592","user_0050","org_007","search_submitted","","{""query_source"":""base""}","2025-10-09T20:44:33.9931988Z"
"event_000003472","session_00001592","user_0050","org_007","result_clicked","ste_000370","{""position"":1}","2025-10-09T20:44:41.9931988Z"
"event_000003473","session_00001593","user_0050","org_007","search_submitted","","{""query_source"":""base""}","2025-12-01T17:24:33.9931988Z"
"event_000003474","session_00001594","user_0050","org_007","search_submitted","","{""query_source"":""base""}","2026-03-05T14:01:33.9931988Z"
"event_000003475","session_00001594","user_0050","org_007","result_clicked","ste_000108","{""position"":4}","2026-03-05T14:01:41.9931988Z"
"event_000003476","session_00001594","user_0050","org_007","purchase_completed","ste_000108","{""source"":""search"",""position"":4}","2026-03-05T14:01:51.9931988Z"
"event_000003477","session_00001595","user_0050","org_007","search_submitted","","{""query_source"":""base""}","2026-01-12T21:53:33.9931988Z"
"event_000003478","session_00001596","user_0050","org_007","search_submitted","","{""query_source"":""base""}","2025-10-07T08:46:33.9931988Z"
"event_000003479","session_00001597","user_0050","org_007","search_submitted","","{""query_source"":""base""}","2026-02-09T17:40:33.9931988Z"
"event_000003480","session_00001597","user_0050","org_007","result_clicked","ste_000113","{""position"":3}","2026-02-09T17:40:41.9931988Z"
"event_000003481","session_00001597","user_0050","org_007","favorite_added","ste_000970","{""position"":7,""source"":""search""}","2026-02-09T17:40:44.9931988Z"
"event_000003482","session_00001598","user_0050","org_007","search_submitted","","{""query_source"":""base""}","2026-01-17T04:12:33.9931988Z"
"event_000003483","session_00001598","user_0050","org_007","result_clicked","ste_000603","{""position"":5}","2026-01-17T04:12:41.9931988Z"
"event_000003484","session_00001599","user_0050","org_007","search_submitted","","{""query_source"":""base""}","2025-10-01T04:59:33.9931988Z"
"event_000003485","session_00001599","user_0050","org_007","result_clicked","ste_001015","{""position"":4}","2025-10-01T04:59:41.9931988Z"
"event_000003486","session_00001599","user_0050","org_007","favorite_added","ste_000492","{""position"":6,""source"":""search""}","2025-10-01T04:59:44.9931988Z"
"event_000003487","session_00001600","user_0050","org_007","search_submitted","","{""query_source"":""base""}","2025-11-26T20:16:33.9931988Z"
"event_000003488","session_00001601","user_0050","org_007","search_submitted","","{""query_source"":""base""}","2026-03-02T10:21:33.9931988Z"
"event_000003489","session_00001601","user_0050","org_007","result_clicked","ste_000771","{""position"":5}","2026-03-02T10:21:41.9931988Z"
"event_000003490","session_00001601","user_0050","org_007","favorite_added","ste_001112","{""position"":4,""source"":""search""}","2026-03-02T10:21:44.9931988Z"
"event_000003491","session_00001602","user_0050","org_007","search_submitted","","{""query_source"":""base""}","2025-12-29T11:33:33.9931988Z"
"event_000003492","session_00001602","user_0050","org_007","result_clicked","ste_000567","{""position"":2}","2025-12-29T11:33:41.9931988Z"
"event_000003493","session_00001602","user_0050","org_007","favorite_added","ste_000612","{""position"":3,""source"":""search""}","2025-12-29T11:33:44.9931988Z"
"event_000003494","session_00001603","user_0050","org_007","search_submitted","","{""query_source"":""base""}","2026-02-13T11:28:33.9931988Z"
"event_000003495","session_00001603","user_0050","org_007","result_clicked","ste_000867","{""position"":2}","2026-02-13T11:28:41.9931988Z"
"event_000003496","session_00001604","user_0050","org_007","search_submitted","","{""query_source"":""synonym""}","2025-10-28T10:56:33.9931988Z"
"event_000003497","session_00001604","user_0050","org_007","result_clicked","ste_000144","{""position"":3}","2025-10-28T10:56:41.9931988Z"
"event_000003498","session_00001604","user_0050","org_007","favorite_added","ste_000175","{""position"":4,""source"":""search""}","2025-10-28T10:56:44.9931988Z"
"event_000003499","session_00001605","user_0050","org_007","search_submitted","","{""query_source"":""base""}","2025-10-03T19:11:33.9931988Z"
"event_000003500","session_00001606","user_0050","org_007","search_submitted","","{""query_source"":""typo""}","2025-10-22T16:30:33.9931988Z"
"event_000003501","session_00001606","user_0050","org_007","result_clicked","ste_000821","{""position"":2}","2025-10-22T16:30:41.9931988Z"
"event_000003502","session_00001606","user_0050","org_007","purchase_completed","ste_000821","{""source"":""search"",""position"":2}","2025-10-22T16:30:51.9931988Z"
"event_000003503","session_00001607","user_0051","org_007","search_submitted","","{""query_source"":""base""}","2025-12-31T02:01:33.9931988Z"
"event_000003504","session_00001607","user_0051","org_007","result_clicked","ste_000865","{""position"":2}","2025-12-31T02:01:41.9931988Z"
"event_000003505","session_00001607","user_0051","org_007","favorite_added","ste_000666","{""position"":3,""source"":""search""}","2025-12-31T02:01:44.9931988Z"
"event_000003506","session_00001608","user_0051","org_007","search_submitted","","{""query_source"":""base""}","2025-10-14T00:34:33.9931988Z"
"event_000003507","session_00001609","user_0051","org_007","search_submitted","","{""query_source"":""base""}","2025-10-28T22:56:33.9931988Z"
"event_000003508","session_00001609","user_0051","org_007","result_clicked","ste_000744","{""position"":5}","2025-10-28T22:56:41.9931988Z"
"event_000003509","session_00001610","user_0051","org_007","search_submitted","","{""query_source"":""synonym""}","2025-12-25T16:00:33.9931988Z"
"event_000003510","session_00001610","user_0051","org_007","result_clicked","ste_000939","{""position"":3}","2025-12-25T16:00:41.9931988Z"
"event_000003511","session_00001611","user_0051","org_007","search_submitted","","{""query_source"":""base""}","2026-01-23T15:11:33.9931988Z"
"event_000003512","session_00001611","user_0051","org_007","result_clicked","ste_000276","{""position"":5}","2026-01-23T15:11:41.9931988Z"
"event_000003513","session_00001612","user_0051","org_007","search_submitted","","{""query_source"":""typo""}","2026-02-28T03:34:33.9931988Z"
"event_000003514","session_00001612","user_0051","org_007","result_clicked","ste_000764","{""position"":5}","2026-02-28T03:34:41.9931988Z"
"event_000003515","session_00001612","user_0051","org_007","purchase_completed","ste_000764","{""source"":""search"",""position"":5}","2026-02-28T03:34:51.9931988Z"
"event_000003516","session_00001613","user_0051","org_007","search_submitted","","{""query_source"":""base""}","2025-11-02T09:46:33.9931988Z"
"event_000003517","session_00001613","user_0051","org_007","result_clicked","ste_000114","{""position"":3}","2025-11-02T09:46:41.9931988Z"
"event_000003518","session_00001613","user_0051","org_007","purchase_completed","ste_000114","{""source"":""search"",""position"":3}","2025-11-02T09:46:51.9931988Z"
"event_000003519","session_00001614","user_0051","org_007","search_submitted","","{""query_source"":""base""}","2026-02-23T23:31:33.9931988Z"
"event_000003520","session_00001614","user_0051","org_007","result_clicked","ste_000993","{""position"":1}","2026-02-23T23:31:41.9931988Z"
"event_000003521","session_00001614","user_0051","org_007","favorite_added","ste_000993","{""position"":1,""source"":""search""}","2026-02-23T23:31:44.9931988Z"
"event_000003522","session_00001615","user_0051","org_007","search_submitted","","{""query_source"":""base""}","2025-12-13T23:32:33.9931988Z"
"event_000003523","session_00001616","user_0051","org_007","search_submitted","","{""query_source"":""base""}","2025-12-29T01:53:33.9931988Z"
"event_000003524","session_00001617","user_0051","org_007","search_submitted","","{""query_source"":""base""}","2025-12-30T02:35:33.9931988Z"
"event_000003525","session_00001618","user_0051","org_007","search_submitted","","{""query_source"":""synonym""}","2025-11-24T23:48:33.9931988Z"
"event_000003526","session_00001618","user_0051","org_007","result_clicked","ste_000581","{""position"":1}","2025-11-24T23:48:41.9931988Z"
"event_000003527","session_00001618","user_0051","org_007","favorite_added","ste_000581","{""position"":1,""source"":""search""}","2025-11-24T23:48:44.9931988Z"
"event_000003528","session_00001619","user_0051","org_007","search_submitted","","{""query_source"":""base""}","2025-11-24T12:17:33.9931988Z"
"event_000003529","session_00001620","user_0051","org_007","search_submitted","","{""query_source"":""base""}","2025-09-29T01:21:33.9931988Z"
"event_000003530","session_00001620","user_0051","org_007","result_clicked","ste_000534","{""position"":4}","2025-09-29T01:21:41.9931988Z"
"event_000003531","session_00001621","user_0051","org_007","search_submitted","","{""query_source"":""typo""}","2026-01-28T04:30:33.9931988Z"
"event_000003532","session_00001621","user_0051","org_007","result_clicked","ste_001100","{""position"":1}","2026-01-28T04:30:41.9931988Z"
"event_000003533","session_00001622","user_0051","org_007","search_submitted","","{""query_source"":""base""}","2026-01-02T09:19:33.9931988Z"
"event_000003534","session_00001622","user_0051","org_007","result_clicked","ste_000036","{""position"":4}","2026-01-02T09:19:41.9931988Z"
"event_000003535","session_00001623","user_0051","org_007","search_submitted","","{""query_source"":""synonym""}","2026-02-28T10:59:33.9931988Z"
"event_000003536","session_00001624","user_0051","org_007","search_submitted","","{""query_source"":""synonym""}","2026-02-12T08:26:33.9931988Z"
"event_000003537","session_00001624","user_0051","org_007","result_clicked","ste_000628","{""position"":5}","2026-02-12T08:26:41.9931988Z"
"event_000003538","session_00001624","user_0051","org_007","purchase_completed","ste_000628","{""source"":""search"",""position"":5}","2026-02-12T08:26:51.9931988Z"
"event_000003539","session_00001625","user_0051","org_007","search_submitted","","{""query_source"":""typo""}","2026-03-10T14:35:33.9931988Z"
"event_000003540","session_00001626","user_0051","org_007","search_submitted","","{""query_source"":""base""}","2025-11-12T16:50:33.9931988Z"
"event_000003541","session_00001626","user_0051","org_007","result_clicked","ste_001173","{""position"":1}","2025-11-12T16:50:41.9931988Z"
"event_000003542","session_00001627","user_0051","org_007","search_submitted","","{""query_source"":""base""}","2026-03-01T17:49:33.9931988Z"
"event_000003543","session_00001628","user_0051","org_007","search_submitted","","{""query_source"":""base""}","2025-11-29T16:19:33.9931988Z"
"event_000003544","session_00001628","user_0051","org_007","result_clicked","ste_000199","{""position"":1}","2025-11-29T16:19:41.9931988Z"
"event_000003545","session_00001628","user_0051","org_007","favorite_added","ste_000199","{""position"":1,""source"":""search""}","2025-11-29T16:19:44.9931988Z"
"event_000003546","session_00001629","user_0051","org_007","search_submitted","","{""query_source"":""base""}","2026-02-27T19:14:33.9931988Z"
"event_000003547","session_00001629","user_0051","org_007","result_clicked","ste_000044","{""position"":5}","2026-02-27T19:14:41.9931988Z"
"event_000003548","session_00001629","user_0051","org_007","favorite_added","ste_000192","{""position"":3,""source"":""search""}","2026-02-27T19:14:44.9931988Z"
"event_000003549","session_00001630","user_0051","org_007","search_submitted","","{""query_source"":""base""}","2025-11-20T07:39:33.9931988Z"
"event_000003550","session_00001631","user_0051","org_007","search_submitted","","{""query_source"":""base""}","2026-03-03T21:20:33.9931988Z"
"event_000003551","session_00001631","user_0051","org_007","result_clicked","ste_000004","{""position"":1}","2026-03-03T21:20:41.9931988Z"
"event_000003552","session_00001632","user_0051","org_007","search_submitted","","{""query_source"":""base""}","2025-12-25T10:36:33.9931988Z"
"event_000003553","session_00001632","user_0051","org_007","result_clicked","ste_001109","{""position"":2}","2025-12-25T10:36:41.9931988Z"
"event_000003554","session_00001632","user_0051","org_007","favorite_added","ste_001109","{""position"":2,""source"":""search""}","2025-12-25T10:36:44.9931988Z"
"event_000003555","session_00001633","user_0051","org_007","search_submitted","","{""query_source"":""base""}","2026-02-12T00:28:33.9931988Z"
"event_000003556","session_00001633","user_0051","org_007","result_clicked","ste_000446","{""position"":5}","2026-02-12T00:28:41.9931988Z"
"event_000003557","session_00001633","user_0051","org_007","favorite_added","ste_000989","{""position"":4,""source"":""search""}","2026-02-12T00:28:44.9931988Z"
"event_000003558","session_00001633","user_0051","org_007","purchase_completed","ste_000446","{""source"":""search"",""position"":5}","2026-02-12T00:28:51.9931988Z"
"event_000003559","session_00001634","user_0051","org_007","search_submitted","","{""query_source"":""base""}","2026-03-24T23:30:33.9931988Z"
"event_000003560","session_00001634","user_0051","org_007","result_clicked","ste_000285","{""position"":3}","2026-03-24T23:30:41.9931988Z"
"event_000003561","session_00001634","user_0051","org_007","favorite_added","ste_000285","{""position"":3,""source"":""search""}","2026-03-24T23:30:44.9931988Z"
"event_000003562","session_00001634","user_0051","org_007","purchase_completed","ste_000285","{""source"":""search"",""position"":3}","2026-03-24T23:30:51.9931988Z"
"event_000003563","session_00001635","user_0051","org_007","search_submitted","","{""query_source"":""base""}","2025-10-23T07:05:33.9931988Z"
"event_000003564","session_00001635","user_0051","org_007","result_clicked","ste_000336","{""position"":3}","2025-10-23T07:05:41.9931988Z"
"event_000003565","session_00001635","user_0051","org_007","favorite_added","ste_000519","{""position"":5,""source"":""search""}","2025-10-23T07:05:44.9931988Z"
"event_000003566","session_00001636","user_0051","org_007","search_submitted","","{""query_source"":""base""}","2026-02-06T13:40:33.9931988Z"
"event_000003567","session_00001637","user_0051","org_007","search_submitted","","{""query_source"":""base""}","2025-12-10T09:26:33.9931988Z"
"event_000003568","session_00001637","user_0051","org_007","result_clicked","ste_001024","{""position"":4}","2025-12-10T09:26:41.9931988Z"
"event_000003569","session_00001637","user_0051","org_007","purchase_completed","ste_001024","{""source"":""search"",""position"":4}","2025-12-10T09:26:51.9931988Z"
"event_000003570","session_00001638","user_0051","org_007","search_submitted","","{""query_source"":""base""}","2025-12-16T08:17:33.9931988Z"
"event_000003571","session_00001639","user_0051","org_007","search_submitted","","{""query_source"":""base""}","2025-10-08T07:37:33.9931988Z"
"event_000003572","session_00001639","user_0051","org_007","result_clicked","ste_001126","{""position"":5}","2025-10-08T07:37:41.9931988Z"
"event_000003573","session_00001640","user_0051","org_007","search_submitted","","{""query_source"":""typo""}","2025-12-11T08:09:33.9931988Z"
"event_000003574","session_00001640","user_0051","org_007","result_clicked","ste_000543","{""position"":5}","2025-12-11T08:09:41.9931988Z"
"event_000003575","session_00001640","user_0051","org_007","favorite_added","ste_000560","{""position"":7,""source"":""search""}","2025-12-11T08:09:44.9931988Z"
"event_000003576","session_00001641","user_0052","org_007","search_submitted","","{""query_source"":""base""}","2026-02-16T16:30:33.9931988Z"
"event_000003577","session_00001641","user_0052","org_007","result_clicked","ste_001011","{""position"":5}","2026-02-16T16:30:41.9931988Z"
"event_000003578","session_00001642","user_0052","org_007","search_submitted","","{""query_source"":""base""}","2025-10-25T21:22:33.9931988Z"
"event_000003579","session_00001642","user_0052","org_007","result_clicked","ste_000418","{""position"":2}","2025-10-25T21:22:41.9931988Z"
"event_000003580","session_00001643","user_0052","org_007","search_submitted","","{""query_source"":""base""}","2025-11-26T23:03:33.9931988Z"
"event_000003581","session_00001644","user_0052","org_007","search_submitted","","{""query_source"":""base""}","2025-12-21T05:42:33.9931988Z"
"event_000003582","session_00001644","user_0052","org_007","result_clicked","ste_000780","{""position"":2}","2025-12-21T05:42:41.9931988Z"
"event_000003583","session_00001644","user_0052","org_007","favorite_added","ste_001080","{""position"":3,""source"":""search""}","2025-12-21T05:42:44.9931988Z"
"event_000003584","session_00001645","user_0052","org_007","search_submitted","","{""query_source"":""synonym""}","2025-11-17T02:59:33.9931988Z"
"event_000003585","session_00001645","user_0052","org_007","result_clicked","ste_000222","{""position"":3}","2025-11-17T02:59:41.9931988Z"
"event_000003586","session_00001646","user_0052","org_007","search_submitted","","{""query_source"":""base""}","2026-01-27T13:01:33.9931988Z"
"event_000003587","session_00001647","user_0052","org_007","search_submitted","","{""query_source"":""base""}","2025-11-09T05:18:33.9931988Z"
"event_000003588","session_00001647","user_0052","org_007","result_clicked","ste_000283","{""position"":4}","2025-11-09T05:18:41.9931988Z"
"event_000003589","session_00001647","user_0052","org_007","favorite_added","ste_000411","{""position"":6,""source"":""search""}","2025-11-09T05:18:44.9931988Z"
"event_000003590","session_00001647","user_0052","org_007","purchase_completed","ste_000283","{""source"":""search"",""position"":4}","2025-11-09T05:18:51.9931988Z"
"event_000003591","session_00001648","user_0052","org_007","search_submitted","","{""query_source"":""base""}","2025-11-29T13:16:33.9931988Z"
"event_000003592","session_00001649","user_0052","org_007","search_submitted","","{""query_source"":""synonym""}","2026-01-23T08:49:33.9931988Z"
"event_000003593","session_00001649","user_0052","org_007","result_clicked","ste_001190","{""position"":1}","2026-01-23T08:49:41.9931988Z"
"event_000003594","session_00001649","user_0052","org_007","purchase_completed","ste_001190","{""source"":""search"",""position"":1}","2026-01-23T08:49:51.9931988Z"
"event_000003595","session_00001650","user_0052","org_007","search_submitted","","{""query_source"":""base""}","2025-12-27T19:46:33.9931988Z"
"event_000003596","session_00001650","user_0052","org_007","result_clicked","ste_000317","{""position"":5}","2025-12-27T19:46:41.9931988Z"
"event_000003597","session_00001650","user_0052","org_007","favorite_added","ste_000047","{""position"":4,""source"":""search""}","2025-12-27T19:46:44.9931988Z"
"event_000003598","session_00001650","user_0052","org_007","purchase_completed","ste_000317","{""source"":""search"",""position"":5}","2025-12-27T19:46:51.9931988Z"
"event_000003599","session_00001651","user_0052","org_007","search_submitted","","{""query_source"":""synonym""}","2025-12-03T03:31:33.9931988Z"
"event_000003600","session_00001652","user_0052","org_007","search_submitted","","{""query_source"":""base""}","2026-03-22T23:06:33.9931988Z"
"event_000003601","session_00001652","user_0052","org_007","result_clicked","ste_000480","{""position"":4}","2026-03-22T23:06:41.9931988Z"
"event_000003602","session_00001652","user_0052","org_007","purchase_completed","ste_000480","{""source"":""search"",""position"":4}","2026-03-22T23:06:51.9931988Z"
"event_000003603","session_00001653","user_0052","org_007","search_submitted","","{""query_source"":""synonym""}","2026-03-03T19:49:33.9931988Z"
"event_000003604","session_00001654","user_0052","org_007","search_submitted","","{""query_source"":""synonym""}","2025-12-28T21:49:33.9931988Z"
"event_000003605","session_00001654","user_0052","org_007","result_clicked","ste_000779","{""position"":4}","2025-12-28T21:49:41.9931988Z"
"event_000003606","session_00001654","user_0052","org_007","purchase_completed","ste_000779","{""source"":""search"",""position"":4}","2025-12-28T21:49:51.9931988Z"
"event_000003607","session_00001655","user_0052","org_007","search_submitted","","{""query_source"":""base""}","2026-01-21T18:21:33.9931988Z"
"event_000003608","session_00001655","user_0052","org_007","result_clicked","ste_000376","{""position"":5}","2026-01-21T18:21:41.9931988Z"
"event_000003609","session_00001655","user_0052","org_007","purchase_completed","ste_000376","{""source"":""search"",""position"":5}","2026-01-21T18:21:51.9931988Z"
"event_000003610","session_00001656","user_0052","org_007","search_submitted","","{""query_source"":""base""}","2026-01-28T13:08:33.9931988Z"
"event_000003611","session_00001656","user_0052","org_007","result_clicked","ste_000845","{""position"":3}","2026-01-28T13:08:41.9931988Z"
"event_000003612","session_00001656","user_0052","org_007","purchase_completed","ste_000845","{""source"":""search"",""position"":3}","2026-01-28T13:08:51.9931988Z"
"event_000003613","session_00001657","user_0052","org_007","search_submitted","","{""query_source"":""synonym""}","2025-12-07T23:24:33.9931988Z"
"event_000003614","session_00001658","user_0052","org_007","search_submitted","","{""query_source"":""base""}","2026-02-21T11:53:33.9931988Z"
"event_000003615","session_00001658","user_0052","org_007","result_clicked","ste_001049","{""position"":5}","2026-02-21T11:53:41.9931988Z"
"event_000003616","session_00001659","user_0052","org_007","search_submitted","","{""query_source"":""base""}","2026-03-04T17:07:33.9931988Z"
"event_000003617","session_00001659","user_0052","org_007","result_clicked","ste_000952","{""position"":1}","2026-03-04T17:07:41.9931988Z"
"event_000003618","session_00001660","user_0052","org_007","search_submitted","","{""query_source"":""base""}","2025-12-30T07:57:33.9931988Z"
"event_000003619","session_00001660","user_0052","org_007","result_clicked","ste_000905","{""position"":5}","2025-12-30T07:57:41.9931988Z"
"event_000003620","session_00001661","user_0052","org_007","search_submitted","","{""query_source"":""base""}","2026-01-12T01:55:33.9931988Z"
"event_000003621","session_00001661","user_0052","org_007","result_clicked","ste_000697","{""position"":3}","2026-01-12T01:55:41.9931988Z"
"event_000003622","session_00001661","user_0052","org_007","purchase_completed","ste_000697","{""source"":""search"",""position"":3}","2026-01-12T01:55:51.9931988Z"
"event_000003623","session_00001662","user_0052","org_007","search_submitted","","{""query_source"":""base""}","2026-03-06T05:03:33.9931988Z"
"event_000003624","session_00001662","user_0052","org_007","result_clicked","ste_000143","{""position"":1}","2026-03-06T05:03:41.9931988Z"
"event_000003625","session_00001662","user_0052","org_007","favorite_added","ste_000143","{""position"":1,""source"":""search""}","2026-03-06T05:03:44.9931988Z"
"event_000003626","session_00001663","user_0052","org_007","search_submitted","","{""query_source"":""synonym""}","2025-11-19T13:12:33.9931988Z"
"event_000003627","session_00001664","user_0052","org_007","search_submitted","","{""query_source"":""synonym""}","2025-10-03T14:13:33.9931988Z"
"event_000003628","session_00001664","user_0052","org_007","result_clicked","ste_000184","{""position"":3}","2025-10-03T14:13:41.9931988Z"
"event_000003629","session_00001665","user_0052","org_007","search_submitted","","{""query_source"":""base""}","2026-02-21T22:17:33.9931988Z"
"event_000003630","session_00001665","user_0052","org_007","result_clicked","ste_000424","{""position"":5}","2026-02-21T22:17:41.9931988Z"
"event_000003631","session_00001665","user_0052","org_007","favorite_added","ste_000228","{""position"":7,""source"":""search""}","2026-02-21T22:17:44.9931988Z"
"event_000003632","session_00001666","user_0052","org_007","search_submitted","","{""query_source"":""base""}","2026-03-23T15:57:33.9931988Z"
"event_000003633","session_00001666","user_0052","org_007","result_clicked","ste_000116","{""position"":1}","2026-03-23T15:57:41.9931988Z"
"event_000003634","session_00001667","user_0052","org_007","search_submitted","","{""query_source"":""base""}","2025-10-23T01:06:33.9931988Z"
"event_000003635","session_00001668","user_0052","org_007","search_submitted","","{""query_source"":""base""}","2025-11-15T21:03:33.9931988Z"
"event_000003636","session_00001668","user_0052","org_007","result_clicked","ste_000610","{""position"":5}","2025-11-15T21:03:41.9931988Z"
"event_000003637","session_00001668","user_0052","org_007","favorite_added","ste_001095","{""position"":2,""source"":""search""}","2025-11-15T21:03:44.9931988Z"
"event_000003638","session_00001669","user_0052","org_007","search_submitted","","{""query_source"":""synonym""}","2025-10-17T22:09:33.9931988Z"
"event_000003639","session_00001669","user_0052","org_007","result_clicked","ste_000132","{""position"":5}","2025-10-17T22:09:41.9931988Z"
"event_000003640","session_00001669","user_0052","org_007","favorite_added","ste_001196","{""position"":7,""source"":""search""}","2025-10-17T22:09:44.9931988Z"
"event_000003641","session_00001670","user_0052","org_007","search_submitted","","{""query_source"":""base""}","2026-02-16T11:21:33.9931988Z"
"event_000003642","session_00001671","user_0052","org_007","search_submitted","","{""query_source"":""base""}","2026-01-12T09:25:33.9931988Z"
"event_000003643","session_00001672","user_0052","org_007","search_submitted","","{""query_source"":""base""}","2026-01-28T06:52:33.9931988Z"
"event_000003644","session_00001672","user_0052","org_007","result_clicked","ste_000178","{""position"":3}","2026-01-28T06:52:41.9931988Z"
"event_000003645","session_00001672","user_0052","org_007","favorite_added","ste_000540","{""position"":7,""source"":""search""}","2026-01-28T06:52:44.9931988Z"
"event_000003646","session_00001673","user_0053","org_007","search_submitted","","{""query_source"":""typo""}","2025-10-11T12:49:33.9931988Z"
"event_000003647","session_00001673","user_0053","org_007","result_clicked","ste_000164","{""position"":5}","2025-10-11T12:49:41.9931988Z"
"event_000003648","session_00001674","user_0053","org_007","search_submitted","","{""query_source"":""synonym""}","2026-03-13T18:13:33.9931988Z"
"event_000003649","session_00001674","user_0053","org_007","result_clicked","ste_000121","{""position"":3}","2026-03-13T18:13:41.9931988Z"
"event_000003650","session_00001674","user_0053","org_007","favorite_added","ste_000853","{""position"":4,""source"":""search""}","2026-03-13T18:13:44.9931988Z"
"event_000003651","session_00001674","user_0053","org_007","purchase_completed","ste_000121","{""source"":""search"",""position"":3}","2026-03-13T18:13:51.9931988Z"
"event_000003652","session_00001675","user_0053","org_007","search_submitted","","{""query_source"":""base""}","2025-10-13T18:14:33.9931988Z"
"event_000003653","session_00001675","user_0053","org_007","result_clicked","ste_000050","{""position"":1}","2025-10-13T18:14:41.9931988Z"
"event_000003654","session_00001675","user_0053","org_007","favorite_added","ste_000461","{""position"":3,""source"":""search""}","2025-10-13T18:14:44.9931988Z"
"event_000003655","session_00001676","user_0053","org_007","search_submitted","","{""query_source"":""base""}","2025-12-10T19:47:33.9931988Z"
"event_000003656","session_00001676","user_0053","org_007","result_clicked","ste_000166","{""position"":5}","2025-12-10T19:47:41.9931988Z"
"event_000003657","session_00001676","user_0053","org_007","favorite_added","ste_000659","{""position"":4,""source"":""search""}","2025-12-10T19:47:44.9931988Z"
"event_000003658","session_00001677","user_0053","org_007","search_submitted","","{""query_source"":""synonym""}","2026-03-18T03:43:33.9931988Z"
"event_000003659","session_00001677","user_0053","org_007","result_clicked","ste_000017","{""position"":5}","2026-03-18T03:43:41.9931988Z"
"event_000003660","session_00001677","user_0053","org_007","favorite_added","ste_000686","{""position"":3,""source"":""search""}","2026-03-18T03:43:44.9931988Z"
"event_000003661","session_00001678","user_0053","org_007","search_submitted","","{""query_source"":""base""}","2025-10-28T21:48:33.9931988Z"
"event_000003662","session_00001678","user_0053","org_007","result_clicked","ste_001185","{""position"":3}","2025-10-28T21:48:41.9931988Z"
"event_000003663","session_00001678","user_0053","org_007","favorite_added","ste_000728","{""position"":4,""source"":""search""}","2025-10-28T21:48:44.9931988Z"
"event_000003664","session_00001679","user_0053","org_007","search_submitted","","{""query_source"":""synonym""}","2025-11-17T16:18:33.9931988Z"
"event_000003665","session_00001679","user_0053","org_007","result_clicked","ste_000843","{""position"":3}","2025-11-17T16:18:41.9931988Z"
"event_000003666","session_00001680","user_0053","org_007","search_submitted","","{""query_source"":""base""}","2025-11-25T13:59:33.9931988Z"
"event_000003667","session_00001680","user_0053","org_007","result_clicked","ste_000954","{""position"":2}","2025-11-25T13:59:41.9931988Z"
"event_000003668","session_00001680","user_0053","org_007","favorite_added","ste_000795","{""position"":4,""source"":""search""}","2025-11-25T13:59:44.9931988Z"
"event_000003669","session_00001681","user_0053","org_007","search_submitted","","{""query_source"":""synonym""}","2026-03-26T20:06:33.9931988Z"
"event_000003670","session_00001682","user_0053","org_007","search_submitted","","{""query_source"":""base""}","2025-10-27T17:25:33.9931988Z"
"event_000003671","session_00001682","user_0053","org_007","result_clicked","ste_000540","{""position"":5}","2025-10-27T17:25:41.9931988Z"
"event_000003672","session_00001682","user_0053","org_007","favorite_added","ste_001162","{""position"":1,""source"":""search""}","2025-10-27T17:25:44.9931988Z"
"event_000003673","session_00001683","user_0053","org_007","search_submitted","","{""query_source"":""base""}","2026-03-21T16:16:33.9931988Z"
"event_000003674","session_00001683","user_0053","org_007","result_clicked","ste_000126","{""position"":4}","2026-03-21T16:16:41.9931988Z"
"event_000003675","session_00001683","user_0053","org_007","favorite_added","ste_000204","{""position"":3,""source"":""search""}","2026-03-21T16:16:44.9931988Z"
"event_000003676","session_00001683","user_0053","org_007","purchase_completed","ste_000126","{""source"":""search"",""position"":4}","2026-03-21T16:16:51.9931988Z"
"event_000003677","session_00001684","user_0053","org_007","search_submitted","","{""query_source"":""base""}","2025-10-25T17:18:33.9931988Z"
"event_000003678","session_00001684","user_0053","org_007","result_clicked","ste_000021","{""position"":3}","2025-10-25T17:18:41.9931988Z"
"event_000003679","session_00001684","user_0053","org_007","purchase_completed","ste_000021","{""source"":""search"",""position"":3}","2025-10-25T17:18:51.9931988Z"
"event_000003680","session_00001685","user_0053","org_007","search_submitted","","{""query_source"":""base""}","2025-09-30T15:21:33.9931988Z"
"event_000003681","session_00001685","user_0053","org_007","result_clicked","ste_000596","{""position"":2}","2025-09-30T15:21:41.9931988Z"
"event_000003682","session_00001686","user_0053","org_007","search_submitted","","{""query_source"":""base""}","2025-12-29T08:35:33.9931988Z"
"event_000003683","session_00001686","user_0053","org_007","result_clicked","ste_000101","{""position"":3}","2025-12-29T08:35:41.9931988Z"
"event_000003684","session_00001687","user_0053","org_007","search_submitted","","{""query_source"":""synonym""}","2026-02-17T13:44:33.9931988Z"
"event_000003685","session_00001687","user_0053","org_007","result_clicked","ste_000823","{""position"":4}","2026-02-17T13:44:41.9931988Z"
"event_000003686","session_00001687","user_0053","org_007","favorite_added","ste_000382","{""position"":7,""source"":""search""}","2026-02-17T13:44:44.9931988Z"
"event_000003687","session_00001688","user_0053","org_007","search_submitted","","{""query_source"":""base""}","2026-03-11T14:38:33.9931988Z"
"event_000003688","session_00001688","user_0053","org_007","result_clicked","ste_000544","{""position"":1}","2026-03-11T14:38:41.9931988Z"
"event_000003689","session_00001688","user_0053","org_007","favorite_added","ste_000090","{""position"":5,""source"":""search""}","2026-03-11T14:38:44.9931988Z"
"event_000003690","session_00001689","user_0053","org_007","search_submitted","","{""query_source"":""base""}","2025-10-20T04:44:33.9931988Z"
"event_000003691","session_00001689","user_0053","org_007","result_clicked","ste_000432","{""position"":2}","2025-10-20T04:44:41.9931988Z"
"event_000003692","session_00001690","user_0053","org_007","search_submitted","","{""query_source"":""base""}","2026-02-14T17:12:33.9931988Z"
"event_000003693","session_00001691","user_0053","org_007","search_submitted","","{""query_source"":""base""}","2026-01-03T10:19:33.9931988Z"
"event_000003694","session_00001692","user_0053","org_007","search_submitted","","{""query_source"":""base""}","2025-10-30T15:58:33.9931988Z"
"event_000003695","session_00001692","user_0053","org_007","result_clicked","ste_001093","{""position"":2}","2025-10-30T15:58:41.9931988Z"
"event_000003696","session_00001693","user_0053","org_007","search_submitted","","{""query_source"":""base""}","2025-12-14T16:16:33.9931988Z"
"event_000003697","session_00001693","user_0053","org_007","result_clicked","ste_000205","{""position"":4}","2025-12-14T16:16:41.9931988Z"
"event_000003698","session_00001693","user_0053","org_007","favorite_added","ste_000940","{""position"":1,""source"":""search""}","2025-12-14T16:16:44.9931988Z"
"event_000003699","session_00001694","user_0053","org_007","search_submitted","","{""query_source"":""base""}","2026-01-15T21:35:33.9931988Z"
"event_000003700","session_00001695","user_0053","org_007","search_submitted","","{""query_source"":""base""}","2025-11-02T18:12:33.9931988Z"
"event_000003701","session_00001696","user_0053","org_007","search_submitted","","{""query_source"":""base""}","2026-01-08T05:35:33.9931988Z"
"event_000003702","session_00001697","user_0053","org_007","search_submitted","","{""query_source"":""base""}","2025-11-30T06:27:33.9931988Z"
"event_000003703","session_00001697","user_0053","org_007","result_clicked","ste_001040","{""position"":4}","2025-11-30T06:27:41.9931988Z"
"event_000003704","session_00001697","user_0053","org_007","favorite_added","ste_000564","{""position"":2,""source"":""search""}","2025-11-30T06:27:44.9931988Z"
"event_000003705","session_00001698","user_0053","org_007","search_submitted","","{""query_source"":""base""}","2025-12-24T00:55:33.9931988Z"
"event_000003706","session_00001698","user_0053","org_007","result_clicked","ste_000119","{""position"":4}","2025-12-24T00:55:41.9931988Z"
"event_000003707","session_00001699","user_0053","org_007","search_submitted","","{""query_source"":""base""}","2025-11-14T14:01:33.9931988Z"
"event_000003708","session_00001700","user_0053","org_007","search_submitted","","{""query_source"":""base""}","2026-01-17T12:41:33.9931988Z"
"event_000003709","session_00001700","user_0053","org_007","result_clicked","ste_001193","{""position"":3}","2026-01-17T12:41:41.9931988Z"
"event_000003710","session_00001701","user_0053","org_007","search_submitted","","{""query_source"":""base""}","2025-11-02T02:47:33.9931988Z"
"event_000003711","session_00001701","user_0053","org_007","result_clicked","ste_000812","{""position"":2}","2025-11-02T02:47:41.9931988Z"
"event_000003712","session_00001701","user_0053","org_007","favorite_added","ste_000300","{""position"":4,""source"":""search""}","2025-11-02T02:47:44.9931988Z"
"event_000003713","session_00001702","user_0053","org_007","search_submitted","","{""query_source"":""base""}","2026-01-03T01:23:33.9931988Z"
"event_000003714","session_00001702","user_0053","org_007","result_clicked","ste_000314","{""position"":1}","2026-01-03T01:23:41.9931988Z"
"event_000003715","session_00001702","user_0053","org_007","purchase_completed","ste_000314","{""source"":""search"",""position"":1}","2026-01-03T01:23:51.9931988Z"
"event_000003716","session_00001703","user_0053","org_007","search_submitted","","{""query_source"":""base""}","2025-10-04T23:48:33.9931988Z"
"event_000003717","session_00001703","user_0053","org_007","result_clicked","ste_000275","{""position"":4}","2025-10-04T23:48:41.9931988Z"
"event_000003718","session_00001704","user_0053","org_007","search_submitted","","{""query_source"":""typo""}","2025-10-16T18:05:33.9931988Z"
"event_000003719","session_00001704","user_0053","org_007","result_clicked","ste_000732","{""position"":5}","2025-10-16T18:05:41.9931988Z"
"event_000003720","session_00001704","user_0053","org_007","favorite_added","ste_000451","{""position"":3,""source"":""search""}","2025-10-16T18:05:44.9931988Z"
"event_000003721","session_00001705","user_0053","org_007","search_submitted","","{""query_source"":""typo""}","2025-12-08T05:19:33.9931988Z"
"event_000003722","session_00001705","user_0053","org_007","result_clicked","ste_001068","{""position"":1}","2025-12-08T05:19:41.9931988Z"
"event_000003723","session_00001706","user_0053","org_007","search_submitted","","{""query_source"":""typo""}","2025-11-09T06:53:33.9931988Z"
"event_000003724","session_00001706","user_0053","org_007","result_clicked","ste_001088","{""position"":2}","2025-11-09T06:53:41.9931988Z"
"event_000003725","session_00001706","user_0053","org_007","purchase_completed","ste_001088","{""source"":""search"",""position"":2}","2025-11-09T06:53:51.9931988Z"
"event_000003726","session_00001707","user_0053","org_007","search_submitted","","{""query_source"":""base""}","2025-11-03T09:05:33.9931988Z"
"event_000003727","session_00001708","user_0053","org_007","search_submitted","","{""query_source"":""base""}","2026-03-22T21:47:33.9931988Z"
"event_000003728","session_00001708","user_0053","org_007","result_clicked","ste_000206","{""position"":3}","2026-03-22T21:47:41.9931988Z"
"event_000003729","session_00001709","user_0053","org_007","search_submitted","","{""query_source"":""synonym""}","2026-01-19T19:08:33.9931988Z"
"event_000003730","session_00001709","user_0053","org_007","result_clicked","ste_001184","{""position"":5}","2026-01-19T19:08:41.9931988Z"
"event_000003731","session_00001709","user_0053","org_007","purchase_completed","ste_001184","{""source"":""search"",""position"":5}","2026-01-19T19:08:51.9931988Z"
"event_000003732","session_00001710","user_0054","org_007","search_submitted","","{""query_source"":""base""}","2026-01-29T03:29:33.9931988Z"
"event_000003733","session_00001710","user_0054","org_007","result_clicked","ste_001097","{""position"":3}","2026-01-29T03:29:41.9931988Z"
"event_000003734","session_00001711","user_0054","org_007","search_submitted","","{""query_source"":""base""}","2025-11-23T17:02:33.9931988Z"
"event_000003735","session_00001711","user_0054","org_007","result_clicked","ste_000357","{""position"":4}","2025-11-23T17:02:41.9931988Z"
"event_000003736","session_00001711","user_0054","org_007","favorite_added","ste_001083","{""position"":1,""source"":""search""}","2025-11-23T17:02:44.9931988Z"
"event_000003737","session_00001712","user_0054","org_007","search_submitted","","{""query_source"":""base""}","2026-02-08T05:06:33.9931988Z"
"event_000003738","session_00001712","user_0054","org_007","result_clicked","ste_000773","{""position"":3}","2026-02-08T05:06:41.9931988Z"
"event_000003739","session_00001713","user_0054","org_007","search_submitted","","{""query_source"":""base""}","2026-01-15T14:12:33.9931988Z"
"event_000003740","session_00001714","user_0054","org_007","search_submitted","","{""query_source"":""typo""}","2025-11-18T03:45:33.9931988Z"
"event_000003741","session_00001714","user_0054","org_007","result_clicked","ste_000498","{""position"":2}","2025-11-18T03:45:41.9931988Z"
"event_000003742","session_00001714","user_0054","org_007","favorite_added","ste_000949","{""position"":4,""source"":""search""}","2025-11-18T03:45:44.9931988Z"
"event_000003743","session_00001715","user_0054","org_007","search_submitted","","{""query_source"":""base""}","2026-01-22T12:13:33.9931988Z"
"event_000003744","session_00001715","user_0054","org_007","result_clicked","ste_000998","{""position"":4}","2026-01-22T12:13:41.9931988Z"
"event_000003745","session_00001716","user_0054","org_007","search_submitted","","{""query_source"":""base""}","2025-10-30T08:50:33.9931988Z"
"event_000003746","session_00001717","user_0054","org_007","search_submitted","","{""query_source"":""base""}","2025-10-29T01:54:33.9931988Z"
"event_000003747","session_00001717","user_0054","org_007","result_clicked","ste_000732","{""position"":1}","2025-10-29T01:54:41.9931988Z"
"event_000003748","session_00001718","user_0054","org_007","search_submitted","","{""query_source"":""base""}","2026-02-21T15:46:33.9931988Z"
"event_000003749","session_00001719","user_0054","org_007","search_submitted","","{""query_source"":""base""}","2026-02-12T11:47:33.9931988Z"
"event_000003750","session_00001720","user_0054","org_007","search_submitted","","{""query_source"":""base""}","2026-02-23T02:55:33.9931988Z"
"event_000003751","session_00001721","user_0054","org_007","search_submitted","","{""query_source"":""base""}","2025-11-13T16:42:33.9931988Z"
"event_000003752","session_00001722","user_0054","org_007","search_submitted","","{""query_source"":""synonym""}","2025-12-27T22:51:33.9931988Z"
"event_000003753","session_00001722","user_0054","org_007","result_clicked","ste_000719","{""position"":3}","2025-12-27T22:51:41.9931988Z"
"event_000003754","session_00001723","user_0054","org_007","search_submitted","","{""query_source"":""base""}","2026-02-18T22:41:33.9931988Z"
"event_000003755","session_00001724","user_0054","org_007","search_submitted","","{""query_source"":""base""}","2025-12-07T12:22:33.9931988Z"
"event_000003756","session_00001724","user_0054","org_007","result_clicked","ste_000525","{""position"":4}","2025-12-07T12:22:41.9931988Z"
"event_000003757","session_00001725","user_0054","org_007","search_submitted","","{""query_source"":""base""}","2026-03-12T06:57:33.9931988Z"
"event_000003758","session_00001726","user_0054","org_007","search_submitted","","{""query_source"":""base""}","2025-12-18T22:34:33.9931988Z"
"event_000003759","session_00001726","user_0054","org_007","result_clicked","ste_000425","{""position"":4}","2025-12-18T22:34:41.9931988Z"
"event_000003760","session_00001726","user_0054","org_007","favorite_added","ste_000826","{""position"":5,""source"":""search""}","2025-12-18T22:34:44.9931988Z"
"event_000003761","session_00001727","user_0054","org_007","search_submitted","","{""query_source"":""base""}","2026-03-19T20:16:33.9931988Z"
"event_000003762","session_00001727","user_0054","org_007","result_clicked","ste_000517","{""position"":2}","2026-03-19T20:16:41.9931988Z"
"event_000003763","session_00001728","user_0054","org_007","search_submitted","","{""query_source"":""base""}","2025-10-09T06:21:33.9931988Z"
"event_000003764","session_00001728","user_0054","org_007","result_clicked","ste_000322","{""position"":2}","2025-10-09T06:21:41.9931988Z"
"event_000003765","session_00001729","user_0054","org_007","search_submitted","","{""query_source"":""base""}","2026-03-24T08:41:33.9931988Z"
"event_000003766","session_00001729","user_0054","org_007","result_clicked","ste_000684","{""position"":2}","2026-03-24T08:41:41.9931988Z"
"event_000003767","session_00001730","user_0054","org_007","search_submitted","","{""query_source"":""base""}","2026-01-12T09:58:33.9931988Z"
"event_000003768","session_00001731","user_0054","org_007","search_submitted","","{""query_source"":""base""}","2026-03-03T03:20:33.9931988Z"
"event_000003769","session_00001731","user_0054","org_007","result_clicked","ste_001110","{""position"":5}","2026-03-03T03:20:41.9931988Z"
"event_000003770","session_00001732","user_0054","org_007","search_submitted","","{""query_source"":""base""}","2026-01-22T23:44:33.9931988Z"
"event_000003771","session_00001733","user_0054","org_007","search_submitted","","{""query_source"":""base""}","2025-10-26T12:50:33.9931988Z"
"event_000003772","session_00001733","user_0054","org_007","result_clicked","ste_000031","{""position"":4}","2025-10-26T12:50:41.9931988Z"
"event_000003773","session_00001734","user_0054","org_007","search_submitted","","{""query_source"":""base""}","2026-03-08T14:36:33.9931988Z"
"event_000003774","session_00001735","user_0054","org_007","search_submitted","","{""query_source"":""base""}","2026-02-27T08:21:33.9931988Z"
"event_000003775","session_00001735","user_0054","org_007","result_clicked","ste_000608","{""position"":1}","2026-02-27T08:21:41.9931988Z"
"event_000003776","session_00001735","user_0054","org_007","favorite_added","ste_000274","{""position"":7,""source"":""search""}","2026-02-27T08:21:44.9931988Z"
"event_000003777","session_00001736","user_0054","org_007","search_submitted","","{""query_source"":""base""}","2025-12-04T23:19:33.9931988Z"
"event_000003778","session_00001737","user_0054","org_007","search_submitted","","{""query_source"":""base""}","2026-02-24T15:42:33.9931988Z"
"event_000003779","session_00001737","user_0054","org_007","result_clicked","ste_000391","{""position"":2}","2026-02-24T15:42:41.9931988Z"
"event_000003780","session_00001737","user_0054","org_007","purchase_completed","ste_000391","{""source"":""search"",""position"":2}","2026-02-24T15:42:51.9931988Z"
"event_000003781","session_00001738","user_0054","org_007","search_submitted","","{""query_source"":""base""}","2025-12-02T09:18:33.9931988Z"
"event_000003782","session_00001738","user_0054","org_007","result_clicked","ste_000087","{""position"":5}","2025-12-02T09:18:41.9931988Z"
"event_000003783","session_00001738","user_0054","org_007","favorite_added","ste_000006","{""position"":2,""source"":""search""}","2025-12-02T09:18:44.9931988Z"
"event_000003784","session_00001738","user_0054","org_007","purchase_completed","ste_000087","{""source"":""search"",""position"":5}","2025-12-02T09:18:51.9931988Z"
"event_000003785","session_00001739","user_0054","org_007","search_submitted","","{""query_source"":""base""}","2026-01-29T20:04:33.9931988Z"
"event_000003786","session_00001739","user_0054","org_007","result_clicked","ste_001056","{""position"":3}","2026-01-29T20:04:41.9931988Z"
"event_000003787","session_00001739","user_0054","org_007","favorite_added","ste_000096","{""position"":4,""source"":""search""}","2026-01-29T20:04:44.9931988Z"
"event_000003788","session_00001740","user_0054","org_007","search_submitted","","{""query_source"":""base""}","2026-01-22T15:44:33.9931988Z"
"event_000003789","session_00001741","user_0054","org_007","search_submitted","","{""query_source"":""base""}","2026-03-21T09:36:33.9931988Z"
"event_000003790","session_00001742","user_0054","org_007","search_submitted","","{""query_source"":""base""}","2025-10-02T23:18:33.9931988Z"
"event_000003791","session_00001742","user_0054","org_007","result_clicked","ste_001167","{""position"":3}","2025-10-02T23:18:41.9931988Z"
"event_000003792","session_00001743","user_0054","org_007","search_submitted","","{""query_source"":""base""}","2026-01-31T17:05:33.9931988Z"
"event_000003793","session_00001743","user_0054","org_007","result_clicked","ste_000453","{""position"":1}","2026-01-31T17:05:41.9931988Z"
"event_000003794","session_00001744","user_0054","org_007","search_submitted","","{""query_source"":""base""}","2025-10-11T02:03:33.9931988Z"
"event_000003795","session_00001744","user_0054","org_007","result_clicked","ste_000553","{""position"":4}","2025-10-11T02:03:41.9931988Z"
"event_000003796","session_00001745","user_0054","org_007","search_submitted","","{""query_source"":""base""}","2026-02-24T00:41:33.9931988Z"
"event_000003797","session_00001746","user_0054","org_007","search_submitted","","{""query_source"":""base""}","2025-12-31T10:56:33.9931988Z"
"event_000003798","session_00001746","user_0054","org_007","result_clicked","ste_001144","{""position"":1}","2025-12-31T10:56:41.9931988Z"
"event_000003799","session_00001746","user_0054","org_007","favorite_added","ste_001144","{""position"":1,""source"":""search""}","2025-12-31T10:56:44.9931988Z"
"event_000003800","session_00001747","user_0055","org_007","search_submitted","","{""query_source"":""base""}","2025-11-06T23:19:33.9931988Z"
"event_000003801","session_00001748","user_0055","org_007","search_submitted","","{""query_source"":""typo""}","2026-02-22T10:19:33.9931988Z"
"event_000003802","session_00001749","user_0055","org_007","search_submitted","","{""query_source"":""base""}","2026-02-16T12:28:33.9931988Z"
"event_000003803","session_00001749","user_0055","org_007","result_clicked","ste_000266","{""position"":4}","2026-02-16T12:28:41.9931988Z"
"event_000003804","session_00001749","user_0055","org_007","favorite_added","ste_000956","{""position"":6,""source"":""search""}","2026-02-16T12:28:44.9931988Z"
"event_000003805","session_00001750","user_0055","org_007","search_submitted","","{""query_source"":""base""}","2025-12-09T21:20:33.9931988Z"
"event_000003806","session_00001750","user_0055","org_007","result_clicked","ste_000041","{""position"":2}","2025-12-09T21:20:41.9931988Z"
"event_000003807","session_00001751","user_0055","org_007","search_submitted","","{""query_source"":""base""}","2025-11-26T09:16:33.9931988Z"
"event_000003808","session_00001751","user_0055","org_007","result_clicked","ste_000893","{""position"":2}","2025-11-26T09:16:41.9931988Z"
"event_000003809","session_00001751","user_0055","org_007","purchase_completed","ste_000893","{""source"":""search"",""position"":2}","2025-11-26T09:16:51.9931988Z"
"event_000003810","session_00001752","user_0055","org_007","search_submitted","","{""query_source"":""synonym""}","2026-01-16T06:40:33.9931988Z"
"event_000003811","session_00001752","user_0055","org_007","result_clicked","ste_000524","{""position"":5}","2026-01-16T06:40:41.9931988Z"
"event_000003812","session_00001753","user_0055","org_007","search_submitted","","{""query_source"":""synonym""}","2026-03-26T17:35:33.9931988Z"
"event_000003813","session_00001753","user_0055","org_007","result_clicked","ste_000624","{""position"":5}","2026-03-26T17:35:41.9931988Z"
"event_000003814","session_00001753","user_0055","org_007","purchase_completed","ste_000624","{""source"":""search"",""position"":5}","2026-03-26T17:35:51.9931988Z"
"event_000003815","session_00001754","user_0055","org_007","search_submitted","","{""query_source"":""typo""}","2026-01-18T13:03:33.9931988Z"
"event_000003816","session_00001754","user_0055","org_007","result_clicked","ste_000063","{""position"":2}","2026-01-18T13:03:41.9931988Z"
"event_000003817","session_00001755","user_0055","org_007","search_submitted","","{""query_source"":""base""}","2026-01-14T05:28:33.9931988Z"
"event_000003818","session_00001756","user_0055","org_007","search_submitted","","{""query_source"":""base""}","2025-10-20T03:03:33.9931988Z"
"event_000003819","session_00001756","user_0055","org_007","result_clicked","ste_000358","{""position"":1}","2025-10-20T03:03:41.9931988Z"
"event_000003820","session_00001757","user_0055","org_007","search_submitted","","{""query_source"":""base""}","2026-02-22T18:23:33.9931988Z"
"event_000003821","session_00001758","user_0055","org_007","search_submitted","","{""query_source"":""base""}","2026-03-08T17:36:33.9931988Z"
"event_000003822","session_00001758","user_0055","org_007","result_clicked","ste_001017","{""position"":3}","2026-03-08T17:36:41.9931988Z"
"event_000003823","session_00001759","user_0055","org_007","search_submitted","","{""query_source"":""base""}","2026-03-23T23:52:33.9931988Z"
"event_000003824","session_00001759","user_0055","org_007","result_clicked","ste_000404","{""position"":2}","2026-03-23T23:52:41.9931988Z"
"event_000003825","session_00001760","user_0055","org_007","search_submitted","","{""query_source"":""synonym""}","2025-11-05T01:26:33.9931988Z"
"event_000003826","session_00001760","user_0055","org_007","result_clicked","ste_000279","{""position"":3}","2025-11-05T01:26:41.9931988Z"
"event_000003827","session_00001760","user_0055","org_007","favorite_added","ste_000787","{""position"":4,""source"":""search""}","2025-11-05T01:26:44.9931988Z"
"event_000003828","session_00001760","user_0055","org_007","purchase_completed","ste_000279","{""source"":""search"",""position"":3}","2025-11-05T01:26:51.9931988Z"
"event_000003829","session_00001761","user_0055","org_007","search_submitted","","{""query_source"":""base""}","2025-11-01T03:18:33.9931988Z"
"event_000003830","session_00001762","user_0055","org_007","search_submitted","","{""query_source"":""typo""}","2026-03-17T04:45:33.9931988Z"
"event_000003831","session_00001762","user_0055","org_007","result_clicked","ste_000562","{""position"":1}","2026-03-17T04:45:41.9931988Z"
"event_000003832","session_00001763","user_0055","org_007","search_submitted","","{""query_source"":""synonym""}","2026-02-07T10:47:33.9931988Z"
"event_000003833","session_00001763","user_0055","org_007","result_clicked","ste_001200","{""position"":4}","2026-02-07T10:47:41.9931988Z"
"event_000003834","session_00001763","user_0055","org_007","favorite_added","ste_001080","{""position"":2,""source"":""search""}","2026-02-07T10:47:44.9931988Z"
"event_000003835","session_00001763","user_0055","org_007","purchase_completed","ste_001200","{""source"":""search"",""position"":4}","2026-02-07T10:47:51.9931988Z"
"event_000003836","session_00001764","user_0055","org_007","search_submitted","","{""query_source"":""base""}","2025-11-04T04:21:33.9931988Z"
"event_000003837","session_00001764","user_0055","org_007","result_clicked","ste_000019","{""position"":5}","2025-11-04T04:21:41.9931988Z"
"event_000003838","session_00001764","user_0055","org_007","purchase_completed","ste_000019","{""source"":""search"",""position"":5}","2025-11-04T04:21:51.9931988Z"
"event_000003839","session_00001765","user_0055","org_007","search_submitted","","{""query_source"":""base""}","2025-12-03T08:45:33.9931988Z"
"event_000003840","session_00001766","user_0055","org_007","search_submitted","","{""query_source"":""base""}","2026-03-13T23:20:33.9931988Z"
"event_000003841","session_00001766","user_0055","org_007","result_clicked","ste_000418","{""position"":2}","2026-03-13T23:20:41.9931988Z"
"event_000003842","session_00001766","user_0055","org_007","favorite_added","ste_000229","{""position"":5,""source"":""search""}","2026-03-13T23:20:44.9931988Z"
"event_000003843","session_00001767","user_0055","org_007","search_submitted","","{""query_source"":""base""}","2025-10-19T22:42:33.9931988Z"
"event_000003844","session_00001767","user_0055","org_007","result_clicked","ste_000389","{""position"":5}","2025-10-19T22:42:41.9931988Z"
"event_000003845","session_00001767","user_0055","org_007","favorite_added","ste_000466","{""position"":3,""source"":""search""}","2025-10-19T22:42:44.9931988Z"
"event_000003846","session_00001768","user_0055","org_007","search_submitted","","{""query_source"":""base""}","2026-01-15T02:10:33.9931988Z"
"event_000003847","session_00001768","user_0055","org_007","result_clicked","ste_000920","{""position"":1}","2026-01-15T02:10:41.9931988Z"
"event_000003848","session_00001768","user_0055","org_007","purchase_completed","ste_000920","{""source"":""search"",""position"":1}","2026-01-15T02:10:51.9931988Z"
"event_000003849","session_00001769","user_0055","org_007","search_submitted","","{""query_source"":""base""}","2025-11-28T04:38:33.9931988Z"
"event_000003850","session_00001769","user_0055","org_007","result_clicked","ste_000518","{""position"":5}","2025-11-28T04:38:41.9931988Z"
"event_000003851","session_00001770","user_0055","org_007","search_submitted","","{""query_source"":""base""}","2026-01-26T23:23:33.9931988Z"
"event_000003852","session_00001770","user_0055","org_007","result_clicked","ste_000903","{""position"":4}","2026-01-26T23:23:41.9931988Z"
"event_000003853","session_00001771","user_0055","org_007","search_submitted","","{""query_source"":""base""}","2026-03-08T22:38:33.9931988Z"
"event_000003854","session_00001771","user_0055","org_007","result_clicked","ste_000072","{""position"":2}","2026-03-08T22:38:41.9931988Z"
"event_000003855","session_00001771","user_0055","org_007","purchase_completed","ste_000072","{""source"":""search"",""position"":2}","2026-03-08T22:38:51.9931988Z"
"event_000003856","session_00001772","user_0055","org_007","search_submitted","","{""query_source"":""base""}","2025-12-07T02:00:33.9931988Z"
"event_000003857","session_00001772","user_0055","org_007","result_clicked","ste_000821","{""position"":2}","2025-12-07T02:00:41.9931988Z"
"event_000003858","session_00001773","user_0055","org_007","search_submitted","","{""query_source"":""base""}","2025-10-23T18:35:33.9931988Z"
"event_000003859","session_00001773","user_0055","org_007","result_clicked","ste_001033","{""position"":3}","2025-10-23T18:35:41.9931988Z"
"event_000003860","session_00001774","user_0055","org_007","search_submitted","","{""query_source"":""base""}","2026-02-05T17:19:33.9931988Z"
"event_000003861","session_00001774","user_0055","org_007","result_clicked","ste_000929","{""position"":1}","2026-02-05T17:19:41.9931988Z"
"event_000003862","session_00001775","user_0055","org_007","search_submitted","","{""query_source"":""base""}","2025-12-13T12:06:33.9931988Z"
"event_000003863","session_00001775","user_0055","org_007","result_clicked","ste_000444","{""position"":1}","2025-12-13T12:06:41.9931988Z"
"event_000003864","session_00001775","user_0055","org_007","favorite_added","ste_000339","{""position"":6,""source"":""search""}","2025-12-13T12:06:44.9931988Z"
"event_000003865","session_00001776","user_0055","org_007","search_submitted","","{""query_source"":""typo""}","2025-10-16T12:58:33.9931988Z"
"event_000003866","session_00001776","user_0055","org_007","result_clicked","ste_000390","{""position"":1}","2025-10-16T12:58:41.9931988Z"
"event_000003867","session_00001777","user_0055","org_007","search_submitted","","{""query_source"":""synonym""}","2025-11-30T05:38:33.9931988Z"
"event_000003868","session_00001777","user_0055","org_007","result_clicked","ste_000327","{""position"":4}","2025-11-30T05:38:41.9931988Z"
"event_000003869","session_00001778","user_0055","org_007","search_submitted","","{""query_source"":""base""}","2026-01-12T23:49:33.9931988Z"
"event_000003870","session_00001778","user_0055","org_007","result_clicked","ste_001162","{""position"":4}","2026-01-12T23:49:41.9931988Z"
"event_000003871","session_00001778","user_0055","org_007","favorite_added","ste_000120","{""position"":1,""source"":""search""}","2026-01-12T23:49:44.9931988Z"
"event_000003872","session_00001779","user_0055","org_007","search_submitted","","{""query_source"":""base""}","2025-12-18T22:39:33.9931988Z"
"event_000003873","session_00001779","user_0055","org_007","result_clicked","ste_001006","{""position"":5}","2025-12-18T22:39:41.9931988Z"
"event_000003874","session_00001779","user_0055","org_007","favorite_added","ste_000973","{""position"":6,""source"":""search""}","2025-12-18T22:39:44.9931988Z"
"event_000003875","session_00001780","user_0055","org_007","search_submitted","","{""query_source"":""synonym""}","2025-12-29T22:10:33.9931988Z"
"event_000003876","session_00001780","user_0055","org_007","result_clicked","ste_000420","{""position"":5}","2025-12-29T22:10:41.9931988Z"
"event_000003877","session_00001781","user_0056","org_007","search_submitted","","{""query_source"":""synonym""}","2026-01-12T23:55:33.9931988Z"
"event_000003878","session_00001781","user_0056","org_007","result_clicked","ste_001042","{""position"":5}","2026-01-12T23:55:41.9931988Z"
"event_000003879","session_00001782","user_0056","org_007","search_submitted","","{""query_source"":""synonym""}","2026-02-13T03:16:33.9931988Z"
"event_000003880","session_00001782","user_0056","org_007","result_clicked","ste_000674","{""position"":2}","2026-02-13T03:16:41.9931988Z"
"event_000003881","session_00001783","user_0056","org_007","search_submitted","","{""query_source"":""synonym""}","2025-10-19T14:21:33.9931988Z"
"event_000003882","session_00001783","user_0056","org_007","result_clicked","ste_000383","{""position"":5}","2025-10-19T14:21:41.9931988Z"
"event_000003883","session_00001784","user_0056","org_007","search_submitted","","{""query_source"":""base""}","2025-10-02T14:29:33.9931988Z"
"event_000003884","session_00001785","user_0056","org_007","search_submitted","","{""query_source"":""base""}","2026-01-11T19:27:33.9931988Z"
"event_000003885","session_00001785","user_0056","org_007","result_clicked","ste_000084","{""position"":4}","2026-01-11T19:27:41.9931988Z"
"event_000003886","session_00001785","user_0056","org_007","favorite_added","ste_001145","{""position"":2,""source"":""search""}","2026-01-11T19:27:44.9931988Z"
"event_000003887","session_00001786","user_0056","org_007","search_submitted","","{""query_source"":""base""}","2026-01-04T19:41:33.9931988Z"
"event_000003888","session_00001786","user_0056","org_007","result_clicked","ste_000568","{""position"":4}","2026-01-04T19:41:41.9931988Z"
"event_000003889","session_00001786","user_0056","org_007","favorite_added","ste_000628","{""position"":5,""source"":""search""}","2026-01-04T19:41:44.9931988Z"
"event_000003890","session_00001787","user_0056","org_007","search_submitted","","{""query_source"":""base""}","2025-09-29T19:27:33.9931988Z"
"event_000003891","session_00001787","user_0056","org_007","result_clicked","ste_000917","{""position"":4}","2025-09-29T19:27:41.9931988Z"
"event_000003892","session_00001787","user_0056","org_007","favorite_added","ste_000917","{""position"":4,""source"":""search""}","2025-09-29T19:27:44.9931988Z"
"event_000003893","session_00001788","user_0056","org_007","search_submitted","","{""query_source"":""base""}","2025-10-04T17:17:33.9931988Z"
"event_000003894","session_00001788","user_0056","org_007","result_clicked","ste_001192","{""position"":5}","2025-10-04T17:17:41.9931988Z"
"event_000003895","session_00001789","user_0056","org_007","search_submitted","","{""query_source"":""base""}","2025-12-25T13:15:33.9931988Z"
"event_000003896","session_00001789","user_0056","org_007","result_clicked","ste_000441","{""position"":1}","2025-12-25T13:15:41.9931988Z"
"event_000003897","session_00001789","user_0056","org_007","purchase_completed","ste_000441","{""source"":""search"",""position"":1}","2025-12-25T13:15:51.9931988Z"
"event_000003898","session_00001790","user_0056","org_007","search_submitted","","{""query_source"":""base""}","2025-11-07T22:29:33.9931988Z"
"event_000003899","session_00001790","user_0056","org_007","result_clicked","ste_000482","{""position"":5}","2025-11-07T22:29:41.9931988Z"
"event_000003900","session_00001790","user_0056","org_007","favorite_added","ste_000482","{""position"":5,""source"":""search""}","2025-11-07T22:29:44.9931988Z"
"event_000003901","session_00001791","user_0056","org_007","search_submitted","","{""query_source"":""synonym""}","2025-10-22T06:22:33.9931988Z"
"event_000003902","session_00001791","user_0056","org_007","result_clicked","ste_001101","{""position"":4}","2025-10-22T06:22:41.9931988Z"
"event_000003903","session_00001792","user_0056","org_007","search_submitted","","{""query_source"":""base""}","2025-10-10T07:03:33.9931988Z"
"event_000003904","session_00001793","user_0056","org_007","search_submitted","","{""query_source"":""base""}","2026-03-14T14:29:33.9931988Z"
"event_000003905","session_00001793","user_0056","org_007","result_clicked","ste_000202","{""position"":2}","2026-03-14T14:29:41.9931988Z"
"event_000003906","session_00001793","user_0056","org_007","favorite_added","ste_000464","{""position"":1,""source"":""search""}","2026-03-14T14:29:44.9931988Z"
"event_000003907","session_00001794","user_0056","org_007","search_submitted","","{""query_source"":""base""}","2026-02-28T08:01:33.9931988Z"
"event_000003908","session_00001795","user_0056","org_007","search_submitted","","{""query_source"":""typo""}","2025-11-03T14:29:33.9931988Z"
"event_000003909","session_00001795","user_0056","org_007","result_clicked","ste_000118","{""position"":2}","2025-11-03T14:29:41.9931988Z"
"event_000003910","session_00001795","user_0056","org_007","favorite_added","ste_000721","{""position"":5,""source"":""search""}","2025-11-03T14:29:44.9931988Z"
"event_000003911","session_00001796","user_0056","org_007","search_submitted","","{""query_source"":""synonym""}","2026-03-07T12:00:33.9931988Z"
"event_000003912","session_00001796","user_0056","org_007","result_clicked","ste_000321","{""position"":3}","2026-03-07T12:00:41.9931988Z"
"event_000003913","session_00001796","user_0056","org_007","favorite_added","ste_000619","{""position"":5,""source"":""search""}","2026-03-07T12:00:44.9931988Z"
"event_000003914","session_00001797","user_0056","org_007","search_submitted","","{""query_source"":""base""}","2025-12-11T03:01:33.9931988Z"
"event_000003915","session_00001798","user_0056","org_007","search_submitted","","{""query_source"":""base""}","2026-01-31T07:19:33.9931988Z"
"event_000003916","session_00001798","user_0056","org_007","result_clicked","ste_000549","{""position"":4}","2026-01-31T07:19:41.9931988Z"
"event_000003917","session_00001799","user_0056","org_007","search_submitted","","{""query_source"":""typo""}","2026-02-11T23:22:33.9931988Z"
"event_000003918","session_00001799","user_0056","org_007","result_clicked","ste_000560","{""position"":3}","2026-02-11T23:22:41.9931988Z"
"event_000003919","session_00001799","user_0056","org_007","purchase_completed","ste_000560","{""source"":""search"",""position"":3}","2026-02-11T23:22:51.9931988Z"
"event_000003920","session_00001800","user_0056","org_007","search_submitted","","{""query_source"":""base""}","2026-03-26T14:10:33.9931988Z"
"event_000003921","session_00001800","user_0056","org_007","result_clicked","ste_001062","{""position"":1}","2026-03-26T14:10:41.9931988Z"
"event_000003922","session_00001801","user_0056","org_007","search_submitted","","{""query_source"":""base""}","2026-03-23T20:57:33.9931988Z"
"event_000003923","session_00001801","user_0056","org_007","result_clicked","ste_000155","{""position"":4}","2026-03-23T20:57:41.9931988Z"
"event_000003924","session_00001802","user_0056","org_007","search_submitted","","{""query_source"":""base""}","2025-12-06T19:32:33.9931988Z"
"event_000003925","session_00001802","user_0056","org_007","result_clicked","ste_000612","{""position"":5}","2025-12-06T19:32:41.9931988Z"
"event_000003926","session_00001803","user_0056","org_007","search_submitted","","{""query_source"":""base""}","2026-03-05T07:54:33.9931988Z"
"event_000003927","session_00001804","user_0056","org_007","search_submitted","","{""query_source"":""base""}","2025-11-08T01:16:33.9931988Z"
"event_000003928","session_00001804","user_0056","org_007","result_clicked","ste_000843","{""position"":2}","2025-11-08T01:16:41.9931988Z"
"event_000003929","session_00001805","user_0056","org_007","search_submitted","","{""query_source"":""typo""}","2026-03-10T04:03:33.9931988Z"
"event_000003930","session_00001805","user_0056","org_007","result_clicked","ste_000067","{""position"":2}","2026-03-10T04:03:41.9931988Z"
"event_000003931","session_00001805","user_0056","org_007","purchase_completed","ste_000067","{""source"":""search"",""position"":2}","2026-03-10T04:03:51.9931988Z"
"event_000003932","session_00001806","user_0056","org_007","search_submitted","","{""query_source"":""base""}","2026-01-27T01:38:33.9931988Z"
"event_000003933","session_00001806","user_0056","org_007","result_clicked","ste_000012","{""position"":4}","2026-01-27T01:38:41.9931988Z"
"event_000003934","session_00001806","user_0056","org_007","favorite_added","ste_000876","{""position"":3,""source"":""search""}","2026-01-27T01:38:44.9931988Z"
"event_000003935","session_00001807","user_0056","org_007","search_submitted","","{""query_source"":""base""}","2026-03-03T13:06:33.9931988Z"
"event_000003936","session_00001808","user_0056","org_007","search_submitted","","{""query_source"":""base""}","2025-10-26T17:12:33.9931988Z"
"event_000003937","session_00001808","user_0056","org_007","result_clicked","ste_000461","{""position"":1}","2025-10-26T17:12:41.9931988Z"
"event_000003938","session_00001808","user_0056","org_007","purchase_completed","ste_000461","{""source"":""search"",""position"":1}","2025-10-26T17:12:51.9931988Z"
"event_000003939","session_00001809","user_0056","org_007","search_submitted","","{""query_source"":""synonym""}","2026-01-27T07:00:33.9931988Z"
"event_000003940","session_00001809","user_0056","org_007","result_clicked","ste_000016","{""position"":1}","2026-01-27T07:00:41.9931988Z"
"event_000003941","session_00001809","user_0056","org_007","favorite_added","ste_000016","{""position"":1,""source"":""search""}","2026-01-27T07:00:44.9931988Z"
"event_000003942","session_00001810","user_0056","org_007","search_submitted","","{""query_source"":""base""}","2026-01-12T02:27:33.9931988Z"
"event_000003943","session_00001810","user_0056","org_007","result_clicked","ste_000002","{""position"":3}","2026-01-12T02:27:41.9931988Z"
"event_000003944","session_00001811","user_0056","org_007","search_submitted","","{""query_source"":""base""}","2025-11-12T15:23:33.9931988Z"
"event_000003945","session_00001811","user_0056","org_007","result_clicked","ste_000350","{""position"":5}","2025-11-12T15:23:41.9931988Z"
"event_000003946","session_00001812","user_0056","org_007","search_submitted","","{""query_source"":""base""}","2025-10-06T09:07:33.9931988Z"
"event_000003947","session_00001812","user_0056","org_007","result_clicked","ste_000902","{""position"":2}","2025-10-06T09:07:41.9931988Z"
"event_000003948","session_00001812","user_0056","org_007","favorite_added","ste_000902","{""position"":2,""source"":""search""}","2025-10-06T09:07:44.9931988Z"
"event_000003949","session_00001813","user_0056","org_007","search_submitted","","{""query_source"":""synonym""}","2025-11-13T01:26:33.9931988Z"
"event_000003950","session_00001813","user_0056","org_007","result_clicked","ste_000856","{""position"":1}","2025-11-13T01:26:41.9931988Z"
"event_000003951","session_00001813","user_0056","org_007","favorite_added","ste_000677","{""position"":4,""source"":""search""}","2025-11-13T01:26:44.9931988Z"
"event_000003952","session_00001814","user_0056","org_007","search_submitted","","{""query_source"":""base""}","2025-10-17T23:20:33.9931988Z"
"event_000003953","session_00001815","user_0056","org_007","search_submitted","","{""query_source"":""synonym""}","2026-02-04T07:03:33.9931988Z"
"event_000003954","session_00001815","user_0056","org_007","result_clicked","ste_000762","{""position"":1}","2026-02-04T07:03:41.9931988Z"
"event_000003955","session_00001816","user_0057","org_008","search_submitted","","{""query_source"":""base""}","2026-03-23T11:52:33.9931988Z"
"event_000003956","session_00001816","user_0057","org_008","result_clicked","ste_000985","{""position"":5}","2026-03-23T11:52:41.9931988Z"
"event_000003957","session_00001817","user_0057","org_008","search_submitted","","{""query_source"":""base""}","2025-12-06T11:19:33.9931988Z"
"event_000003958","session_00001818","user_0057","org_008","search_submitted","","{""query_source"":""base""}","2026-01-17T13:55:33.9931988Z"
"event_000003959","session_00001818","user_0057","org_008","result_clicked","ste_000520","{""position"":2}","2026-01-17T13:55:41.9931988Z"
"event_000003960","session_00001818","user_0057","org_008","favorite_added","ste_000179","{""position"":6,""source"":""search""}","2026-01-17T13:55:44.9931988Z"
"event_000003961","session_00001819","user_0057","org_008","search_submitted","","{""query_source"":""typo""}","2025-12-16T06:31:33.9931988Z"
"event_000003962","session_00001819","user_0057","org_008","result_clicked","ste_000137","{""position"":3}","2025-12-16T06:31:41.9931988Z"
"event_000003963","session_00001820","user_0057","org_008","search_submitted","","{""query_source"":""base""}","2026-03-07T03:56:33.9931988Z"
"event_000003964","session_00001820","user_0057","org_008","result_clicked","ste_000990","{""position"":2}","2026-03-07T03:56:41.9931988Z"
"event_000003965","session_00001821","user_0057","org_008","search_submitted","","{""query_source"":""base""}","2026-01-28T13:40:33.9931988Z"
"event_000003966","session_00001822","user_0057","org_008","search_submitted","","{""query_source"":""base""}","2026-01-25T05:59:33.9931988Z"
"event_000003967","session_00001823","user_0057","org_008","search_submitted","","{""query_source"":""base""}","2025-10-15T02:05:33.9931988Z"
"event_000003968","session_00001823","user_0057","org_008","result_clicked","ste_000462","{""position"":1}","2025-10-15T02:05:41.9931988Z"
"event_000003969","session_00001824","user_0057","org_008","search_submitted","","{""query_source"":""base""}","2025-11-09T07:03:33.9931988Z"
"event_000003970","session_00001824","user_0057","org_008","result_clicked","ste_000187","{""position"":4}","2025-11-09T07:03:41.9931988Z"
"event_000003971","session_00001825","user_0057","org_008","search_submitted","","{""query_source"":""base""}","2026-03-19T03:49:33.9931988Z"
"event_000003972","session_00001826","user_0057","org_008","search_submitted","","{""query_source"":""base""}","2026-01-30T21:37:33.9931988Z"
"event_000003973","session_00001827","user_0057","org_008","search_submitted","","{""query_source"":""base""}","2025-10-05T21:41:33.9931988Z"
"event_000003974","session_00001828","user_0057","org_008","search_submitted","","{""query_source"":""base""}","2025-10-10T12:43:33.9931988Z"
"event_000003975","session_00001828","user_0057","org_008","result_clicked","ste_000785","{""position"":5}","2025-10-10T12:43:41.9931988Z"
"event_000003976","session_00001828","user_0057","org_008","favorite_added","ste_001038","{""position"":6,""source"":""search""}","2025-10-10T12:43:44.9931988Z"
"event_000003977","session_00001829","user_0057","org_008","search_submitted","","{""query_source"":""base""}","2025-12-18T15:50:33.9931988Z"
"event_000003978","session_00001829","user_0057","org_008","result_clicked","ste_000358","{""position"":4}","2025-12-18T15:50:41.9931988Z"
"event_000003979","session_00001829","user_0057","org_008","purchase_completed","ste_000358","{""source"":""search"",""position"":4}","2025-12-18T15:50:51.9931988Z"
"event_000003980","session_00001830","user_0057","org_008","search_submitted","","{""query_source"":""synonym""}","2025-10-12T04:42:33.9931988Z"
"event_000003981","session_00001831","user_0057","org_008","search_submitted","","{""query_source"":""synonym""}","2026-01-17T04:59:33.9931988Z"
"event_000003982","session_00001831","user_0057","org_008","result_clicked","ste_000125","{""position"":1}","2026-01-17T04:59:41.9931988Z"
"event_000003983","session_00001832","user_0057","org_008","search_submitted","","{""query_source"":""base""}","2025-12-12T10:55:33.9931988Z"
"event_000003984","session_00001832","user_0057","org_008","result_clicked","ste_000374","{""position"":5}","2025-12-12T10:55:41.9931988Z"
"event_000003985","session_00001832","user_0057","org_008","favorite_added","ste_000205","{""position"":7,""source"":""search""}","2025-12-12T10:55:44.9931988Z"
"event_000003986","session_00001833","user_0057","org_008","search_submitted","","{""query_source"":""base""}","2025-11-27T06:53:33.9931988Z"
"event_000003987","session_00001833","user_0057","org_008","result_clicked","ste_000050","{""position"":4}","2025-11-27T06:53:41.9931988Z"
"event_000003988","session_00001833","user_0057","org_008","purchase_completed","ste_000050","{""source"":""search"",""position"":4}","2025-11-27T06:53:51.9931988Z"
"event_000003989","session_00001834","user_0057","org_008","search_submitted","","{""query_source"":""base""}","2026-03-07T09:37:33.9931988Z"
"event_000003990","session_00001834","user_0057","org_008","result_clicked","ste_000203","{""position"":4}","2026-03-07T09:37:41.9931988Z"
"event_000003991","session_00001835","user_0057","org_008","search_submitted","","{""query_source"":""base""}","2025-10-05T03:54:33.9931988Z"
"event_000003992","session_00001835","user_0057","org_008","result_clicked","ste_000602","{""position"":2}","2025-10-05T03:54:41.9931988Z"
"event_000003993","session_00001836","user_0057","org_008","search_submitted","","{""query_source"":""base""}","2025-12-02T11:14:33.9931988Z"
"event_000003994","session_00001836","user_0057","org_008","result_clicked","ste_000442","{""position"":3}","2025-12-02T11:14:41.9931988Z"
"event_000003995","session_00001836","user_0057","org_008","favorite_added","ste_001192","{""position"":4,""source"":""search""}","2025-12-02T11:14:44.9931988Z"
"event_000003996","session_00001837","user_0057","org_008","search_submitted","","{""query_source"":""typo""}","2026-01-11T04:03:33.9931988Z"
"event_000003997","session_00001837","user_0057","org_008","result_clicked","ste_000861","{""position"":2}","2026-01-11T04:03:41.9931988Z"
"event_000003998","session_00001837","user_0057","org_008","favorite_added","ste_000332","{""position"":5,""source"":""search""}","2026-01-11T04:03:44.9931988Z"
"event_000003999","session_00001837","user_0057","org_008","purchase_completed","ste_000861","{""source"":""search"",""position"":2}","2026-01-11T04:03:51.9931988Z"
"event_000004000","session_00001838","user_0057","org_008","search_submitted","","{""query_source"":""base""}","2025-11-16T10:51:33.9931988Z"
"event_000004001","session_00001838","user_0057","org_008","result_clicked","ste_000686","{""position"":1}","2025-11-16T10:51:41.9931988Z"
"event_000004002","session_00001839","user_0057","org_008","search_submitted","","{""query_source"":""base""}","2026-03-09T04:57:33.9931988Z"
"event_000004003","session_00001839","user_0057","org_008","result_clicked","ste_000545","{""position"":2}","2026-03-09T04:57:41.9931988Z"
"event_000004004","session_00001840","user_0057","org_008","search_submitted","","{""query_source"":""base""}","2025-10-06T08:40:33.9931988Z"
"event_000004005","session_00001841","user_0057","org_008","search_submitted","","{""query_source"":""typo""}","2026-03-01T11:09:33.9931988Z"
"event_000004006","session_00001841","user_0057","org_008","result_clicked","ste_000022","{""position"":3}","2026-03-01T11:09:41.9931988Z"
"event_000004007","session_00001841","user_0057","org_008","favorite_added","ste_000775","{""position"":2,""source"":""search""}","2026-03-01T11:09:44.9931988Z"
"event_000004008","session_00001842","user_0057","org_008","search_submitted","","{""query_source"":""base""}","2025-12-18T14:48:33.9931988Z"
"event_000004009","session_00001843","user_0057","org_008","search_submitted","","{""query_source"":""base""}","2025-11-27T10:38:33.9931988Z"
"event_000004010","session_00001843","user_0057","org_008","result_clicked","ste_000641","{""position"":5}","2025-11-27T10:38:41.9931988Z"
"event_000004011","session_00001843","user_0057","org_008","purchase_completed","ste_000641","{""source"":""search"",""position"":5}","2025-11-27T10:38:51.9931988Z"
"event_000004012","session_00001844","user_0057","org_008","search_submitted","","{""query_source"":""base""}","2025-12-11T19:06:33.9931988Z"
"event_000004013","session_00001844","user_0057","org_008","result_clicked","ste_000576","{""position"":2}","2025-12-11T19:06:41.9931988Z"
"event_000004014","session_00001845","user_0057","org_008","search_submitted","","{""query_source"":""base""}","2026-02-26T08:56:33.9931988Z"
"event_000004015","session_00001845","user_0057","org_008","result_clicked","ste_000475","{""position"":4}","2026-02-26T08:56:41.9931988Z"
"event_000004016","session_00001845","user_0057","org_008","purchase_completed","ste_000475","{""source"":""search"",""position"":4}","2026-02-26T08:56:51.9931988Z"
"event_000004017","session_00001846","user_0057","org_008","search_submitted","","{""query_source"":""synonym""}","2026-03-26T20:22:33.9931988Z"
"event_000004018","session_00001846","user_0057","org_008","result_clicked","ste_000842","{""position"":2}","2026-03-26T20:22:41.9931988Z"
"event_000004019","session_00001846","user_0057","org_008","favorite_added","ste_000267","{""position"":1,""source"":""search""}","2026-03-26T20:22:44.9931988Z"
"event_000004020","session_00001847","user_0057","org_008","search_submitted","","{""query_source"":""base""}","2026-03-19T17:45:33.9931988Z"
"event_000004021","session_00001847","user_0057","org_008","result_clicked","ste_000751","{""position"":1}","2026-03-19T17:45:41.9931988Z"
"event_000004022","session_00001847","user_0057","org_008","favorite_added","ste_000130","{""position"":2,""source"":""search""}","2026-03-19T17:45:44.9931988Z"
"event_000004023","session_00001847","user_0057","org_008","purchase_completed","ste_000751","{""source"":""search"",""position"":1}","2026-03-19T17:45:51.9931988Z"
"event_000004024","session_00001848","user_0057","org_008","search_submitted","","{""query_source"":""base""}","2025-10-09T10:59:33.9931988Z"
"event_000004025","session_00001848","user_0057","org_008","result_clicked","ste_001168","{""position"":5}","2025-10-09T10:59:41.9931988Z"
"event_000004026","session_00001848","user_0057","org_008","favorite_added","ste_001168","{""position"":5,""source"":""search""}","2025-10-09T10:59:44.9931988Z"
"event_000004027","session_00001849","user_0057","org_008","search_submitted","","{""query_source"":""base""}","2026-03-12T06:58:33.9931988Z"
"event_000004028","session_00001850","user_0057","org_008","search_submitted","","{""query_source"":""base""}","2026-01-03T00:00:33.9931988Z"
"event_000004029","session_00001850","user_0057","org_008","result_clicked","ste_000608","{""position"":3}","2026-01-03T00:00:41.9931988Z"
"event_000004030","session_00001851","user_0057","org_008","search_submitted","","{""query_source"":""synonym""}","2025-11-08T11:20:33.9931988Z"
"event_000004031","session_00001851","user_0057","org_008","result_clicked","ste_000211","{""position"":5}","2025-11-08T11:20:41.9931988Z"
"event_000004032","session_00001851","user_0057","org_008","favorite_added","ste_000561","{""position"":7,""source"":""search""}","2025-11-08T11:20:44.9931988Z"
"event_000004033","session_00001852","user_0057","org_008","search_submitted","","{""query_source"":""typo""}","2026-01-29T04:34:33.9931988Z"
"event_000004034","session_00001852","user_0057","org_008","result_clicked","ste_000051","{""position"":1}","2026-01-29T04:34:41.9931988Z"
"event_000004035","session_00001853","user_0058","org_008","search_submitted","","{""query_source"":""base""}","2025-12-28T14:11:33.9931988Z"
"event_000004036","session_00001853","user_0058","org_008","result_clicked","ste_000814","{""position"":5}","2025-12-28T14:11:41.9931988Z"
"event_000004037","session_00001853","user_0058","org_008","purchase_completed","ste_000814","{""source"":""search"",""position"":5}","2025-12-28T14:11:51.9931988Z"
"event_000004038","session_00001854","user_0058","org_008","search_submitted","","{""query_source"":""base""}","2026-01-18T00:10:33.9931988Z"
"event_000004039","session_00001854","user_0058","org_008","result_clicked","ste_001196","{""position"":5}","2026-01-18T00:10:41.9931988Z"
"event_000004040","session_00001854","user_0058","org_008","favorite_added","ste_000705","{""position"":4,""source"":""search""}","2026-01-18T00:10:44.9931988Z"
"event_000004041","session_00001855","user_0058","org_008","search_submitted","","{""query_source"":""synonym""}","2025-10-16T03:36:33.9931988Z"
"event_000004042","session_00001856","user_0058","org_008","search_submitted","","{""query_source"":""base""}","2025-10-24T01:32:33.9931988Z"
"event_000004043","session_00001856","user_0058","org_008","result_clicked","ste_000601","{""position"":1}","2025-10-24T01:32:41.9931988Z"
"event_000004044","session_00001856","user_0058","org_008","purchase_completed","ste_000601","{""source"":""search"",""position"":1}","2025-10-24T01:32:51.9931988Z"
"event_000004045","session_00001857","user_0058","org_008","search_submitted","","{""query_source"":""typo""}","2025-12-09T21:03:33.9931988Z"
"event_000004046","session_00001858","user_0058","org_008","search_submitted","","{""query_source"":""base""}","2026-01-03T21:53:33.9931988Z"
"event_000004047","session_00001858","user_0058","org_008","result_clicked","ste_000881","{""position"":4}","2026-01-03T21:53:41.9931988Z"
"event_000004048","session_00001859","user_0058","org_008","search_submitted","","{""query_source"":""base""}","2026-03-14T00:06:33.9931988Z"
"event_000004049","session_00001859","user_0058","org_008","result_clicked","ste_001035","{""position"":1}","2026-03-14T00:06:41.9931988Z"
"event_000004050","session_00001859","user_0058","org_008","favorite_added","ste_000302","{""position"":3,""source"":""search""}","2026-03-14T00:06:44.9931988Z"
"event_000004051","session_00001860","user_0058","org_008","search_submitted","","{""query_source"":""base""}","2025-12-02T04:58:33.9931988Z"
"event_000004052","session_00001860","user_0058","org_008","result_clicked","ste_000551","{""position"":2}","2025-12-02T04:58:41.9931988Z"
"event_000004053","session_00001861","user_0058","org_008","search_submitted","","{""query_source"":""base""}","2026-03-19T17:25:33.9931988Z"
"event_000004054","session_00001861","user_0058","org_008","result_clicked","ste_001009","{""position"":2}","2026-03-19T17:25:41.9931988Z"
"event_000004055","session_00001862","user_0058","org_008","search_submitted","","{""query_source"":""typo""}","2026-02-12T00:47:33.9931988Z"
"event_000004056","session_00001862","user_0058","org_008","result_clicked","ste_000520","{""position"":4}","2026-02-12T00:47:41.9931988Z"
"event_000004057","session_00001862","user_0058","org_008","favorite_added","ste_000725","{""position"":6,""source"":""search""}","2026-02-12T00:47:44.9931988Z"
"event_000004058","session_00001863","user_0058","org_008","search_submitted","","{""query_source"":""base""}","2025-10-18T07:03:33.9931988Z"
"event_000004059","session_00001863","user_0058","org_008","result_clicked","ste_000173","{""position"":2}","2025-10-18T07:03:41.9931988Z"
"event_000004060","session_00001863","user_0058","org_008","favorite_added","ste_000173","{""position"":2,""source"":""search""}","2025-10-18T07:03:44.9931988Z"
"event_000004061","session_00001863","user_0058","org_008","purchase_completed","ste_000173","{""source"":""search"",""position"":2}","2025-10-18T07:03:51.9931988Z"
"event_000004062","session_00001864","user_0058","org_008","search_submitted","","{""query_source"":""base""}","2025-12-19T14:14:33.9931988Z"
"event_000004063","session_00001865","user_0058","org_008","search_submitted","","{""query_source"":""base""}","2025-11-14T06:16:33.9931988Z"
"event_000004064","session_00001865","user_0058","org_008","result_clicked","ste_000336","{""position"":2}","2025-11-14T06:16:41.9931988Z"
"event_000004065","session_00001865","user_0058","org_008","favorite_added","ste_000553","{""position"":3,""source"":""search""}","2025-11-14T06:16:44.9931988Z"
"event_000004066","session_00001866","user_0058","org_008","search_submitted","","{""query_source"":""base""}","2026-03-13T14:23:33.9931988Z"
"event_000004067","session_00001867","user_0058","org_008","search_submitted","","{""query_source"":""base""}","2026-01-10T17:22:33.9931988Z"
"event_000004068","session_00001867","user_0058","org_008","result_clicked","ste_000763","{""position"":1}","2026-01-10T17:22:41.9931988Z"
"event_000004069","session_00001868","user_0058","org_008","search_submitted","","{""query_source"":""base""}","2025-12-03T17:18:33.9931988Z"
"event_000004070","session_00001868","user_0058","org_008","result_clicked","ste_000510","{""position"":4}","2025-12-03T17:18:41.9931988Z"
"event_000004071","session_00001868","user_0058","org_008","favorite_added","ste_000107","{""position"":7,""source"":""search""}","2025-12-03T17:18:44.9931988Z"
"event_000004072","session_00001869","user_0058","org_008","search_submitted","","{""query_source"":""synonym""}","2026-02-01T19:46:33.9931988Z"
"event_000004073","session_00001870","user_0058","org_008","search_submitted","","{""query_source"":""base""}","2026-01-03T00:00:33.9931988Z"
"event_000004074","session_00001870","user_0058","org_008","result_clicked","ste_001175","{""position"":1}","2026-01-03T00:00:41.9931988Z"
"event_000004075","session_00001870","user_0058","org_008","favorite_added","ste_000285","{""position"":4,""source"":""search""}","2026-01-03T00:00:44.9931988Z"
"event_000004076","session_00001871","user_0058","org_008","search_submitted","","{""query_source"":""base""}","2026-02-14T02:01:33.9931988Z"
"event_000004077","session_00001871","user_0058","org_008","result_clicked","ste_000036","{""position"":2}","2026-02-14T02:01:41.9931988Z"
"event_000004078","session_00001871","user_0058","org_008","favorite_added","ste_000664","{""position"":6,""source"":""search""}","2026-02-14T02:01:44.9931988Z"
"event_000004079","session_00001872","user_0058","org_008","search_submitted","","{""query_source"":""base""}","2026-01-12T10:16:33.9931988Z"
"event_000004080","session_00001872","user_0058","org_008","result_clicked","ste_000580","{""position"":4}","2026-01-12T10:16:41.9931988Z"
"event_000004081","session_00001872","user_0058","org_008","purchase_completed","ste_000580","{""source"":""search"",""position"":4}","2026-01-12T10:16:51.9931988Z"
"event_000004082","session_00001873","user_0058","org_008","search_submitted","","{""query_source"":""base""}","2025-10-30T18:59:33.9931988Z"
"event_000004083","session_00001874","user_0058","org_008","search_submitted","","{""query_source"":""synonym""}","2025-10-20T15:11:33.9931988Z"
"event_000004084","session_00001874","user_0058","org_008","result_clicked","ste_000037","{""position"":2}","2025-10-20T15:11:41.9931988Z"
"event_000004085","session_00001874","user_0058","org_008","favorite_added","ste_000037","{""position"":2,""source"":""search""}","2025-10-20T15:11:44.9931988Z"
"event_000004086","session_00001875","user_0058","org_008","search_submitted","","{""query_source"":""typo""}","2026-03-16T09:04:33.9931988Z"
"event_000004087","session_00001875","user_0058","org_008","result_clicked","ste_000972","{""position"":1}","2026-03-16T09:04:41.9931988Z"
"event_000004088","session_00001876","user_0058","org_008","search_submitted","","{""query_source"":""base""}","2025-11-19T19:30:33.9931988Z"
"event_000004089","session_00001876","user_0058","org_008","result_clicked","ste_000371","{""position"":5}","2025-11-19T19:30:41.9931988Z"
"event_000004090","session_00001877","user_0058","org_008","search_submitted","","{""query_source"":""base""}","2026-02-18T06:20:33.9931988Z"
"event_000004091","session_00001877","user_0058","org_008","result_clicked","ste_000913","{""position"":2}","2026-02-18T06:20:41.9931988Z"
"event_000004092","session_00001878","user_0058","org_008","search_submitted","","{""query_source"":""base""}","2025-12-01T23:33:33.9931988Z"
"event_000004093","session_00001878","user_0058","org_008","result_clicked","ste_000713","{""position"":3}","2025-12-01T23:33:41.9931988Z"
"event_000004094","session_00001878","user_0058","org_008","favorite_added","ste_000768","{""position"":7,""source"":""search""}","2025-12-01T23:33:44.9931988Z"
"event_000004095","session_00001879","user_0058","org_008","search_submitted","","{""query_source"":""base""}","2025-10-31T08:37:33.9931988Z"
"event_000004096","session_00001879","user_0058","org_008","result_clicked","ste_000601","{""position"":5}","2025-10-31T08:37:41.9931988Z"
"event_000004097","session_00001879","user_0058","org_008","favorite_added","ste_001120","{""position"":3,""source"":""search""}","2025-10-31T08:37:44.9931988Z"
"event_000004098","session_00001879","user_0058","org_008","purchase_completed","ste_000601","{""source"":""search"",""position"":5}","2025-10-31T08:37:51.9931988Z"
"event_000004099","session_00001880","user_0058","org_008","search_submitted","","{""query_source"":""base""}","2025-12-11T09:52:33.9931988Z"
"event_000004100","session_00001881","user_0058","org_008","search_submitted","","{""query_source"":""base""}","2025-10-12T21:17:33.9931988Z"
"event_000004101","session_00001881","user_0058","org_008","result_clicked","ste_000865","{""position"":4}","2025-10-12T21:17:41.9931988Z"
"event_000004102","session_00001881","user_0058","org_008","favorite_added","ste_000051","{""position"":6,""source"":""search""}","2025-10-12T21:17:44.9931988Z"
"event_000004103","session_00001881","user_0058","org_008","purchase_completed","ste_000865","{""source"":""search"",""position"":4}","2025-10-12T21:17:51.9931988Z"
"event_000004104","session_00001882","user_0058","org_008","search_submitted","","{""query_source"":""base""}","2026-02-07T10:44:33.9931988Z"
"event_000004105","session_00001882","user_0058","org_008","result_clicked","ste_000929","{""position"":2}","2026-02-07T10:44:41.9931988Z"
"event_000004106","session_00001882","user_0058","org_008","favorite_added","ste_000249","{""position"":6,""source"":""search""}","2026-02-07T10:44:44.9931988Z"
"event_000004107","session_00001883","user_0058","org_008","search_submitted","","{""query_source"":""typo""}","2026-02-18T04:23:33.9931988Z"
"event_000004108","session_00001883","user_0058","org_008","result_clicked","ste_001199","{""position"":4}","2026-02-18T04:23:41.9931988Z"
"event_000004109","session_00001883","user_0058","org_008","favorite_added","ste_000462","{""position"":5,""source"":""search""}","2026-02-18T04:23:44.9931988Z"
"event_000004110","session_00001884","user_0059","org_008","search_submitted","","{""query_source"":""base""}","2026-02-24T07:29:33.9931988Z"
"event_000004111","session_00001884","user_0059","org_008","result_clicked","ste_000205","{""position"":5}","2026-02-24T07:29:41.9931988Z"
"event_000004112","session_00001885","user_0059","org_008","search_submitted","","{""query_source"":""base""}","2026-01-21T12:08:33.9931988Z"
"event_000004113","session_00001885","user_0059","org_008","result_clicked","ste_000184","{""position"":4}","2026-01-21T12:08:41.9931988Z"
"event_000004114","session_00001886","user_0059","org_008","search_submitted","","{""query_source"":""base""}","2026-03-11T08:18:33.9931988Z"
"event_000004115","session_00001886","user_0059","org_008","result_clicked","ste_000290","{""position"":1}","2026-03-11T08:18:41.9931988Z"
"event_000004116","session_00001887","user_0059","org_008","search_submitted","","{""query_source"":""base""}","2025-10-17T17:16:33.9931988Z"
"event_000004117","session_00001888","user_0059","org_008","search_submitted","","{""query_source"":""base""}","2025-12-07T01:59:33.9931988Z"
"event_000004118","session_00001888","user_0059","org_008","result_clicked","ste_000292","{""position"":1}","2025-12-07T01:59:41.9931988Z"
"event_000004119","session_00001888","user_0059","org_008","favorite_added","ste_001013","{""position"":4,""source"":""search""}","2025-12-07T01:59:44.9931988Z"
"event_000004120","session_00001889","user_0059","org_008","search_submitted","","{""query_source"":""typo""}","2026-02-06T07:34:33.9931988Z"
"event_000004121","session_00001889","user_0059","org_008","result_clicked","ste_000789","{""position"":2}","2026-02-06T07:34:41.9931988Z"
"event_000004122","session_00001889","user_0059","org_008","favorite_added","ste_000471","{""position"":7,""source"":""search""}","2026-02-06T07:34:44.9931988Z"
"event_000004123","session_00001890","user_0059","org_008","search_submitted","","{""query_source"":""base""}","2026-01-17T05:16:33.9931988Z"
"event_000004124","session_00001891","user_0059","org_008","search_submitted","","{""query_source"":""typo""}","2025-10-13T02:42:33.9931988Z"
"event_000004125","session_00001892","user_0059","org_008","search_submitted","","{""query_source"":""base""}","2025-11-20T05:51:33.9931988Z"
"event_000004126","session_00001892","user_0059","org_008","result_clicked","ste_000792","{""position"":2}","2025-11-20T05:51:41.9931988Z"
"event_000004127","session_00001892","user_0059","org_008","favorite_added","ste_000012","{""position"":6,""source"":""search""}","2025-11-20T05:51:44.9931988Z"
"event_000004128","session_00001893","user_0059","org_008","search_submitted","","{""query_source"":""synonym""}","2026-01-15T21:49:33.9931988Z"
"event_000004129","session_00001893","user_0059","org_008","result_clicked","ste_000311","{""position"":1}","2026-01-15T21:49:41.9931988Z"
"event_000004130","session_00001893","user_0059","org_008","purchase_completed","ste_000311","{""source"":""search"",""position"":1}","2026-01-15T21:49:51.9931988Z"
"event_000004131","session_00001894","user_0059","org_008","search_submitted","","{""query_source"":""typo""}","2026-01-11T05:51:33.9931988Z"
"event_000004132","session_00001894","user_0059","org_008","result_clicked","ste_001178","{""position"":1}","2026-01-11T05:51:41.9931988Z"
"event_000004133","session_00001894","user_0059","org_008","favorite_added","ste_000503","{""position"":6,""source"":""search""}","2026-01-11T05:51:44.9931988Z"
"event_000004134","session_00001895","user_0059","org_008","search_submitted","","{""query_source"":""base""}","2026-02-28T17:15:33.9931988Z"
"event_000004135","session_00001895","user_0059","org_008","result_clicked","ste_001150","{""position"":5}","2026-02-28T17:15:41.9931988Z"
"event_000004136","session_00001896","user_0059","org_008","search_submitted","","{""query_source"":""base""}","2025-10-10T20:06:33.9931988Z"
"event_000004137","session_00001896","user_0059","org_008","result_clicked","ste_000151","{""position"":4}","2025-10-10T20:06:41.9931988Z"
"event_000004138","session_00001896","user_0059","org_008","favorite_added","ste_000088","{""position"":6,""source"":""search""}","2025-10-10T20:06:44.9931988Z"
"event_000004139","session_00001896","user_0059","org_008","purchase_completed","ste_000151","{""source"":""search"",""position"":4}","2025-10-10T20:06:51.9931988Z"
"event_000004140","session_00001897","user_0059","org_008","search_submitted","","{""query_source"":""base""}","2026-03-19T23:13:33.9931988Z"
"event_000004141","session_00001898","user_0059","org_008","search_submitted","","{""query_source"":""base""}","2025-10-26T17:52:33.9931988Z"
"event_000004142","session_00001898","user_0059","org_008","result_clicked","ste_000077","{""position"":1}","2025-10-26T17:52:41.9931988Z"
"event_000004143","session_00001898","user_0059","org_008","favorite_added","ste_000221","{""position"":5,""source"":""search""}","2025-10-26T17:52:44.9931988Z"
"event_000004144","session_00001899","user_0059","org_008","search_submitted","","{""query_source"":""base""}","2025-10-27T08:29:33.9931988Z"
"event_000004145","session_00001900","user_0059","org_008","search_submitted","","{""query_source"":""synonym""}","2025-11-28T13:47:33.9931988Z"
"event_000004146","session_00001900","user_0059","org_008","result_clicked","ste_000694","{""position"":1}","2025-11-28T13:47:41.9931988Z"
"event_000004147","session_00001900","user_0059","org_008","purchase_completed","ste_000694","{""source"":""search"",""position"":1}","2025-11-28T13:47:51.9931988Z"
"event_000004148","session_00001901","user_0059","org_008","search_submitted","","{""query_source"":""typo""}","2025-12-09T09:23:33.9931988Z"
"event_000004149","session_00001901","user_0059","org_008","result_clicked","ste_000666","{""position"":4}","2025-12-09T09:23:41.9931988Z"
"event_000004150","session_00001901","user_0059","org_008","favorite_added","ste_000666","{""position"":4,""source"":""search""}","2025-12-09T09:23:44.9931988Z"
"event_000004151","session_00001902","user_0059","org_008","search_submitted","","{""query_source"":""base""}","2026-02-23T21:18:33.9931988Z"
"event_000004152","session_00001902","user_0059","org_008","result_clicked","ste_000880","{""position"":3}","2026-02-23T21:18:41.9931988Z"
"event_000004153","session_00001902","user_0059","org_008","favorite_added","ste_000668","{""position"":2,""source"":""search""}","2026-02-23T21:18:44.9931988Z"
"event_000004154","session_00001903","user_0059","org_008","search_submitted","","{""query_source"":""base""}","2026-02-14T02:48:33.9931988Z"
"event_000004155","session_00001903","user_0059","org_008","result_clicked","ste_000621","{""position"":4}","2026-02-14T02:48:41.9931988Z"
"event_000004156","session_00001904","user_0059","org_008","search_submitted","","{""query_source"":""base""}","2026-01-19T00:38:33.9931988Z"
"event_000004157","session_00001904","user_0059","org_008","result_clicked","ste_000449","{""position"":1}","2026-01-19T00:38:41.9931988Z"
"event_000004158","session_00001905","user_0059","org_008","search_submitted","","{""query_source"":""synonym""}","2026-01-30T03:30:33.9931988Z"
"event_000004159","session_00001905","user_0059","org_008","result_clicked","ste_000669","{""position"":5}","2026-01-30T03:30:41.9931988Z"
"event_000004160","session_00001906","user_0059","org_008","search_submitted","","{""query_source"":""base""}","2026-02-13T13:44:33.9931988Z"
"event_000004161","session_00001906","user_0059","org_008","result_clicked","ste_000590","{""position"":4}","2026-02-13T13:44:41.9931988Z"
"event_000004162","session_00001906","user_0059","org_008","favorite_added","ste_000027","{""position"":5,""source"":""search""}","2026-02-13T13:44:44.9931988Z"
"event_000004163","session_00001907","user_0059","org_008","search_submitted","","{""query_source"":""base""}","2026-01-26T15:20:33.9931988Z"
"event_000004164","session_00001907","user_0059","org_008","result_clicked","ste_000856","{""position"":4}","2026-01-26T15:20:41.9931988Z"
"event_000004165","session_00001908","user_0059","org_008","search_submitted","","{""query_source"":""synonym""}","2026-03-27T04:41:33.9931988Z"
"event_000004166","session_00001909","user_0059","org_008","search_submitted","","{""query_source"":""typo""}","2025-11-04T09:04:33.9931988Z"
"event_000004167","session_00001909","user_0059","org_008","result_clicked","ste_000848","{""position"":3}","2025-11-04T09:04:41.9931988Z"
"event_000004168","session_00001909","user_0059","org_008","favorite_added","ste_000802","{""position"":4,""source"":""search""}","2025-11-04T09:04:44.9931988Z"
"event_000004169","session_00001909","user_0059","org_008","purchase_completed","ste_000848","{""source"":""search"",""position"":3}","2025-11-04T09:04:51.9931988Z"
"event_000004170","session_00001910","user_0059","org_008","search_submitted","","{""query_source"":""base""}","2025-11-29T08:17:33.9931988Z"
"event_000004171","session_00001911","user_0059","org_008","search_submitted","","{""query_source"":""base""}","2025-10-20T06:35:33.9931988Z"
"event_000004172","session_00001911","user_0059","org_008","result_clicked","ste_000628","{""position"":5}","2025-10-20T06:35:41.9931988Z"
"event_000004173","session_00001912","user_0059","org_008","search_submitted","","{""query_source"":""base""}","2026-02-26T23:07:33.9931988Z"
"event_000004174","session_00001912","user_0059","org_008","result_clicked","ste_000851","{""position"":2}","2026-02-26T23:07:41.9931988Z"
"event_000004175","session_00001912","user_0059","org_008","purchase_completed","ste_000851","{""source"":""search"",""position"":2}","2026-02-26T23:07:51.9931988Z"
"event_000004176","session_00001913","user_0059","org_008","search_submitted","","{""query_source"":""base""}","2025-11-02T17:09:33.9931988Z"
"event_000004177","session_00001913","user_0059","org_008","result_clicked","ste_000679","{""position"":4}","2025-11-02T17:09:41.9931988Z"
"event_000004178","session_00001913","user_0059","org_008","favorite_added","ste_001032","{""position"":2,""source"":""search""}","2025-11-02T17:09:44.9931988Z"
"event_000004179","session_00001914","user_0059","org_008","search_submitted","","{""query_source"":""base""}","2026-01-06T06:12:33.9931988Z"
"event_000004180","session_00001914","user_0059","org_008","result_clicked","ste_000415","{""position"":3}","2026-01-06T06:12:41.9931988Z"
"event_000004181","session_00001914","user_0059","org_008","favorite_added","ste_000891","{""position"":5,""source"":""search""}","2026-01-06T06:12:44.9931988Z"
"event_000004182","session_00001914","user_0059","org_008","purchase_completed","ste_000415","{""source"":""search"",""position"":3}","2026-01-06T06:12:51.9931988Z"
"event_000004183","session_00001915","user_0059","org_008","search_submitted","","{""query_source"":""base""}","2025-12-22T12:04:33.9931988Z"
"event_000004184","session_00001915","user_0059","org_008","result_clicked","ste_001038","{""position"":5}","2025-12-22T12:04:41.9931988Z"
"event_000004185","session_00001915","user_0059","org_008","purchase_completed","ste_001038","{""source"":""search"",""position"":5}","2025-12-22T12:04:51.9931988Z"
"event_000004186","session_00001916","user_0059","org_008","search_submitted","","{""query_source"":""base""}","2025-12-17T23:28:33.9931988Z"
"event_000004187","session_00001916","user_0059","org_008","result_clicked","ste_000982","{""position"":5}","2025-12-17T23:28:41.9931988Z"
"event_000004188","session_00001916","user_0059","org_008","purchase_completed","ste_000982","{""source"":""search"",""position"":5}","2025-12-17T23:28:51.9931988Z"
"event_000004189","session_00001917","user_0059","org_008","search_submitted","","{""query_source"":""base""}","2025-12-04T14:07:33.9931988Z"
"event_000004190","session_00001918","user_0059","org_008","search_submitted","","{""query_source"":""base""}","2026-03-23T13:29:33.9931988Z"
"event_000004191","session_00001918","user_0059","org_008","result_clicked","ste_000944","{""position"":4}","2026-03-23T13:29:41.9931988Z"
"event_000004192","session_00001919","user_0059","org_008","search_submitted","","{""query_source"":""base""}","2025-11-30T01:07:33.9931988Z"
"event_000004193","session_00001919","user_0059","org_008","result_clicked","ste_000103","{""position"":4}","2025-11-30T01:07:41.9931988Z"
"event_000004194","session_00001920","user_0059","org_008","search_submitted","","{""query_source"":""base""}","2026-02-07T03:40:33.9931988Z"
"event_000004195","session_00001921","user_0060","org_008","search_submitted","","{""query_source"":""base""}","2025-10-17T10:10:33.9931988Z"
"event_000004196","session_00001921","user_0060","org_008","result_clicked","ste_001140","{""position"":2}","2025-10-17T10:10:41.9931988Z"
"event_000004197","session_00001922","user_0060","org_008","search_submitted","","{""query_source"":""base""}","2025-12-12T21:55:33.9931988Z"
"event_000004198","session_00001922","user_0060","org_008","result_clicked","ste_000456","{""position"":5}","2025-12-12T21:55:41.9931988Z"
"event_000004199","session_00001923","user_0060","org_008","search_submitted","","{""query_source"":""base""}","2025-09-30T21:05:33.9931988Z"
"event_000004200","session_00001923","user_0060","org_008","result_clicked","ste_000583","{""position"":5}","2025-09-30T21:05:41.9931988Z"
"event_000004201","session_00001923","user_0060","org_008","favorite_added","ste_001079","{""position"":2,""source"":""search""}","2025-09-30T21:05:44.9931988Z"
"event_000004202","session_00001924","user_0060","org_008","search_submitted","","{""query_source"":""base""}","2025-10-07T21:12:33.9931988Z"
"event_000004203","session_00001924","user_0060","org_008","result_clicked","ste_001128","{""position"":1}","2025-10-07T21:12:41.9931988Z"
"event_000004204","session_00001924","user_0060","org_008","purchase_completed","ste_001128","{""source"":""search"",""position"":1}","2025-10-07T21:12:51.9931988Z"
"event_000004205","session_00001925","user_0060","org_008","search_submitted","","{""query_source"":""base""}","2025-10-22T05:44:33.9931988Z"
"event_000004206","session_00001925","user_0060","org_008","result_clicked","ste_000377","{""position"":3}","2025-10-22T05:44:41.9931988Z"
"event_000004207","session_00001926","user_0060","org_008","search_submitted","","{""query_source"":""base""}","2026-03-26T21:22:33.9931988Z"
"event_000004208","session_00001926","user_0060","org_008","result_clicked","ste_000537","{""position"":4}","2026-03-26T21:22:41.9931988Z"
"event_000004209","session_00001927","user_0060","org_008","search_submitted","","{""query_source"":""base""}","2025-11-04T04:23:33.9931988Z"
"event_000004210","session_00001928","user_0060","org_008","search_submitted","","{""query_source"":""typo""}","2025-12-27T19:38:33.9931988Z"
"event_000004211","session_00001928","user_0060","org_008","result_clicked","ste_000247","{""position"":2}","2025-12-27T19:38:41.9931988Z"
"event_000004212","session_00001928","user_0060","org_008","favorite_added","ste_000930","{""position"":6,""source"":""search""}","2025-12-27T19:38:44.9931988Z"
"event_000004213","session_00001929","user_0060","org_008","search_submitted","","{""query_source"":""base""}","2025-11-13T03:29:33.9931988Z"
"event_000004214","session_00001930","user_0060","org_008","search_submitted","","{""query_source"":""base""}","2025-10-30T14:29:33.9931988Z"
"event_000004215","session_00001931","user_0060","org_008","search_submitted","","{""query_source"":""base""}","2025-11-06T12:22:33.9931988Z"
"event_000004216","session_00001931","user_0060","org_008","result_clicked","ste_000805","{""position"":4}","2025-11-06T12:22:41.9931988Z"
"event_000004217","session_00001931","user_0060","org_008","purchase_completed","ste_000805","{""source"":""search"",""position"":4}","2025-11-06T12:22:51.9931988Z"
"event_000004218","session_00001932","user_0060","org_008","search_submitted","","{""query_source"":""base""}","2025-10-22T16:07:33.9931988Z"
"event_000004219","session_00001932","user_0060","org_008","result_clicked","ste_000091","{""position"":3}","2025-10-22T16:07:41.9931988Z"
"event_000004220","session_00001932","user_0060","org_008","purchase_completed","ste_000091","{""source"":""search"",""position"":3}","2025-10-22T16:07:51.9931988Z"
"event_000004221","session_00001933","user_0060","org_008","search_submitted","","{""query_source"":""base""}","2026-01-23T12:16:33.9931988Z"
"event_000004222","session_00001933","user_0060","org_008","result_clicked","ste_000674","{""position"":3}","2026-01-23T12:16:41.9931988Z"
"event_000004223","session_00001933","user_0060","org_008","favorite_added","ste_000503","{""position"":6,""source"":""search""}","2026-01-23T12:16:44.9931988Z"
"event_000004224","session_00001933","user_0060","org_008","purchase_completed","ste_000674","{""source"":""search"",""position"":3}","2026-01-23T12:16:51.9931988Z"
"event_000004225","session_00001934","user_0060","org_008","search_submitted","","{""query_source"":""base""}","2026-01-20T01:18:33.9931988Z"
"event_000004226","session_00001934","user_0060","org_008","result_clicked","ste_000911","{""position"":3}","2026-01-20T01:18:41.9931988Z"
"event_000004227","session_00001934","user_0060","org_008","favorite_added","ste_000860","{""position"":2,""source"":""search""}","2026-01-20T01:18:44.9931988Z"
"event_000004228","session_00001935","user_0060","org_008","search_submitted","","{""query_source"":""base""}","2026-03-27T16:47:33.9931988Z"
"event_000004229","session_00001935","user_0060","org_008","result_clicked","ste_000584","{""position"":2}","2026-03-27T16:47:41.9931988Z"
"event_000004230","session_00001936","user_0060","org_008","search_submitted","","{""query_source"":""base""}","2025-12-28T12:14:33.9931988Z"
"event_000004231","session_00001936","user_0060","org_008","result_clicked","ste_000581","{""position"":5}","2025-12-28T12:14:41.9931988Z"
"event_000004232","session_00001937","user_0060","org_008","search_submitted","","{""query_source"":""base""}","2026-03-22T09:32:33.9931988Z"
"event_000004233","session_00001937","user_0060","org_008","result_clicked","ste_000434","{""position"":3}","2026-03-22T09:32:41.9931988Z"
"event_000004234","session_00001937","user_0060","org_008","favorite_added","ste_000339","{""position"":2,""source"":""search""}","2026-03-22T09:32:44.9931988Z"
"event_000004235","session_00001938","user_0060","org_008","search_submitted","","{""query_source"":""base""}","2025-11-05T04:57:33.9931988Z"
"event_000004236","session_00001938","user_0060","org_008","result_clicked","ste_000639","{""position"":2}","2025-11-05T04:57:41.9931988Z"
"event_000004237","session_00001938","user_0060","org_008","purchase_completed","ste_000639","{""source"":""search"",""position"":2}","2025-11-05T04:57:51.9931988Z"
"event_000004238","session_00001939","user_0060","org_008","search_submitted","","{""query_source"":""base""}","2026-02-14T18:24:33.9931988Z"
"event_000004239","session_00001939","user_0060","org_008","result_clicked","ste_000305","{""position"":5}","2026-02-14T18:24:41.9931988Z"
"event_000004240","session_00001939","user_0060","org_008","favorite_added","ste_001030","{""position"":4,""source"":""search""}","2026-02-14T18:24:44.9931988Z"
"event_000004241","session_00001940","user_0060","org_008","search_submitted","","{""query_source"":""base""}","2026-01-29T06:49:33.9931988Z"
"event_000004242","session_00001941","user_0060","org_008","search_submitted","","{""query_source"":""base""}","2025-11-23T16:20:33.9931988Z"
"event_000004243","session_00001941","user_0060","org_008","result_clicked","ste_000067","{""position"":5}","2025-11-23T16:20:41.9931988Z"
"event_000004244","session_00001941","user_0060","org_008","purchase_completed","ste_000067","{""source"":""search"",""position"":5}","2025-11-23T16:20:51.9931988Z"
"event_000004245","session_00001942","user_0060","org_008","search_submitted","","{""query_source"":""base""}","2026-01-18T18:25:33.9931988Z"
"event_000004246","session_00001942","user_0060","org_008","result_clicked","ste_000271","{""position"":3}","2026-01-18T18:25:41.9931988Z"
"event_000004247","session_00001942","user_0060","org_008","favorite_added","ste_000638","{""position"":1,""source"":""search""}","2026-01-18T18:25:44.9931988Z"
"event_000004248","session_00001943","user_0060","org_008","search_submitted","","{""query_source"":""synonym""}","2025-10-20T08:43:33.9931988Z"
"event_000004249","session_00001943","user_0060","org_008","result_clicked","ste_000731","{""position"":2}","2025-10-20T08:43:41.9931988Z"
"event_000004250","session_00001944","user_0060","org_008","search_submitted","","{""query_source"":""base""}","2025-10-14T10:37:33.9931988Z"
"event_000004251","session_00001945","user_0060","org_008","search_submitted","","{""query_source"":""base""}","2026-03-11T09:46:33.9931988Z"
"event_000004252","session_00001945","user_0060","org_008","result_clicked","ste_000832","{""position"":4}","2026-03-11T09:46:41.9931988Z"
"event_000004253","session_00001946","user_0060","org_008","search_submitted","","{""query_source"":""synonym""}","2025-11-21T09:56:33.9931988Z"
"event_000004254","session_00001946","user_0060","org_008","result_clicked","ste_000047","{""position"":3}","2025-11-21T09:56:41.9931988Z"
"event_000004255","session_00001946","user_0060","org_008","purchase_completed","ste_000047","{""source"":""search"",""position"":3}","2025-11-21T09:56:51.9931988Z"
"event_000004256","session_00001947","user_0060","org_008","search_submitted","","{""query_source"":""base""}","2026-02-04T23:46:33.9931988Z"
"event_000004257","session_00001948","user_0060","org_008","search_submitted","","{""query_source"":""synonym""}","2025-11-05T14:44:33.9931988Z"
"event_000004258","session_00001948","user_0060","org_008","result_clicked","ste_001057","{""position"":5}","2025-11-05T14:44:41.9931988Z"
"event_000004259","session_00001948","user_0060","org_008","favorite_added","ste_001057","{""position"":5,""source"":""search""}","2025-11-05T14:44:44.9931988Z"
"event_000004260","session_00001949","user_0060","org_008","search_submitted","","{""query_source"":""base""}","2026-02-13T01:55:33.9931988Z"
"event_000004261","session_00001950","user_0060","org_008","search_submitted","","{""query_source"":""base""}","2025-10-29T14:42:33.9931988Z"
"event_000004262","session_00001951","user_0060","org_008","search_submitted","","{""query_source"":""base""}","2025-11-19T21:48:33.9931988Z"
"event_000004263","session_00001951","user_0060","org_008","result_clicked","ste_000714","{""position"":1}","2025-11-19T21:48:41.9931988Z"
"event_000004264","session_00001951","user_0060","org_008","favorite_added","ste_000546","{""position"":2,""source"":""search""}","2025-11-19T21:48:44.9931988Z"
"event_000004265","session_00001952","user_0060","org_008","search_submitted","","{""query_source"":""base""}","2025-12-26T04:48:33.9931988Z"
"event_000004266","session_00001952","user_0060","org_008","result_clicked","ste_000485","{""position"":2}","2025-12-26T04:48:41.9931988Z"
"event_000004267","session_00001953","user_0060","org_008","search_submitted","","{""query_source"":""base""}","2025-12-28T06:26:33.9931988Z"
"event_000004268","session_00001954","user_0060","org_008","search_submitted","","{""query_source"":""base""}","2026-01-26T19:44:33.9931988Z"
"event_000004269","session_00001954","user_0060","org_008","result_clicked","ste_000281","{""position"":1}","2026-01-26T19:44:41.9931988Z"
"event_000004270","session_00001954","user_0060","org_008","favorite_added","ste_000281","{""position"":1,""source"":""search""}","2026-01-26T19:44:44.9931988Z"
"event_000004271","session_00001955","user_0061","org_008","search_submitted","","{""query_source"":""synonym""}","2025-11-22T00:34:33.9931988Z"
"event_000004272","session_00001955","user_0061","org_008","result_clicked","ste_000833","{""position"":1}","2025-11-22T00:34:41.9931988Z"
"event_000004273","session_00001955","user_0061","org_008","favorite_added","ste_000348","{""position"":3,""source"":""search""}","2025-11-22T00:34:44.9931988Z"
"event_000004274","session_00001955","user_0061","org_008","purchase_completed","ste_000833","{""source"":""search"",""position"":1}","2025-11-22T00:34:51.9931988Z"
"event_000004275","session_00001956","user_0061","org_008","search_submitted","","{""query_source"":""typo""}","2026-01-03T10:58:33.9931988Z"
"event_000004276","session_00001956","user_0061","org_008","result_clicked","ste_000125","{""position"":3}","2026-01-03T10:58:41.9931988Z"
"event_000004277","session_00001957","user_0061","org_008","search_submitted","","{""query_source"":""typo""}","2025-10-12T09:00:33.9931988Z"
"event_000004278","session_00001958","user_0061","org_008","search_submitted","","{""query_source"":""typo""}","2026-01-12T12:47:33.9931988Z"
"event_000004279","session_00001959","user_0061","org_008","search_submitted","","{""query_source"":""base""}","2026-02-15T14:08:33.9931988Z"
"event_000004280","session_00001960","user_0061","org_008","search_submitted","","{""query_source"":""synonym""}","2025-12-07T05:49:33.9931988Z"
"event_000004281","session_00001960","user_0061","org_008","result_clicked","ste_000568","{""position"":2}","2025-12-07T05:49:41.9931988Z"
"event_000004282","session_00001961","user_0061","org_008","search_submitted","","{""query_source"":""base""}","2025-11-18T13:40:33.9931988Z"
"event_000004283","session_00001961","user_0061","org_008","result_clicked","ste_000019","{""position"":3}","2025-11-18T13:40:41.9931988Z"
"event_000004284","session_00001962","user_0061","org_008","search_submitted","","{""query_source"":""synonym""}","2026-01-13T15:46:33.9931988Z"
"event_000004285","session_00001962","user_0061","org_008","result_clicked","ste_001120","{""position"":3}","2026-01-13T15:46:41.9931988Z"
"event_000004286","session_00001963","user_0061","org_008","search_submitted","","{""query_source"":""base""}","2025-11-30T23:43:33.9931988Z"
"event_000004287","session_00001964","user_0061","org_008","search_submitted","","{""query_source"":""base""}","2025-12-10T09:19:33.9931988Z"
"event_000004288","session_00001965","user_0061","org_008","search_submitted","","{""query_source"":""base""}","2026-02-09T11:23:33.9931988Z"
"event_000004289","session_00001965","user_0061","org_008","result_clicked","ste_000865","{""position"":1}","2026-02-09T11:23:41.9931988Z"
"event_000004290","session_00001965","user_0061","org_008","favorite_added","ste_000038","{""position"":6,""source"":""search""}","2026-02-09T11:23:44.9931988Z"
"event_000004291","session_00001966","user_0061","org_008","search_submitted","","{""query_source"":""base""}","2025-12-03T13:53:33.9931988Z"
"event_000004292","session_00001966","user_0061","org_008","result_clicked","ste_000022","{""position"":4}","2025-12-03T13:53:41.9931988Z"
"event_000004293","session_00001967","user_0061","org_008","search_submitted","","{""query_source"":""typo""}","2026-01-13T23:56:33.9931988Z"
"event_000004294","session_00001967","user_0061","org_008","result_clicked","ste_000137","{""position"":3}","2026-01-13T23:56:41.9931988Z"
"event_000004295","session_00001967","user_0061","org_008","favorite_added","ste_000099","{""position"":5,""source"":""search""}","2026-01-13T23:56:44.9931988Z"
"event_000004296","session_00001967","user_0061","org_008","purchase_completed","ste_000137","{""source"":""search"",""position"":3}","2026-01-13T23:56:51.9931988Z"
"event_000004297","session_00001968","user_0061","org_008","search_submitted","","{""query_source"":""base""}","2025-11-07T14:42:33.9931988Z"
"event_000004298","session_00001968","user_0061","org_008","result_clicked","ste_000884","{""position"":4}","2025-11-07T14:42:41.9931988Z"
"event_000004299","session_00001969","user_0061","org_008","search_submitted","","{""query_source"":""base""}","2026-02-23T14:25:33.9931988Z"
"event_000004300","session_00001969","user_0061","org_008","result_clicked","ste_000604","{""position"":4}","2026-02-23T14:25:41.9931988Z"
"event_000004301","session_00001970","user_0061","org_008","search_submitted","","{""query_source"":""typo""}","2026-02-17T14:47:33.9931988Z"
"event_000004302","session_00001971","user_0061","org_008","search_submitted","","{""query_source"":""base""}","2026-01-21T06:49:33.9931988Z"
"event_000004303","session_00001971","user_0061","org_008","result_clicked","ste_000396","{""position"":5}","2026-01-21T06:49:41.9931988Z"
"event_000004304","session_00001972","user_0061","org_008","search_submitted","","{""query_source"":""base""}","2025-11-01T16:18:33.9931988Z"
"event_000004305","session_00001972","user_0061","org_008","result_clicked","ste_001174","{""position"":2}","2025-11-01T16:18:41.9931988Z"
"event_000004306","session_00001973","user_0061","org_008","search_submitted","","{""query_source"":""base""}","2025-12-14T23:26:33.9931988Z"
"event_000004307","session_00001974","user_0061","org_008","search_submitted","","{""query_source"":""base""}","2025-12-29T18:07:33.9931988Z"
"event_000004308","session_00001974","user_0061","org_008","result_clicked","ste_000953","{""position"":1}","2025-12-29T18:07:41.9931988Z"
"event_000004309","session_00001975","user_0061","org_008","search_submitted","","{""query_source"":""base""}","2025-11-17T04:16:33.9931988Z"
"event_000004310","session_00001975","user_0061","org_008","result_clicked","ste_000949","{""position"":3}","2025-11-17T04:16:41.9931988Z"
"event_000004311","session_00001975","user_0061","org_008","favorite_added","ste_000715","{""position"":2,""source"":""search""}","2025-11-17T04:16:44.9931988Z"
"event_000004312","session_00001976","user_0061","org_008","search_submitted","","{""query_source"":""synonym""}","2025-12-14T07:40:33.9931988Z"
"event_000004313","session_00001977","user_0061","org_008","search_submitted","","{""query_source"":""synonym""}","2025-11-26T01:58:33.9931988Z"
"event_000004314","session_00001977","user_0061","org_008","result_clicked","ste_000449","{""position"":5}","2025-11-26T01:58:41.9931988Z"
"event_000004315","session_00001978","user_0061","org_008","search_submitted","","{""query_source"":""base""}","2025-10-16T23:21:33.9931988Z"
"event_000004316","session_00001978","user_0061","org_008","result_clicked","ste_000294","{""position"":4}","2025-10-16T23:21:41.9931988Z"
"event_000004317","session_00001979","user_0061","org_008","search_submitted","","{""query_source"":""typo""}","2026-03-01T00:02:33.9931988Z"
"event_000004318","session_00001980","user_0061","org_008","search_submitted","","{""query_source"":""base""}","2026-02-04T11:31:33.9931988Z"
"event_000004319","session_00001981","user_0061","org_008","search_submitted","","{""query_source"":""synonym""}","2025-10-28T07:42:33.9931988Z"
"event_000004320","session_00001981","user_0061","org_008","result_clicked","ste_001183","{""position"":3}","2025-10-28T07:42:41.9931988Z"
"event_000004321","session_00001982","user_0061","org_008","search_submitted","","{""query_source"":""typo""}","2025-11-05T02:37:33.9931988Z"
"event_000004322","session_00001983","user_0061","org_008","search_submitted","","{""query_source"":""base""}","2026-01-28T15:06:33.9931988Z"
"event_000004323","session_00001983","user_0061","org_008","result_clicked","ste_000820","{""position"":2}","2026-01-28T15:06:41.9931988Z"
"event_000004324","session_00001983","user_0061","org_008","purchase_completed","ste_000820","{""source"":""search"",""position"":2}","2026-01-28T15:06:51.9931988Z"
"event_000004325","session_00001984","user_0061","org_008","search_submitted","","{""query_source"":""base""}","2025-10-04T00:23:33.9931988Z"
"event_000004326","session_00001984","user_0061","org_008","result_clicked","ste_000474","{""position"":3}","2025-10-04T00:23:41.9931988Z"
"event_000004327","session_00001984","user_0061","org_008","favorite_added","ste_000226","{""position"":4,""source"":""search""}","2025-10-04T00:23:44.9931988Z"
"event_000004328","session_00001984","user_0061","org_008","purchase_completed","ste_000474","{""source"":""search"",""position"":3}","2025-10-04T00:23:51.9931988Z"
"event_000004329","session_00001985","user_0061","org_008","search_submitted","","{""query_source"":""typo""}","2025-10-30T00:24:33.9931988Z"
"event_000004330","session_00001985","user_0061","org_008","result_clicked","ste_000996","{""position"":3}","2025-10-30T00:24:41.9931988Z"
"event_000004331","session_00001986","user_0061","org_008","search_submitted","","{""query_source"":""base""}","2026-01-28T11:13:33.9931988Z"
"event_000004332","session_00001986","user_0061","org_008","result_clicked","ste_000005","{""position"":2}","2026-01-28T11:13:41.9931988Z"
"event_000004333","session_00001987","user_0061","org_008","search_submitted","","{""query_source"":""base""}","2026-01-20T17:11:33.9931988Z"
"event_000004334","session_00001987","user_0061","org_008","result_clicked","ste_001022","{""position"":1}","2026-01-20T17:11:41.9931988Z"
"event_000004335","session_00001988","user_0061","org_008","search_submitted","","{""query_source"":""base""}","2026-03-24T02:05:33.9931988Z"
"event_000004336","session_00001988","user_0061","org_008","result_clicked","ste_000671","{""position"":1}","2026-03-24T02:05:41.9931988Z"
"event_000004337","session_00001988","user_0061","org_008","favorite_added","ste_000671","{""position"":1,""source"":""search""}","2026-03-24T02:05:44.9931988Z"
"event_000004338","session_00001989","user_0061","org_008","search_submitted","","{""query_source"":""base""}","2025-12-17T21:33:33.9931988Z"
"event_000004339","session_00001989","user_0061","org_008","result_clicked","ste_001175","{""position"":4}","2025-12-17T21:33:41.9931988Z"
"event_000004340","session_00001990","user_0062","org_008","search_submitted","","{""query_source"":""base""}","2025-11-20T03:53:33.9931988Z"
"event_000004341","session_00001990","user_0062","org_008","result_clicked","ste_000553","{""position"":5}","2025-11-20T03:53:41.9931988Z"
"event_000004342","session_00001991","user_0062","org_008","search_submitted","","{""query_source"":""base""}","2026-02-20T09:44:33.9931988Z"
"event_000004343","session_00001992","user_0062","org_008","search_submitted","","{""query_source"":""base""}","2026-01-31T17:46:33.9931988Z"
"event_000004344","session_00001992","user_0062","org_008","result_clicked","ste_000420","{""position"":4}","2026-01-31T17:46:41.9931988Z"
"event_000004345","session_00001993","user_0062","org_008","search_submitted","","{""query_source"":""typo""}","2025-10-23T17:14:33.9931988Z"
"event_000004346","session_00001994","user_0062","org_008","search_submitted","","{""query_source"":""base""}","2026-03-03T00:25:33.9931988Z"
"event_000004347","session_00001994","user_0062","org_008","result_clicked","ste_000483","{""position"":4}","2026-03-03T00:25:41.9931988Z"
"event_000004348","session_00001994","user_0062","org_008","favorite_added","ste_000483","{""position"":4,""source"":""search""}","2026-03-03T00:25:44.9931988Z"
"event_000004349","session_00001994","user_0062","org_008","purchase_completed","ste_000483","{""source"":""search"",""position"":4}","2026-03-03T00:25:51.9931988Z"
"event_000004350","session_00001995","user_0062","org_008","search_submitted","","{""query_source"":""base""}","2025-10-25T22:11:33.9931988Z"
"event_000004351","session_00001995","user_0062","org_008","result_clicked","ste_000514","{""position"":1}","2025-10-25T22:11:41.9931988Z"
"event_000004352","session_00001995","user_0062","org_008","favorite_added","ste_001031","{""position"":5,""source"":""search""}","2025-10-25T22:11:44.9931988Z"
"event_000004353","session_00001995","user_0062","org_008","purchase_completed","ste_000514","{""source"":""search"",""position"":1}","2025-10-25T22:11:51.9931988Z"
"event_000004354","session_00001996","user_0062","org_008","search_submitted","","{""query_source"":""typo""}","2025-11-12T10:51:33.9931988Z"
"event_000004355","session_00001997","user_0062","org_008","search_submitted","","{""query_source"":""base""}","2026-03-18T20:21:33.9931988Z"
"event_000004356","session_00001997","user_0062","org_008","result_clicked","ste_000051","{""position"":5}","2026-03-18T20:21:41.9931988Z"
"event_000004357","session_00001998","user_0062","org_008","search_submitted","","{""query_source"":""base""}","2025-12-19T21:35:33.9931988Z"
"event_000004358","session_00001998","user_0062","org_008","result_clicked","ste_000512","{""position"":1}","2025-12-19T21:35:41.9931988Z"
"event_000004359","session_00001998","user_0062","org_008","purchase_completed","ste_000512","{""source"":""search"",""position"":1}","2025-12-19T21:35:51.9931988Z"
"event_000004360","session_00001999","user_0062","org_008","search_submitted","","{""query_source"":""base""}","2026-01-18T15:51:33.9931988Z"
"event_000004361","session_00001999","user_0062","org_008","result_clicked","ste_001110","{""position"":5}","2026-01-18T15:51:41.9931988Z"
"event_000004362","session_00001999","user_0062","org_008","favorite_added","ste_000360","{""position"":1,""source"":""search""}","2026-01-18T15:51:44.9931988Z"
"event_000004363","session_00001999","user_0062","org_008","purchase_completed","ste_001110","{""source"":""search"",""position"":5}","2026-01-18T15:51:51.9931988Z"
"event_000004364","session_00002000","user_0062","org_008","search_submitted","","{""query_source"":""base""}","2025-11-24T10:37:33.9931988Z"
"event_000004365","session_00002000","user_0062","org_008","result_clicked","ste_000254","{""position"":3}","2025-11-24T10:37:41.9931988Z"
"event_000004366","session_00002000","user_0062","org_008","favorite_added","ste_000814","{""position"":6,""source"":""search""}","2025-11-24T10:37:44.9931988Z"
"event_000004367","session_00002000","user_0062","org_008","purchase_completed","ste_000254","{""source"":""search"",""position"":3}","2025-11-24T10:37:51.9931988Z"
"event_000004368","session_00002001","user_0062","org_008","search_submitted","","{""query_source"":""base""}","2026-02-28T22:31:33.9931988Z"
"event_000004369","session_00002002","user_0062","org_008","search_submitted","","{""query_source"":""typo""}","2026-01-18T17:13:33.9931988Z"
"event_000004370","session_00002002","user_0062","org_008","result_clicked","ste_000056","{""position"":3}","2026-01-18T17:13:41.9931988Z"
"event_000004371","session_00002003","user_0062","org_008","search_submitted","","{""query_source"":""typo""}","2026-01-13T16:49:33.9931988Z"
"event_000004372","session_00002003","user_0062","org_008","result_clicked","ste_000307","{""position"":1}","2026-01-13T16:49:41.9931988Z"
"event_000004373","session_00002003","user_0062","org_008","favorite_added","ste_000820","{""position"":7,""source"":""search""}","2026-01-13T16:49:44.9931988Z"
"event_000004374","session_00002004","user_0062","org_008","search_submitted","","{""query_source"":""base""}","2025-12-24T19:01:33.9931988Z"
"event_000004375","session_00002004","user_0062","org_008","result_clicked","ste_000646","{""position"":1}","2025-12-24T19:01:41.9931988Z"
"event_000004376","session_00002005","user_0062","org_008","search_submitted","","{""query_source"":""base""}","2026-01-03T13:49:33.9931988Z"
"event_000004377","session_00002005","user_0062","org_008","result_clicked","ste_000275","{""position"":5}","2026-01-03T13:49:41.9931988Z"
"event_000004378","session_00002005","user_0062","org_008","favorite_added","ste_000948","{""position"":6,""source"":""search""}","2026-01-03T13:49:44.9931988Z"
"event_000004379","session_00002006","user_0062","org_008","search_submitted","","{""query_source"":""typo""}","2026-02-09T05:59:33.9931988Z"
"event_000004380","session_00002006","user_0062","org_008","result_clicked","ste_000574","{""position"":5}","2026-02-09T05:59:41.9931988Z"
"event_000004381","session_00002007","user_0062","org_008","search_submitted","","{""query_source"":""base""}","2025-11-11T10:29:33.9931988Z"
"event_000004382","session_00002007","user_0062","org_008","result_clicked","ste_000932","{""position"":1}","2025-11-11T10:29:41.9931988Z"
"event_000004383","session_00002007","user_0062","org_008","favorite_added","ste_000948","{""position"":3,""source"":""search""}","2025-11-11T10:29:44.9931988Z"
"event_000004384","session_00002008","user_0062","org_008","search_submitted","","{""query_source"":""typo""}","2026-02-04T09:20:33.9931988Z"
"event_000004385","session_00002008","user_0062","org_008","result_clicked","ste_001054","{""position"":3}","2026-02-04T09:20:41.9931988Z"
"event_000004386","session_00002009","user_0062","org_008","search_submitted","","{""query_source"":""base""}","2025-11-27T18:54:33.9931988Z"
"event_000004387","session_00002010","user_0062","org_008","search_submitted","","{""query_source"":""base""}","2025-12-08T09:20:33.9931988Z"
"event_000004388","session_00002011","user_0062","org_008","search_submitted","","{""query_source"":""typo""}","2026-01-12T01:47:33.9931988Z"
"event_000004389","session_00002012","user_0062","org_008","search_submitted","","{""query_source"":""base""}","2025-10-29T23:42:33.9931988Z"
"event_000004390","session_00002012","user_0062","org_008","result_clicked","ste_000826","{""position"":5}","2025-10-29T23:42:41.9931988Z"
"event_000004391","session_00002012","user_0062","org_008","purchase_completed","ste_000826","{""source"":""search"",""position"":5}","2025-10-29T23:42:51.9931988Z"
"event_000004392","session_00002013","user_0062","org_008","search_submitted","","{""query_source"":""synonym""}","2026-03-21T23:48:33.9931988Z"
"event_000004393","session_00002013","user_0062","org_008","result_clicked","ste_001014","{""position"":5}","2026-03-21T23:48:41.9931988Z"
"event_000004394","session_00002014","user_0062","org_008","search_submitted","","{""query_source"":""synonym""}","2026-02-15T19:34:33.9931988Z"
"event_000004395","session_00002014","user_0062","org_008","result_clicked","ste_000927","{""position"":4}","2026-02-15T19:34:41.9931988Z"
"event_000004396","session_00002015","user_0062","org_008","search_submitted","","{""query_source"":""base""}","2025-10-14T18:07:33.9931988Z"
"event_000004397","session_00002015","user_0062","org_008","result_clicked","ste_000256","{""position"":3}","2025-10-14T18:07:41.9931988Z"
"event_000004398","session_00002016","user_0062","org_008","search_submitted","","{""query_source"":""base""}","2026-02-01T05:13:33.9931988Z"
"event_000004399","session_00002017","user_0062","org_008","search_submitted","","{""query_source"":""base""}","2026-03-25T10:23:33.9931988Z"
"event_000004400","session_00002017","user_0062","org_008","result_clicked","ste_000297","{""position"":1}","2026-03-25T10:23:41.9931988Z"
"event_000004401","session_00002017","user_0062","org_008","favorite_added","ste_000381","{""position"":2,""source"":""search""}","2026-03-25T10:23:44.9931988Z"
"event_000004402","session_00002017","user_0062","org_008","purchase_completed","ste_000297","{""source"":""search"",""position"":1}","2026-03-25T10:23:51.9931988Z"
"event_000004403","session_00002018","user_0063","org_008","search_submitted","","{""query_source"":""base""}","2025-12-31T01:44:33.9931988Z"
"event_000004404","session_00002018","user_0063","org_008","result_clicked","ste_000940","{""position"":1}","2025-12-31T01:44:41.9931988Z"
"event_000004405","session_00002018","user_0063","org_008","favorite_added","ste_000843","{""position"":5,""source"":""search""}","2025-12-31T01:44:44.9931988Z"
"event_000004406","session_00002019","user_0063","org_008","search_submitted","","{""query_source"":""typo""}","2026-03-16T03:52:33.9931988Z"
"event_000004407","session_00002019","user_0063","org_008","result_clicked","ste_000104","{""position"":4}","2026-03-16T03:52:41.9931988Z"
"event_000004408","session_00002019","user_0063","org_008","favorite_added","ste_000498","{""position"":3,""source"":""search""}","2026-03-16T03:52:44.9931988Z"
"event_000004409","session_00002019","user_0063","org_008","purchase_completed","ste_000104","{""source"":""search"",""position"":4}","2026-03-16T03:52:51.9931988Z"
"event_000004410","session_00002020","user_0063","org_008","search_submitted","","{""query_source"":""base""}","2025-11-02T06:44:33.9931988Z"
"event_000004411","session_00002021","user_0063","org_008","search_submitted","","{""query_source"":""typo""}","2026-03-07T19:17:33.9931988Z"
"event_000004412","session_00002021","user_0063","org_008","result_clicked","ste_000049","{""position"":2}","2026-03-07T19:17:41.9931988Z"
"event_000004413","session_00002021","user_0063","org_008","favorite_added","ste_000049","{""position"":2,""source"":""search""}","2026-03-07T19:17:44.9931988Z"
"event_000004414","session_00002022","user_0063","org_008","search_submitted","","{""query_source"":""base""}","2025-10-05T03:37:33.9931988Z"
"event_000004415","session_00002023","user_0063","org_008","search_submitted","","{""query_source"":""base""}","2025-10-30T23:45:33.9931988Z"
"event_000004416","session_00002024","user_0063","org_008","search_submitted","","{""query_source"":""base""}","2026-03-25T06:31:33.9931988Z"
"event_000004417","session_00002025","user_0063","org_008","search_submitted","","{""query_source"":""base""}","2025-12-05T01:43:33.9931988Z"
"event_000004418","session_00002025","user_0063","org_008","result_clicked","ste_000439","{""position"":3}","2025-12-05T01:43:41.9931988Z"
"event_000004419","session_00002025","user_0063","org_008","purchase_completed","ste_000439","{""source"":""search"",""position"":3}","2025-12-05T01:43:51.9931988Z"
"event_000004420","session_00002026","user_0063","org_008","search_submitted","","{""query_source"":""base""}","2026-02-25T22:20:33.9931988Z"
"event_000004421","session_00002026","user_0063","org_008","result_clicked","ste_000880","{""position"":1}","2026-02-25T22:20:41.9931988Z"
"event_000004422","session_00002027","user_0063","org_008","search_submitted","","{""query_source"":""synonym""}","2025-11-27T16:18:33.9931988Z"
"event_000004423","session_00002027","user_0063","org_008","result_clicked","ste_000467","{""position"":2}","2025-11-27T16:18:41.9931988Z"
"event_000004424","session_00002027","user_0063","org_008","purchase_completed","ste_000467","{""source"":""search"",""position"":2}","2025-11-27T16:18:51.9931988Z"
"event_000004425","session_00002028","user_0063","org_008","search_submitted","","{""query_source"":""base""}","2026-02-12T02:32:33.9931988Z"
"event_000004426","session_00002028","user_0063","org_008","result_clicked","ste_000659","{""position"":2}","2026-02-12T02:32:41.9931988Z"
"event_000004427","session_00002028","user_0063","org_008","favorite_added","ste_001158","{""position"":6,""source"":""search""}","2026-02-12T02:32:44.9931988Z"
"event_000004428","session_00002029","user_0063","org_008","search_submitted","","{""query_source"":""base""}","2025-11-17T19:33:33.9931988Z"
"event_000004429","session_00002029","user_0063","org_008","result_clicked","ste_001052","{""position"":1}","2025-11-17T19:33:41.9931988Z"
"event_000004430","session_00002030","user_0063","org_008","search_submitted","","{""query_source"":""synonym""}","2025-12-06T16:26:33.9931988Z"
"event_000004431","session_00002031","user_0063","org_008","search_submitted","","{""query_source"":""base""}","2025-10-02T20:23:33.9931988Z"
"event_000004432","session_00002031","user_0063","org_008","result_clicked","ste_001065","{""position"":3}","2025-10-02T20:23:41.9931988Z"
"event_000004433","session_00002032","user_0063","org_008","search_submitted","","{""query_source"":""base""}","2026-03-07T14:27:33.9931988Z"
"event_000004434","session_00002032","user_0063","org_008","result_clicked","ste_000823","{""position"":4}","2026-03-07T14:27:41.9931988Z"
"event_000004435","session_00002033","user_0063","org_008","search_submitted","","{""query_source"":""typo""}","2026-02-17T23:17:33.9931988Z"
"event_000004436","session_00002033","user_0063","org_008","result_clicked","ste_000838","{""position"":1}","2026-02-17T23:17:41.9931988Z"
"event_000004437","session_00002034","user_0063","org_008","search_submitted","","{""query_source"":""base""}","2026-03-11T13:04:33.9931988Z"
"event_000004438","session_00002035","user_0063","org_008","search_submitted","","{""query_source"":""synonym""}","2026-01-26T02:34:33.9931988Z"
"event_000004439","session_00002035","user_0063","org_008","result_clicked","ste_000166","{""position"":5}","2026-01-26T02:34:41.9931988Z"
"event_000004440","session_00002036","user_0063","org_008","search_submitted","","{""query_source"":""synonym""}","2025-10-14T08:35:33.9931988Z"
"event_000004441","session_00002036","user_0063","org_008","result_clicked","ste_000424","{""position"":4}","2025-10-14T08:35:41.9931988Z"
"event_000004442","session_00002037","user_0063","org_008","search_submitted","","{""query_source"":""typo""}","2026-02-11T01:53:33.9931988Z"
"event_000004443","session_00002037","user_0063","org_008","result_clicked","ste_000386","{""position"":1}","2026-02-11T01:53:41.9931988Z"
"event_000004444","session_00002037","user_0063","org_008","favorite_added","ste_000119","{""position"":3,""source"":""search""}","2026-02-11T01:53:44.9931988Z"
"event_000004445","session_00002038","user_0063","org_008","search_submitted","","{""query_source"":""base""}","2026-02-27T04:13:33.9931988Z"
"event_000004446","session_00002038","user_0063","org_008","result_clicked","ste_000425","{""position"":1}","2026-02-27T04:13:41.9931988Z"
"event_000004447","session_00002038","user_0063","org_008","favorite_added","ste_000048","{""position"":2,""source"":""search""}","2026-02-27T04:13:44.9931988Z"
"event_000004448","session_00002039","user_0063","org_008","search_submitted","","{""query_source"":""typo""}","2026-03-12T14:11:33.9931988Z"
"event_000004449","session_00002040","user_0063","org_008","search_submitted","","{""query_source"":""base""}","2026-02-21T14:09:33.9931988Z"
"event_000004450","session_00002040","user_0063","org_008","result_clicked","ste_000924","{""position"":3}","2026-02-21T14:09:41.9931988Z"
"event_000004451","session_00002040","user_0063","org_008","purchase_completed","ste_000924","{""source"":""search"",""position"":3}","2026-02-21T14:09:51.9931988Z"
"event_000004452","session_00002041","user_0063","org_008","search_submitted","","{""query_source"":""base""}","2025-11-20T04:09:33.9931988Z"
"event_000004453","session_00002041","user_0063","org_008","result_clicked","ste_000681","{""position"":2}","2025-11-20T04:09:41.9931988Z"
"event_000004454","session_00002042","user_0063","org_008","search_submitted","","{""query_source"":""base""}","2026-02-06T03:24:33.9931988Z"
"event_000004455","session_00002042","user_0063","org_008","result_clicked","ste_001158","{""position"":1}","2026-02-06T03:24:41.9931988Z"
"event_000004456","session_00002043","user_0063","org_008","search_submitted","","{""query_source"":""base""}","2025-11-15T04:02:33.9931988Z"
"event_000004457","session_00002043","user_0063","org_008","result_clicked","ste_001036","{""position"":5}","2025-11-15T04:02:41.9931988Z"
"event_000004458","session_00002043","user_0063","org_008","favorite_added","ste_000719","{""position"":6,""source"":""search""}","2025-11-15T04:02:44.9931988Z"
"event_000004459","session_00002044","user_0063","org_008","search_submitted","","{""query_source"":""typo""}","2025-10-07T14:15:33.9931988Z"
"event_000004460","session_00002044","user_0063","org_008","result_clicked","ste_000284","{""position"":2}","2025-10-07T14:15:41.9931988Z"
"event_000004461","session_00002045","user_0063","org_008","search_submitted","","{""query_source"":""base""}","2025-12-23T00:43:33.9931988Z"
"event_000004462","session_00002045","user_0063","org_008","result_clicked","ste_000633","{""position"":3}","2025-12-23T00:43:41.9931988Z"
"event_000004463","session_00002046","user_0063","org_008","search_submitted","","{""query_source"":""base""}","2026-02-01T12:47:33.9931988Z"
"event_000004464","session_00002047","user_0063","org_008","search_submitted","","{""query_source"":""base""}","2025-12-18T21:25:33.9931988Z"
"event_000004465","session_00002047","user_0063","org_008","result_clicked","ste_000358","{""position"":5}","2025-12-18T21:25:41.9931988Z"
"event_000004466","session_00002047","user_0063","org_008","favorite_added","ste_000358","{""position"":5,""source"":""search""}","2025-12-18T21:25:44.9931988Z"
"event_000004467","session_00002047","user_0063","org_008","purchase_completed","ste_000358","{""source"":""search"",""position"":5}","2025-12-18T21:25:51.9931988Z"
"event_000004468","session_00002048","user_0063","org_008","search_submitted","","{""query_source"":""base""}","2025-10-16T12:27:33.9931988Z"
"event_000004469","session_00002048","user_0063","org_008","result_clicked","ste_000987","{""position"":4}","2025-10-16T12:27:41.9931988Z"
"event_000004470","session_00002048","user_0063","org_008","favorite_added","ste_000294","{""position"":5,""source"":""search""}","2025-10-16T12:27:44.9931988Z"
"event_000004471","session_00002048","user_0063","org_008","purchase_completed","ste_000987","{""source"":""search"",""position"":4}","2025-10-16T12:27:51.9931988Z"
"event_000004472","session_00002049","user_0064","org_008","search_submitted","","{""query_source"":""base""}","2026-02-24T13:52:33.9931988Z"
"event_000004473","session_00002049","user_0064","org_008","result_clicked","ste_001000","{""position"":5}","2026-02-24T13:52:41.9931988Z"
"event_000004474","session_00002050","user_0064","org_008","search_submitted","","{""query_source"":""base""}","2026-01-04T11:28:33.9931988Z"
"event_000004475","session_00002051","user_0064","org_008","search_submitted","","{""query_source"":""base""}","2026-01-16T19:44:33.9931988Z"
"event_000004476","session_00002052","user_0064","org_008","search_submitted","","{""query_source"":""base""}","2025-11-22T23:19:33.9931988Z"
"event_000004477","session_00002052","user_0064","org_008","result_clicked","ste_000079","{""position"":4}","2025-11-22T23:19:41.9931988Z"
"event_000004478","session_00002052","user_0064","org_008","favorite_added","ste_000341","{""position"":5,""source"":""search""}","2025-11-22T23:19:44.9931988Z"
"event_000004479","session_00002053","user_0064","org_008","search_submitted","","{""query_source"":""base""}","2026-02-18T03:24:33.9931988Z"
"event_000004480","session_00002053","user_0064","org_008","result_clicked","ste_000040","{""position"":2}","2026-02-18T03:24:41.9931988Z"
"event_000004481","session_00002053","user_0064","org_008","purchase_completed","ste_000040","{""source"":""search"",""position"":2}","2026-02-18T03:24:51.9931988Z"
"event_000004482","session_00002054","user_0064","org_008","search_submitted","","{""query_source"":""base""}","2026-01-03T02:54:33.9931988Z"
"event_000004483","session_00002054","user_0064","org_008","result_clicked","ste_000516","{""position"":1}","2026-01-03T02:54:41.9931988Z"
"event_000004484","session_00002054","user_0064","org_008","favorite_added","ste_000344","{""position"":4,""source"":""search""}","2026-01-03T02:54:44.9931988Z"
"event_000004485","session_00002055","user_0064","org_008","search_submitted","","{""query_source"":""base""}","2026-02-01T11:54:33.9931988Z"
"event_000004486","session_00002055","user_0064","org_008","result_clicked","ste_001195","{""position"":3}","2026-02-01T11:54:41.9931988Z"
"event_000004487","session_00002056","user_0064","org_008","search_submitted","","{""query_source"":""base""}","2026-02-23T05:31:33.9931988Z"
"event_000004488","session_00002056","user_0064","org_008","result_clicked","ste_000753","{""position"":4}","2026-02-23T05:31:41.9931988Z"
"event_000004489","session_00002056","user_0064","org_008","favorite_added","ste_000753","{""position"":4,""source"":""search""}","2026-02-23T05:31:44.9931988Z"
"event_000004490","session_00002057","user_0064","org_008","search_submitted","","{""query_source"":""base""}","2025-10-13T21:29:33.9931988Z"
"event_000004491","session_00002057","user_0064","org_008","result_clicked","ste_000319","{""position"":4}","2025-10-13T21:29:41.9931988Z"
"event_000004492","session_00002057","user_0064","org_008","favorite_added","ste_000181","{""position"":6,""source"":""search""}","2025-10-13T21:29:44.9931988Z"
"event_000004493","session_00002058","user_0064","org_008","search_submitted","","{""query_source"":""base""}","2026-01-15T17:24:33.9931988Z"
"event_000004494","session_00002058","user_0064","org_008","result_clicked","ste_000020","{""position"":4}","2026-01-15T17:24:41.9931988Z"
"event_000004495","session_00002058","user_0064","org_008","favorite_added","ste_001022","{""position"":3,""source"":""search""}","2026-01-15T17:24:44.9931988Z"
"event_000004496","session_00002058","user_0064","org_008","purchase_completed","ste_000020","{""source"":""search"",""position"":4}","2026-01-15T17:24:51.9931988Z"
"event_000004497","session_00002059","user_0064","org_008","search_submitted","","{""query_source"":""typo""}","2025-12-05T01:11:33.9931988Z"
"event_000004498","session_00002059","user_0064","org_008","result_clicked","ste_000202","{""position"":1}","2025-12-05T01:11:41.9931988Z"
"event_000004499","session_00002060","user_0064","org_008","search_submitted","","{""query_source"":""synonym""}","2026-02-12T22:40:33.9931988Z"
"event_000004500","session_00002060","user_0064","org_008","result_clicked","ste_000458","{""position"":5}","2026-02-12T22:40:41.9931988Z"
"event_000004501","session_00002060","user_0064","org_008","favorite_added","ste_000458","{""position"":5,""source"":""search""}","2026-02-12T22:40:44.9931988Z"
"event_000004502","session_00002060","user_0064","org_008","purchase_completed","ste_000458","{""source"":""search"",""position"":5}","2026-02-12T22:40:51.9931988Z"
"event_000004503","session_00002061","user_0064","org_008","search_submitted","","{""query_source"":""base""}","2025-11-13T16:38:33.9931988Z"
"event_000004504","session_00002061","user_0064","org_008","result_clicked","ste_001050","{""position"":1}","2025-11-13T16:38:41.9931988Z"
"event_000004505","session_00002062","user_0064","org_008","search_submitted","","{""query_source"":""base""}","2026-01-12T21:28:33.9931988Z"
"event_000004506","session_00002062","user_0064","org_008","result_clicked","ste_000083","{""position"":4}","2026-01-12T21:28:41.9931988Z"
"event_000004507","session_00002062","user_0064","org_008","purchase_completed","ste_000083","{""source"":""search"",""position"":4}","2026-01-12T21:28:51.9931988Z"
"event_000004508","session_00002063","user_0064","org_008","search_submitted","","{""query_source"":""base""}","2025-12-13T14:36:33.9931988Z"
"event_000004509","session_00002064","user_0064","org_008","search_submitted","","{""query_source"":""base""}","2026-01-17T08:34:33.9931988Z"
"event_000004510","session_00002064","user_0064","org_008","result_clicked","ste_001008","{""position"":3}","2026-01-17T08:34:41.9931988Z"
"event_000004511","session_00002065","user_0064","org_008","search_submitted","","{""query_source"":""base""}","2025-11-25T10:40:33.9931988Z"
"event_000004512","session_00002065","user_0064","org_008","result_clicked","ste_000711","{""position"":4}","2025-11-25T10:40:41.9931988Z"
"event_000004513","session_00002065","user_0064","org_008","purchase_completed","ste_000711","{""source"":""search"",""position"":4}","2025-11-25T10:40:51.9931988Z"
"event_000004514","session_00002066","user_0064","org_008","search_submitted","","{""query_source"":""base""}","2025-11-23T17:14:33.9931988Z"
"event_000004515","session_00002066","user_0064","org_008","result_clicked","ste_000069","{""position"":1}","2025-11-23T17:14:41.9931988Z"
"event_000004516","session_00002066","user_0064","org_008","purchase_completed","ste_000069","{""source"":""search"",""position"":1}","2025-11-23T17:14:51.9931988Z"
"event_000004517","session_00002067","user_0064","org_008","search_submitted","","{""query_source"":""base""}","2025-12-23T04:23:33.9931988Z"
"event_000004518","session_00002067","user_0064","org_008","result_clicked","ste_001170","{""position"":3}","2025-12-23T04:23:41.9931988Z"
"event_000004519","session_00002068","user_0064","org_008","search_submitted","","{""query_source"":""base""}","2026-03-23T12:54:33.9931988Z"
"event_000004520","session_00002068","user_0064","org_008","result_clicked","ste_001024","{""position"":3}","2026-03-23T12:54:41.9931988Z"
"event_000004521","session_00002069","user_0064","org_008","search_submitted","","{""query_source"":""base""}","2026-03-05T11:56:33.9931988Z"
"event_000004522","session_00002069","user_0064","org_008","result_clicked","ste_000862","{""position"":3}","2026-03-05T11:56:41.9931988Z"
"event_000004523","session_00002069","user_0064","org_008","favorite_added","ste_000968","{""position"":1,""source"":""search""}","2026-03-05T11:56:44.9931988Z"
"event_000004524","session_00002070","user_0064","org_008","search_submitted","","{""query_source"":""base""}","2025-10-14T02:56:33.9931988Z"
"event_000004525","session_00002070","user_0064","org_008","result_clicked","ste_000588","{""position"":5}","2025-10-14T02:56:41.9931988Z"
"event_000004526","session_00002070","user_0064","org_008","favorite_added","ste_000954","{""position"":7,""source"":""search""}","2025-10-14T02:56:44.9931988Z"
"event_000004527","session_00002070","user_0064","org_008","purchase_completed","ste_000588","{""source"":""search"",""position"":5}","2025-10-14T02:56:51.9931988Z"
"event_000004528","session_00002071","user_0064","org_008","search_submitted","","{""query_source"":""base""}","2026-03-21T00:50:33.9931988Z"
"event_000004529","session_00002071","user_0064","org_008","result_clicked","ste_000141","{""position"":5}","2026-03-21T00:50:41.9931988Z"
"event_000004530","session_00002072","user_0064","org_008","search_submitted","","{""query_source"":""base""}","2025-11-24T12:15:33.9931988Z"
"event_000004531","session_00002072","user_0064","org_008","result_clicked","ste_000614","{""position"":5}","2025-11-24T12:15:41.9931988Z"
"event_000004532","session_00002072","user_0064","org_008","favorite_added","ste_000776","{""position"":7,""source"":""search""}","2025-11-24T12:15:44.9931988Z"
"event_000004533","session_00002073","user_0064","org_008","search_submitted","","{""query_source"":""base""}","2026-01-29T13:30:33.9931988Z"
"event_000004534","session_00002073","user_0064","org_008","result_clicked","ste_000701","{""position"":2}","2026-01-29T13:30:41.9931988Z"
"event_000004535","session_00002073","user_0064","org_008","purchase_completed","ste_000701","{""source"":""search"",""position"":2}","2026-01-29T13:30:51.9931988Z"
"event_000004536","session_00002074","user_0064","org_008","search_submitted","","{""query_source"":""typo""}","2026-02-07T00:04:33.9931988Z"
"event_000004537","session_00002075","user_0064","org_008","search_submitted","","{""query_source"":""base""}","2025-12-08T07:19:33.9931988Z"
"event_000004538","session_00002076","user_0064","org_008","search_submitted","","{""query_source"":""base""}","2025-09-30T02:11:33.9931988Z"
"event_000004539","session_00002077","user_0065","org_009","search_submitted","","{""query_source"":""base""}","2026-02-28T19:16:33.9931988Z"
"event_000004540","session_00002078","user_0065","org_009","search_submitted","","{""query_source"":""synonym""}","2026-02-02T19:21:33.9931988Z"
"event_000004541","session_00002078","user_0065","org_009","result_clicked","ste_000501","{""position"":5}","2026-02-02T19:21:41.9931988Z"
"event_000004542","session_00002078","user_0065","org_009","favorite_added","ste_000112","{""position"":6,""source"":""search""}","2026-02-02T19:21:44.9931988Z"
"event_000004543","session_00002078","user_0065","org_009","purchase_completed","ste_000501","{""source"":""search"",""position"":5}","2026-02-02T19:21:51.9931988Z"
"event_000004544","session_00002079","user_0065","org_009","search_submitted","","{""query_source"":""synonym""}","2026-02-14T01:28:33.9931988Z"
"event_000004545","session_00002079","user_0065","org_009","result_clicked","ste_000033","{""position"":1}","2026-02-14T01:28:41.9931988Z"
"event_000004546","session_00002079","user_0065","org_009","favorite_added","ste_001091","{""position"":5,""source"":""search""}","2026-02-14T01:28:44.9931988Z"
"event_000004547","session_00002080","user_0065","org_009","search_submitted","","{""query_source"":""base""}","2025-11-06T18:57:33.9931988Z"
"event_000004548","session_00002080","user_0065","org_009","result_clicked","ste_000212","{""position"":3}","2025-11-06T18:57:41.9931988Z"
"event_000004549","session_00002081","user_0065","org_009","search_submitted","","{""query_source"":""base""}","2025-10-11T05:34:33.9931988Z"
"event_000004550","session_00002081","user_0065","org_009","result_clicked","ste_000568","{""position"":4}","2025-10-11T05:34:41.9931988Z"
"event_000004551","session_00002082","user_0065","org_009","search_submitted","","{""query_source"":""base""}","2026-01-08T16:35:33.9931988Z"
"event_000004552","session_00002083","user_0065","org_009","search_submitted","","{""query_source"":""base""}","2025-12-27T06:16:33.9931988Z"
"event_000004553","session_00002083","user_0065","org_009","result_clicked","ste_000811","{""position"":1}","2025-12-27T06:16:41.9931988Z"
"event_000004554","session_00002083","user_0065","org_009","favorite_added","ste_000312","{""position"":3,""source"":""search""}","2025-12-27T06:16:44.9931988Z"
"event_000004555","session_00002084","user_0065","org_009","search_submitted","","{""query_source"":""base""}","2025-10-17T06:49:33.9931988Z"
"event_000004556","session_00002084","user_0065","org_009","result_clicked","ste_000604","{""position"":3}","2025-10-17T06:49:41.9931988Z"
"event_000004557","session_00002084","user_0065","org_009","favorite_added","ste_000841","{""position"":4,""source"":""search""}","2025-10-17T06:49:44.9931988Z"
"event_000004558","session_00002085","user_0065","org_009","search_submitted","","{""query_source"":""base""}","2026-03-04T14:02:33.9931988Z"
"event_000004559","session_00002085","user_0065","org_009","result_clicked","ste_000870","{""position"":3}","2026-03-04T14:02:41.9931988Z"
"event_000004560","session_00002086","user_0065","org_009","search_submitted","","{""query_source"":""base""}","2026-02-18T03:46:33.9931988Z"
"event_000004561","session_00002087","user_0065","org_009","search_submitted","","{""query_source"":""base""}","2025-12-31T18:57:33.9931988Z"
"event_000004562","session_00002087","user_0065","org_009","result_clicked","ste_000749","{""position"":2}","2025-12-31T18:57:41.9931988Z"
"event_000004563","session_00002087","user_0065","org_009","favorite_added","ste_000462","{""position"":7,""source"":""search""}","2025-12-31T18:57:44.9931988Z"
"event_000004564","session_00002088","user_0065","org_009","search_submitted","","{""query_source"":""base""}","2026-03-09T11:06:33.9931988Z"
"event_000004565","session_00002088","user_0065","org_009","result_clicked","ste_001081","{""position"":3}","2026-03-09T11:06:41.9931988Z"
"event_000004566","session_00002088","user_0065","org_009","favorite_added","ste_000326","{""position"":4,""source"":""search""}","2026-03-09T11:06:44.9931988Z"
"event_000004567","session_00002088","user_0065","org_009","purchase_completed","ste_001081","{""source"":""search"",""position"":3}","2026-03-09T11:06:51.9931988Z"
"event_000004568","session_00002089","user_0065","org_009","search_submitted","","{""query_source"":""base""}","2025-12-27T18:21:33.9931988Z"
"event_000004569","session_00002089","user_0065","org_009","result_clicked","ste_000199","{""position"":1}","2025-12-27T18:21:41.9931988Z"
"event_000004570","session_00002090","user_0065","org_009","search_submitted","","{""query_source"":""base""}","2026-02-02T15:47:33.9931988Z"
"event_000004571","session_00002090","user_0065","org_009","result_clicked","ste_000024","{""position"":4}","2026-02-02T15:47:41.9931988Z"
"event_000004572","session_00002090","user_0065","org_009","favorite_added","ste_000024","{""position"":4,""source"":""search""}","2026-02-02T15:47:44.9931988Z"
"event_000004573","session_00002090","user_0065","org_009","purchase_completed","ste_000024","{""source"":""search"",""position"":4}","2026-02-02T15:47:51.9931988Z"
"event_000004574","session_00002091","user_0065","org_009","search_submitted","","{""query_source"":""base""}","2026-03-02T09:56:33.9931988Z"
"event_000004575","session_00002091","user_0065","org_009","result_clicked","ste_000695","{""position"":3}","2026-03-02T09:56:41.9931988Z"
"event_000004576","session_00002092","user_0065","org_009","search_submitted","","{""query_source"":""typo""}","2025-11-01T23:07:33.9931988Z"
"event_000004577","session_00002092","user_0065","org_009","result_clicked","ste_001153","{""position"":4}","2025-11-01T23:07:41.9931988Z"
"event_000004578","session_00002092","user_0065","org_009","favorite_added","ste_000687","{""position"":6,""source"":""search""}","2025-11-01T23:07:44.9931988Z"
"event_000004579","session_00002092","user_0065","org_009","purchase_completed","ste_001153","{""source"":""search"",""position"":4}","2025-11-01T23:07:51.9931988Z"
"event_000004580","session_00002093","user_0065","org_009","search_submitted","","{""query_source"":""base""}","2026-02-19T03:41:33.9931988Z"
"event_000004581","session_00002094","user_0065","org_009","search_submitted","","{""query_source"":""base""}","2025-10-10T22:31:33.9931988Z"
"event_000004582","session_00002094","user_0065","org_009","result_clicked","ste_000894","{""position"":3}","2025-10-10T22:31:41.9931988Z"
"event_000004583","session_00002094","user_0065","org_009","purchase_completed","ste_000894","{""source"":""search"",""position"":3}","2025-10-10T22:31:51.9931988Z"
"event_000004584","session_00002095","user_0065","org_009","search_submitted","","{""query_source"":""base""}","2025-10-15T11:37:33.9931988Z"
"event_000004585","session_00002095","user_0065","org_009","result_clicked","ste_000556","{""position"":3}","2025-10-15T11:37:41.9931988Z"
"event_000004586","session_00002095","user_0065","org_009","favorite_added","ste_000009","{""position"":1,""source"":""search""}","2025-10-15T11:37:44.9931988Z"
"event_000004587","session_00002096","user_0065","org_009","search_submitted","","{""query_source"":""synonym""}","2026-01-19T03:37:33.9931988Z"
"event_000004588","session_00002096","user_0065","org_009","result_clicked","ste_001130","{""position"":3}","2026-01-19T03:37:41.9931988Z"
"event_000004589","session_00002096","user_0065","org_009","purchase_completed","ste_001130","{""source"":""search"",""position"":3}","2026-01-19T03:37:51.9931988Z"
"event_000004590","session_00002097","user_0065","org_009","search_submitted","","{""query_source"":""synonym""}","2026-03-16T08:14:33.9931988Z"
"event_000004591","session_00002097","user_0065","org_009","result_clicked","ste_000872","{""position"":2}","2026-03-16T08:14:41.9931988Z"
"event_000004592","session_00002098","user_0065","org_009","search_submitted","","{""query_source"":""base""}","2025-12-16T17:27:33.9931988Z"
"event_000004593","session_00002098","user_0065","org_009","result_clicked","ste_001140","{""position"":4}","2025-12-16T17:27:41.9931988Z"
"event_000004594","session_00002098","user_0065","org_009","favorite_added","ste_000322","{""position"":3,""source"":""search""}","2025-12-16T17:27:44.9931988Z"
"event_000004595","session_00002099","user_0065","org_009","search_submitted","","{""query_source"":""synonym""}","2025-12-19T02:16:33.9931988Z"
"event_000004596","session_00002099","user_0065","org_009","result_clicked","ste_000200","{""position"":4}","2025-12-19T02:16:41.9931988Z"
"event_000004597","session_00002100","user_0065","org_009","search_submitted","","{""query_source"":""base""}","2026-03-01T22:09:33.9931988Z"
"event_000004598","session_00002100","user_0065","org_009","result_clicked","ste_000421","{""position"":4}","2026-03-01T22:09:41.9931988Z"
"event_000004599","session_00002100","user_0065","org_009","favorite_added","ste_000421","{""position"":4,""source"":""search""}","2026-03-01T22:09:44.9931988Z"
"event_000004600","session_00002101","user_0065","org_009","search_submitted","","{""query_source"":""base""}","2025-12-06T17:55:33.9931988Z"
"event_000004601","session_00002101","user_0065","org_009","result_clicked","ste_000874","{""position"":2}","2025-12-06T17:55:41.9931988Z"
"event_000004602","session_00002102","user_0065","org_009","search_submitted","","{""query_source"":""typo""}","2026-03-04T23:25:33.9931988Z"
"event_000004603","session_00002103","user_0065","org_009","search_submitted","","{""query_source"":""typo""}","2026-01-23T12:45:33.9931988Z"
"event_000004604","session_00002103","user_0065","org_009","result_clicked","ste_000175","{""position"":3}","2026-01-23T12:45:41.9931988Z"
"event_000004605","session_00002103","user_0065","org_009","favorite_added","ste_000505","{""position"":2,""source"":""search""}","2026-01-23T12:45:44.9931988Z"
"event_000004606","session_00002104","user_0065","org_009","search_submitted","","{""query_source"":""base""}","2026-02-01T19:04:33.9931988Z"
"event_000004607","session_00002104","user_0065","org_009","result_clicked","ste_000672","{""position"":1}","2026-02-01T19:04:41.9931988Z"
"event_000004608","session_00002104","user_0065","org_009","favorite_added","ste_000601","{""position"":5,""source"":""search""}","2026-02-01T19:04:44.9931988Z"
"event_000004609","session_00002105","user_0065","org_009","search_submitted","","{""query_source"":""base""}","2026-03-24T00:50:33.9931988Z"
"event_000004610","session_00002105","user_0065","org_009","result_clicked","ste_000106","{""position"":3}","2026-03-24T00:50:41.9931988Z"
"event_000004611","session_00002105","user_0065","org_009","purchase_completed","ste_000106","{""source"":""search"",""position"":3}","2026-03-24T00:50:51.9931988Z"
"event_000004612","session_00002106","user_0065","org_009","search_submitted","","{""query_source"":""base""}","2026-03-26T20:15:33.9931988Z"
"event_000004613","session_00002106","user_0065","org_009","result_clicked","ste_000810","{""position"":5}","2026-03-26T20:15:41.9931988Z"
"event_000004614","session_00002107","user_0066","org_009","search_submitted","","{""query_source"":""base""}","2026-01-11T00:06:33.9931988Z"
"event_000004615","session_00002108","user_0066","org_009","search_submitted","","{""query_source"":""base""}","2025-12-29T14:24:33.9931988Z"
"event_000004616","session_00002108","user_0066","org_009","result_clicked","ste_000710","{""position"":1}","2025-12-29T14:24:41.9931988Z"
"event_000004617","session_00002109","user_0066","org_009","search_submitted","","{""query_source"":""base""}","2025-11-24T04:21:33.9931988Z"
"event_000004618","session_00002110","user_0066","org_009","search_submitted","","{""query_source"":""synonym""}","2025-11-12T17:22:33.9931988Z"
"event_000004619","session_00002110","user_0066","org_009","result_clicked","ste_000819","{""position"":4}","2025-11-12T17:22:41.9931988Z"
"event_000004620","session_00002111","user_0066","org_009","search_submitted","","{""query_source"":""base""}","2025-12-03T06:14:33.9931988Z"
"event_000004621","session_00002111","user_0066","org_009","result_clicked","ste_000784","{""position"":5}","2025-12-03T06:14:41.9931988Z"
"event_000004622","session_00002112","user_0066","org_009","search_submitted","","{""query_source"":""base""}","2026-02-03T05:19:33.9931988Z"
"event_000004623","session_00002112","user_0066","org_009","result_clicked","ste_000979","{""position"":5}","2026-02-03T05:19:41.9931988Z"
"event_000004624","session_00002112","user_0066","org_009","favorite_added","ste_000621","{""position"":7,""source"":""search""}","2026-02-03T05:19:44.9931988Z"
"event_000004625","session_00002112","user_0066","org_009","purchase_completed","ste_000979","{""source"":""search"",""position"":5}","2026-02-03T05:19:51.9931988Z"
"event_000004626","session_00002113","user_0066","org_009","search_submitted","","{""query_source"":""synonym""}","2025-12-31T10:02:33.9931988Z"
"event_000004627","session_00002113","user_0066","org_009","result_clicked","ste_001178","{""position"":2}","2025-12-31T10:02:41.9931988Z"
"event_000004628","session_00002113","user_0066","org_009","favorite_added","ste_001164","{""position"":6,""source"":""search""}","2025-12-31T10:02:44.9931988Z"
"event_000004629","session_00002114","user_0066","org_009","search_submitted","","{""query_source"":""base""}","2025-11-10T14:42:33.9931988Z"
"event_000004630","session_00002114","user_0066","org_009","result_clicked","ste_000133","{""position"":2}","2025-11-10T14:42:41.9931988Z"
"event_000004631","session_00002115","user_0066","org_009","search_submitted","","{""query_source"":""base""}","2026-02-25T15:42:33.9931988Z"
"event_000004632","session_00002115","user_0066","org_009","result_clicked","ste_001149","{""position"":3}","2026-02-25T15:42:41.9931988Z"
"event_000004633","session_00002115","user_0066","org_009","purchase_completed","ste_001149","{""source"":""search"",""position"":3}","2026-02-25T15:42:51.9931988Z"
"event_000004634","session_00002116","user_0066","org_009","search_submitted","","{""query_source"":""base""}","2026-02-21T10:48:33.9931988Z"
"event_000004635","session_00002116","user_0066","org_009","result_clicked","ste_001185","{""position"":2}","2026-02-21T10:48:41.9931988Z"
"event_000004636","session_00002117","user_0066","org_009","search_submitted","","{""query_source"":""synonym""}","2026-02-01T15:45:33.9931988Z"
"event_000004637","session_00002117","user_0066","org_009","result_clicked","ste_000927","{""position"":5}","2026-02-01T15:45:41.9931988Z"
"event_000004638","session_00002117","user_0066","org_009","favorite_added","ste_001029","{""position"":3,""source"":""search""}","2026-02-01T15:45:44.9931988Z"
"event_000004639","session_00002118","user_0066","org_009","search_submitted","","{""query_source"":""synonym""}","2025-12-18T13:09:33.9931988Z"
"event_000004640","session_00002119","user_0066","org_009","search_submitted","","{""query_source"":""base""}","2026-01-05T12:30:33.9931988Z"
"event_000004641","session_00002119","user_0066","org_009","result_clicked","ste_000022","{""position"":2}","2026-01-05T12:30:41.9931988Z"
"event_000004642","session_00002119","user_0066","org_009","purchase_completed","ste_000022","{""source"":""search"",""position"":2}","2026-01-05T12:30:51.9931988Z"
"event_000004643","session_00002120","user_0066","org_009","search_submitted","","{""query_source"":""typo""}","2026-01-13T22:58:33.9931988Z"
"event_000004644","session_00002120","user_0066","org_009","result_clicked","ste_000940","{""position"":1}","2026-01-13T22:58:41.9931988Z"
"event_000004645","session_00002120","user_0066","org_009","favorite_added","ste_000930","{""position"":5,""source"":""search""}","2026-01-13T22:58:44.9931988Z"
"event_000004646","session_00002121","user_0066","org_009","search_submitted","","{""query_source"":""base""}","2026-03-03T00:05:33.9931988Z"
"event_000004647","session_00002121","user_0066","org_009","result_clicked","ste_000491","{""position"":3}","2026-03-03T00:05:41.9931988Z"
"event_000004648","session_00002121","user_0066","org_009","purchase_completed","ste_000491","{""source"":""search"",""position"":3}","2026-03-03T00:05:51.9931988Z"
"event_000004649","session_00002122","user_0066","org_009","search_submitted","","{""query_source"":""base""}","2025-10-22T21:28:33.9931988Z"
"event_000004650","session_00002122","user_0066","org_009","result_clicked","ste_000540","{""position"":5}","2025-10-22T21:28:41.9931988Z"
"event_000004651","session_00002123","user_0066","org_009","search_submitted","","{""query_source"":""base""}","2026-02-13T14:24:33.9931988Z"
"event_000004652","session_00002123","user_0066","org_009","result_clicked","ste_000957","{""position"":1}","2026-02-13T14:24:41.9931988Z"
"event_000004653","session_00002123","user_0066","org_009","purchase_completed","ste_000957","{""source"":""search"",""position"":1}","2026-02-13T14:24:51.9931988Z"
"event_000004654","session_00002124","user_0066","org_009","search_submitted","","{""query_source"":""synonym""}","2025-12-01T20:04:33.9931988Z"
"event_000004655","session_00002124","user_0066","org_009","result_clicked","ste_000184","{""position"":4}","2025-12-01T20:04:41.9931988Z"
"event_000004656","session_00002124","user_0066","org_009","favorite_added","ste_000442","{""position"":7,""source"":""search""}","2025-12-01T20:04:44.9931988Z"
"event_000004657","session_00002125","user_0066","org_009","search_submitted","","{""query_source"":""synonym""}","2026-02-09T16:56:33.9931988Z"
"event_000004658","session_00002125","user_0066","org_009","result_clicked","ste_000753","{""position"":2}","2026-02-09T16:56:41.9931988Z"
"event_000004659","session_00002125","user_0066","org_009","purchase_completed","ste_000753","{""source"":""search"",""position"":2}","2026-02-09T16:56:51.9931988Z"
"event_000004660","session_00002126","user_0066","org_009","search_submitted","","{""query_source"":""base""}","2025-11-06T19:10:33.9931988Z"
"event_000004661","session_00002126","user_0066","org_009","result_clicked","ste_000310","{""position"":1}","2025-11-06T19:10:41.9931988Z"
"event_000004662","session_00002126","user_0066","org_009","favorite_added","ste_000310","{""position"":1,""source"":""search""}","2025-11-06T19:10:44.9931988Z"
"event_000004663","session_00002127","user_0066","org_009","search_submitted","","{""query_source"":""base""}","2025-10-08T00:41:33.9931988Z"
"event_000004664","session_00002127","user_0066","org_009","result_clicked","ste_000869","{""position"":5}","2025-10-08T00:41:41.9931988Z"
"event_000004665","session_00002128","user_0066","org_009","search_submitted","","{""query_source"":""base""}","2025-10-11T14:55:33.9931988Z"
"event_000004666","session_00002128","user_0066","org_009","result_clicked","ste_000406","{""position"":5}","2025-10-11T14:55:41.9931988Z"
"event_000004667","session_00002128","user_0066","org_009","favorite_added","ste_001087","{""position"":4,""source"":""search""}","2025-10-11T14:55:44.9931988Z"
"event_000004668","session_00002129","user_0066","org_009","search_submitted","","{""query_source"":""typo""}","2025-11-07T17:03:33.9931988Z"
"event_000004669","session_00002129","user_0066","org_009","result_clicked","ste_000551","{""position"":2}","2025-11-07T17:03:41.9931988Z"
"event_000004670","session_00002130","user_0066","org_009","search_submitted","","{""query_source"":""base""}","2026-01-27T09:12:33.9931988Z"
"event_000004671","session_00002131","user_0066","org_009","search_submitted","","{""query_source"":""typo""}","2025-12-27T16:51:33.9931988Z"
"event_000004672","session_00002132","user_0066","org_009","search_submitted","","{""query_source"":""base""}","2025-10-25T06:50:33.9931988Z"
"event_000004673","session_00002133","user_0066","org_009","search_submitted","","{""query_source"":""synonym""}","2025-12-01T19:18:33.9931988Z"
"event_000004674","session_00002134","user_0067","org_009","search_submitted","","{""query_source"":""base""}","2025-10-14T15:52:33.9931988Z"
"event_000004675","session_00002135","user_0067","org_009","search_submitted","","{""query_source"":""base""}","2025-12-03T01:23:33.9931988Z"
"event_000004676","session_00002135","user_0067","org_009","result_clicked","ste_000597","{""position"":5}","2025-12-03T01:23:41.9931988Z"
"event_000004677","session_00002135","user_0067","org_009","favorite_added","ste_000280","{""position"":4,""source"":""search""}","2025-12-03T01:23:44.9931988Z"
"event_000004678","session_00002136","user_0067","org_009","search_submitted","","{""query_source"":""base""}","2025-10-05T10:55:33.9931988Z"
"event_000004679","session_00002136","user_0067","org_009","result_clicked","ste_000897","{""position"":5}","2025-10-05T10:55:41.9931988Z"
"event_000004680","session_00002136","user_0067","org_009","purchase_completed","ste_000897","{""source"":""search"",""position"":5}","2025-10-05T10:55:51.9931988Z"
"event_000004681","session_00002137","user_0067","org_009","search_submitted","","{""query_source"":""base""}","2026-02-07T07:02:33.9931988Z"
"event_000004682","session_00002138","user_0067","org_009","search_submitted","","{""query_source"":""base""}","2025-12-23T07:36:33.9931988Z"
"event_000004683","session_00002139","user_0067","org_009","search_submitted","","{""query_source"":""base""}","2026-01-04T14:35:33.9931988Z"
"event_000004684","session_00002140","user_0067","org_009","search_submitted","","{""query_source"":""base""}","2025-11-02T22:54:33.9931988Z"
"event_000004685","session_00002140","user_0067","org_009","result_clicked","ste_000487","{""position"":1}","2025-11-02T22:54:41.9931988Z"
"event_000004686","session_00002140","user_0067","org_009","favorite_added","ste_000256","{""position"":2,""source"":""search""}","2025-11-02T22:54:44.9931988Z"
"event_000004687","session_00002140","user_0067","org_009","purchase_completed","ste_000487","{""source"":""search"",""position"":1}","2025-11-02T22:54:51.9931988Z"
"event_000004688","session_00002141","user_0067","org_009","search_submitted","","{""query_source"":""base""}","2026-01-02T14:25:33.9931988Z"
"event_000004689","session_00002142","user_0067","org_009","search_submitted","","{""query_source"":""typo""}","2026-01-18T20:58:33.9931988Z"
"event_000004690","session_00002142","user_0067","org_009","result_clicked","ste_001094","{""position"":3}","2026-01-18T20:58:41.9931988Z"
"event_000004691","session_00002143","user_0067","org_009","search_submitted","","{""query_source"":""synonym""}","2026-02-03T02:53:33.9931988Z"
"event_000004692","session_00002143","user_0067","org_009","result_clicked","ste_000752","{""position"":4}","2026-02-03T02:53:41.9931988Z"
"event_000004693","session_00002144","user_0067","org_009","search_submitted","","{""query_source"":""base""}","2025-12-26T03:59:33.9931988Z"
"event_000004694","session_00002144","user_0067","org_009","result_clicked","ste_000312","{""position"":4}","2025-12-26T03:59:41.9931988Z"
"event_000004695","session_00002144","user_0067","org_009","favorite_added","ste_000271","{""position"":3,""source"":""search""}","2025-12-26T03:59:44.9931988Z"
"event_000004696","session_00002145","user_0067","org_009","search_submitted","","{""query_source"":""typo""}","2026-03-20T07:37:33.9931988Z"
"event_000004697","session_00002145","user_0067","org_009","result_clicked","ste_000559","{""position"":3}","2026-03-20T07:37:41.9931988Z"
"event_000004698","session_00002146","user_0067","org_009","search_submitted","","{""query_source"":""base""}","2025-12-04T11:30:33.9931988Z"
"event_000004699","session_00002146","user_0067","org_009","result_clicked","ste_000257","{""position"":3}","2025-12-04T11:30:41.9931988Z"
"event_000004700","session_00002146","user_0067","org_009","favorite_added","ste_000257","{""position"":3,""source"":""search""}","2025-12-04T11:30:44.9931988Z"
"event_000004701","session_00002146","user_0067","org_009","purchase_completed","ste_000257","{""source"":""search"",""position"":3}","2025-12-04T11:30:51.9931988Z"
"event_000004702","session_00002147","user_0067","org_009","search_submitted","","{""query_source"":""typo""}","2026-01-29T11:26:33.9931988Z"
"event_000004703","session_00002147","user_0067","org_009","result_clicked","ste_000117","{""position"":1}","2026-01-29T11:26:41.9931988Z"
"event_000004704","session_00002147","user_0067","org_009","favorite_added","ste_000468","{""position"":3,""source"":""search""}","2026-01-29T11:26:44.9931988Z"
"event_000004705","session_00002148","user_0067","org_009","search_submitted","","{""query_source"":""typo""}","2026-02-25T02:04:33.9931988Z"
"event_000004706","session_00002148","user_0067","org_009","result_clicked","ste_000859","{""position"":2}","2026-02-25T02:04:41.9931988Z"
"event_000004707","session_00002148","user_0067","org_009","favorite_added","ste_000797","{""position"":1,""source"":""search""}","2026-02-25T02:04:44.9931988Z"
"event_000004708","session_00002149","user_0067","org_009","search_submitted","","{""query_source"":""base""}","2025-10-14T02:16:33.9931988Z"
"event_000004709","session_00002149","user_0067","org_009","result_clicked","ste_001161","{""position"":4}","2025-10-14T02:16:41.9931988Z"
"event_000004710","session_00002150","user_0067","org_009","search_submitted","","{""query_source"":""base""}","2025-10-30T10:28:33.9931988Z"
"event_000004711","session_00002150","user_0067","org_009","result_clicked","ste_000800","{""position"":3}","2025-10-30T10:28:41.9931988Z"
"event_000004712","session_00002151","user_0067","org_009","search_submitted","","{""query_source"":""base""}","2026-03-06T06:40:33.9931988Z"
"event_000004713","session_00002151","user_0067","org_009","result_clicked","ste_000129","{""position"":5}","2026-03-06T06:40:41.9931988Z"
"event_000004714","session_00002152","user_0067","org_009","search_submitted","","{""query_source"":""typo""}","2026-02-03T05:06:33.9931988Z"
"event_000004715","session_00002152","user_0067","org_009","result_clicked","ste_001112","{""position"":2}","2026-02-03T05:06:41.9931988Z"
"event_000004716","session_00002152","user_0067","org_009","favorite_added","ste_000157","{""position"":6,""source"":""search""}","2026-02-03T05:06:44.9931988Z"
"event_000004717","session_00002153","user_0067","org_009","search_submitted","","{""query_source"":""base""}","2025-11-01T12:43:33.9931988Z"
"event_000004718","session_00002153","user_0067","org_009","result_clicked","ste_000733","{""position"":2}","2025-11-01T12:43:41.9931988Z"
"event_000004719","session_00002154","user_0067","org_009","search_submitted","","{""query_source"":""synonym""}","2025-12-21T15:24:33.9931988Z"
"event_000004720","session_00002154","user_0067","org_009","result_clicked","ste_000409","{""position"":4}","2025-12-21T15:24:41.9931988Z"
"event_000004721","session_00002155","user_0067","org_009","search_submitted","","{""query_source"":""base""}","2026-01-15T05:33:33.9931988Z"
"event_000004722","session_00002155","user_0067","org_009","result_clicked","ste_000693","{""position"":1}","2026-01-15T05:33:41.9931988Z"
"event_000004723","session_00002156","user_0067","org_009","search_submitted","","{""query_source"":""base""}","2025-12-31T20:49:33.9931988Z"
"event_000004724","session_00002156","user_0067","org_009","result_clicked","ste_000750","{""position"":3}","2025-12-31T20:49:41.9931988Z"
"event_000004725","session_00002157","user_0067","org_009","search_submitted","","{""query_source"":""base""}","2026-01-24T04:54:33.9931988Z"
"event_000004726","session_00002157","user_0067","org_009","result_clicked","ste_000441","{""position"":3}","2026-01-24T04:54:41.9931988Z"
"event_000004727","session_00002158","user_0067","org_009","search_submitted","","{""query_source"":""typo""}","2026-02-12T08:16:33.9931988Z"
"event_000004728","session_00002158","user_0067","org_009","result_clicked","ste_000212","{""position"":3}","2026-02-12T08:16:41.9931988Z"
"event_000004729","session_00002158","user_0067","org_009","favorite_added","ste_000023","{""position"":5,""source"":""search""}","2026-02-12T08:16:44.9931988Z"
"event_000004730","session_00002158","user_0067","org_009","purchase_completed","ste_000212","{""source"":""search"",""position"":3}","2026-02-12T08:16:51.9931988Z"
"event_000004731","session_00002159","user_0067","org_009","search_submitted","","{""query_source"":""typo""}","2025-11-03T04:02:33.9931988Z"
"event_000004732","session_00002159","user_0067","org_009","result_clicked","ste_000900","{""position"":1}","2025-11-03T04:02:41.9931988Z"
"event_000004733","session_00002160","user_0067","org_009","search_submitted","","{""query_source"":""synonym""}","2026-03-18T03:31:33.9931988Z"
"event_000004734","session_00002160","user_0067","org_009","result_clicked","ste_000722","{""position"":3}","2026-03-18T03:31:41.9931988Z"
"event_000004735","session_00002161","user_0067","org_009","search_submitted","","{""query_source"":""base""}","2025-10-04T17:12:33.9931988Z"
"event_000004736","session_00002161","user_0067","org_009","result_clicked","ste_000991","{""position"":2}","2025-10-04T17:12:41.9931988Z"
"event_000004737","session_00002161","user_0067","org_009","favorite_added","ste_000612","{""position"":4,""source"":""search""}","2025-10-04T17:12:44.9931988Z"
"event_000004738","session_00002162","user_0067","org_009","search_submitted","","{""query_source"":""base""}","2025-10-26T03:04:33.9931988Z"
"event_000004739","session_00002162","user_0067","org_009","result_clicked","ste_000088","{""position"":1}","2025-10-26T03:04:41.9931988Z"
"event_000004740","session_00002163","user_0067","org_009","search_submitted","","{""query_source"":""synonym""}","2026-03-26T20:20:33.9931988Z"
"event_000004741","session_00002163","user_0067","org_009","result_clicked","ste_000203","{""position"":1}","2026-03-26T20:20:41.9931988Z"
"event_000004742","session_00002164","user_0067","org_009","search_submitted","","{""query_source"":""base""}","2025-12-20T11:10:33.9931988Z"
"event_000004743","session_00002164","user_0067","org_009","result_clicked","ste_000404","{""position"":4}","2025-12-20T11:10:41.9931988Z"
"event_000004744","session_00002164","user_0067","org_009","favorite_added","ste_000741","{""position"":5,""source"":""search""}","2025-12-20T11:10:44.9931988Z"
"event_000004745","session_00002165","user_0067","org_009","search_submitted","","{""query_source"":""base""}","2025-12-11T21:16:33.9931988Z"
"event_000004746","session_00002165","user_0067","org_009","result_clicked","ste_000410","{""position"":3}","2025-12-11T21:16:41.9931988Z"
"event_000004747","session_00002165","user_0067","org_009","favorite_added","ste_000510","{""position"":2,""source"":""search""}","2025-12-11T21:16:44.9931988Z"
"event_000004748","session_00002166","user_0067","org_009","search_submitted","","{""query_source"":""typo""}","2026-01-11T03:18:33.9931988Z"
"event_000004749","session_00002166","user_0067","org_009","result_clicked","ste_000831","{""position"":2}","2026-01-11T03:18:41.9931988Z"
"event_000004750","session_00002166","user_0067","org_009","purchase_completed","ste_000831","{""source"":""search"",""position"":2}","2026-01-11T03:18:51.9931988Z"
"event_000004751","session_00002167","user_0067","org_009","search_submitted","","{""query_source"":""typo""}","2026-02-15T12:33:33.9931988Z"
"event_000004752","session_00002167","user_0067","org_009","result_clicked","ste_000427","{""position"":1}","2026-02-15T12:33:41.9931988Z"
"event_000004753","session_00002168","user_0067","org_009","search_submitted","","{""query_source"":""base""}","2025-10-12T08:01:33.9931988Z"
"event_000004754","session_00002168","user_0067","org_009","result_clicked","ste_000401","{""position"":3}","2025-10-12T08:01:41.9931988Z"
"event_000004755","session_00002169","user_0067","org_009","search_submitted","","{""query_source"":""typo""}","2025-11-10T03:18:33.9931988Z"
"event_000004756","session_00002169","user_0067","org_009","result_clicked","ste_000741","{""position"":3}","2025-11-10T03:18:41.9931988Z"
"event_000004757","session_00002170","user_0068","org_009","search_submitted","","{""query_source"":""base""}","2026-01-08T14:50:33.9931988Z"
"event_000004758","session_00002171","user_0068","org_009","search_submitted","","{""query_source"":""base""}","2025-12-19T13:23:33.9931988Z"
"event_000004759","session_00002172","user_0068","org_009","search_submitted","","{""query_source"":""base""}","2025-12-19T14:40:33.9931988Z"
"event_000004760","session_00002172","user_0068","org_009","result_clicked","ste_000821","{""position"":4}","2025-12-19T14:40:41.9931988Z"
"event_000004761","session_00002173","user_0068","org_009","search_submitted","","{""query_source"":""synonym""}","2025-10-08T08:30:33.9931988Z"
"event_000004762","session_00002174","user_0068","org_009","search_submitted","","{""query_source"":""synonym""}","2026-02-01T12:54:33.9931988Z"
"event_000004763","session_00002174","user_0068","org_009","result_clicked","ste_000777","{""position"":4}","2026-02-01T12:54:41.9931988Z"
"event_000004764","session_00002175","user_0068","org_009","search_submitted","","{""query_source"":""base""}","2026-02-09T17:44:33.9931988Z"
"event_000004765","session_00002175","user_0068","org_009","result_clicked","ste_001074","{""position"":2}","2026-02-09T17:44:41.9931988Z"
"event_000004766","session_00002176","user_0068","org_009","search_submitted","","{""query_source"":""typo""}","2026-01-01T11:52:33.9931988Z"
"event_000004767","session_00002176","user_0068","org_009","result_clicked","ste_000100","{""position"":4}","2026-01-01T11:52:41.9931988Z"
"event_000004768","session_00002177","user_0068","org_009","search_submitted","","{""query_source"":""synonym""}","2025-10-31T01:13:33.9931988Z"
"event_000004769","session_00002177","user_0068","org_009","result_clicked","ste_000995","{""position"":4}","2025-10-31T01:13:41.9931988Z"
"event_000004770","session_00002177","user_0068","org_009","favorite_added","ste_000995","{""position"":4,""source"":""search""}","2025-10-31T01:13:44.9931988Z"
"event_000004771","session_00002178","user_0068","org_009","search_submitted","","{""query_source"":""base""}","2025-11-10T09:49:33.9931988Z"
"event_000004772","session_00002178","user_0068","org_009","result_clicked","ste_001166","{""position"":2}","2025-11-10T09:49:41.9931988Z"
"event_000004773","session_00002178","user_0068","org_009","favorite_added","ste_000280","{""position"":5,""source"":""search""}","2025-11-10T09:49:44.9931988Z"
"event_000004774","session_00002179","user_0068","org_009","search_submitted","","{""query_source"":""base""}","2025-12-02T10:35:33.9931988Z"
"event_000004775","session_00002180","user_0068","org_009","search_submitted","","{""query_source"":""base""}","2026-02-07T04:03:33.9931988Z"
"event_000004776","session_00002180","user_0068","org_009","result_clicked","ste_000316","{""position"":4}","2026-02-07T04:03:41.9931988Z"
"event_000004777","session_00002181","user_0068","org_009","search_submitted","","{""query_source"":""base""}","2026-01-07T08:56:33.9931988Z"
"event_000004778","session_00002182","user_0068","org_009","search_submitted","","{""query_source"":""base""}","2025-12-01T00:40:33.9931988Z"
"event_000004779","session_00002183","user_0068","org_009","search_submitted","","{""query_source"":""base""}","2026-02-02T21:33:33.9931988Z"
"event_000004780","session_00002183","user_0068","org_009","result_clicked","ste_000840","{""position"":5}","2026-02-02T21:33:41.9931988Z"
"event_000004781","session_00002184","user_0068","org_009","search_submitted","","{""query_source"":""typo""}","2026-02-28T13:17:33.9931988Z"
"event_000004782","session_00002185","user_0068","org_009","search_submitted","","{""query_source"":""base""}","2026-02-07T12:53:33.9931988Z"
"event_000004783","session_00002185","user_0068","org_009","result_clicked","ste_000297","{""position"":5}","2026-02-07T12:53:41.9931988Z"
"event_000004784","session_00002185","user_0068","org_009","favorite_added","ste_001047","{""position"":7,""source"":""search""}","2026-02-07T12:53:44.9931988Z"
"event_000004785","session_00002185","user_0068","org_009","purchase_completed","ste_000297","{""source"":""search"",""position"":5}","2026-02-07T12:53:51.9931988Z"
"event_000004786","session_00002186","user_0068","org_009","search_submitted","","{""query_source"":""base""}","2025-10-12T10:41:33.9931988Z"
"event_000004787","session_00002186","user_0068","org_009","result_clicked","ste_001053","{""position"":5}","2025-10-12T10:41:41.9931988Z"
"event_000004788","session_00002187","user_0068","org_009","search_submitted","","{""query_source"":""base""}","2025-10-06T20:44:33.9931988Z"
"event_000004789","session_00002188","user_0068","org_009","search_submitted","","{""query_source"":""base""}","2025-11-08T13:14:33.9931988Z"
"event_000004790","session_00002189","user_0068","org_009","search_submitted","","{""query_source"":""base""}","2025-11-29T18:01:33.9931988Z"
"event_000004791","session_00002189","user_0068","org_009","result_clicked","ste_000418","{""position"":5}","2025-11-29T18:01:41.9931988Z"
"event_000004792","session_00002189","user_0068","org_009","favorite_added","ste_000062","{""position"":7,""source"":""search""}","2025-11-29T18:01:44.9931988Z"
"event_000004793","session_00002189","user_0068","org_009","purchase_completed","ste_000418","{""source"":""search"",""position"":5}","2025-11-29T18:01:51.9931988Z"
"event_000004794","session_00002190","user_0068","org_009","search_submitted","","{""query_source"":""base""}","2025-10-29T19:41:33.9931988Z"
"event_000004795","session_00002190","user_0068","org_009","result_clicked","ste_000285","{""position"":3}","2025-10-29T19:41:41.9931988Z"
"event_000004796","session_00002190","user_0068","org_009","purchase_completed","ste_000285","{""source"":""search"",""position"":3}","2025-10-29T19:41:51.9931988Z"
"event_000004797","session_00002191","user_0068","org_009","search_submitted","","{""query_source"":""base""}","2026-03-07T01:51:33.9931988Z"
"event_000004798","session_00002191","user_0068","org_009","result_clicked","ste_001094","{""position"":2}","2026-03-07T01:51:41.9931988Z"
"event_000004799","session_00002192","user_0068","org_009","search_submitted","","{""query_source"":""base""}","2026-01-23T08:16:33.9931988Z"
"event_000004800","session_00002192","user_0068","org_009","result_clicked","ste_000090","{""position"":4}","2026-01-23T08:16:41.9931988Z"
"event_000004801","session_00002192","user_0068","org_009","purchase_completed","ste_000090","{""source"":""search"",""position"":4}","2026-01-23T08:16:51.9931988Z"
"event_000004802","session_00002193","user_0068","org_009","search_submitted","","{""query_source"":""base""}","2026-03-06T20:21:33.9931988Z"
"event_000004803","session_00002194","user_0068","org_009","search_submitted","","{""query_source"":""synonym""}","2026-02-27T19:46:33.9931988Z"
"event_000004804","session_00002195","user_0068","org_009","search_submitted","","{""query_source"":""base""}","2025-12-21T09:47:33.9931988Z"
"event_000004805","session_00002195","user_0068","org_009","result_clicked","ste_000924","{""position"":4}","2025-12-21T09:47:41.9931988Z"
"event_000004806","session_00002195","user_0068","org_009","purchase_completed","ste_000924","{""source"":""search"",""position"":4}","2025-12-21T09:47:51.9931988Z"
"event_000004807","session_00002196","user_0068","org_009","search_submitted","","{""query_source"":""base""}","2025-10-03T12:03:33.9931988Z"
"event_000004808","session_00002197","user_0068","org_009","search_submitted","","{""query_source"":""base""}","2025-12-29T23:15:33.9931988Z"
"event_000004809","session_00002198","user_0068","org_009","search_submitted","","{""query_source"":""base""}","2025-11-11T09:24:33.9931988Z"
"event_000004810","session_00002199","user_0068","org_009","search_submitted","","{""query_source"":""synonym""}","2025-10-29T19:03:33.9931988Z"
"event_000004811","session_00002200","user_0068","org_009","search_submitted","","{""query_source"":""base""}","2025-10-12T23:30:33.9931988Z"
"event_000004812","session_00002200","user_0068","org_009","result_clicked","ste_000775","{""position"":2}","2025-10-12T23:30:41.9931988Z"
"event_000004813","session_00002201","user_0068","org_009","search_submitted","","{""query_source"":""base""}","2025-10-09T03:01:33.9931988Z"
"event_000004814","session_00002202","user_0069","org_009","search_submitted","","{""query_source"":""base""}","2025-11-04T20:26:33.9931988Z"
"event_000004815","session_00002203","user_0069","org_009","search_submitted","","{""query_source"":""base""}","2026-03-15T07:54:33.9931988Z"
"event_000004816","session_00002203","user_0069","org_009","result_clicked","ste_000076","{""position"":4}","2026-03-15T07:54:41.9931988Z"
"event_000004817","session_00002204","user_0069","org_009","search_submitted","","{""query_source"":""base""}","2026-01-07T14:12:33.9931988Z"
"event_000004818","session_00002205","user_0069","org_009","search_submitted","","{""query_source"":""base""}","2025-10-02T19:59:33.9931988Z"
"event_000004819","session_00002205","user_0069","org_009","result_clicked","ste_000075","{""position"":4}","2025-10-02T19:59:41.9931988Z"
"event_000004820","session_00002206","user_0069","org_009","search_submitted","","{""query_source"":""synonym""}","2026-01-05T22:25:33.9931988Z"
"event_000004821","session_00002207","user_0069","org_009","search_submitted","","{""query_source"":""base""}","2026-02-02T01:11:33.9931988Z"
"event_000004822","session_00002208","user_0069","org_009","search_submitted","","{""query_source"":""base""}","2026-02-12T23:32:33.9931988Z"
"event_000004823","session_00002208","user_0069","org_009","result_clicked","ste_000243","{""position"":2}","2026-02-12T23:32:41.9931988Z"
"event_000004824","session_00002209","user_0069","org_009","search_submitted","","{""query_source"":""base""}","2026-03-01T15:31:33.9931988Z"
"event_000004825","session_00002209","user_0069","org_009","result_clicked","ste_000292","{""position"":2}","2026-03-01T15:31:41.9931988Z"
"event_000004826","session_00002210","user_0069","org_009","search_submitted","","{""query_source"":""base""}","2025-12-26T22:17:33.9931988Z"
"event_000004827","session_00002210","user_0069","org_009","result_clicked","ste_001014","{""position"":1}","2025-12-26T22:17:41.9931988Z"
"event_000004828","session_00002210","user_0069","org_009","purchase_completed","ste_001014","{""source"":""search"",""position"":1}","2025-12-26T22:17:51.9931988Z"
"event_000004829","session_00002211","user_0069","org_009","search_submitted","","{""query_source"":""base""}","2025-12-06T01:04:33.9931988Z"
"event_000004830","session_00002211","user_0069","org_009","result_clicked","ste_000663","{""position"":5}","2025-12-06T01:04:41.9931988Z"
"event_000004831","session_00002211","user_0069","org_009","purchase_completed","ste_000663","{""source"":""search"",""position"":5}","2025-12-06T01:04:51.9931988Z"
"event_000004832","session_00002212","user_0069","org_009","search_submitted","","{""query_source"":""base""}","2025-12-27T09:13:33.9931988Z"
"event_000004833","session_00002213","user_0069","org_009","search_submitted","","{""query_source"":""base""}","2025-10-20T07:27:33.9931988Z"
"event_000004834","session_00002213","user_0069","org_009","result_clicked","ste_000993","{""position"":5}","2025-10-20T07:27:41.9931988Z"
"event_000004835","session_00002213","user_0069","org_009","favorite_added","ste_001130","{""position"":4,""source"":""search""}","2025-10-20T07:27:44.9931988Z"
"event_000004836","session_00002214","user_0069","org_009","search_submitted","","{""query_source"":""base""}","2025-11-11T23:19:33.9931988Z"
"event_000004837","session_00002214","user_0069","org_009","result_clicked","ste_000791","{""position"":1}","2025-11-11T23:19:41.9931988Z"
"event_000004838","session_00002215","user_0069","org_009","search_submitted","","{""query_source"":""base""}","2026-02-02T17:46:33.9931988Z"
"event_000004839","session_00002215","user_0069","org_009","result_clicked","ste_001175","{""position"":5}","2026-02-02T17:46:41.9931988Z"
"event_000004840","session_00002215","user_0069","org_009","favorite_added","ste_001175","{""position"":5,""source"":""search""}","2026-02-02T17:46:44.9931988Z"
"event_000004841","session_00002215","user_0069","org_009","purchase_completed","ste_001175","{""source"":""search"",""position"":5}","2026-02-02T17:46:51.9931988Z"
"event_000004842","session_00002216","user_0069","org_009","search_submitted","","{""query_source"":""base""}","2025-12-25T08:21:33.9931988Z"
"event_000004843","session_00002217","user_0069","org_009","search_submitted","","{""query_source"":""base""}","2025-12-24T01:15:33.9931988Z"
"event_000004844","session_00002217","user_0069","org_009","result_clicked","ste_000754","{""position"":5}","2025-12-24T01:15:41.9931988Z"
"event_000004845","session_00002218","user_0069","org_009","search_submitted","","{""query_source"":""typo""}","2025-12-23T15:30:33.9931988Z"
"event_000004846","session_00002218","user_0069","org_009","result_clicked","ste_000898","{""position"":4}","2025-12-23T15:30:41.9931988Z"
"event_000004847","session_00002219","user_0069","org_009","search_submitted","","{""query_source"":""synonym""}","2026-02-12T08:25:33.9931988Z"
"event_000004848","session_00002220","user_0069","org_009","search_submitted","","{""query_source"":""base""}","2025-12-21T05:34:33.9931988Z"
"event_000004849","session_00002221","user_0069","org_009","search_submitted","","{""query_source"":""synonym""}","2025-12-05T17:35:33.9931988Z"
"event_000004850","session_00002221","user_0069","org_009","result_clicked","ste_000831","{""position"":4}","2025-12-05T17:35:41.9931988Z"
"event_000004851","session_00002222","user_0069","org_009","search_submitted","","{""query_source"":""base""}","2026-01-12T18:46:33.9931988Z"
"event_000004852","session_00002222","user_0069","org_009","result_clicked","ste_000540","{""position"":3}","2026-01-12T18:46:41.9931988Z"
"event_000004853","session_00002223","user_0069","org_009","search_submitted","","{""query_source"":""base""}","2025-10-10T00:07:33.9931988Z"
"event_000004854","session_00002224","user_0069","org_009","search_submitted","","{""query_source"":""base""}","2026-01-05T19:00:33.9931988Z"
"event_000004855","session_00002224","user_0069","org_009","result_clicked","ste_000740","{""position"":2}","2026-01-05T19:00:41.9931988Z"
"event_000004856","session_00002225","user_0069","org_009","search_submitted","","{""query_source"":""base""}","2025-11-12T19:50:33.9931988Z"
"event_000004857","session_00002225","user_0069","org_009","result_clicked","ste_000323","{""position"":5}","2025-11-12T19:50:41.9931988Z"
"event_000004858","session_00002225","user_0069","org_009","favorite_added","ste_001165","{""position"":7,""source"":""search""}","2025-11-12T19:50:44.9931988Z"
"event_000004859","session_00002226","user_0069","org_009","search_submitted","","{""query_source"":""base""}","2025-10-23T01:48:33.9931988Z"
"event_000004860","session_00002227","user_0069","org_009","search_submitted","","{""query_source"":""base""}","2026-02-11T15:30:33.9931988Z"
"event_000004861","session_00002227","user_0069","org_009","result_clicked","ste_000272","{""position"":2}","2026-02-11T15:30:41.9931988Z"
"event_000004862","session_00002227","user_0069","org_009","favorite_added","ste_000555","{""position"":4,""source"":""search""}","2026-02-11T15:30:44.9931988Z"
"event_000004863","session_00002228","user_0069","org_009","search_submitted","","{""query_source"":""synonym""}","2025-11-07T21:42:33.9931988Z"
"event_000004864","session_00002228","user_0069","org_009","result_clicked","ste_001024","{""position"":1}","2025-11-07T21:42:41.9931988Z"
"event_000004865","session_00002229","user_0069","org_009","search_submitted","","{""query_source"":""base""}","2026-01-21T03:02:33.9931988Z"
"event_000004866","session_00002229","user_0069","org_009","result_clicked","ste_000979","{""position"":3}","2026-01-21T03:02:41.9931988Z"
"event_000004867","session_00002229","user_0069","org_009","favorite_added","ste_001055","{""position"":4,""source"":""search""}","2026-01-21T03:02:44.9931988Z"
"event_000004868","session_00002230","user_0070","org_009","search_submitted","","{""query_source"":""base""}","2025-10-11T15:44:33.9931988Z"
"event_000004869","session_00002230","user_0070","org_009","result_clicked","ste_000992","{""position"":3}","2025-10-11T15:44:41.9931988Z"
"event_000004870","session_00002230","user_0070","org_009","purchase_completed","ste_000992","{""source"":""search"",""position"":3}","2025-10-11T15:44:51.9931988Z"
"event_000004871","session_00002231","user_0070","org_009","search_submitted","","{""query_source"":""base""}","2026-03-05T15:46:33.9931988Z"
"event_000004872","session_00002231","user_0070","org_009","result_clicked","ste_000595","{""position"":2}","2026-03-05T15:46:41.9931988Z"
"event_000004873","session_00002232","user_0070","org_009","search_submitted","","{""query_source"":""typo""}","2025-10-26T17:31:33.9931988Z"
"event_000004874","session_00002233","user_0070","org_009","search_submitted","","{""query_source"":""synonym""}","2026-03-16T22:20:33.9931988Z"
"event_000004875","session_00002233","user_0070","org_009","result_clicked","ste_000537","{""position"":3}","2026-03-16T22:20:41.9931988Z"
"event_000004876","session_00002233","user_0070","org_009","purchase_completed","ste_000537","{""source"":""search"",""position"":3}","2026-03-16T22:20:51.9931988Z"
"event_000004877","session_00002234","user_0070","org_009","search_submitted","","{""query_source"":""base""}","2026-03-22T16:22:33.9931988Z"
"event_000004878","session_00002234","user_0070","org_009","result_clicked","ste_000443","{""position"":1}","2026-03-22T16:22:41.9931988Z"
"event_000004879","session_00002234","user_0070","org_009","favorite_added","ste_000518","{""position"":3,""source"":""search""}","2026-03-22T16:22:44.9931988Z"
"event_000004880","session_00002234","user_0070","org_009","purchase_completed","ste_000443","{""source"":""search"",""position"":1}","2026-03-22T16:22:51.9931988Z"
"event_000004881","session_00002235","user_0070","org_009","search_submitted","","{""query_source"":""base""}","2025-10-20T01:16:33.9931988Z"
"event_000004882","session_00002235","user_0070","org_009","result_clicked","ste_000635","{""position"":5}","2025-10-20T01:16:41.9931988Z"
"event_000004883","session_00002235","user_0070","org_009","purchase_completed","ste_000635","{""source"":""search"",""position"":5}","2025-10-20T01:16:51.9931988Z"
"event_000004884","session_00002236","user_0070","org_009","search_submitted","","{""query_source"":""base""}","2025-12-05T00:21:33.9931988Z"
"event_000004885","session_00002237","user_0070","org_009","search_submitted","","{""query_source"":""base""}","2025-10-30T18:09:33.9931988Z"
"event_000004886","session_00002237","user_0070","org_009","result_clicked","ste_000995","{""position"":5}","2025-10-30T18:09:41.9931988Z"
"event_000004887","session_00002238","user_0070","org_009","search_submitted","","{""query_source"":""base""}","2026-01-04T19:14:33.9931988Z"
"event_000004888","session_00002238","user_0070","org_009","result_clicked","ste_000580","{""position"":1}","2026-01-04T19:14:41.9931988Z"
"event_000004889","session_00002239","user_0070","org_009","search_submitted","","{""query_source"":""typo""}","2026-01-01T11:18:33.9931988Z"
"event_000004890","session_00002239","user_0070","org_009","result_clicked","ste_001031","{""position"":4}","2026-01-01T11:18:41.9931988Z"
"event_000004891","session_00002239","user_0070","org_009","favorite_added","ste_000780","{""position"":1,""source"":""search""}","2026-01-01T11:18:44.9931988Z"
"event_000004892","session_00002240","user_0070","org_009","search_submitted","","{""query_source"":""typo""}","2025-12-07T12:38:33.9931988Z"
"event_000004893","session_00002240","user_0070","org_009","result_clicked","ste_000367","{""position"":5}","2025-12-07T12:38:41.9931988Z"
"event_000004894","session_00002241","user_0070","org_009","search_submitted","","{""query_source"":""base""}","2026-03-07T04:05:33.9931988Z"
"event_000004895","session_00002241","user_0070","org_009","result_clicked","ste_000002","{""position"":5}","2026-03-07T04:05:41.9931988Z"
"event_000004896","session_00002241","user_0070","org_009","favorite_added","ste_000849","{""position"":7,""source"":""search""}","2026-03-07T04:05:44.9931988Z"
"event_000004897","session_00002242","user_0070","org_009","search_submitted","","{""query_source"":""base""}","2026-03-08T05:17:33.9931988Z"
"event_000004898","session_00002242","user_0070","org_009","result_clicked","ste_000965","{""position"":1}","2026-03-08T05:17:41.9931988Z"
"event_000004899","session_00002242","user_0070","org_009","favorite_added","ste_000878","{""position"":5,""source"":""search""}","2026-03-08T05:17:44.9931988Z"
"event_000004900","session_00002243","user_0070","org_009","search_submitted","","{""query_source"":""synonym""}","2026-02-16T06:46:33.9931988Z"
"event_000004901","session_00002243","user_0070","org_009","result_clicked","ste_000660","{""position"":3}","2026-02-16T06:46:41.9931988Z"
"event_000004902","session_00002244","user_0070","org_009","search_submitted","","{""query_source"":""synonym""}","2025-12-23T12:53:33.9931988Z"
"event_000004903","session_00002244","user_0070","org_009","result_clicked","ste_000190","{""position"":3}","2025-12-23T12:53:41.9931988Z"
"event_000004904","session_00002244","user_0070","org_009","favorite_added","ste_000060","{""position"":2,""source"":""search""}","2025-12-23T12:53:44.9931988Z"
"event_000004905","session_00002245","user_0070","org_009","search_submitted","","{""query_source"":""base""}","2025-10-06T15:09:33.9931988Z"
"event_000004906","session_00002246","user_0070","org_009","search_submitted","","{""query_source"":""base""}","2026-03-06T20:43:33.9931988Z"
"event_000004907","session_00002247","user_0070","org_009","search_submitted","","{""query_source"":""synonym""}","2026-03-09T07:20:33.9931988Z"
"event_000004908","session_00002248","user_0070","org_009","search_submitted","","{""query_source"":""synonym""}","2025-12-16T18:04:33.9931988Z"
"event_000004909","session_00002249","user_0070","org_009","search_submitted","","{""query_source"":""base""}","2026-01-28T12:49:33.9931988Z"
"event_000004910","session_00002250","user_0070","org_009","search_submitted","","{""query_source"":""typo""}","2026-03-15T17:37:33.9931988Z"
"event_000004911","session_00002250","user_0070","org_009","result_clicked","ste_000168","{""position"":5}","2026-03-15T17:37:41.9931988Z"
"event_000004912","session_00002251","user_0070","org_009","search_submitted","","{""query_source"":""synonym""}","2026-02-10T21:20:33.9931988Z"
"event_000004913","session_00002252","user_0070","org_009","search_submitted","","{""query_source"":""base""}","2025-12-31T04:13:33.9931988Z"
"event_000004914","session_00002252","user_0070","org_009","result_clicked","ste_000191","{""position"":3}","2025-12-31T04:13:41.9931988Z"
"event_000004915","session_00002252","user_0070","org_009","purchase_completed","ste_000191","{""source"":""search"",""position"":3}","2025-12-31T04:13:51.9931988Z"
"event_000004916","session_00002253","user_0070","org_009","search_submitted","","{""query_source"":""base""}","2026-01-20T07:20:33.9931988Z"
"event_000004917","session_00002253","user_0070","org_009","result_clicked","ste_001051","{""position"":2}","2026-01-20T07:20:41.9931988Z"
"event_000004918","session_00002253","user_0070","org_009","favorite_added","ste_000767","{""position"":6,""source"":""search""}","2026-01-20T07:20:44.9931988Z"
"event_000004919","session_00002253","user_0070","org_009","purchase_completed","ste_001051","{""source"":""search"",""position"":2}","2026-01-20T07:20:51.9931988Z"
"event_000004920","session_00002254","user_0070","org_009","search_submitted","","{""query_source"":""synonym""}","2025-11-12T09:43:33.9931988Z"
"event_000004921","session_00002254","user_0070","org_009","result_clicked","ste_001151","{""position"":5}","2025-11-12T09:43:41.9931988Z"
"event_000004922","session_00002254","user_0070","org_009","favorite_added","ste_001151","{""position"":5,""source"":""search""}","2025-11-12T09:43:44.9931988Z"
"event_000004923","session_00002254","user_0070","org_009","purchase_completed","ste_001151","{""source"":""search"",""position"":5}","2025-11-12T09:43:51.9931988Z"
"event_000004924","session_00002255","user_0070","org_009","search_submitted","","{""query_source"":""base""}","2025-12-03T08:42:33.9931988Z"
"event_000004925","session_00002255","user_0070","org_009","result_clicked","ste_000971","{""position"":2}","2025-12-03T08:42:41.9931988Z"
"event_000004926","session_00002255","user_0070","org_009","favorite_added","ste_000086","{""position"":7,""source"":""search""}","2025-12-03T08:42:44.9931988Z"
"event_000004927","session_00002256","user_0070","org_009","search_submitted","","{""query_source"":""typo""}","2025-11-25T10:58:33.9931988Z"
"event_000004928","session_00002256","user_0070","org_009","result_clicked","ste_000802","{""position"":5}","2025-11-25T10:58:41.9931988Z"
"event_000004929","session_00002256","user_0070","org_009","purchase_completed","ste_000802","{""source"":""search"",""position"":5}","2025-11-25T10:58:51.9931988Z"
"event_000004930","session_00002257","user_0070","org_009","search_submitted","","{""query_source"":""base""}","2025-10-10T17:33:33.9931988Z"
"event_000004931","session_00002257","user_0070","org_009","result_clicked","ste_000905","{""position"":2}","2025-10-10T17:33:41.9931988Z"
"event_000004932","session_00002258","user_0070","org_009","search_submitted","","{""query_source"":""base""}","2026-03-16T18:28:33.9931988Z"
"event_000004933","session_00002258","user_0070","org_009","result_clicked","ste_000854","{""position"":4}","2026-03-16T18:28:41.9931988Z"
"event_000004934","session_00002259","user_0070","org_009","search_submitted","","{""query_source"":""base""}","2025-12-28T23:03:33.9931988Z"
"event_000004935","session_00002260","user_0070","org_009","search_submitted","","{""query_source"":""base""}","2026-01-13T13:56:33.9931988Z"
"event_000004936","session_00002260","user_0070","org_009","result_clicked","ste_000794","{""position"":1}","2026-01-13T13:56:41.9931988Z"
"event_000004937","session_00002261","user_0070","org_009","search_submitted","","{""query_source"":""synonym""}","2025-09-30T17:11:33.9931988Z"
"event_000004938","session_00002262","user_0070","org_009","search_submitted","","{""query_source"":""typo""}","2026-02-15T20:09:33.9931988Z"
"event_000004939","session_00002262","user_0070","org_009","result_clicked","ste_000893","{""position"":3}","2026-02-15T20:09:41.9931988Z"
"event_000004940","session_00002263","user_0070","org_009","search_submitted","","{""query_source"":""base""}","2025-10-08T03:21:33.9931988Z"
"event_000004941","session_00002263","user_0070","org_009","result_clicked","ste_000772","{""position"":5}","2025-10-08T03:21:41.9931988Z"
"event_000004942","session_00002264","user_0070","org_009","search_submitted","","{""query_source"":""base""}","2025-11-28T13:02:33.9931988Z"
"event_000004943","session_00002265","user_0070","org_009","search_submitted","","{""query_source"":""base""}","2026-01-20T12:44:33.9931988Z"
"event_000004944","session_00002265","user_0070","org_009","result_clicked","ste_000153","{""position"":4}","2026-01-20T12:44:41.9931988Z"
"event_000004945","session_00002265","user_0070","org_009","favorite_added","ste_000686","{""position"":1,""source"":""search""}","2026-01-20T12:44:44.9931988Z"
"event_000004946","session_00002265","user_0070","org_009","purchase_completed","ste_000153","{""source"":""search"",""position"":4}","2026-01-20T12:44:51.9931988Z"
"event_000004947","session_00002266","user_0071","org_009","search_submitted","","{""query_source"":""typo""}","2026-01-11T08:55:33.9931988Z"
"event_000004948","session_00002266","user_0071","org_009","result_clicked","ste_000553","{""position"":2}","2026-01-11T08:55:41.9931988Z"
"event_000004949","session_00002266","user_0071","org_009","favorite_added","ste_000027","{""position"":3,""source"":""search""}","2026-01-11T08:55:44.9931988Z"
"event_000004950","session_00002267","user_0071","org_009","search_submitted","","{""query_source"":""base""}","2026-03-22T05:54:33.9931988Z"
"event_000004951","session_00002267","user_0071","org_009","result_clicked","ste_000267","{""position"":5}","2026-03-22T05:54:41.9931988Z"
"event_000004952","session_00002268","user_0071","org_009","search_submitted","","{""query_source"":""base""}","2025-10-30T14:32:33.9931988Z"
"event_000004953","session_00002268","user_0071","org_009","result_clicked","ste_000981","{""position"":5}","2025-10-30T14:32:41.9931988Z"
"event_000004954","session_00002269","user_0071","org_009","search_submitted","","{""query_source"":""base""}","2025-10-31T14:14:33.9931988Z"
"event_000004955","session_00002269","user_0071","org_009","result_clicked","ste_000016","{""position"":2}","2025-10-31T14:14:41.9931988Z"
"event_000004956","session_00002270","user_0071","org_009","search_submitted","","{""query_source"":""synonym""}","2025-10-12T06:07:33.9931988Z"
"event_000004957","session_00002270","user_0071","org_009","result_clicked","ste_000803","{""position"":4}","2025-10-12T06:07:41.9931988Z"
"event_000004958","session_00002271","user_0071","org_009","search_submitted","","{""query_source"":""base""}","2025-10-30T08:18:33.9931988Z"
"event_000004959","session_00002271","user_0071","org_009","result_clicked","ste_000734","{""position"":3}","2025-10-30T08:18:41.9931988Z"
"event_000004960","session_00002272","user_0071","org_009","search_submitted","","{""query_source"":""base""}","2025-11-12T08:21:33.9931988Z"
"event_000004961","session_00002273","user_0071","org_009","search_submitted","","{""query_source"":""base""}","2026-01-30T14:35:33.9931988Z"
"event_000004962","session_00002274","user_0071","org_009","search_submitted","","{""query_source"":""base""}","2025-12-25T15:51:33.9931988Z"
"event_000004963","session_00002274","user_0071","org_009","result_clicked","ste_000970","{""position"":1}","2025-12-25T15:51:41.9931988Z"
"event_000004964","session_00002274","user_0071","org_009","favorite_added","ste_000553","{""position"":2,""source"":""search""}","2025-12-25T15:51:44.9931988Z"
"event_000004965","session_00002274","user_0071","org_009","purchase_completed","ste_000970","{""source"":""search"",""position"":1}","2025-12-25T15:51:51.9931988Z"
"event_000004966","session_00002275","user_0071","org_009","search_submitted","","{""query_source"":""base""}","2025-10-04T17:35:33.9931988Z"
"event_000004967","session_00002275","user_0071","org_009","result_clicked","ste_001146","{""position"":1}","2025-10-04T17:35:41.9931988Z"
"event_000004968","session_00002276","user_0071","org_009","search_submitted","","{""query_source"":""synonym""}","2025-12-26T01:35:33.9931988Z"
"event_000004969","session_00002276","user_0071","org_009","result_clicked","ste_000209","{""position"":3}","2025-12-26T01:35:41.9931988Z"
"event_000004970","session_00002277","user_0071","org_009","search_submitted","","{""query_source"":""base""}","2026-03-20T01:38:33.9931988Z"
"event_000004971","session_00002277","user_0071","org_009","result_clicked","ste_000139","{""position"":5}","2026-03-20T01:38:41.9931988Z"
"event_000004972","session_00002278","user_0071","org_009","search_submitted","","{""query_source"":""base""}","2025-12-17T04:23:33.9931988Z"
"event_000004973","session_00002278","user_0071","org_009","result_clicked","ste_000609","{""position"":5}","2025-12-17T04:23:41.9931988Z"
"event_000004974","session_00002278","user_0071","org_009","purchase_completed","ste_000609","{""source"":""search"",""position"":5}","2025-12-17T04:23:51.9931988Z"
"event_000004975","session_00002279","user_0071","org_009","search_submitted","","{""query_source"":""base""}","2026-01-26T12:10:33.9931988Z"
"event_000004976","session_00002279","user_0071","org_009","result_clicked","ste_001038","{""position"":5}","2026-01-26T12:10:41.9931988Z"
"event_000004977","session_00002280","user_0071","org_009","search_submitted","","{""query_source"":""base""}","2026-02-05T04:16:33.9931988Z"
"event_000004978","session_00002280","user_0071","org_009","result_clicked","ste_000352","{""position"":4}","2026-02-05T04:16:41.9931988Z"
"event_000004979","session_00002280","user_0071","org_009","favorite_added","ste_000835","{""position"":5,""source"":""search""}","2026-02-05T04:16:44.9931988Z"
"event_000004980","session_00002281","user_0071","org_009","search_submitted","","{""query_source"":""base""}","2025-09-30T20:09:33.9931988Z"
"event_000004981","session_00002282","user_0071","org_009","search_submitted","","{""query_source"":""base""}","2025-10-13T05:47:33.9931988Z"
"event_000004982","session_00002282","user_0071","org_009","result_clicked","ste_000948","{""position"":2}","2025-10-13T05:47:41.9931988Z"
"event_000004983","session_00002282","user_0071","org_009","favorite_added","ste_000948","{""position"":2,""source"":""search""}","2025-10-13T05:47:44.9931988Z"
"event_000004984","session_00002283","user_0071","org_009","search_submitted","","{""query_source"":""base""}","2025-12-30T20:43:33.9931988Z"
"event_000004985","session_00002284","user_0071","org_009","search_submitted","","{""query_source"":""base""}","2026-03-20T15:44:33.9931988Z"
"event_000004986","session_00002284","user_0071","org_009","result_clicked","ste_000067","{""position"":1}","2026-03-20T15:44:41.9931988Z"
"event_000004987","session_00002284","user_0071","org_009","purchase_completed","ste_000067","{""source"":""search"",""position"":1}","2026-03-20T15:44:51.9931988Z"
"event_000004988","session_00002285","user_0071","org_009","search_submitted","","{""query_source"":""base""}","2025-12-14T13:14:33.9931988Z"
"event_000004989","session_00002285","user_0071","org_009","result_clicked","ste_000322","{""position"":4}","2025-12-14T13:14:41.9931988Z"
"event_000004990","session_00002286","user_0071","org_009","search_submitted","","{""query_source"":""synonym""}","2025-11-21T14:05:33.9931988Z"
"event_000004991","session_00002287","user_0071","org_009","search_submitted","","{""query_source"":""base""}","2026-02-07T09:17:33.9931988Z"
"event_000004992","session_00002287","user_0071","org_009","result_clicked","ste_000447","{""position"":3}","2026-02-07T09:17:41.9931988Z"
"event_000004993","session_00002287","user_0071","org_009","purchase_completed","ste_000447","{""source"":""search"",""position"":3}","2026-02-07T09:17:51.9931988Z"
"event_000004994","session_00002288","user_0071","org_009","search_submitted","","{""query_source"":""base""}","2026-03-06T12:24:33.9931988Z"
"event_000004995","session_00002288","user_0071","org_009","result_clicked","ste_001173","{""position"":4}","2026-03-06T12:24:41.9931988Z"
"event_000004996","session_00002289","user_0071","org_009","search_submitted","","{""query_source"":""synonym""}","2026-03-13T07:02:33.9931988Z"
"event_000004997","session_00002289","user_0071","org_009","result_clicked","ste_000208","{""position"":2}","2026-03-13T07:02:41.9931988Z"
"event_000004998","session_00002290","user_0071","org_009","search_submitted","","{""query_source"":""base""}","2026-02-01T07:12:33.9931988Z"
"event_000004999","session_00002290","user_0071","org_009","result_clicked","ste_000779","{""position"":4}","2026-02-01T07:12:41.9931988Z"
"event_000005000","session_00002290","user_0071","org_009","favorite_added","ste_000375","{""position"":5,""source"":""search""}","2026-02-01T07:12:44.9931988Z"
"event_000005001","session_00002291","user_0071","org_009","search_submitted","","{""query_source"":""base""}","2026-02-08T16:41:33.9931988Z"
"event_000005002","session_00002291","user_0071","org_009","result_clicked","ste_000016","{""position"":1}","2026-02-08T16:41:41.9931988Z"
"event_000005003","session_00002291","user_0071","org_009","purchase_completed","ste_000016","{""source"":""search"",""position"":1}","2026-02-08T16:41:51.9931988Z"
"event_000005004","session_00002292","user_0071","org_009","search_submitted","","{""query_source"":""base""}","2025-10-19T10:58:33.9931988Z"
"event_000005005","session_00002292","user_0071","org_009","result_clicked","ste_000806","{""position"":1}","2025-10-19T10:58:41.9931988Z"
"event_000005006","session_00002293","user_0071","org_009","search_submitted","","{""query_source"":""base""}","2025-12-13T04:18:33.9931988Z"
"event_000005007","session_00002293","user_0071","org_009","result_clicked","ste_000406","{""position"":1}","2025-12-13T04:18:41.9931988Z"
"event_000005008","session_00002294","user_0071","org_009","search_submitted","","{""query_source"":""base""}","2026-01-08T04:18:33.9931988Z"
"event_000005009","session_00002294","user_0071","org_009","result_clicked","ste_000284","{""position"":3}","2026-01-08T04:18:41.9931988Z"
"event_000005010","session_00002294","user_0071","org_009","favorite_added","ste_000231","{""position"":7,""source"":""search""}","2026-01-08T04:18:44.9931988Z"
"event_000005011","session_00002295","user_0072","org_009","search_submitted","","{""query_source"":""base""}","2026-03-05T21:08:33.9931988Z"
"event_000005012","session_00002295","user_0072","org_009","result_clicked","ste_000537","{""position"":1}","2026-03-05T21:08:41.9931988Z"
"event_000005013","session_00002296","user_0072","org_009","search_submitted","","{""query_source"":""base""}","2025-12-08T15:43:33.9931988Z"
"event_000005014","session_00002296","user_0072","org_009","result_clicked","ste_000683","{""position"":1}","2025-12-08T15:43:41.9931988Z"
"event_000005015","session_00002296","user_0072","org_009","favorite_added","ste_000811","{""position"":2,""source"":""search""}","2025-12-08T15:43:44.9931988Z"
"event_000005016","session_00002296","user_0072","org_009","purchase_completed","ste_000683","{""source"":""search"",""position"":1}","2025-12-08T15:43:51.9931988Z"
"event_000005017","session_00002297","user_0072","org_009","search_submitted","","{""query_source"":""base""}","2026-02-17T01:42:33.9931988Z"
"event_000005018","session_00002297","user_0072","org_009","result_clicked","ste_000215","{""position"":4}","2026-02-17T01:42:41.9931988Z"
"event_000005019","session_00002297","user_0072","org_009","favorite_added","ste_000995","{""position"":1,""source"":""search""}","2026-02-17T01:42:44.9931988Z"
"event_000005020","session_00002298","user_0072","org_009","search_submitted","","{""query_source"":""base""}","2026-03-17T11:40:33.9931988Z"
"event_000005021","session_00002298","user_0072","org_009","result_clicked","ste_001095","{""position"":5}","2026-03-17T11:40:41.9931988Z"
"event_000005022","session_00002298","user_0072","org_009","purchase_completed","ste_001095","{""source"":""search"",""position"":5}","2026-03-17T11:40:51.9931988Z"
"event_000005023","session_00002299","user_0072","org_009","search_submitted","","{""query_source"":""base""}","2025-10-11T06:29:33.9931988Z"
"event_000005024","session_00002299","user_0072","org_009","result_clicked","ste_000506","{""position"":3}","2025-10-11T06:29:41.9931988Z"
"event_000005025","session_00002300","user_0072","org_009","search_submitted","","{""query_source"":""base""}","2026-01-27T19:56:33.9931988Z"
"event_000005026","session_00002301","user_0072","org_009","search_submitted","","{""query_source"":""synonym""}","2026-03-18T04:18:33.9931988Z"
"event_000005027","session_00002301","user_0072","org_009","result_clicked","ste_000178","{""position"":4}","2026-03-18T04:18:41.9931988Z"
"event_000005028","session_00002302","user_0072","org_009","search_submitted","","{""query_source"":""base""}","2025-12-18T11:08:33.9931988Z"
"event_000005029","session_00002302","user_0072","org_009","result_clicked","ste_000823","{""position"":4}","2025-12-18T11:08:41.9931988Z"
"event_000005030","session_00002302","user_0072","org_009","favorite_added","ste_000493","{""position"":6,""source"":""search""}","2025-12-18T11:08:44.9931988Z"
"event_000005031","session_00002303","user_0072","org_009","search_submitted","","{""query_source"":""base""}","2025-10-30T20:51:33.9931988Z"
"event_000005032","session_00002303","user_0072","org_009","result_clicked","ste_000463","{""position"":5}","2025-10-30T20:51:41.9931988Z"
"event_000005033","session_00002303","user_0072","org_009","favorite_added","ste_000624","{""position"":7,""source"":""search""}","2025-10-30T20:51:44.9931988Z"
"event_000005034","session_00002303","user_0072","org_009","purchase_completed","ste_000463","{""source"":""search"",""position"":5}","2025-10-30T20:51:51.9931988Z"
"event_000005035","session_00002304","user_0072","org_009","search_submitted","","{""query_source"":""base""}","2025-12-06T12:29:33.9931988Z"
"event_000005036","session_00002304","user_0072","org_009","result_clicked","ste_000323","{""position"":1}","2025-12-06T12:29:41.9931988Z"
"event_000005037","session_00002304","user_0072","org_009","favorite_added","ste_000844","{""position"":7,""source"":""search""}","2025-12-06T12:29:44.9931988Z"
"event_000005038","session_00002305","user_0072","org_009","search_submitted","","{""query_source"":""base""}","2026-03-18T11:22:33.9931988Z"
"event_000005039","session_00002305","user_0072","org_009","result_clicked","ste_000185","{""position"":4}","2026-03-18T11:22:41.9931988Z"
"event_000005040","session_00002305","user_0072","org_009","purchase_completed","ste_000185","{""source"":""search"",""position"":4}","2026-03-18T11:22:51.9931988Z"
"event_000005041","session_00002306","user_0072","org_009","search_submitted","","{""query_source"":""base""}","2025-11-26T21:32:33.9931988Z"
"event_000005042","session_00002306","user_0072","org_009","result_clicked","ste_000827","{""position"":2}","2025-11-26T21:32:41.9931988Z"
"event_000005043","session_00002307","user_0072","org_009","search_submitted","","{""query_source"":""base""}","2026-01-09T00:55:33.9931988Z"
"event_000005044","session_00002308","user_0072","org_009","search_submitted","","{""query_source"":""base""}","2025-10-30T19:10:33.9931988Z"
"event_000005045","session_00002309","user_0072","org_009","search_submitted","","{""query_source"":""base""}","2025-12-16T14:53:33.9931988Z"
"event_000005046","session_00002309","user_0072","org_009","result_clicked","ste_000709","{""position"":2}","2025-12-16T14:53:41.9931988Z"
"event_000005047","session_00002309","user_0072","org_009","favorite_added","ste_000561","{""position"":5,""source"":""search""}","2025-12-16T14:53:44.9931988Z"
"event_000005048","session_00002309","user_0072","org_009","purchase_completed","ste_000709","{""source"":""search"",""position"":2}","2025-12-16T14:53:51.9931988Z"
"event_000005049","session_00002310","user_0072","org_009","search_submitted","","{""query_source"":""synonym""}","2025-10-24T23:11:33.9931988Z"
"event_000005050","session_00002310","user_0072","org_009","result_clicked","ste_000218","{""position"":2}","2025-10-24T23:11:41.9931988Z"
"event_000005051","session_00002311","user_0072","org_009","search_submitted","","{""query_source"":""base""}","2026-02-08T18:58:33.9931988Z"
"event_000005052","session_00002312","user_0072","org_009","search_submitted","","{""query_source"":""base""}","2026-01-18T14:57:33.9931988Z"
"event_000005053","session_00002312","user_0072","org_009","result_clicked","ste_000230","{""position"":3}","2026-01-18T14:57:41.9931988Z"
"event_000005054","session_00002313","user_0072","org_009","search_submitted","","{""query_source"":""base""}","2026-01-02T12:43:33.9931988Z"
"event_000005055","session_00002313","user_0072","org_009","result_clicked","ste_000004","{""position"":2}","2026-01-02T12:43:41.9931988Z"
"event_000005056","session_00002313","user_0072","org_009","favorite_added","ste_000569","{""position"":6,""source"":""search""}","2026-01-02T12:43:44.9931988Z"
"event_000005057","session_00002314","user_0072","org_009","search_submitted","","{""query_source"":""base""}","2026-03-05T02:24:33.9931988Z"
"event_000005058","session_00002315","user_0072","org_009","search_submitted","","{""query_source"":""base""}","2025-11-22T19:05:33.9931988Z"
"event_000005059","session_00002315","user_0072","org_009","result_clicked","ste_000008","{""position"":1}","2025-11-22T19:05:41.9931988Z"
"event_000005060","session_00002315","user_0072","org_009","purchase_completed","ste_000008","{""source"":""search"",""position"":1}","2025-11-22T19:05:51.9931988Z"
"event_000005061","session_00002316","user_0072","org_009","search_submitted","","{""query_source"":""base""}","2026-03-27T07:47:33.9931988Z"
"event_000005062","session_00002316","user_0072","org_009","result_clicked","ste_001003","{""position"":4}","2026-03-27T07:47:41.9931988Z"
"event_000005063","session_00002316","user_0072","org_009","purchase_completed","ste_001003","{""source"":""search"",""position"":4}","2026-03-27T07:47:51.9931988Z"
"event_000005064","session_00002317","user_0072","org_009","search_submitted","","{""query_source"":""base""}","2025-12-26T01:36:33.9931988Z"
"event_000005065","session_00002317","user_0072","org_009","result_clicked","ste_000099","{""position"":5}","2025-12-26T01:36:41.9931988Z"
"event_000005066","session_00002317","user_0072","org_009","favorite_added","ste_000099","{""position"":5,""source"":""search""}","2025-12-26T01:36:44.9931988Z"
"event_000005067","session_00002317","user_0072","org_009","purchase_completed","ste_000099","{""source"":""search"",""position"":5}","2025-12-26T01:36:51.9931988Z"
"event_000005068","session_00002318","user_0072","org_009","search_submitted","","{""query_source"":""base""}","2025-11-13T20:11:33.9931988Z"
"event_000005069","session_00002319","user_0072","org_009","search_submitted","","{""query_source"":""base""}","2026-01-16T17:20:33.9931988Z"
"event_000005070","session_00002319","user_0072","org_009","result_clicked","ste_000749","{""position"":3}","2026-01-16T17:20:41.9931988Z"
"event_000005071","session_00002319","user_0072","org_009","purchase_completed","ste_000749","{""source"":""search"",""position"":3}","2026-01-16T17:20:51.9931988Z"
"event_000005072","session_00002320","user_0072","org_009","search_submitted","","{""query_source"":""base""}","2025-10-22T22:29:33.9931988Z"
"event_000005073","session_00002321","user_0072","org_009","search_submitted","","{""query_source"":""base""}","2025-10-03T19:21:33.9931988Z"
"event_000005074","session_00002322","user_0072","org_009","search_submitted","","{""query_source"":""base""}","2026-01-05T14:32:33.9931988Z"
"event_000005075","session_00002322","user_0072","org_009","result_clicked","ste_000421","{""position"":2}","2026-01-05T14:32:41.9931988Z"
"event_000005076","session_00002323","user_0072","org_009","search_submitted","","{""query_source"":""base""}","2026-03-07T21:10:33.9931988Z"
"event_000005077","session_00002323","user_0072","org_009","result_clicked","ste_001108","{""position"":4}","2026-03-07T21:10:41.9931988Z"
"event_000005078","session_00002323","user_0072","org_009","favorite_added","ste_000035","{""position"":5,""source"":""search""}","2026-03-07T21:10:44.9931988Z"
"event_000005079","session_00002324","user_0072","org_009","search_submitted","","{""query_source"":""base""}","2026-01-04T15:57:33.9931988Z"
"event_000005080","session_00002325","user_0072","org_009","search_submitted","","{""query_source"":""typo""}","2026-03-07T17:54:33.9931988Z"
"event_000005081","session_00002325","user_0072","org_009","result_clicked","ste_000187","{""position"":2}","2026-03-07T17:54:41.9931988Z"
"event_000005082","session_00002326","user_0072","org_009","search_submitted","","{""query_source"":""base""}","2026-03-17T18:17:33.9931988Z"
"event_000005083","session_00002326","user_0072","org_009","result_clicked","ste_001009","{""position"":4}","2026-03-17T18:17:41.9931988Z"
"event_000005084","session_00002327","user_0072","org_009","search_submitted","","{""query_source"":""base""}","2025-11-04T17:49:33.9931988Z"
"event_000005085","session_00002328","user_0072","org_009","search_submitted","","{""query_source"":""base""}","2025-10-08T05:52:33.9931988Z"
"event_000005086","session_00002328","user_0072","org_009","result_clicked","ste_000194","{""position"":1}","2025-10-08T05:52:41.9931988Z"
"event_000005087","session_00002329","user_0073","org_010","search_submitted","","{""query_source"":""synonym""}","2026-03-01T22:29:33.9931988Z"
"event_000005088","session_00002330","user_0073","org_010","search_submitted","","{""query_source"":""base""}","2025-10-02T21:07:33.9931988Z"
"event_000005089","session_00002330","user_0073","org_010","result_clicked","ste_000488","{""position"":4}","2025-10-02T21:07:41.9931988Z"
"event_000005090","session_00002331","user_0073","org_010","search_submitted","","{""query_source"":""base""}","2025-12-29T13:04:33.9931988Z"
"event_000005091","session_00002332","user_0073","org_010","search_submitted","","{""query_source"":""base""}","2026-03-08T06:21:33.9931988Z"
"event_000005092","session_00002332","user_0073","org_010","result_clicked","ste_000202","{""position"":2}","2026-03-08T06:21:41.9931988Z"
"event_000005093","session_00002333","user_0073","org_010","search_submitted","","{""query_source"":""base""}","2025-10-24T04:15:33.9931988Z"
"event_000005094","session_00002333","user_0073","org_010","result_clicked","ste_001040","{""position"":3}","2025-10-24T04:15:41.9931988Z"
"event_000005095","session_00002334","user_0073","org_010","search_submitted","","{""query_source"":""base""}","2025-10-11T12:07:33.9931988Z"
"event_000005096","session_00002335","user_0073","org_010","search_submitted","","{""query_source"":""base""}","2026-02-24T22:29:33.9931988Z"
"event_000005097","session_00002335","user_0073","org_010","result_clicked","ste_000043","{""position"":2}","2026-02-24T22:29:41.9931988Z"
"event_000005098","session_00002335","user_0073","org_010","favorite_added","ste_000185","{""position"":7,""source"":""search""}","2026-02-24T22:29:44.9931988Z"
"event_000005099","session_00002336","user_0073","org_010","search_submitted","","{""query_source"":""base""}","2025-11-12T04:20:33.9931988Z"
"event_000005100","session_00002336","user_0073","org_010","result_clicked","ste_000998","{""position"":5}","2025-11-12T04:20:41.9931988Z"
"event_000005101","session_00002336","user_0073","org_010","favorite_added","ste_000705","{""position"":6,""source"":""search""}","2025-11-12T04:20:44.9931988Z"
"event_000005102","session_00002337","user_0073","org_010","search_submitted","","{""query_source"":""base""}","2025-10-29T10:16:33.9931988Z"
"event_000005103","session_00002337","user_0073","org_010","result_clicked","ste_000238","{""position"":3}","2025-10-29T10:16:41.9931988Z"
"event_000005104","session_00002337","user_0073","org_010","purchase_completed","ste_000238","{""source"":""search"",""position"":3}","2025-10-29T10:16:51.9931988Z"
"event_000005105","session_00002338","user_0073","org_010","search_submitted","","{""query_source"":""synonym""}","2026-03-22T16:14:33.9931988Z"
"event_000005106","session_00002338","user_0073","org_010","result_clicked","ste_000941","{""position"":5}","2026-03-22T16:14:41.9931988Z"
"event_000005107","session_00002339","user_0073","org_010","search_submitted","","{""query_source"":""base""}","2025-12-12T23:51:33.9931988Z"
"event_000005108","session_00002339","user_0073","org_010","result_clicked","ste_000917","{""position"":5}","2025-12-12T23:51:41.9931988Z"
"event_000005109","session_00002339","user_0073","org_010","favorite_added","ste_000419","{""position"":6,""source"":""search""}","2025-12-12T23:51:44.9931988Z"
"event_000005110","session_00002340","user_0073","org_010","search_submitted","","{""query_source"":""base""}","2025-11-23T19:37:33.9931988Z"
"event_000005111","session_00002340","user_0073","org_010","result_clicked","ste_000674","{""position"":4}","2025-11-23T19:37:41.9931988Z"
"event_000005112","session_00002340","user_0073","org_010","favorite_added","ste_000949","{""position"":3,""source"":""search""}","2025-11-23T19:37:44.9931988Z"
"event_000005113","session_00002341","user_0073","org_010","search_submitted","","{""query_source"":""base""}","2026-02-19T12:43:33.9931988Z"
"event_000005114","session_00002341","user_0073","org_010","result_clicked","ste_000329","{""position"":3}","2026-02-19T12:43:41.9931988Z"
"event_000005115","session_00002341","user_0073","org_010","favorite_added","ste_000568","{""position"":5,""source"":""search""}","2026-02-19T12:43:44.9931988Z"
"event_000005116","session_00002342","user_0073","org_010","search_submitted","","{""query_source"":""base""}","2025-11-26T06:09:33.9931988Z"
"event_000005117","session_00002342","user_0073","org_010","result_clicked","ste_000078","{""position"":5}","2025-11-26T06:09:41.9931988Z"
"event_000005118","session_00002343","user_0073","org_010","search_submitted","","{""query_source"":""typo""}","2025-12-31T20:35:33.9931988Z"
"event_000005119","session_00002344","user_0073","org_010","search_submitted","","{""query_source"":""base""}","2025-11-08T21:29:33.9931988Z"
"event_000005120","session_00002344","user_0073","org_010","result_clicked","ste_001128","{""position"":4}","2025-11-08T21:29:41.9931988Z"
"event_000005121","session_00002345","user_0073","org_010","search_submitted","","{""query_source"":""base""}","2025-12-30T18:34:33.9931988Z"
"event_000005122","session_00002345","user_0073","org_010","result_clicked","ste_000321","{""position"":5}","2025-12-30T18:34:41.9931988Z"
"event_000005123","session_00002346","user_0073","org_010","search_submitted","","{""query_source"":""typo""}","2026-01-29T20:06:33.9931988Z"
"event_000005124","session_00002347","user_0073","org_010","search_submitted","","{""query_source"":""typo""}","2026-03-18T09:24:33.9931988Z"
"event_000005125","session_00002347","user_0073","org_010","result_clicked","ste_000983","{""position"":4}","2026-03-18T09:24:41.9931988Z"
"event_000005126","session_00002348","user_0073","org_010","search_submitted","","{""query_source"":""base""}","2026-03-17T22:00:33.9931988Z"
"event_000005127","session_00002349","user_0073","org_010","search_submitted","","{""query_source"":""base""}","2025-12-24T04:16:33.9931988Z"
"event_000005128","session_00002349","user_0073","org_010","result_clicked","ste_001008","{""position"":4}","2025-12-24T04:16:41.9931988Z"
"event_000005129","session_00002350","user_0073","org_010","search_submitted","","{""query_source"":""base""}","2026-01-05T07:37:33.9931988Z"
"event_000005130","session_00002351","user_0073","org_010","search_submitted","","{""query_source"":""base""}","2026-01-12T15:41:33.9931988Z"
"event_000005131","session_00002351","user_0073","org_010","result_clicked","ste_000355","{""position"":1}","2026-01-12T15:41:41.9931988Z"
"event_000005132","session_00002351","user_0073","org_010","favorite_added","ste_001068","{""position"":2,""source"":""search""}","2026-01-12T15:41:44.9931988Z"
"event_000005133","session_00002351","user_0073","org_010","purchase_completed","ste_000355","{""source"":""search"",""position"":1}","2026-01-12T15:41:51.9931988Z"
"event_000005134","session_00002352","user_0073","org_010","search_submitted","","{""query_source"":""base""}","2025-10-30T18:27:33.9931988Z"
"event_000005135","session_00002353","user_0073","org_010","search_submitted","","{""query_source"":""base""}","2025-11-14T02:20:33.9931988Z"
"event_000005136","session_00002353","user_0073","org_010","result_clicked","ste_000388","{""position"":4}","2025-11-14T02:20:41.9931988Z"
"event_000005137","session_00002353","user_0073","org_010","favorite_added","ste_000725","{""position"":7,""source"":""search""}","2025-11-14T02:20:44.9931988Z"
"event_000005138","session_00002354","user_0073","org_010","search_submitted","","{""query_source"":""base""}","2026-02-03T06:18:33.9931988Z"
"event_000005139","session_00002355","user_0073","org_010","search_submitted","","{""query_source"":""synonym""}","2025-11-01T00:19:33.9931988Z"
"event_000005140","session_00002355","user_0073","org_010","result_clicked","ste_000413","{""position"":3}","2025-11-01T00:19:41.9931988Z"
"event_000005141","session_00002356","user_0073","org_010","search_submitted","","{""query_source"":""base""}","2025-10-24T21:22:33.9931988Z"
"event_000005142","session_00002356","user_0073","org_010","result_clicked","ste_000588","{""position"":3}","2025-10-24T21:22:41.9931988Z"
"event_000005143","session_00002356","user_0073","org_010","purchase_completed","ste_000588","{""source"":""search"",""position"":3}","2025-10-24T21:22:51.9931988Z"
"event_000005144","session_00002357","user_0073","org_010","search_submitted","","{""query_source"":""base""}","2025-10-17T23:54:33.9931988Z"
"event_000005145","session_00002357","user_0073","org_010","result_clicked","ste_001162","{""position"":1}","2025-10-17T23:54:41.9931988Z"
"event_000005146","session_00002357","user_0073","org_010","favorite_added","ste_000479","{""position"":3,""source"":""search""}","2025-10-17T23:54:44.9931988Z"
"event_000005147","session_00002358","user_0073","org_010","search_submitted","","{""query_source"":""base""}","2026-01-25T15:55:33.9931988Z"
"event_000005148","session_00002358","user_0073","org_010","result_clicked","ste_000780","{""position"":3}","2026-01-25T15:55:41.9931988Z"
"event_000005149","session_00002359","user_0074","org_010","search_submitted","","{""query_source"":""base""}","2026-03-10T00:14:33.9931988Z"
"event_000005150","session_00002359","user_0074","org_010","result_clicked","ste_000293","{""position"":1}","2026-03-10T00:14:41.9931988Z"
"event_000005151","session_00002360","user_0074","org_010","search_submitted","","{""query_source"":""base""}","2026-02-25T13:19:33.9931988Z"
"event_000005152","session_00002360","user_0074","org_010","result_clicked","ste_000912","{""position"":5}","2026-02-25T13:19:41.9931988Z"
"event_000005153","session_00002360","user_0074","org_010","favorite_added","ste_001104","{""position"":3,""source"":""search""}","2026-02-25T13:19:44.9931988Z"
"event_000005154","session_00002360","user_0074","org_010","purchase_completed","ste_000912","{""source"":""search"",""position"":5}","2026-02-25T13:19:51.9931988Z"
"event_000005155","session_00002361","user_0074","org_010","search_submitted","","{""query_source"":""base""}","2025-11-05T05:22:33.9931988Z"
"event_000005156","session_00002362","user_0074","org_010","search_submitted","","{""query_source"":""base""}","2026-03-22T04:29:33.9931988Z"
"event_000005157","session_00002363","user_0074","org_010","search_submitted","","{""query_source"":""base""}","2026-03-19T00:57:33.9931988Z"
"event_000005158","session_00002364","user_0074","org_010","search_submitted","","{""query_source"":""base""}","2026-03-04T15:22:33.9931988Z"
"event_000005159","session_00002364","user_0074","org_010","result_clicked","ste_000191","{""position"":3}","2026-03-04T15:22:41.9931988Z"
"event_000005160","session_00002365","user_0074","org_010","search_submitted","","{""query_source"":""base""}","2025-10-08T02:13:33.9931988Z"
"event_000005161","session_00002366","user_0074","org_010","search_submitted","","{""query_source"":""base""}","2026-02-17T15:51:33.9931988Z"
"event_000005162","session_00002366","user_0074","org_010","result_clicked","ste_000464","{""position"":4}","2026-02-17T15:51:41.9931988Z"
"event_000005163","session_00002367","user_0074","org_010","search_submitted","","{""query_source"":""typo""}","2025-12-20T17:45:33.9931988Z"
"event_000005164","session_00002367","user_0074","org_010","result_clicked","ste_001165","{""position"":3}","2025-12-20T17:45:41.9931988Z"
"event_000005165","session_00002368","user_0074","org_010","search_submitted","","{""query_source"":""typo""}","2025-10-25T17:24:33.9931988Z"
"event_000005166","session_00002369","user_0074","org_010","search_submitted","","{""query_source"":""base""}","2025-10-03T07:59:33.9931988Z"
"event_000005167","session_00002369","user_0074","org_010","result_clicked","ste_001038","{""position"":2}","2025-10-03T07:59:41.9931988Z"
"event_000005168","session_00002370","user_0074","org_010","search_submitted","","{""query_source"":""typo""}","2025-11-20T21:56:33.9931988Z"
"event_000005169","session_00002370","user_0074","org_010","result_clicked","ste_000173","{""position"":2}","2025-11-20T21:56:41.9931988Z"
"event_000005170","session_00002370","user_0074","org_010","favorite_added","ste_000326","{""position"":7,""source"":""search""}","2025-11-20T21:56:44.9931988Z"
"event_000005171","session_00002371","user_0074","org_010","search_submitted","","{""query_source"":""base""}","2026-01-09T09:52:33.9931988Z"
"event_000005172","session_00002372","user_0074","org_010","search_submitted","","{""query_source"":""base""}","2026-01-22T16:35:33.9931988Z"
"event_000005173","session_00002373","user_0074","org_010","search_submitted","","{""query_source"":""base""}","2025-10-16T04:45:33.9931988Z"
"event_000005174","session_00002373","user_0074","org_010","result_clicked","ste_000686","{""position"":2}","2025-10-16T04:45:41.9931988Z"
"event_000005175","session_00002373","user_0074","org_010","favorite_added","ste_000704","{""position"":4,""source"":""search""}","2025-10-16T04:45:44.9931988Z"
"event_000005176","session_00002374","user_0074","org_010","search_submitted","","{""query_source"":""base""}","2026-02-03T23:26:33.9931988Z"
"event_000005177","session_00002375","user_0074","org_010","search_submitted","","{""query_source"":""synonym""}","2025-10-24T20:16:33.9931988Z"
"event_000005178","session_00002376","user_0074","org_010","search_submitted","","{""query_source"":""typo""}","2025-10-25T06:02:33.9931988Z"
"event_000005179","session_00002377","user_0074","org_010","search_submitted","","{""query_source"":""synonym""}","2025-12-19T03:57:33.9931988Z"
"event_000005180","session_00002377","user_0074","org_010","result_clicked","ste_000858","{""position"":4}","2025-12-19T03:57:41.9931988Z"
"event_000005181","session_00002378","user_0074","org_010","search_submitted","","{""query_source"":""synonym""}","2026-02-20T23:41:33.9931988Z"
"event_000005182","session_00002379","user_0074","org_010","search_submitted","","{""query_source"":""base""}","2026-01-18T14:18:33.9931988Z"
"event_000005183","session_00002379","user_0074","org_010","result_clicked","ste_000125","{""position"":3}","2026-01-18T14:18:41.9931988Z"
"event_000005184","session_00002379","user_0074","org_010","favorite_added","ste_000030","{""position"":4,""source"":""search""}","2026-01-18T14:18:44.9931988Z"
"event_000005185","session_00002380","user_0074","org_010","search_submitted","","{""query_source"":""typo""}","2026-02-03T12:33:33.9931988Z"
"event_000005186","session_00002380","user_0074","org_010","result_clicked","ste_000634","{""position"":1}","2026-02-03T12:33:41.9931988Z"
"event_000005187","session_00002380","user_0074","org_010","purchase_completed","ste_000634","{""source"":""search"",""position"":1}","2026-02-03T12:33:51.9931988Z"
"event_000005188","session_00002381","user_0074","org_010","search_submitted","","{""query_source"":""typo""}","2025-11-25T05:18:33.9931988Z"
"event_000005189","session_00002381","user_0074","org_010","result_clicked","ste_000583","{""position"":3}","2025-11-25T05:18:41.9931988Z"
"event_000005190","session_00002381","user_0074","org_010","purchase_completed","ste_000583","{""source"":""search"",""position"":3}","2025-11-25T05:18:51.9931988Z"
"event_000005191","session_00002382","user_0074","org_010","search_submitted","","{""query_source"":""base""}","2025-09-29T04:34:33.9931988Z"
"event_000005192","session_00002382","user_0074","org_010","result_clicked","ste_000267","{""position"":5}","2025-09-29T04:34:41.9931988Z"
"event_000005193","session_00002382","user_0074","org_010","purchase_completed","ste_000267","{""source"":""search"",""position"":5}","2025-09-29T04:34:51.9931988Z"
"event_000005194","session_00002383","user_0074","org_010","search_submitted","","{""query_source"":""base""}","2026-01-27T22:38:33.9931988Z"
"event_000005195","session_00002383","user_0074","org_010","result_clicked","ste_001106","{""position"":2}","2026-01-27T22:38:41.9931988Z"
"event_000005196","session_00002383","user_0074","org_010","favorite_added","ste_001187","{""position"":3,""source"":""search""}","2026-01-27T22:38:44.9931988Z"
"event_000005197","session_00002384","user_0074","org_010","search_submitted","","{""query_source"":""base""}","2026-02-14T17:27:33.9931988Z"
"event_000005198","session_00002384","user_0074","org_010","result_clicked","ste_000501","{""position"":3}","2026-02-14T17:27:41.9931988Z"
"event_000005199","session_00002384","user_0074","org_010","favorite_added","ste_001114","{""position"":4,""source"":""search""}","2026-02-14T17:27:44.9931988Z"
"event_000005200","session_00002385","user_0074","org_010","search_submitted","","{""query_source"":""base""}","2025-10-29T17:41:33.9931988Z"
"event_000005201","session_00002385","user_0074","org_010","result_clicked","ste_000768","{""position"":2}","2025-10-29T17:41:41.9931988Z"
"event_000005202","session_00002386","user_0075","org_010","search_submitted","","{""query_source"":""typo""}","2026-03-25T20:35:33.9931988Z"
"event_000005203","session_00002387","user_0075","org_010","search_submitted","","{""query_source"":""base""}","2026-03-15T19:29:33.9931988Z"
"event_000005204","session_00002388","user_0075","org_010","search_submitted","","{""query_source"":""typo""}","2026-03-19T10:34:33.9931988Z"
"event_000005205","session_00002388","user_0075","org_010","result_clicked","ste_000877","{""position"":4}","2026-03-19T10:34:41.9931988Z"
"event_000005206","session_00002389","user_0075","org_010","search_submitted","","{""query_source"":""base""}","2026-02-28T03:12:33.9931988Z"
"event_000005207","session_00002389","user_0075","org_010","result_clicked","ste_000383","{""position"":4}","2026-02-28T03:12:41.9931988Z"
"event_000005208","session_00002389","user_0075","org_010","favorite_added","ste_000372","{""position"":1,""source"":""search""}","2026-02-28T03:12:44.9931988Z"
"event_000005209","session_00002389","user_0075","org_010","purchase_completed","ste_000383","{""source"":""search"",""position"":4}","2026-02-28T03:12:51.9931988Z"
"event_000005210","session_00002390","user_0075","org_010","search_submitted","","{""query_source"":""synonym""}","2026-03-18T04:46:33.9931988Z"
"event_000005211","session_00002390","user_0075","org_010","result_clicked","ste_000847","{""position"":4}","2026-03-18T04:46:41.9931988Z"
"event_000005212","session_00002391","user_0075","org_010","search_submitted","","{""query_source"":""base""}","2025-11-02T22:49:33.9931988Z"
"event_000005213","session_00002391","user_0075","org_010","result_clicked","ste_001119","{""position"":5}","2025-11-02T22:49:41.9931988Z"
"event_000005214","session_00002391","user_0075","org_010","favorite_added","ste_000296","{""position"":4,""source"":""search""}","2025-11-02T22:49:44.9931988Z"
"event_000005215","session_00002392","user_0075","org_010","search_submitted","","{""query_source"":""base""}","2026-02-07T03:36:33.9931988Z"
"event_000005216","session_00002392","user_0075","org_010","result_clicked","ste_000974","{""position"":3}","2026-02-07T03:36:41.9931988Z"
"event_000005217","session_00002393","user_0075","org_010","search_submitted","","{""query_source"":""base""}","2025-10-26T19:37:33.9931988Z"
"event_000005218","session_00002393","user_0075","org_010","result_clicked","ste_000376","{""position"":1}","2025-10-26T19:37:41.9931988Z"
"event_000005219","session_00002393","user_0075","org_010","favorite_added","ste_000324","{""position"":6,""source"":""search""}","2025-10-26T19:37:44.9931988Z"
"event_000005220","session_00002393","user_0075","org_010","purchase_completed","ste_000376","{""source"":""search"",""position"":1}","2025-10-26T19:37:51.9931988Z"
"event_000005221","session_00002394","user_0075","org_010","search_submitted","","{""query_source"":""typo""}","2025-10-05T11:58:33.9931988Z"
"event_000005222","session_00002394","user_0075","org_010","result_clicked","ste_000936","{""position"":5}","2025-10-05T11:58:41.9931988Z"
"event_000005223","session_00002394","user_0075","org_010","purchase_completed","ste_000936","{""source"":""search"",""position"":5}","2025-10-05T11:58:51.9931988Z"
"event_000005224","session_00002395","user_0075","org_010","search_submitted","","{""query_source"":""base""}","2025-10-08T07:39:33.9931988Z"
"event_000005225","session_00002395","user_0075","org_010","result_clicked","ste_000250","{""position"":4}","2025-10-08T07:39:41.9931988Z"
"event_000005226","session_00002396","user_0075","org_010","search_submitted","","{""query_source"":""base""}","2025-12-23T22:05:33.9931988Z"
"event_000005227","session_00002396","user_0075","org_010","result_clicked","ste_000249","{""position"":3}","2025-12-23T22:05:41.9931988Z"
"event_000005228","session_00002396","user_0075","org_010","purchase_completed","ste_000249","{""source"":""search"",""position"":3}","2025-12-23T22:05:51.9931988Z"
"event_000005229","session_00002397","user_0075","org_010","search_submitted","","{""query_source"":""base""}","2025-11-22T15:55:33.9931988Z"
"event_000005230","session_00002397","user_0075","org_010","result_clicked","ste_000199","{""position"":5}","2025-11-22T15:55:41.9931988Z"
"event_000005231","session_00002397","user_0075","org_010","favorite_added","ste_000247","{""position"":3,""source"":""search""}","2025-11-22T15:55:44.9931988Z"
"event_000005232","session_00002398","user_0075","org_010","search_submitted","","{""query_source"":""typo""}","2026-03-22T18:53:33.9931988Z"
"event_000005233","session_00002398","user_0075","org_010","result_clicked","ste_000445","{""position"":4}","2026-03-22T18:53:41.9931988Z"
"event_000005234","session_00002398","user_0075","org_010","favorite_added","ste_000806","{""position"":5,""source"":""search""}","2026-03-22T18:53:44.9931988Z"
"event_000005235","session_00002399","user_0075","org_010","search_submitted","","{""query_source"":""base""}","2026-01-25T15:11:33.9931988Z"
"event_000005236","session_00002399","user_0075","org_010","result_clicked","ste_001132","{""position"":4}","2026-01-25T15:11:41.9931988Z"
"event_000005237","session_00002399","user_0075","org_010","favorite_added","ste_000558","{""position"":6,""source"":""search""}","2026-01-25T15:11:44.9931988Z"
"event_000005238","session_00002400","user_0075","org_010","search_submitted","","{""query_source"":""synonym""}","2025-12-03T09:28:33.9931988Z"
"event_000005239","session_00002401","user_0075","org_010","search_submitted","","{""query_source"":""synonym""}","2026-03-24T10:32:33.9931988Z"
"event_000005240","session_00002401","user_0075","org_010","result_clicked","ste_000984","{""position"":3}","2026-03-24T10:32:41.9931988Z"
"event_000005241","session_00002402","user_0075","org_010","search_submitted","","{""query_source"":""base""}","2026-01-12T01:07:33.9931988Z"
"event_000005242","session_00002402","user_0075","org_010","result_clicked","ste_000164","{""position"":3}","2026-01-12T01:07:41.9931988Z"
"event_000005243","session_00002403","user_0075","org_010","search_submitted","","{""query_source"":""base""}","2025-11-15T16:10:33.9931988Z"
"event_000005244","session_00002403","user_0075","org_010","result_clicked","ste_001190","{""position"":4}","2025-11-15T16:10:41.9931988Z"
"event_000005245","session_00002404","user_0075","org_010","search_submitted","","{""query_source"":""base""}","2026-01-28T03:03:33.9931988Z"
"event_000005246","session_00002404","user_0075","org_010","result_clicked","ste_000135","{""position"":2}","2026-01-28T03:03:41.9931988Z"
"event_000005247","session_00002404","user_0075","org_010","purchase_completed","ste_000135","{""source"":""search"",""position"":2}","2026-01-28T03:03:51.9931988Z"
"event_000005248","session_00002405","user_0075","org_010","search_submitted","","{""query_source"":""base""}","2026-01-21T00:02:33.9931988Z"
"event_000005249","session_00002405","user_0075","org_010","result_clicked","ste_000587","{""position"":4}","2026-01-21T00:02:41.9931988Z"
"event_000005250","session_00002406","user_0075","org_010","search_submitted","","{""query_source"":""base""}","2025-12-07T14:13:33.9931988Z"
"event_000005251","session_00002406","user_0075","org_010","result_clicked","ste_000322","{""position"":5}","2025-12-07T14:13:41.9931988Z"
"event_000005252","session_00002407","user_0075","org_010","search_submitted","","{""query_source"":""base""}","2026-03-25T05:48:33.9931988Z"
"event_000005253","session_00002407","user_0075","org_010","result_clicked","ste_000959","{""position"":3}","2026-03-25T05:48:41.9931988Z"
"event_000005254","session_00002407","user_0075","org_010","purchase_completed","ste_000959","{""source"":""search"",""position"":3}","2026-03-25T05:48:51.9931988Z"
"event_000005255","session_00002408","user_0075","org_010","search_submitted","","{""query_source"":""base""}","2025-11-26T11:08:33.9931988Z"
"event_000005256","session_00002408","user_0075","org_010","result_clicked","ste_000633","{""position"":4}","2025-11-26T11:08:41.9931988Z"
"event_000005257","session_00002409","user_0075","org_010","search_submitted","","{""query_source"":""base""}","2025-12-01T23:54:33.9931988Z"
"event_000005258","session_00002409","user_0075","org_010","result_clicked","ste_000494","{""position"":2}","2025-12-01T23:54:41.9931988Z"
"event_000005259","session_00002410","user_0075","org_010","search_submitted","","{""query_source"":""base""}","2025-12-25T21:21:33.9931988Z"
"event_000005260","session_00002410","user_0075","org_010","result_clicked","ste_000071","{""position"":3}","2025-12-25T21:21:41.9931988Z"
"event_000005261","session_00002411","user_0075","org_010","search_submitted","","{""query_source"":""base""}","2026-01-08T13:50:33.9931988Z"
"event_000005262","session_00002411","user_0075","org_010","result_clicked","ste_000865","{""position"":4}","2026-01-08T13:50:41.9931988Z"
"event_000005263","session_00002412","user_0075","org_010","search_submitted","","{""query_source"":""typo""}","2025-11-02T23:15:33.9931988Z"
"event_000005264","session_00002412","user_0075","org_010","result_clicked","ste_001130","{""position"":3}","2025-11-02T23:15:41.9931988Z"
"event_000005265","session_00002412","user_0075","org_010","purchase_completed","ste_001130","{""source"":""search"",""position"":3}","2025-11-02T23:15:51.9931988Z"
"event_000005266","session_00002413","user_0075","org_010","search_submitted","","{""query_source"":""synonym""}","2026-01-08T08:56:33.9931988Z"
"event_000005267","session_00002413","user_0075","org_010","result_clicked","ste_000305","{""position"":2}","2026-01-08T08:56:41.9931988Z"
"event_000005268","session_00002414","user_0076","org_010","search_submitted","","{""query_source"":""base""}","2026-02-22T18:22:33.9931988Z"
"event_000005269","session_00002415","user_0076","org_010","search_submitted","","{""query_source"":""base""}","2025-11-24T16:00:33.9931988Z"
"event_000005270","session_00002416","user_0076","org_010","search_submitted","","{""query_source"":""base""}","2026-03-10T07:57:33.9931988Z"
"event_000005271","session_00002416","user_0076","org_010","result_clicked","ste_000320","{""position"":4}","2026-03-10T07:57:41.9931988Z"
"event_000005272","session_00002416","user_0076","org_010","purchase_completed","ste_000320","{""source"":""search"",""position"":4}","2026-03-10T07:57:51.9931988Z"
"event_000005273","session_00002417","user_0076","org_010","search_submitted","","{""query_source"":""base""}","2025-10-28T02:46:33.9931988Z"
"event_000005274","session_00002417","user_0076","org_010","result_clicked","ste_000526","{""position"":4}","2025-10-28T02:46:41.9931988Z"
"event_000005275","session_00002417","user_0076","org_010","favorite_added","ste_000728","{""position"":6,""source"":""search""}","2025-10-28T02:46:44.9931988Z"
"event_000005276","session_00002417","user_0076","org_010","purchase_completed","ste_000526","{""source"":""search"",""position"":4}","2025-10-28T02:46:51.9931988Z"
"event_000005277","session_00002418","user_0076","org_010","search_submitted","","{""query_source"":""base""}","2026-02-27T21:16:33.9931988Z"
"event_000005278","session_00002418","user_0076","org_010","result_clicked","ste_001132","{""position"":4}","2026-02-27T21:16:41.9931988Z"
"event_000005279","session_00002419","user_0076","org_010","search_submitted","","{""query_source"":""base""}","2026-03-11T14:50:33.9931988Z"
"event_000005280","session_00002419","user_0076","org_010","result_clicked","ste_000115","{""position"":4}","2026-03-11T14:50:41.9931988Z"
"event_000005281","session_00002420","user_0076","org_010","search_submitted","","{""query_source"":""base""}","2025-12-28T00:26:33.9931988Z"
"event_000005282","session_00002420","user_0076","org_010","result_clicked","ste_000432","{""position"":5}","2025-12-28T00:26:41.9931988Z"
"event_000005283","session_00002420","user_0076","org_010","favorite_added","ste_000432","{""position"":5,""source"":""search""}","2025-12-28T00:26:44.9931988Z"
"event_000005284","session_00002421","user_0076","org_010","search_submitted","","{""query_source"":""base""}","2026-03-18T14:13:33.9931988Z"
"event_000005285","session_00002421","user_0076","org_010","result_clicked","ste_001060","{""position"":2}","2026-03-18T14:13:41.9931988Z"
"event_000005286","session_00002422","user_0076","org_010","search_submitted","","{""query_source"":""base""}","2025-10-15T00:53:33.9931988Z"
"event_000005287","session_00002422","user_0076","org_010","result_clicked","ste_000115","{""position"":4}","2025-10-15T00:53:41.9931988Z"
"event_000005288","session_00002422","user_0076","org_010","purchase_completed","ste_000115","{""source"":""search"",""position"":4}","2025-10-15T00:53:51.9931988Z"
"event_000005289","session_00002423","user_0076","org_010","search_submitted","","{""query_source"":""synonym""}","2025-10-19T14:26:33.9931988Z"
"event_000005290","session_00002423","user_0076","org_010","result_clicked","ste_000613","{""position"":5}","2025-10-19T14:26:41.9931988Z"
"event_000005291","session_00002423","user_0076","org_010","purchase_completed","ste_000613","{""source"":""search"",""position"":5}","2025-10-19T14:26:51.9931988Z"
"event_000005292","session_00002424","user_0076","org_010","search_submitted","","{""query_source"":""base""}","2026-02-17T06:34:33.9931988Z"
"event_000005293","session_00002424","user_0076","org_010","result_clicked","ste_000290","{""position"":5}","2026-02-17T06:34:41.9931988Z"
"event_000005294","session_00002425","user_0076","org_010","search_submitted","","{""query_source"":""typo""}","2026-01-23T00:08:33.9931988Z"
"event_000005295","session_00002425","user_0076","org_010","result_clicked","ste_000768","{""position"":3}","2026-01-23T00:08:41.9931988Z"
"event_000005296","session_00002425","user_0076","org_010","favorite_added","ste_000861","{""position"":4,""source"":""search""}","2026-01-23T00:08:44.9931988Z"
"event_000005297","session_00002426","user_0076","org_010","search_submitted","","{""query_source"":""synonym""}","2026-03-26T08:55:33.9931988Z"
"event_000005298","session_00002426","user_0076","org_010","result_clicked","ste_000249","{""position"":2}","2026-03-26T08:55:41.9931988Z"
"event_000005299","session_00002427","user_0076","org_010","search_submitted","","{""query_source"":""base""}","2025-11-29T19:49:33.9931988Z"
"event_000005300","session_00002427","user_0076","org_010","result_clicked","ste_000278","{""position"":3}","2025-11-29T19:49:41.9931988Z"
"event_000005301","session_00002428","user_0076","org_010","search_submitted","","{""query_source"":""base""}","2025-11-12T15:04:33.9931988Z"
"event_000005302","session_00002428","user_0076","org_010","result_clicked","ste_000821","{""position"":3}","2025-11-12T15:04:41.9931988Z"
"event_000005303","session_00002429","user_0076","org_010","search_submitted","","{""query_source"":""base""}","2025-10-25T09:30:33.9931988Z"
"event_000005304","session_00002429","user_0076","org_010","result_clicked","ste_000858","{""position"":1}","2025-10-25T09:30:41.9931988Z"
"event_000005305","session_00002429","user_0076","org_010","favorite_added","ste_000906","{""position"":4,""source"":""search""}","2025-10-25T09:30:44.9931988Z"
"event_000005306","session_00002430","user_0076","org_010","search_submitted","","{""query_source"":""base""}","2025-10-12T21:03:33.9931988Z"
"event_000005307","session_00002430","user_0076","org_010","result_clicked","ste_000819","{""position"":5}","2025-10-12T21:03:41.9931988Z"
"event_000005308","session_00002430","user_0076","org_010","favorite_added","ste_000513","{""position"":1,""source"":""search""}","2025-10-12T21:03:44.9931988Z"
"event_000005309","session_00002431","user_0076","org_010","search_submitted","","{""query_source"":""base""}","2026-03-03T23:53:33.9931988Z"
"event_000005310","session_00002432","user_0076","org_010","search_submitted","","{""query_source"":""base""}","2026-03-08T08:08:33.9931988Z"
"event_000005311","session_00002433","user_0076","org_010","search_submitted","","{""query_source"":""base""}","2026-02-24T14:11:33.9931988Z"
"event_000005312","session_00002433","user_0076","org_010","result_clicked","ste_000020","{""position"":5}","2026-02-24T14:11:41.9931988Z"
"event_000005313","session_00002433","user_0076","org_010","favorite_added","ste_001006","{""position"":6,""source"":""search""}","2026-02-24T14:11:44.9931988Z"
"event_000005314","session_00002433","user_0076","org_010","purchase_completed","ste_000020","{""source"":""search"",""position"":5}","2026-02-24T14:11:51.9931988Z"
"event_000005315","session_00002434","user_0076","org_010","search_submitted","","{""query_source"":""base""}","2025-12-27T06:01:33.9931988Z"
"event_000005316","session_00002434","user_0076","org_010","result_clicked","ste_000626","{""position"":3}","2025-12-27T06:01:41.9931988Z"
"event_000005317","session_00002435","user_0076","org_010","search_submitted","","{""query_source"":""base""}","2026-01-24T00:39:33.9931988Z"
"event_000005318","session_00002435","user_0076","org_010","result_clicked","ste_000600","{""position"":4}","2026-01-24T00:39:41.9931988Z"
"event_000005319","session_00002436","user_0076","org_010","search_submitted","","{""query_source"":""base""}","2025-11-15T17:22:33.9931988Z"
"event_000005320","session_00002437","user_0076","org_010","search_submitted","","{""query_source"":""base""}","2026-02-10T05:42:33.9931988Z"
"event_000005321","session_00002438","user_0076","org_010","search_submitted","","{""query_source"":""base""}","2025-12-28T20:17:33.9931988Z"
"event_000005322","session_00002438","user_0076","org_010","result_clicked","ste_000892","{""position"":3}","2025-12-28T20:17:41.9931988Z"
"event_000005323","session_00002438","user_0076","org_010","favorite_added","ste_000426","{""position"":7,""source"":""search""}","2025-12-28T20:17:44.9931988Z"
"event_000005324","session_00002439","user_0076","org_010","search_submitted","","{""query_source"":""base""}","2026-01-27T14:48:33.9931988Z"
"event_000005325","session_00002439","user_0076","org_010","result_clicked","ste_000828","{""position"":1}","2026-01-27T14:48:41.9931988Z"
"event_000005326","session_00002439","user_0076","org_010","purchase_completed","ste_000828","{""source"":""search"",""position"":1}","2026-01-27T14:48:51.9931988Z"
"event_000005327","session_00002440","user_0076","org_010","search_submitted","","{""query_source"":""synonym""}","2025-12-30T12:01:33.9931988Z"
"event_000005328","session_00002440","user_0076","org_010","result_clicked","ste_001002","{""position"":1}","2025-12-30T12:01:41.9931988Z"
"event_000005329","session_00002440","user_0076","org_010","purchase_completed","ste_001002","{""source"":""search"",""position"":1}","2025-12-30T12:01:51.9931988Z"
"event_000005330","session_00002441","user_0076","org_010","search_submitted","","{""query_source"":""base""}","2026-01-14T16:25:33.9931988Z"
"event_000005331","session_00002441","user_0076","org_010","result_clicked","ste_001177","{""position"":5}","2026-01-14T16:25:41.9931988Z"
"event_000005332","session_00002441","user_0076","org_010","purchase_completed","ste_001177","{""source"":""search"",""position"":5}","2026-01-14T16:25:51.9931988Z"
"event_000005333","session_00002442","user_0076","org_010","search_submitted","","{""query_source"":""base""}","2025-12-01T04:14:33.9931988Z"
"event_000005334","session_00002443","user_0076","org_010","search_submitted","","{""query_source"":""base""}","2026-02-22T22:03:33.9931988Z"
"event_000005335","session_00002443","user_0076","org_010","result_clicked","ste_000485","{""position"":5}","2026-02-22T22:03:41.9931988Z"
"event_000005336","session_00002443","user_0076","org_010","favorite_added","ste_000699","{""position"":2,""source"":""search""}","2026-02-22T22:03:44.9931988Z"
"event_000005337","session_00002444","user_0076","org_010","search_submitted","","{""query_source"":""base""}","2025-12-01T14:50:33.9931988Z"
"event_000005338","session_00002445","user_0076","org_010","search_submitted","","{""query_source"":""synonym""}","2026-01-19T14:11:33.9931988Z"
"event_000005339","session_00002445","user_0076","org_010","result_clicked","ste_000373","{""position"":3}","2026-01-19T14:11:41.9931988Z"
"event_000005340","session_00002445","user_0076","org_010","purchase_completed","ste_000373","{""source"":""search"",""position"":3}","2026-01-19T14:11:51.9931988Z"
"event_000005341","session_00002446","user_0077","org_010","search_submitted","","{""query_source"":""typo""}","2025-10-07T12:45:33.9931988Z"
"event_000005342","session_00002446","user_0077","org_010","result_clicked","ste_000192","{""position"":1}","2025-10-07T12:45:41.9931988Z"
"event_000005343","session_00002446","user_0077","org_010","favorite_added","ste_000453","{""position"":7,""source"":""search""}","2025-10-07T12:45:44.9931988Z"
"event_000005344","session_00002446","user_0077","org_010","purchase_completed","ste_000192","{""source"":""search"",""position"":1}","2025-10-07T12:45:51.9931988Z"
"event_000005345","session_00002447","user_0077","org_010","search_submitted","","{""query_source"":""base""}","2025-10-19T20:03:33.9931988Z"
"event_000005346","session_00002447","user_0077","org_010","result_clicked","ste_000561","{""position"":4}","2025-10-19T20:03:41.9931988Z"
"event_000005347","session_00002448","user_0077","org_010","search_submitted","","{""query_source"":""base""}","2026-03-16T21:49:33.9931988Z"
"event_000005348","session_00002448","user_0077","org_010","result_clicked","ste_000285","{""position"":5}","2026-03-16T21:49:41.9931988Z"
"event_000005349","session_00002448","user_0077","org_010","purchase_completed","ste_000285","{""source"":""search"",""position"":5}","2026-03-16T21:49:51.9931988Z"
"event_000005350","session_00002449","user_0077","org_010","search_submitted","","{""query_source"":""base""}","2026-03-06T23:04:33.9931988Z"
"event_000005351","session_00002450","user_0077","org_010","search_submitted","","{""query_source"":""base""}","2025-10-07T19:50:33.9931988Z"
"event_000005352","session_00002450","user_0077","org_010","result_clicked","ste_000358","{""position"":2}","2025-10-07T19:50:41.9931988Z"
"event_000005353","session_00002450","user_0077","org_010","purchase_completed","ste_000358","{""source"":""search"",""position"":2}","2025-10-07T19:50:51.9931988Z"
"event_000005354","session_00002451","user_0077","org_010","search_submitted","","{""query_source"":""base""}","2025-11-29T11:19:33.9931988Z"
"event_000005355","session_00002451","user_0077","org_010","result_clicked","ste_000696","{""position"":3}","2025-11-29T11:19:41.9931988Z"
"event_000005356","session_00002451","user_0077","org_010","favorite_added","ste_001119","{""position"":6,""source"":""search""}","2025-11-29T11:19:44.9931988Z"
"event_000005357","session_00002451","user_0077","org_010","purchase_completed","ste_000696","{""source"":""search"",""position"":3}","2025-11-29T11:19:51.9931988Z"
"event_000005358","session_00002452","user_0077","org_010","search_submitted","","{""query_source"":""base""}","2026-02-15T07:02:33.9931988Z"
"event_000005359","session_00002452","user_0077","org_010","result_clicked","ste_000241","{""position"":5}","2026-02-15T07:02:41.9931988Z"
"event_000005360","session_00002452","user_0077","org_010","purchase_completed","ste_000241","{""source"":""search"",""position"":5}","2026-02-15T07:02:51.9931988Z"
"event_000005361","session_00002453","user_0077","org_010","search_submitted","","{""query_source"":""synonym""}","2025-12-24T03:51:33.9931988Z"
"event_000005362","session_00002453","user_0077","org_010","result_clicked","ste_000016","{""position"":4}","2025-12-24T03:51:41.9931988Z"
"event_000005363","session_00002454","user_0077","org_010","search_submitted","","{""query_source"":""synonym""}","2026-01-04T06:11:33.9931988Z"
"event_000005364","session_00002454","user_0077","org_010","result_clicked","ste_000116","{""position"":3}","2026-01-04T06:11:41.9931988Z"
"event_000005365","session_00002454","user_0077","org_010","favorite_added","ste_000145","{""position"":6,""source"":""search""}","2026-01-04T06:11:44.9931988Z"
"event_000005366","session_00002455","user_0077","org_010","search_submitted","","{""query_source"":""base""}","2026-01-13T23:22:33.9931988Z"
"event_000005367","session_00002456","user_0077","org_010","search_submitted","","{""query_source"":""base""}","2026-02-27T19:57:33.9931988Z"
"event_000005368","session_00002456","user_0077","org_010","result_clicked","ste_000733","{""position"":5}","2026-02-27T19:57:41.9931988Z"
"event_000005369","session_00002456","user_0077","org_010","favorite_added","ste_000338","{""position"":3,""source"":""search""}","2026-02-27T19:57:44.9931988Z"
"event_000005370","session_00002457","user_0077","org_010","search_submitted","","{""query_source"":""base""}","2025-12-16T04:33:33.9931988Z"
"event_000005371","session_00002457","user_0077","org_010","result_clicked","ste_001140","{""position"":5}","2025-12-16T04:33:41.9931988Z"
"event_000005372","session_00002458","user_0077","org_010","search_submitted","","{""query_source"":""base""}","2025-12-24T10:55:33.9931988Z"
"event_000005373","session_00002458","user_0077","org_010","result_clicked","ste_000351","{""position"":3}","2025-12-24T10:55:41.9931988Z"
"event_000005374","session_00002459","user_0077","org_010","search_submitted","","{""query_source"":""base""}","2026-03-22T03:55:33.9931988Z"
"event_000005375","session_00002459","user_0077","org_010","result_clicked","ste_000357","{""position"":1}","2026-03-22T03:55:41.9931988Z"
"event_000005376","session_00002459","user_0077","org_010","favorite_added","ste_000007","{""position"":4,""source"":""search""}","2026-03-22T03:55:44.9931988Z"
"event_000005377","session_00002460","user_0077","org_010","search_submitted","","{""query_source"":""synonym""}","2026-03-15T17:02:33.9931988Z"
"event_000005378","session_00002461","user_0077","org_010","search_submitted","","{""query_source"":""typo""}","2026-03-27T06:48:33.9931988Z"
"event_000005379","session_00002461","user_0077","org_010","result_clicked","ste_001050","{""position"":1}","2026-03-27T06:48:41.9931988Z"
"event_000005380","session_00002461","user_0077","org_010","favorite_added","ste_000170","{""position"":2,""source"":""search""}","2026-03-27T06:48:44.9931988Z"
"event_000005381","session_00002462","user_0077","org_010","search_submitted","","{""query_source"":""base""}","2025-12-10T21:07:33.9931988Z"
"event_000005382","session_00002462","user_0077","org_010","result_clicked","ste_000586","{""position"":3}","2025-12-10T21:07:41.9931988Z"
"event_000005383","session_00002463","user_0077","org_010","search_submitted","","{""query_source"":""synonym""}","2026-02-23T07:56:33.9931988Z"
"event_000005384","session_00002464","user_0077","org_010","search_submitted","","{""query_source"":""typo""}","2025-12-21T00:16:33.9931988Z"
"event_000005385","session_00002464","user_0077","org_010","result_clicked","ste_000993","{""position"":2}","2025-12-21T00:16:41.9931988Z"
"event_000005386","session_00002464","user_0077","org_010","favorite_added","ste_000127","{""position"":3,""source"":""search""}","2025-12-21T00:16:44.9931988Z"
"event_000005387","session_00002465","user_0077","org_010","search_submitted","","{""query_source"":""base""}","2025-10-16T04:16:33.9931988Z"
"event_000005388","session_00002466","user_0077","org_010","search_submitted","","{""query_source"":""base""}","2026-02-18T12:48:33.9931988Z"
"event_000005389","session_00002466","user_0077","org_010","result_clicked","ste_000696","{""position"":4}","2026-02-18T12:48:41.9931988Z"
"event_000005390","session_00002467","user_0077","org_010","search_submitted","","{""query_source"":""base""}","2025-10-27T13:59:33.9931988Z"
"event_000005391","session_00002467","user_0077","org_010","result_clicked","ste_000540","{""position"":2}","2025-10-27T13:59:41.9931988Z"
"event_000005392","session_00002467","user_0077","org_010","favorite_added","ste_000779","{""position"":5,""source"":""search""}","2025-10-27T13:59:44.9931988Z"
"event_000005393","session_00002468","user_0077","org_010","search_submitted","","{""query_source"":""base""}","2026-02-15T21:44:33.9931988Z"
"event_000005394","session_00002468","user_0077","org_010","result_clicked","ste_000880","{""position"":4}","2026-02-15T21:44:41.9931988Z"
"event_000005395","session_00002468","user_0077","org_010","favorite_added","ste_000405","{""position"":7,""source"":""search""}","2026-02-15T21:44:44.9931988Z"
"event_000005396","session_00002469","user_0077","org_010","search_submitted","","{""query_source"":""base""}","2025-11-12T17:33:33.9931988Z"
"event_000005397","session_00002469","user_0077","org_010","result_clicked","ste_000441","{""position"":2}","2025-11-12T17:33:41.9931988Z"
"event_000005398","session_00002469","user_0077","org_010","favorite_added","ste_000608","{""position"":7,""source"":""search""}","2025-11-12T17:33:44.9931988Z"
"event_000005399","session_00002469","user_0077","org_010","purchase_completed","ste_000441","{""source"":""search"",""position"":2}","2025-11-12T17:33:51.9931988Z"
"event_000005400","session_00002470","user_0077","org_010","search_submitted","","{""query_source"":""base""}","2026-01-29T03:45:33.9931988Z"
"event_000005401","session_00002470","user_0077","org_010","result_clicked","ste_000788","{""position"":5}","2026-01-29T03:45:41.9931988Z"
"event_000005402","session_00002470","user_0077","org_010","favorite_added","ste_000313","{""position"":7,""source"":""search""}","2026-01-29T03:45:44.9931988Z"
"event_000005403","session_00002471","user_0077","org_010","search_submitted","","{""query_source"":""synonym""}","2025-10-14T03:36:33.9931988Z"
"event_000005404","session_00002472","user_0077","org_010","search_submitted","","{""query_source"":""base""}","2026-02-18T07:18:33.9931988Z"
"event_000005405","session_00002472","user_0077","org_010","result_clicked","ste_000611","{""position"":3}","2026-02-18T07:18:41.9931988Z"
"event_000005406","session_00002473","user_0077","org_010","search_submitted","","{""query_source"":""base""}","2026-01-13T10:11:33.9931988Z"
"event_000005407","session_00002473","user_0077","org_010","result_clicked","ste_000177","{""position"":4}","2026-01-13T10:11:41.9931988Z"
"event_000005408","session_00002473","user_0077","org_010","favorite_added","ste_000748","{""position"":3,""source"":""search""}","2026-01-13T10:11:44.9931988Z"
"event_000005409","session_00002474","user_0077","org_010","search_submitted","","{""query_source"":""base""}","2025-11-24T21:55:33.9931988Z"
"event_000005410","session_00002475","user_0077","org_010","search_submitted","","{""query_source"":""base""}","2025-12-06T19:17:33.9931988Z"
"event_000005411","session_00002476","user_0077","org_010","search_submitted","","{""query_source"":""base""}","2025-12-03T17:50:33.9931988Z"
"event_000005412","session_00002476","user_0077","org_010","result_clicked","ste_000801","{""position"":5}","2025-12-03T17:50:41.9931988Z"
"event_000005413","session_00002477","user_0077","org_010","search_submitted","","{""query_source"":""base""}","2026-03-19T22:33:33.9931988Z"
"event_000005414","session_00002477","user_0077","org_010","result_clicked","ste_000547","{""position"":5}","2026-03-19T22:33:41.9931988Z"
"event_000005415","session_00002478","user_0077","org_010","search_submitted","","{""query_source"":""synonym""}","2025-10-13T17:33:33.9931988Z"
"event_000005416","session_00002478","user_0077","org_010","result_clicked","ste_000176","{""position"":2}","2025-10-13T17:33:41.9931988Z"
"event_000005417","session_00002479","user_0077","org_010","search_submitted","","{""query_source"":""base""}","2025-12-12T23:40:33.9931988Z"
"event_000005418","session_00002479","user_0077","org_010","result_clicked","ste_000987","{""position"":5}","2025-12-12T23:40:41.9931988Z"
"event_000005419","session_00002480","user_0077","org_010","search_submitted","","{""query_source"":""base""}","2026-01-20T19:15:33.9931988Z"
"event_000005420","session_00002481","user_0078","org_010","search_submitted","","{""query_source"":""base""}","2025-10-22T15:39:33.9931988Z"
"event_000005421","session_00002481","user_0078","org_010","result_clicked","ste_000388","{""position"":1}","2025-10-22T15:39:41.9931988Z"
"event_000005422","session_00002482","user_0078","org_010","search_submitted","","{""query_source"":""base""}","2025-10-22T16:27:33.9931988Z"
"event_000005423","session_00002482","user_0078","org_010","result_clicked","ste_000235","{""position"":1}","2025-10-22T16:27:41.9931988Z"
"event_000005424","session_00002482","user_0078","org_010","favorite_added","ste_000460","{""position"":5,""source"":""search""}","2025-10-22T16:27:44.9931988Z"
"event_000005425","session_00002483","user_0078","org_010","search_submitted","","{""query_source"":""typo""}","2026-03-12T23:54:33.9931988Z"
"event_000005426","session_00002483","user_0078","org_010","result_clicked","ste_000903","{""position"":3}","2026-03-12T23:54:41.9931988Z"
"event_000005427","session_00002483","user_0078","org_010","purchase_completed","ste_000903","{""source"":""search"",""position"":3}","2026-03-12T23:54:51.9931988Z"
"event_000005428","session_00002484","user_0078","org_010","search_submitted","","{""query_source"":""typo""}","2025-10-05T05:35:33.9931988Z"
"event_000005429","session_00002485","user_0078","org_010","search_submitted","","{""query_source"":""base""}","2025-11-13T13:01:33.9931988Z"
"event_000005430","session_00002486","user_0078","org_010","search_submitted","","{""query_source"":""synonym""}","2025-10-03T21:33:33.9931988Z"
"event_000005431","session_00002486","user_0078","org_010","result_clicked","ste_000735","{""position"":5}","2025-10-03T21:33:41.9931988Z"
"event_000005432","session_00002486","user_0078","org_010","purchase_completed","ste_000735","{""source"":""search"",""position"":5}","2025-10-03T21:33:51.9931988Z"
"event_000005433","session_00002487","user_0078","org_010","search_submitted","","{""query_source"":""base""}","2025-09-29T21:24:33.9931988Z"
"event_000005434","session_00002488","user_0078","org_010","search_submitted","","{""query_source"":""base""}","2025-10-03T16:57:33.9931988Z"
"event_000005435","session_00002488","user_0078","org_010","result_clicked","ste_000656","{""position"":5}","2025-10-03T16:57:41.9931988Z"
"event_000005436","session_00002488","user_0078","org_010","purchase_completed","ste_000656","{""source"":""search"",""position"":5}","2025-10-03T16:57:51.9931988Z"
"event_000005437","session_00002489","user_0078","org_010","search_submitted","","{""query_source"":""base""}","2025-12-15T03:16:33.9931988Z"
"event_000005438","session_00002489","user_0078","org_010","result_clicked","ste_000207","{""position"":2}","2025-12-15T03:16:41.9931988Z"
"event_000005439","session_00002489","user_0078","org_010","purchase_completed","ste_000207","{""source"":""search"",""position"":2}","2025-12-15T03:16:51.9931988Z"
"event_000005440","session_00002490","user_0078","org_010","search_submitted","","{""query_source"":""base""}","2025-12-23T02:05:33.9931988Z"
"event_000005441","session_00002490","user_0078","org_010","result_clicked","ste_000499","{""position"":5}","2025-12-23T02:05:41.9931988Z"
"event_000005442","session_00002491","user_0078","org_010","search_submitted","","{""query_source"":""base""}","2025-12-18T19:28:33.9931988Z"
"event_000005443","session_00002491","user_0078","org_010","result_clicked","ste_000032","{""position"":5}","2025-12-18T19:28:41.9931988Z"
"event_000005444","session_00002491","user_0078","org_010","favorite_added","ste_000418","{""position"":1,""source"":""search""}","2025-12-18T19:28:44.9931988Z"
"event_000005445","session_00002492","user_0078","org_010","search_submitted","","{""query_source"":""base""}","2025-10-04T06:31:33.9931988Z"
"event_000005446","session_00002493","user_0078","org_010","search_submitted","","{""query_source"":""base""}","2025-12-02T08:33:33.9931988Z"
"event_000005447","session_00002494","user_0078","org_010","search_submitted","","{""query_source"":""base""}","2025-12-08T23:48:33.9931988Z"
"event_000005448","session_00002494","user_0078","org_010","result_clicked","ste_001108","{""position"":4}","2025-12-08T23:48:41.9931988Z"
"event_000005449","session_00002495","user_0078","org_010","search_submitted","","{""query_source"":""base""}","2025-10-03T11:45:33.9931988Z"
"event_000005450","session_00002495","user_0078","org_010","result_clicked","ste_000688","{""position"":3}","2025-10-03T11:45:41.9931988Z"
"event_000005451","session_00002496","user_0078","org_010","search_submitted","","{""query_source"":""base""}","2025-10-18T17:48:33.9931988Z"
"event_000005452","session_00002496","user_0078","org_010","result_clicked","ste_000777","{""position"":4}","2025-10-18T17:48:41.9931988Z"
"event_000005453","session_00002497","user_0078","org_010","search_submitted","","{""query_source"":""base""}","2025-12-25T18:15:33.9931988Z"
"event_000005454","session_00002497","user_0078","org_010","result_clicked","ste_000057","{""position"":2}","2025-12-25T18:15:41.9931988Z"
"event_000005455","session_00002498","user_0078","org_010","search_submitted","","{""query_source"":""base""}","2025-12-29T07:37:33.9931988Z"
"event_000005456","session_00002498","user_0078","org_010","result_clicked","ste_000572","{""position"":3}","2025-12-29T07:37:41.9931988Z"
"event_000005457","session_00002498","user_0078","org_010","favorite_added","ste_001140","{""position"":6,""source"":""search""}","2025-12-29T07:37:44.9931988Z"
"event_000005458","session_00002499","user_0078","org_010","search_submitted","","{""query_source"":""base""}","2026-01-23T14:41:33.9931988Z"
"event_000005459","session_00002499","user_0078","org_010","result_clicked","ste_000476","{""position"":1}","2026-01-23T14:41:41.9931988Z"
"event_000005460","session_00002499","user_0078","org_010","purchase_completed","ste_000476","{""source"":""search"",""position"":1}","2026-01-23T14:41:51.9931988Z"
"event_000005461","session_00002500","user_0078","org_010","search_submitted","","{""query_source"":""typo""}","2026-02-06T16:01:33.9931988Z"
"event_000005462","session_00002500","user_0078","org_010","result_clicked","ste_000154","{""position"":2}","2026-02-06T16:01:41.9931988Z"
"event_000005463","session_00002500","user_0078","org_010","favorite_added","ste_000408","{""position"":5,""source"":""search""}","2026-02-06T16:01:44.9931988Z"
"event_000005464","session_00002501","user_0078","org_010","search_submitted","","{""query_source"":""base""}","2026-01-22T00:11:33.9931988Z"
"event_000005465","session_00002501","user_0078","org_010","result_clicked","ste_000321","{""position"":1}","2026-01-22T00:11:41.9931988Z"
"event_000005466","session_00002502","user_0078","org_010","search_submitted","","{""query_source"":""base""}","2025-10-05T10:43:33.9931988Z"
"event_000005467","session_00002503","user_0078","org_010","search_submitted","","{""query_source"":""base""}","2025-12-01T02:25:33.9931988Z"
"event_000005468","session_00002503","user_0078","org_010","result_clicked","ste_000437","{""position"":2}","2025-12-01T02:25:41.9931988Z"
"event_000005469","session_00002503","user_0078","org_010","favorite_added","ste_000027","{""position"":5,""source"":""search""}","2025-12-01T02:25:44.9931988Z"
"event_000005470","session_00002503","user_0078","org_010","purchase_completed","ste_000437","{""source"":""search"",""position"":2}","2025-12-01T02:25:51.9931988Z"
"event_000005471","session_00002504","user_0078","org_010","search_submitted","","{""query_source"":""base""}","2025-11-03T09:09:33.9931988Z"
"event_000005472","session_00002504","user_0078","org_010","result_clicked","ste_001018","{""position"":3}","2025-11-03T09:09:41.9931988Z"
"event_000005473","session_00002504","user_0078","org_010","favorite_added","ste_000417","{""position"":1,""source"":""search""}","2025-11-03T09:09:44.9931988Z"
"event_000005474","session_00002505","user_0078","org_010","search_submitted","","{""query_source"":""base""}","2025-09-30T07:21:33.9931988Z"
"event_000005475","session_00002505","user_0078","org_010","result_clicked","ste_000923","{""position"":1}","2025-09-30T07:21:41.9931988Z"
"event_000005476","session_00002505","user_0078","org_010","purchase_completed","ste_000923","{""source"":""search"",""position"":1}","2025-09-30T07:21:51.9931988Z"
"event_000005477","session_00002506","user_0078","org_010","search_submitted","","{""query_source"":""base""}","2026-03-06T18:03:33.9931988Z"
"event_000005478","session_00002506","user_0078","org_010","result_clicked","ste_000554","{""position"":1}","2026-03-06T18:03:41.9931988Z"
"event_000005479","session_00002506","user_0078","org_010","favorite_added","ste_000103","{""position"":2,""source"":""search""}","2026-03-06T18:03:44.9931988Z"
"event_000005480","session_00002506","user_0078","org_010","purchase_completed","ste_000554","{""source"":""search"",""position"":1}","2026-03-06T18:03:51.9931988Z"
"event_000005481","session_00002507","user_0078","org_010","search_submitted","","{""query_source"":""base""}","2026-01-09T07:39:33.9931988Z"
"event_000005482","session_00002507","user_0078","org_010","result_clicked","ste_000688","{""position"":2}","2026-01-09T07:39:41.9931988Z"
"event_000005483","session_00002508","user_0078","org_010","search_submitted","","{""query_source"":""base""}","2025-12-28T19:34:33.9931988Z"
"event_000005484","session_00002509","user_0078","org_010","search_submitted","","{""query_source"":""base""}","2025-11-26T11:02:33.9931988Z"
"event_000005485","session_00002509","user_0078","org_010","result_clicked","ste_000017","{""position"":3}","2025-11-26T11:02:41.9931988Z"
"event_000005486","session_00002509","user_0078","org_010","favorite_added","ste_000051","{""position"":2,""source"":""search""}","2025-11-26T11:02:44.9931988Z"
"event_000005487","session_00002510","user_0078","org_010","search_submitted","","{""query_source"":""typo""}","2025-11-05T21:15:33.9931988Z"
"event_000005488","session_00002510","user_0078","org_010","result_clicked","ste_000475","{""position"":2}","2025-11-05T21:15:41.9931988Z"
"event_000005489","session_00002511","user_0078","org_010","search_submitted","","{""query_source"":""base""}","2026-02-06T02:59:33.9931988Z"
"event_000005490","session_00002512","user_0078","org_010","search_submitted","","{""query_source"":""base""}","2026-02-13T21:13:33.9931988Z"
"event_000005491","session_00002512","user_0078","org_010","result_clicked","ste_000768","{""position"":1}","2026-02-13T21:13:41.9931988Z"
"event_000005492","session_00002513","user_0079","org_010","search_submitted","","{""query_source"":""base""}","2025-12-21T02:23:33.9931988Z"
"event_000005493","session_00002514","user_0079","org_010","search_submitted","","{""query_source"":""base""}","2026-02-25T21:11:33.9931988Z"
"event_000005494","session_00002514","user_0079","org_010","result_clicked","ste_000763","{""position"":5}","2026-02-25T21:11:41.9931988Z"
"event_000005495","session_00002515","user_0079","org_010","search_submitted","","{""query_source"":""base""}","2025-12-01T03:27:33.9931988Z"
"event_000005496","session_00002515","user_0079","org_010","result_clicked","ste_000740","{""position"":2}","2025-12-01T03:27:41.9931988Z"
"event_000005497","session_00002515","user_0079","org_010","favorite_added","ste_000585","{""position"":5,""source"":""search""}","2025-12-01T03:27:44.9931988Z"
"event_000005498","session_00002516","user_0079","org_010","search_submitted","","{""query_source"":""base""}","2025-12-21T02:47:33.9931988Z"
"event_000005499","session_00002517","user_0079","org_010","search_submitted","","{""query_source"":""base""}","2025-12-04T04:32:33.9931988Z"
"event_000005500","session_00002518","user_0079","org_010","search_submitted","","{""query_source"":""base""}","2026-01-11T15:03:33.9931988Z"
"event_000005501","session_00002518","user_0079","org_010","result_clicked","ste_000568","{""position"":4}","2026-01-11T15:03:41.9931988Z"
"event_000005502","session_00002519","user_0079","org_010","search_submitted","","{""query_source"":""base""}","2026-02-19T06:34:33.9931988Z"
"event_000005503","session_00002520","user_0079","org_010","search_submitted","","{""query_source"":""base""}","2025-10-12T22:12:33.9931988Z"
"event_000005504","session_00002521","user_0079","org_010","search_submitted","","{""query_source"":""base""}","2026-03-26T16:15:33.9931988Z"
"event_000005505","session_00002521","user_0079","org_010","result_clicked","ste_000917","{""position"":2}","2026-03-26T16:15:41.9931988Z"
"event_000005506","session_00002522","user_0079","org_010","search_submitted","","{""query_source"":""synonym""}","2025-10-16T09:24:33.9931988Z"
"event_000005507","session_00002522","user_0079","org_010","result_clicked","ste_000976","{""position"":1}","2025-10-16T09:24:41.9931988Z"
"event_000005508","session_00002522","user_0079","org_010","favorite_added","ste_000660","{""position"":2,""source"":""search""}","2025-10-16T09:24:44.9931988Z"
"event_000005509","session_00002523","user_0079","org_010","search_submitted","","{""query_source"":""typo""}","2026-01-01T11:15:33.9931988Z"
"event_000005510","session_00002524","user_0079","org_010","search_submitted","","{""query_source"":""base""}","2026-03-26T02:39:33.9931988Z"
"event_000005511","session_00002524","user_0079","org_010","result_clicked","ste_000762","{""position"":5}","2026-03-26T02:39:41.9931988Z"
"event_000005512","session_00002525","user_0079","org_010","search_submitted","","{""query_source"":""base""}","2026-03-06T18:06:33.9931988Z"
"event_000005513","session_00002526","user_0079","org_010","search_submitted","","{""query_source"":""base""}","2026-01-13T23:24:33.9931988Z"
"event_000005514","session_00002526","user_0079","org_010","result_clicked","ste_000467","{""position"":2}","2026-01-13T23:24:41.9931988Z"
"event_000005515","session_00002526","user_0079","org_010","purchase_completed","ste_000467","{""source"":""search"",""position"":2}","2026-01-13T23:24:51.9931988Z"
"event_000005516","session_00002527","user_0079","org_010","search_submitted","","{""query_source"":""base""}","2026-03-18T11:19:33.9931988Z"
"event_000005517","session_00002527","user_0079","org_010","result_clicked","ste_000993","{""position"":2}","2026-03-18T11:19:41.9931988Z"
"event_000005518","session_00002528","user_0079","org_010","search_submitted","","{""query_source"":""base""}","2026-02-14T12:45:33.9931988Z"
"event_000005519","session_00002528","user_0079","org_010","result_clicked","ste_000625","{""position"":1}","2026-02-14T12:45:41.9931988Z"
"event_000005520","session_00002529","user_0079","org_010","search_submitted","","{""query_source"":""synonym""}","2026-01-25T09:02:33.9931988Z"
"event_000005521","session_00002529","user_0079","org_010","result_clicked","ste_000992","{""position"":5}","2026-01-25T09:02:41.9931988Z"
"event_000005522","session_00002529","user_0079","org_010","purchase_completed","ste_000992","{""source"":""search"",""position"":5}","2026-01-25T09:02:51.9931988Z"
"event_000005523","session_00002530","user_0079","org_010","search_submitted","","{""query_source"":""base""}","2025-11-27T11:01:33.9931988Z"
"event_000005524","session_00002531","user_0079","org_010","search_submitted","","{""query_source"":""base""}","2025-11-18T23:05:33.9931988Z"
"event_000005525","session_00002532","user_0079","org_010","search_submitted","","{""query_source"":""base""}","2025-11-08T20:02:33.9931988Z"
"event_000005526","session_00002532","user_0079","org_010","result_clicked","ste_000721","{""position"":5}","2025-11-08T20:02:41.9931988Z"
"event_000005527","session_00002533","user_0079","org_010","search_submitted","","{""query_source"":""base""}","2026-01-30T22:12:33.9931988Z"
"event_000005528","session_00002533","user_0079","org_010","result_clicked","ste_001146","{""position"":4}","2026-01-30T22:12:41.9931988Z"
"event_000005529","session_00002533","user_0079","org_010","favorite_added","ste_000094","{""position"":7,""source"":""search""}","2026-01-30T22:12:44.9931988Z"
"event_000005530","session_00002534","user_0079","org_010","search_submitted","","{""query_source"":""base""}","2026-03-09T23:50:33.9931988Z"
"event_000005531","session_00002535","user_0079","org_010","search_submitted","","{""query_source"":""base""}","2025-10-11T23:56:33.9931988Z"
"event_000005532","session_00002535","user_0079","org_010","result_clicked","ste_000721","{""position"":2}","2025-10-11T23:56:41.9931988Z"
"event_000005533","session_00002536","user_0079","org_010","search_submitted","","{""query_source"":""base""}","2025-12-12T17:43:33.9931988Z"
"event_000005534","session_00002537","user_0079","org_010","search_submitted","","{""query_source"":""base""}","2025-12-06T04:27:33.9931988Z"
"event_000005535","session_00002538","user_0079","org_010","search_submitted","","{""query_source"":""base""}","2025-11-16T10:58:33.9931988Z"
"event_000005536","session_00002539","user_0079","org_010","search_submitted","","{""query_source"":""base""}","2026-01-03T10:02:33.9931988Z"
"event_000005537","session_00002540","user_0079","org_010","search_submitted","","{""query_source"":""base""}","2025-10-08T12:18:33.9931988Z"
"event_000005538","session_00002540","user_0079","org_010","result_clicked","ste_000723","{""position"":2}","2025-10-08T12:18:41.9931988Z"
"event_000005539","session_00002540","user_0079","org_010","purchase_completed","ste_000723","{""source"":""search"",""position"":2}","2025-10-08T12:18:51.9931988Z"
"event_000005540","session_00002541","user_0079","org_010","search_submitted","","{""query_source"":""typo""}","2025-10-29T21:18:33.9931988Z"
"event_000005541","session_00002541","user_0079","org_010","result_clicked","ste_000299","{""position"":5}","2025-10-29T21:18:41.9931988Z"
"event_000005542","session_00002542","user_0079","org_010","search_submitted","","{""query_source"":""synonym""}","2026-02-01T00:20:33.9931988Z"
"event_000005543","session_00002542","user_0079","org_010","result_clicked","ste_000261","{""position"":5}","2026-02-01T00:20:41.9931988Z"
"event_000005544","session_00002542","user_0079","org_010","purchase_completed","ste_000261","{""source"":""search"",""position"":5}","2026-02-01T00:20:51.9931988Z"
"event_000005545","session_00002543","user_0079","org_010","search_submitted","","{""query_source"":""typo""}","2026-02-28T18:47:33.9931988Z"
"event_000005546","session_00002544","user_0079","org_010","search_submitted","","{""query_source"":""synonym""}","2025-11-30T19:49:33.9931988Z"
"event_000005547","session_00002544","user_0079","org_010","result_clicked","ste_000987","{""position"":3}","2025-11-30T19:49:41.9931988Z"
"event_000005548","session_00002545","user_0079","org_010","search_submitted","","{""query_source"":""base""}","2026-03-04T16:03:33.9931988Z"
"event_000005549","session_00002545","user_0079","org_010","result_clicked","ste_000544","{""position"":3}","2026-03-04T16:03:41.9931988Z"
"event_000005550","session_00002545","user_0079","org_010","favorite_added","ste_000919","{""position"":5,""source"":""search""}","2026-03-04T16:03:44.9931988Z"
"event_000005551","session_00002546","user_0079","org_010","search_submitted","","{""query_source"":""base""}","2026-03-27T02:26:33.9931988Z"
"event_000005552","session_00002546","user_0079","org_010","result_clicked","ste_000494","{""position"":3}","2026-03-27T02:26:41.9931988Z"
"event_000005553","session_00002546","user_0079","org_010","favorite_added","ste_000569","{""position"":2,""source"":""search""}","2026-03-27T02:26:44.9931988Z"
"event_000005554","session_00002547","user_0080","org_010","search_submitted","","{""query_source"":""base""}","2025-10-11T10:12:33.9931988Z"
"event_000005555","session_00002547","user_0080","org_010","result_clicked","ste_000623","{""position"":3}","2025-10-11T10:12:41.9931988Z"
"event_000005556","session_00002548","user_0080","org_010","search_submitted","","{""query_source"":""typo""}","2025-11-12T19:28:33.9931988Z"
"event_000005557","session_00002548","user_0080","org_010","result_clicked","ste_001028","{""position"":4}","2025-11-12T19:28:41.9931988Z"
"event_000005558","session_00002548","user_0080","org_010","favorite_added","ste_000530","{""position"":5,""source"":""search""}","2025-11-12T19:28:44.9931988Z"
"event_000005559","session_00002549","user_0080","org_010","search_submitted","","{""query_source"":""base""}","2025-11-29T16:52:33.9931988Z"
"event_000005560","session_00002549","user_0080","org_010","result_clicked","ste_000963","{""position"":4}","2025-11-29T16:52:41.9931988Z"
"event_000005561","session_00002550","user_0080","org_010","search_submitted","","{""query_source"":""typo""}","2025-11-03T11:45:33.9931988Z"
"event_000005562","session_00002550","user_0080","org_010","result_clicked","ste_000778","{""position"":5}","2025-11-03T11:45:41.9931988Z"
"event_000005563","session_00002550","user_0080","org_010","purchase_completed","ste_000778","{""source"":""search"",""position"":5}","2025-11-03T11:45:51.9931988Z"
"event_000005564","session_00002551","user_0080","org_010","search_submitted","","{""query_source"":""base""}","2026-03-16T12:24:33.9931988Z"
"event_000005565","session_00002551","user_0080","org_010","result_clicked","ste_000141","{""position"":4}","2026-03-16T12:24:41.9931988Z"
"event_000005566","session_00002552","user_0080","org_010","search_submitted","","{""query_source"":""base""}","2025-11-06T18:33:33.9931988Z"
"event_000005567","session_00002552","user_0080","org_010","result_clicked","ste_000187","{""position"":4}","2025-11-06T18:33:41.9931988Z"
"event_000005568","session_00002553","user_0080","org_010","search_submitted","","{""query_source"":""base""}","2025-10-20T06:32:33.9931988Z"
"event_000005569","session_00002553","user_0080","org_010","result_clicked","ste_000573","{""position"":3}","2025-10-20T06:32:41.9931988Z"
"event_000005570","session_00002553","user_0080","org_010","purchase_completed","ste_000573","{""source"":""search"",""position"":3}","2025-10-20T06:32:51.9931988Z"
"event_000005571","session_00002554","user_0080","org_010","search_submitted","","{""query_source"":""base""}","2026-03-15T08:19:33.9931988Z"
"event_000005572","session_00002555","user_0080","org_010","search_submitted","","{""query_source"":""base""}","2025-12-28T17:58:33.9931988Z"
"event_000005573","session_00002555","user_0080","org_010","result_clicked","ste_000113","{""position"":5}","2025-12-28T17:58:41.9931988Z"
"event_000005574","session_00002556","user_0080","org_010","search_submitted","","{""query_source"":""base""}","2025-10-12T03:59:33.9931988Z"
"event_000005575","session_00002556","user_0080","org_010","result_clicked","ste_000231","{""position"":5}","2025-10-12T03:59:41.9931988Z"
"event_000005576","session_00002557","user_0080","org_010","search_submitted","","{""query_source"":""synonym""}","2026-01-30T21:09:33.9931988Z"
"event_000005577","session_00002557","user_0080","org_010","result_clicked","ste_000267","{""position"":5}","2026-01-30T21:09:41.9931988Z"
"event_000005578","session_00002557","user_0080","org_010","favorite_added","ste_000347","{""position"":2,""source"":""search""}","2026-01-30T21:09:44.9931988Z"
"event_000005579","session_00002558","user_0080","org_010","search_submitted","","{""query_source"":""synonym""}","2025-10-15T08:38:33.9931988Z"
"event_000005580","session_00002558","user_0080","org_010","result_clicked","ste_000994","{""position"":2}","2025-10-15T08:38:41.9931988Z"
"event_000005581","session_00002558","user_0080","org_010","purchase_completed","ste_000994","{""source"":""search"",""position"":2}","2025-10-15T08:38:51.9931988Z"
"event_000005582","session_00002559","user_0080","org_010","search_submitted","","{""query_source"":""base""}","2025-10-06T04:05:33.9931988Z"
"event_000005583","session_00002560","user_0080","org_010","search_submitted","","{""query_source"":""base""}","2026-01-26T14:49:33.9931988Z"
"event_000005584","session_00002560","user_0080","org_010","result_clicked","ste_000617","{""position"":3}","2026-01-26T14:49:41.9931988Z"
"event_000005585","session_00002560","user_0080","org_010","favorite_added","ste_000581","{""position"":7,""source"":""search""}","2026-01-26T14:49:44.9931988Z"
"event_000005586","session_00002560","user_0080","org_010","purchase_completed","ste_000617","{""source"":""search"",""position"":3}","2026-01-26T14:49:51.9931988Z"
"event_000005587","session_00002561","user_0080","org_010","search_submitted","","{""query_source"":""base""}","2026-01-21T13:20:33.9931988Z"
"event_000005588","session_00002561","user_0080","org_010","result_clicked","ste_000402","{""position"":5}","2026-01-21T13:20:41.9931988Z"
"event_000005589","session_00002561","user_0080","org_010","favorite_added","ste_000002","{""position"":4,""source"":""search""}","2026-01-21T13:20:44.9931988Z"
"event_000005590","session_00002561","user_0080","org_010","purchase_completed","ste_000402","{""source"":""search"",""position"":5}","2026-01-21T13:20:51.9931988Z"
"event_000005591","session_00002562","user_0080","org_010","search_submitted","","{""query_source"":""base""}","2025-10-07T13:47:33.9931988Z"
"event_000005592","session_00002562","user_0080","org_010","result_clicked","ste_000251","{""position"":5}","2025-10-07T13:47:41.9931988Z"
"event_000005593","session_00002562","user_0080","org_010","favorite_added","ste_000194","{""position"":7,""source"":""search""}","2025-10-07T13:47:44.9931988Z"
"event_000005594","session_00002563","user_0080","org_010","search_submitted","","{""query_source"":""base""}","2025-10-09T14:00:33.9931988Z"
"event_000005595","session_00002564","user_0080","org_010","search_submitted","","{""query_source"":""base""}","2025-10-25T12:18:33.9931988Z"
"event_000005596","session_00002564","user_0080","org_010","result_clicked","ste_000649","{""position"":5}","2025-10-25T12:18:41.9931988Z"
"event_000005597","session_00002564","user_0080","org_010","favorite_added","ste_000241","{""position"":4,""source"":""search""}","2025-10-25T12:18:44.9931988Z"
"event_000005598","session_00002565","user_0080","org_010","search_submitted","","{""query_source"":""base""}","2025-11-17T01:24:33.9931988Z"
"event_000005599","session_00002565","user_0080","org_010","result_clicked","ste_000961","{""position"":1}","2025-11-17T01:24:41.9931988Z"
"event_000005600","session_00002565","user_0080","org_010","favorite_added","ste_000838","{""position"":6,""source"":""search""}","2025-11-17T01:24:44.9931988Z"
"event_000005601","session_00002566","user_0080","org_010","search_submitted","","{""query_source"":""base""}","2025-11-08T17:58:33.9931988Z"
"event_000005602","session_00002566","user_0080","org_010","result_clicked","ste_000003","{""position"":1}","2025-11-08T17:58:41.9931988Z"
"event_000005603","session_00002567","user_0080","org_010","search_submitted","","{""query_source"":""synonym""}","2025-12-28T05:31:33.9931988Z"
"event_000005604","session_00002567","user_0080","org_010","result_clicked","ste_000993","{""position"":5}","2025-12-28T05:31:41.9931988Z"
"event_000005605","session_00002568","user_0080","org_010","search_submitted","","{""query_source"":""base""}","2025-10-11T07:15:33.9931988Z"
"event_000005606","session_00002568","user_0080","org_010","result_clicked","ste_000951","{""position"":5}","2025-10-11T07:15:41.9931988Z"
"event_000005607","session_00002569","user_0080","org_010","search_submitted","","{""query_source"":""base""}","2026-02-05T05:45:33.9931988Z"
"event_000005608","session_00002569","user_0080","org_010","result_clicked","ste_000502","{""position"":4}","2026-02-05T05:45:41.9931988Z"
"event_000005609","session_00002570","user_0080","org_010","search_submitted","","{""query_source"":""base""}","2025-12-31T12:32:33.9931988Z"
"event_000005610","session_00002571","user_0080","org_010","search_submitted","","{""query_source"":""base""}","2025-12-22T03:49:33.9931988Z"
"event_000005611","session_00002572","user_0080","org_010","search_submitted","","{""query_source"":""base""}","2025-10-03T16:55:33.9931988Z"
"event_000005612","session_00002572","user_0080","org_010","result_clicked","ste_000281","{""position"":1}","2025-10-03T16:55:41.9931988Z"
"event_000005613","session_00002573","user_0080","org_010","search_submitted","","{""query_source"":""synonym""}","2026-03-21T00:48:33.9931988Z"
"event_000005614","session_00002574","user_0081","org_011","search_submitted","","{""query_source"":""base""}","2025-12-09T21:27:33.9931988Z"
"event_000005615","session_00002574","user_0081","org_011","result_clicked","ste_000381","{""position"":3}","2025-12-09T21:27:41.9931988Z"
"event_000005616","session_00002575","user_0081","org_011","search_submitted","","{""query_source"":""base""}","2026-03-27T11:43:33.9931988Z"
"event_000005617","session_00002575","user_0081","org_011","result_clicked","ste_000987","{""position"":1}","2026-03-27T11:43:41.9931988Z"
"event_000005618","session_00002575","user_0081","org_011","purchase_completed","ste_000987","{""source"":""search"",""position"":1}","2026-03-27T11:43:51.9931988Z"
"event_000005619","session_00002576","user_0081","org_011","search_submitted","","{""query_source"":""base""}","2025-10-24T07:46:33.9931988Z"
"event_000005620","session_00002576","user_0081","org_011","result_clicked","ste_000708","{""position"":2}","2025-10-24T07:46:41.9931988Z"
"event_000005621","session_00002577","user_0081","org_011","search_submitted","","{""query_source"":""base""}","2026-01-06T12:11:33.9931988Z"
"event_000005622","session_00002577","user_0081","org_011","result_clicked","ste_000583","{""position"":2}","2026-01-06T12:11:41.9931988Z"
"event_000005623","session_00002578","user_0081","org_011","search_submitted","","{""query_source"":""base""}","2026-02-19T04:33:33.9931988Z"
"event_000005624","session_00002578","user_0081","org_011","result_clicked","ste_001119","{""position"":5}","2026-02-19T04:33:41.9931988Z"
"event_000005625","session_00002578","user_0081","org_011","purchase_completed","ste_001119","{""source"":""search"",""position"":5}","2026-02-19T04:33:51.9931988Z"
"event_000005626","session_00002579","user_0081","org_011","search_submitted","","{""query_source"":""base""}","2025-12-01T18:33:33.9931988Z"
"event_000005627","session_00002579","user_0081","org_011","result_clicked","ste_000859","{""position"":3}","2025-12-01T18:33:41.9931988Z"
"event_000005628","session_00002579","user_0081","org_011","favorite_added","ste_000859","{""position"":3,""source"":""search""}","2025-12-01T18:33:44.9931988Z"
"event_000005629","session_00002580","user_0081","org_011","search_submitted","","{""query_source"":""base""}","2026-02-04T23:39:33.9931988Z"
"event_000005630","session_00002581","user_0081","org_011","search_submitted","","{""query_source"":""base""}","2026-03-11T18:13:33.9931988Z"
"event_000005631","session_00002581","user_0081","org_011","result_clicked","ste_000639","{""position"":5}","2026-03-11T18:13:41.9931988Z"
"event_000005632","session_00002581","user_0081","org_011","purchase_completed","ste_000639","{""source"":""search"",""position"":5}","2026-03-11T18:13:51.9931988Z"
"event_000005633","session_00002582","user_0081","org_011","search_submitted","","{""query_source"":""base""}","2026-02-02T02:09:33.9931988Z"
"event_000005634","session_00002582","user_0081","org_011","result_clicked","ste_000313","{""position"":4}","2026-02-02T02:09:41.9931988Z"
"event_000005635","session_00002582","user_0081","org_011","favorite_added","ste_000613","{""position"":7,""source"":""search""}","2026-02-02T02:09:44.9931988Z"
"event_000005636","session_00002582","user_0081","org_011","purchase_completed","ste_000313","{""source"":""search"",""position"":4}","2026-02-02T02:09:51.9931988Z"
"event_000005637","session_00002583","user_0081","org_011","search_submitted","","{""query_source"":""synonym""}","2026-01-07T13:19:33.9931988Z"
"event_000005638","session_00002583","user_0081","org_011","result_clicked","ste_000429","{""position"":5}","2026-01-07T13:19:41.9931988Z"
"event_000005639","session_00002583","user_0081","org_011","favorite_added","ste_000429","{""position"":5,""source"":""search""}","2026-01-07T13:19:44.9931988Z"
"event_000005640","session_00002583","user_0081","org_011","purchase_completed","ste_000429","{""source"":""search"",""position"":5}","2026-01-07T13:19:51.9931988Z"
"event_000005641","session_00002584","user_0081","org_011","search_submitted","","{""query_source"":""base""}","2025-10-15T12:02:33.9931988Z"
"event_000005642","session_00002584","user_0081","org_011","result_clicked","ste_000577","{""position"":3}","2025-10-15T12:02:41.9931988Z"
"event_000005643","session_00002585","user_0081","org_011","search_submitted","","{""query_source"":""base""}","2025-12-17T04:33:33.9931988Z"
"event_000005644","session_00002585","user_0081","org_011","result_clicked","ste_000166","{""position"":1}","2025-12-17T04:33:41.9931988Z"
"event_000005645","session_00002585","user_0081","org_011","favorite_added","ste_000165","{""position"":5,""source"":""search""}","2025-12-17T04:33:44.9931988Z"
"event_000005646","session_00002586","user_0081","org_011","search_submitted","","{""query_source"":""synonym""}","2026-01-16T14:14:33.9931988Z"
"event_000005647","session_00002587","user_0081","org_011","search_submitted","","{""query_source"":""base""}","2025-11-15T06:37:33.9931988Z"
"event_000005648","session_00002587","user_0081","org_011","result_clicked","ste_000372","{""position"":1}","2025-11-15T06:37:41.9931988Z"
"event_000005649","session_00002587","user_0081","org_011","purchase_completed","ste_000372","{""source"":""search"",""position"":1}","2025-11-15T06:37:51.9931988Z"
"event_000005650","session_00002588","user_0081","org_011","search_submitted","","{""query_source"":""typo""}","2026-01-08T12:34:33.9931988Z"
"event_000005651","session_00002588","user_0081","org_011","result_clicked","ste_000892","{""position"":2}","2026-01-08T12:34:41.9931988Z"
"event_000005652","session_00002588","user_0081","org_011","purchase_completed","ste_000892","{""source"":""search"",""position"":2}","2026-01-08T12:34:51.9931988Z"
"event_000005653","session_00002589","user_0081","org_011","search_submitted","","{""query_source"":""base""}","2025-12-28T23:56:33.9931988Z"
"event_000005654","session_00002589","user_0081","org_011","result_clicked","ste_000232","{""position"":2}","2025-12-28T23:56:41.9931988Z"
"event_000005655","session_00002590","user_0081","org_011","search_submitted","","{""query_source"":""base""}","2025-12-25T22:25:33.9931988Z"
"event_000005656","session_00002590","user_0081","org_011","result_clicked","ste_000488","{""position"":5}","2025-12-25T22:25:41.9931988Z"
"event_000005657","session_00002590","user_0081","org_011","purchase_completed","ste_000488","{""source"":""search"",""position"":5}","2025-12-25T22:25:51.9931988Z"
"event_000005658","session_00002591","user_0081","org_011","search_submitted","","{""query_source"":""typo""}","2025-12-04T02:03:33.9931988Z"
"event_000005659","session_00002591","user_0081","org_011","result_clicked","ste_000905","{""position"":1}","2025-12-04T02:03:41.9931988Z"
"event_000005660","session_00002591","user_0081","org_011","purchase_completed","ste_000905","{""source"":""search"",""position"":1}","2025-12-04T02:03:51.9931988Z"
"event_000005661","session_00002592","user_0081","org_011","search_submitted","","{""query_source"":""base""}","2026-03-23T15:06:33.9931988Z"
"event_000005662","session_00002593","user_0081","org_011","search_submitted","","{""query_source"":""base""}","2026-03-27T09:08:33.9931988Z"
"event_000005663","session_00002593","user_0081","org_011","result_clicked","ste_000601","{""position"":3}","2026-03-27T09:08:41.9931988Z"
"event_000005664","session_00002594","user_0081","org_011","search_submitted","","{""query_source"":""base""}","2026-03-15T06:04:33.9931988Z"
"event_000005665","session_00002594","user_0081","org_011","result_clicked","ste_000482","{""position"":5}","2026-03-15T06:04:41.9931988Z"
"event_000005666","session_00002595","user_0081","org_011","search_submitted","","{""query_source"":""base""}","2026-03-20T02:43:33.9931988Z"
"event_000005667","session_00002595","user_0081","org_011","result_clicked","ste_000653","{""position"":4}","2026-03-20T02:43:41.9931988Z"
"event_000005668","session_00002596","user_0081","org_011","search_submitted","","{""query_source"":""base""}","2026-03-08T04:17:33.9931988Z"
"event_000005669","session_00002597","user_0081","org_011","search_submitted","","{""query_source"":""base""}","2025-10-29T06:05:33.9931988Z"
"event_000005670","session_00002598","user_0081","org_011","search_submitted","","{""query_source"":""base""}","2025-11-23T13:34:33.9931988Z"
"event_000005671","session_00002598","user_0081","org_011","result_clicked","ste_000371","{""position"":1}","2025-11-23T13:34:41.9931988Z"
"event_000005672","session_00002598","user_0081","org_011","favorite_added","ste_000036","{""position"":3,""source"":""search""}","2025-11-23T13:34:44.9931988Z"
"event_000005673","session_00002599","user_0081","org_011","search_submitted","","{""query_source"":""synonym""}","2025-10-14T15:03:33.9931988Z"
"event_000005674","session_00002599","user_0081","org_011","result_clicked","ste_000465","{""position"":4}","2025-10-14T15:03:41.9931988Z"
"event_000005675","session_00002599","user_0081","org_011","favorite_added","ste_000176","{""position"":1,""source"":""search""}","2025-10-14T15:03:44.9931988Z"
"event_000005676","session_00002599","user_0081","org_011","purchase_completed","ste_000465","{""source"":""search"",""position"":4}","2025-10-14T15:03:51.9931988Z"
"event_000005677","session_00002600","user_0081","org_011","search_submitted","","{""query_source"":""base""}","2026-02-13T07:24:33.9931988Z"
"event_000005678","session_00002600","user_0081","org_011","result_clicked","ste_000881","{""position"":1}","2026-02-13T07:24:41.9931988Z"
"event_000005679","session_00002601","user_0081","org_011","search_submitted","","{""query_source"":""typo""}","2025-11-27T04:14:33.9931988Z"
"event_000005680","session_00002601","user_0081","org_011","result_clicked","ste_000270","{""position"":1}","2025-11-27T04:14:41.9931988Z"
"event_000005681","session_00002601","user_0081","org_011","favorite_added","ste_000107","{""position"":7,""source"":""search""}","2025-11-27T04:14:44.9931988Z"
"event_000005682","session_00002602","user_0081","org_011","search_submitted","","{""query_source"":""base""}","2025-10-24T23:51:33.9931988Z"
"event_000005683","session_00002602","user_0081","org_011","result_clicked","ste_000804","{""position"":3}","2025-10-24T23:51:41.9931988Z"
"event_000005684","session_00002603","user_0081","org_011","search_submitted","","{""query_source"":""base""}","2026-01-10T02:49:33.9931988Z"
"event_000005685","session_00002604","user_0081","org_011","search_submitted","","{""query_source"":""base""}","2026-01-15T19:15:33.9931988Z"
"event_000005686","session_00002604","user_0081","org_011","result_clicked","ste_000535","{""position"":4}","2026-01-15T19:15:41.9931988Z"
"event_000005687","session_00002605","user_0081","org_011","search_submitted","","{""query_source"":""base""}","2025-11-01T08:25:33.9931988Z"
"event_000005688","session_00002605","user_0081","org_011","result_clicked","ste_000441","{""position"":3}","2025-11-01T08:25:41.9931988Z"
"event_000005689","session_00002605","user_0081","org_011","favorite_added","ste_001170","{""position"":5,""source"":""search""}","2025-11-01T08:25:44.9931988Z"
"event_000005690","session_00002606","user_0081","org_011","search_submitted","","{""query_source"":""base""}","2026-02-22T04:54:33.9931988Z"
"event_000005691","session_00002606","user_0081","org_011","result_clicked","ste_000716","{""position"":1}","2026-02-22T04:54:41.9931988Z"
"event_000005692","session_00002606","user_0081","org_011","purchase_completed","ste_000716","{""source"":""search"",""position"":1}","2026-02-22T04:54:51.9931988Z"
"event_000005693","session_00002607","user_0082","org_011","search_submitted","","{""query_source"":""base""}","2025-12-14T03:13:33.9931988Z"
"event_000005694","session_00002607","user_0082","org_011","result_clicked","ste_000184","{""position"":3}","2025-12-14T03:13:41.9931988Z"
"event_000005695","session_00002607","user_0082","org_011","purchase_completed","ste_000184","{""source"":""search"",""position"":3}","2025-12-14T03:13:51.9931988Z"
"event_000005696","session_00002608","user_0082","org_011","search_submitted","","{""query_source"":""base""}","2026-03-08T08:37:33.9931988Z"
"event_000005697","session_00002609","user_0082","org_011","search_submitted","","{""query_source"":""base""}","2026-03-26T06:10:33.9931988Z"
"event_000005698","session_00002610","user_0082","org_011","search_submitted","","{""query_source"":""base""}","2025-10-15T12:49:33.9931988Z"
"event_000005699","session_00002610","user_0082","org_011","result_clicked","ste_000421","{""position"":4}","2025-10-15T12:49:41.9931988Z"
"event_000005700","session_00002610","user_0082","org_011","favorite_added","ste_000486","{""position"":3,""source"":""search""}","2025-10-15T12:49:44.9931988Z"
"event_000005701","session_00002610","user_0082","org_011","purchase_completed","ste_000421","{""source"":""search"",""position"":4}","2025-10-15T12:49:51.9931988Z"
"event_000005702","session_00002611","user_0082","org_011","search_submitted","","{""query_source"":""base""}","2025-11-13T18:57:33.9931988Z"
"event_000005703","session_00002611","user_0082","org_011","result_clicked","ste_000840","{""position"":3}","2025-11-13T18:57:41.9931988Z"
"event_000005704","session_00002611","user_0082","org_011","purchase_completed","ste_000840","{""source"":""search"",""position"":3}","2025-11-13T18:57:51.9931988Z"
"event_000005705","session_00002612","user_0082","org_011","search_submitted","","{""query_source"":""base""}","2026-01-25T06:26:33.9931988Z"
"event_000005706","session_00002612","user_0082","org_011","result_clicked","ste_000512","{""position"":4}","2026-01-25T06:26:41.9931988Z"
"event_000005707","session_00002612","user_0082","org_011","favorite_added","ste_000647","{""position"":2,""source"":""search""}","2026-01-25T06:26:44.9931988Z"
"event_000005708","session_00002613","user_0082","org_011","search_submitted","","{""query_source"":""typo""}","2026-01-27T18:06:33.9931988Z"
"event_000005709","session_00002614","user_0082","org_011","search_submitted","","{""query_source"":""synonym""}","2025-12-22T07:48:33.9931988Z"
"event_000005710","session_00002614","user_0082","org_011","result_clicked","ste_001082","{""position"":5}","2025-12-22T07:48:41.9931988Z"
"event_000005711","session_00002614","user_0082","org_011","purchase_completed","ste_001082","{""source"":""search"",""position"":5}","2025-12-22T07:48:51.9931988Z"
"event_000005712","session_00002615","user_0082","org_011","search_submitted","","{""query_source"":""base""}","2025-10-25T13:16:33.9931988Z"
"event_000005713","session_00002615","user_0082","org_011","result_clicked","ste_001067","{""position"":4}","2025-10-25T13:16:41.9931988Z"
"event_000005714","session_00002616","user_0082","org_011","search_submitted","","{""query_source"":""base""}","2025-11-05T10:20:33.9931988Z"
"event_000005715","session_00002616","user_0082","org_011","result_clicked","ste_000744","{""position"":5}","2025-11-05T10:20:41.9931988Z"
"event_000005716","session_00002616","user_0082","org_011","favorite_added","ste_000972","{""position"":7,""source"":""search""}","2025-11-05T10:20:44.9931988Z"
"event_000005717","session_00002617","user_0082","org_011","search_submitted","","{""query_source"":""base""}","2026-02-05T01:07:33.9931988Z"
"event_000005718","session_00002618","user_0082","org_011","search_submitted","","{""query_source"":""base""}","2026-01-31T08:40:33.9931988Z"
"event_000005719","session_00002619","user_0082","org_011","search_submitted","","{""query_source"":""base""}","2026-02-01T16:46:33.9931988Z"
"event_000005720","session_00002619","user_0082","org_011","result_clicked","ste_000287","{""position"":1}","2026-02-01T16:46:41.9931988Z"
"event_000005721","session_00002619","user_0082","org_011","purchase_completed","ste_000287","{""source"":""search"",""position"":1}","2026-02-01T16:46:51.9931988Z"
"event_000005722","session_00002620","user_0082","org_011","search_submitted","","{""query_source"":""base""}","2025-12-02T05:36:33.9931988Z"
"event_000005723","session_00002621","user_0082","org_011","search_submitted","","{""query_source"":""synonym""}","2025-10-28T08:02:33.9931988Z"
"event_000005724","session_00002621","user_0082","org_011","result_clicked","ste_000840","{""position"":3}","2025-10-28T08:02:41.9931988Z"
"event_000005725","session_00002622","user_0082","org_011","search_submitted","","{""query_source"":""typo""}","2026-01-04T21:07:33.9931988Z"
"event_000005726","session_00002622","user_0082","org_011","result_clicked","ste_000261","{""position"":5}","2026-01-04T21:07:41.9931988Z"
"event_000005727","session_00002622","user_0082","org_011","favorite_added","ste_000004","{""position"":1,""source"":""search""}","2026-01-04T21:07:44.9931988Z"
"event_000005728","session_00002623","user_0082","org_011","search_submitted","","{""query_source"":""base""}","2025-11-16T22:57:33.9931988Z"
"event_000005729","session_00002624","user_0082","org_011","search_submitted","","{""query_source"":""base""}","2025-11-16T00:34:33.9931988Z"
"event_000005730","session_00002624","user_0082","org_011","result_clicked","ste_000572","{""position"":3}","2025-11-16T00:34:41.9931988Z"
"event_000005731","session_00002625","user_0082","org_011","search_submitted","","{""query_source"":""typo""}","2026-02-05T09:14:33.9931988Z"
"event_000005732","session_00002626","user_0082","org_011","search_submitted","","{""query_source"":""base""}","2026-01-05T20:07:33.9931988Z"
"event_000005733","session_00002626","user_0082","org_011","result_clicked","ste_000066","{""position"":1}","2026-01-05T20:07:41.9931988Z"
"event_000005734","session_00002627","user_0082","org_011","search_submitted","","{""query_source"":""typo""}","2025-11-10T01:09:33.9931988Z"
"event_000005735","session_00002627","user_0082","org_011","result_clicked","ste_000615","{""position"":4}","2025-11-10T01:09:41.9931988Z"
"event_000005736","session_00002627","user_0082","org_011","favorite_added","ste_000203","{""position"":6,""source"":""search""}","2025-11-10T01:09:44.9931988Z"
"event_000005737","session_00002628","user_0082","org_011","search_submitted","","{""query_source"":""base""}","2026-01-07T10:29:33.9931988Z"
"event_000005738","session_00002628","user_0082","org_011","result_clicked","ste_000859","{""position"":4}","2026-01-07T10:29:41.9931988Z"
"event_000005739","session_00002628","user_0082","org_011","favorite_added","ste_000594","{""position"":6,""source"":""search""}","2026-01-07T10:29:44.9931988Z"
"event_000005740","session_00002629","user_0082","org_011","search_submitted","","{""query_source"":""synonym""}","2025-10-28T12:22:33.9931988Z"
"event_000005741","session_00002630","user_0082","org_011","search_submitted","","{""query_source"":""base""}","2025-11-24T22:59:33.9931988Z"
"event_000005742","session_00002630","user_0082","org_011","result_clicked","ste_000036","{""position"":5}","2025-11-24T22:59:41.9931988Z"
"event_000005743","session_00002630","user_0082","org_011","favorite_added","ste_000760","{""position"":6,""source"":""search""}","2025-11-24T22:59:44.9931988Z"
"event_000005744","session_00002631","user_0082","org_011","search_submitted","","{""query_source"":""base""}","2025-11-12T21:54:33.9931988Z"
"event_000005745","session_00002631","user_0082","org_011","result_clicked","ste_000141","{""position"":1}","2025-11-12T21:54:41.9931988Z"
"event_000005746","session_00002631","user_0082","org_011","favorite_added","ste_000141","{""position"":1,""source"":""search""}","2025-11-12T21:54:44.9931988Z"
"event_000005747","session_00002631","user_0082","org_011","purchase_completed","ste_000141","{""source"":""search"",""position"":1}","2025-11-12T21:54:51.9931988Z"
"event_000005748","session_00002632","user_0082","org_011","search_submitted","","{""query_source"":""base""}","2025-10-25T17:12:33.9931988Z"
"event_000005749","session_00002633","user_0082","org_011","search_submitted","","{""query_source"":""base""}","2025-10-14T19:44:33.9931988Z"
"event_000005750","session_00002634","user_0082","org_011","search_submitted","","{""query_source"":""synonym""}","2026-03-16T17:47:33.9931988Z"
"event_000005751","session_00002635","user_0082","org_011","search_submitted","","{""query_source"":""base""}","2026-02-12T02:07:33.9931988Z"
"event_000005752","session_00002636","user_0082","org_011","search_submitted","","{""query_source"":""base""}","2026-01-19T03:59:33.9931988Z"
"event_000005753","session_00002637","user_0082","org_011","search_submitted","","{""query_source"":""base""}","2026-02-25T12:32:33.9931988Z"
"event_000005754","session_00002637","user_0082","org_011","result_clicked","ste_000008","{""position"":3}","2026-02-25T12:32:41.9931988Z"
"event_000005755","session_00002638","user_0082","org_011","search_submitted","","{""query_source"":""base""}","2026-01-05T16:16:33.9931988Z"
"event_000005756","session_00002638","user_0082","org_011","result_clicked","ste_000369","{""position"":2}","2026-01-05T16:16:41.9931988Z"
"event_000005757","session_00002638","user_0082","org_011","favorite_added","ste_000591","{""position"":3,""source"":""search""}","2026-01-05T16:16:44.9931988Z"
"event_000005758","session_00002639","user_0082","org_011","search_submitted","","{""query_source"":""base""}","2025-10-05T05:00:33.9931988Z"
"event_000005759","session_00002639","user_0082","org_011","result_clicked","ste_000598","{""position"":1}","2025-10-05T05:00:41.9931988Z"
"event_000005760","session_00002639","user_0082","org_011","favorite_added","ste_000043","{""position"":7,""source"":""search""}","2025-10-05T05:00:44.9931988Z"
"event_000005761","session_00002639","user_0082","org_011","purchase_completed","ste_000598","{""source"":""search"",""position"":1}","2025-10-05T05:00:51.9931988Z"
"event_000005762","session_00002640","user_0082","org_011","search_submitted","","{""query_source"":""base""}","2026-01-27T04:12:33.9931988Z"
"event_000005763","session_00002640","user_0082","org_011","result_clicked","ste_000664","{""position"":1}","2026-01-27T04:12:41.9931988Z"
"event_000005764","session_00002640","user_0082","org_011","favorite_added","ste_000828","{""position"":6,""source"":""search""}","2026-01-27T04:12:44.9931988Z"
"event_000005765","session_00002641","user_0082","org_011","search_submitted","","{""query_source"":""base""}","2026-01-31T21:37:33.9931988Z"
"event_000005766","session_00002641","user_0082","org_011","result_clicked","ste_000211","{""position"":1}","2026-01-31T21:37:41.9931988Z"
"event_000005767","session_00002642","user_0083","org_011","search_submitted","","{""query_source"":""base""}","2026-03-12T05:48:33.9931988Z"
"event_000005768","session_00002642","user_0083","org_011","result_clicked","ste_000368","{""position"":1}","2026-03-12T05:48:41.9931988Z"
"event_000005769","session_00002643","user_0083","org_011","search_submitted","","{""query_source"":""base""}","2025-10-08T08:14:33.9931988Z"
"event_000005770","session_00002643","user_0083","org_011","result_clicked","ste_001070","{""position"":3}","2025-10-08T08:14:41.9931988Z"
"event_000005771","session_00002643","user_0083","org_011","purchase_completed","ste_001070","{""source"":""search"",""position"":3}","2025-10-08T08:14:51.9931988Z"
"event_000005772","session_00002644","user_0083","org_011","search_submitted","","{""query_source"":""typo""}","2026-02-18T15:11:33.9931988Z"
"event_000005773","session_00002644","user_0083","org_011","result_clicked","ste_001105","{""position"":3}","2026-02-18T15:11:41.9931988Z"
"event_000005774","session_00002644","user_0083","org_011","favorite_added","ste_001105","{""position"":3,""source"":""search""}","2026-02-18T15:11:44.9931988Z"
"event_000005775","session_00002645","user_0083","org_011","search_submitted","","{""query_source"":""base""}","2025-11-04T14:59:33.9931988Z"
"event_000005776","session_00002646","user_0083","org_011","search_submitted","","{""query_source"":""base""}","2025-11-13T03:12:33.9931988Z"
"event_000005777","session_00002647","user_0083","org_011","search_submitted","","{""query_source"":""base""}","2025-11-02T23:25:33.9931988Z"
"event_000005778","session_00002647","user_0083","org_011","result_clicked","ste_000028","{""position"":5}","2025-11-02T23:25:41.9931988Z"
"event_000005779","session_00002647","user_0083","org_011","favorite_added","ste_000040","{""position"":4,""source"":""search""}","2025-11-02T23:25:44.9931988Z"
"event_000005780","session_00002648","user_0083","org_011","search_submitted","","{""query_source"":""base""}","2026-03-06T08:46:33.9931988Z"
"event_000005781","session_00002648","user_0083","org_011","result_clicked","ste_000557","{""position"":2}","2026-03-06T08:46:41.9931988Z"
"event_000005782","session_00002648","user_0083","org_011","favorite_added","ste_001054","{""position"":3,""source"":""search""}","2026-03-06T08:46:44.9931988Z"
"event_000005783","session_00002649","user_0083","org_011","search_submitted","","{""query_source"":""synonym""}","2025-12-09T23:42:33.9931988Z"
"event_000005784","session_00002649","user_0083","org_011","result_clicked","ste_000145","{""position"":4}","2025-12-09T23:42:41.9931988Z"
"event_000005785","session_00002649","user_0083","org_011","favorite_added","ste_000223","{""position"":7,""source"":""search""}","2025-12-09T23:42:44.9931988Z"
"event_000005786","session_00002650","user_0083","org_011","search_submitted","","{""query_source"":""base""}","2025-11-09T10:31:33.9931988Z"
"event_000005787","session_00002650","user_0083","org_011","result_clicked","ste_000055","{""position"":4}","2025-11-09T10:31:41.9931988Z"
"event_000005788","session_00002651","user_0083","org_011","search_submitted","","{""query_source"":""typo""}","2026-02-06T20:33:33.9931988Z"
"event_000005789","session_00002651","user_0083","org_011","result_clicked","ste_000396","{""position"":2}","2026-02-06T20:33:41.9931988Z"
"event_000005790","session_00002651","user_0083","org_011","favorite_added","ste_000682","{""position"":4,""source"":""search""}","2026-02-06T20:33:44.9931988Z"
"event_000005791","session_00002652","user_0083","org_011","search_submitted","","{""query_source"":""base""}","2025-12-31T01:33:33.9931988Z"
"event_000005792","session_00002652","user_0083","org_011","result_clicked","ste_000141","{""position"":2}","2025-12-31T01:33:41.9931988Z"
"event_000005793","session_00002652","user_0083","org_011","purchase_completed","ste_000141","{""source"":""search"",""position"":2}","2025-12-31T01:33:51.9931988Z"
"event_000005794","session_00002653","user_0083","org_011","search_submitted","","{""query_source"":""base""}","2025-11-03T05:56:33.9931988Z"
"event_000005795","session_00002653","user_0083","org_011","result_clicked","ste_000853","{""position"":5}","2025-11-03T05:56:41.9931988Z"
"event_000005796","session_00002653","user_0083","org_011","favorite_added","ste_000765","{""position"":2,""source"":""search""}","2025-11-03T05:56:44.9931988Z"
"event_000005797","session_00002654","user_0083","org_011","search_submitted","","{""query_source"":""base""}","2026-03-19T13:27:33.9931988Z"
"event_000005798","session_00002655","user_0083","org_011","search_submitted","","{""query_source"":""synonym""}","2026-03-22T07:06:33.9931988Z"
"event_000005799","session_00002655","user_0083","org_011","result_clicked","ste_000897","{""position"":4}","2026-03-22T07:06:41.9931988Z"
"event_000005800","session_00002655","user_0083","org_011","purchase_completed","ste_000897","{""source"":""search"",""position"":4}","2026-03-22T07:06:51.9931988Z"
"event_000005801","session_00002656","user_0083","org_011","search_submitted","","{""query_source"":""base""}","2026-03-21T18:35:33.9931988Z"
"event_000005802","session_00002656","user_0083","org_011","result_clicked","ste_000490","{""position"":1}","2026-03-21T18:35:41.9931988Z"
"event_000005803","session_00002656","user_0083","org_011","purchase_completed","ste_000490","{""source"":""search"",""position"":1}","2026-03-21T18:35:51.9931988Z"
"event_000005804","session_00002657","user_0083","org_011","search_submitted","","{""query_source"":""base""}","2026-01-11T18:07:33.9931988Z"
"event_000005805","session_00002657","user_0083","org_011","result_clicked","ste_000215","{""position"":4}","2026-01-11T18:07:41.9931988Z"
"event_000005806","session_00002657","user_0083","org_011","favorite_added","ste_000464","{""position"":3,""source"":""search""}","2026-01-11T18:07:44.9931988Z"
"event_000005807","session_00002657","user_0083","org_011","purchase_completed","ste_000215","{""source"":""search"",""position"":4}","2026-01-11T18:07:51.9931988Z"
"event_000005808","session_00002658","user_0083","org_011","search_submitted","","{""query_source"":""base""}","2025-11-13T23:59:33.9931988Z"
"event_000005809","session_00002658","user_0083","org_011","result_clicked","ste_000402","{""position"":4}","2025-11-13T23:59:41.9931988Z"
"event_000005810","session_00002659","user_0083","org_011","search_submitted","","{""query_source"":""base""}","2026-01-31T14:46:33.9931988Z"
"event_000005811","session_00002659","user_0083","org_011","result_clicked","ste_000902","{""position"":2}","2026-01-31T14:46:41.9931988Z"
"event_000005812","session_00002659","user_0083","org_011","favorite_added","ste_001198","{""position"":7,""source"":""search""}","2026-01-31T14:46:44.9931988Z"
"event_000005813","session_00002660","user_0083","org_011","search_submitted","","{""query_source"":""base""}","2025-11-09T18:14:33.9931988Z"
"event_000005814","session_00002660","user_0083","org_011","result_clicked","ste_000554","{""position"":3}","2025-11-09T18:14:41.9931988Z"
"event_000005815","session_00002661","user_0083","org_011","search_submitted","","{""query_source"":""base""}","2025-11-04T11:13:33.9931988Z"
"event_000005816","session_00002661","user_0083","org_011","result_clicked","ste_000853","{""position"":2}","2025-11-04T11:13:41.9931988Z"
"event_000005817","session_00002662","user_0083","org_011","search_submitted","","{""query_source"":""base""}","2026-01-29T06:29:33.9931988Z"
"event_000005818","session_00002663","user_0083","org_011","search_submitted","","{""query_source"":""base""}","2026-01-30T18:17:33.9931988Z"
"event_000005819","session_00002663","user_0083","org_011","result_clicked","ste_000470","{""position"":2}","2026-01-30T18:17:41.9931988Z"
"event_000005820","session_00002663","user_0083","org_011","favorite_added","ste_001162","{""position"":6,""source"":""search""}","2026-01-30T18:17:44.9931988Z"
"event_000005821","session_00002663","user_0083","org_011","purchase_completed","ste_000470","{""source"":""search"",""position"":2}","2026-01-30T18:17:51.9931988Z"
"event_000005822","session_00002664","user_0083","org_011","search_submitted","","{""query_source"":""synonym""}","2026-03-26T10:59:33.9931988Z"
"event_000005823","session_00002664","user_0083","org_011","result_clicked","ste_000246","{""position"":3}","2026-03-26T10:59:41.9931988Z"
"event_000005824","session_00002664","user_0083","org_011","purchase_completed","ste_000246","{""source"":""search"",""position"":3}","2026-03-26T10:59:51.9931988Z"
"event_000005825","session_00002665","user_0083","org_011","search_submitted","","{""query_source"":""base""}","2026-03-03T09:45:33.9931988Z"
"event_000005826","session_00002665","user_0083","org_011","result_clicked","ste_000750","{""position"":3}","2026-03-03T09:45:41.9931988Z"
"event_000005827","session_00002666","user_0083","org_011","search_submitted","","{""query_source"":""synonym""}","2025-12-08T11:54:33.9931988Z"
"event_000005828","session_00002666","user_0083","org_011","result_clicked","ste_000362","{""position"":3}","2025-12-08T11:54:41.9931988Z"
"event_000005829","session_00002667","user_0083","org_011","search_submitted","","{""query_source"":""base""}","2026-02-16T12:54:33.9931988Z"
"event_000005830","session_00002668","user_0083","org_011","search_submitted","","{""query_source"":""typo""}","2025-12-29T07:01:33.9931988Z"
"event_000005831","session_00002668","user_0083","org_011","result_clicked","ste_000924","{""position"":5}","2025-12-29T07:01:41.9931988Z"
"event_000005832","session_00002668","user_0083","org_011","favorite_added","ste_000862","{""position"":6,""source"":""search""}","2025-12-29T07:01:44.9931988Z"
"event_000005833","session_00002669","user_0083","org_011","search_submitted","","{""query_source"":""base""}","2025-10-06T08:04:33.9931988Z"
"event_000005834","session_00002669","user_0083","org_011","result_clicked","ste_000149","{""position"":3}","2025-10-06T08:04:41.9931988Z"
"event_000005835","session_00002669","user_0083","org_011","favorite_added","ste_000864","{""position"":4,""source"":""search""}","2025-10-06T08:04:44.9931988Z"
"event_000005836","session_00002670","user_0084","org_011","search_submitted","","{""query_source"":""typo""}","2025-10-13T23:41:33.9931988Z"
"event_000005837","session_00002670","user_0084","org_011","result_clicked","ste_000161","{""position"":3}","2025-10-13T23:41:41.9931988Z"
"event_000005838","session_00002670","user_0084","org_011","favorite_added","ste_000806","{""position"":7,""source"":""search""}","2025-10-13T23:41:44.9931988Z"
"event_000005839","session_00002671","user_0084","org_011","search_submitted","","{""query_source"":""base""}","2025-11-30T02:25:33.9931988Z"
"event_000005840","session_00002671","user_0084","org_011","result_clicked","ste_001200","{""position"":2}","2025-11-30T02:25:41.9931988Z"
"event_000005841","session_00002671","user_0084","org_011","favorite_added","ste_000736","{""position"":6,""source"":""search""}","2025-11-30T02:25:44.9931988Z"
"event_000005842","session_00002672","user_0084","org_011","search_submitted","","{""query_source"":""synonym""}","2026-02-06T19:06:33.9931988Z"
"event_000005843","session_00002672","user_0084","org_011","result_clicked","ste_000100","{""position"":4}","2026-02-06T19:06:41.9931988Z"
"event_000005844","session_00002673","user_0084","org_011","search_submitted","","{""query_source"":""base""}","2025-11-21T04:37:33.9931988Z"
"event_000005845","session_00002673","user_0084","org_011","result_clicked","ste_001161","{""position"":4}","2025-11-21T04:37:41.9931988Z"
"event_000005846","session_00002674","user_0084","org_011","search_submitted","","{""query_source"":""base""}","2026-03-18T04:42:33.9931988Z"
"event_000005847","session_00002674","user_0084","org_011","result_clicked","ste_000708","{""position"":2}","2026-03-18T04:42:41.9931988Z"
"event_000005848","session_00002674","user_0084","org_011","favorite_added","ste_000747","{""position"":7,""source"":""search""}","2026-03-18T04:42:44.9931988Z"
"event_000005849","session_00002675","user_0084","org_011","search_submitted","","{""query_source"":""base""}","2025-11-13T23:06:33.9931988Z"
"event_000005850","session_00002675","user_0084","org_011","result_clicked","ste_000748","{""position"":1}","2025-11-13T23:06:41.9931988Z"
"event_000005851","session_00002675","user_0084","org_011","favorite_added","ste_000748","{""position"":1,""source"":""search""}","2025-11-13T23:06:44.9931988Z"
"event_000005852","session_00002676","user_0084","org_011","search_submitted","","{""query_source"":""base""}","2026-01-24T04:09:33.9931988Z"
"event_000005853","session_00002676","user_0084","org_011","result_clicked","ste_000475","{""position"":2}","2026-01-24T04:09:41.9931988Z"
"event_000005854","session_00002676","user_0084","org_011","favorite_added","ste_000937","{""position"":4,""source"":""search""}","2026-01-24T04:09:44.9931988Z"
"event_000005855","session_00002677","user_0084","org_011","search_submitted","","{""query_source"":""base""}","2026-01-30T01:16:33.9931988Z"
"event_000005856","session_00002678","user_0084","org_011","search_submitted","","{""query_source"":""base""}","2025-11-28T13:50:33.9931988Z"
"event_000005857","session_00002678","user_0084","org_011","result_clicked","ste_001001","{""position"":3}","2025-11-28T13:50:41.9931988Z"
"event_000005858","session_00002678","user_0084","org_011","favorite_added","ste_001001","{""position"":3,""source"":""search""}","2025-11-28T13:50:44.9931988Z"
"event_000005859","session_00002679","user_0084","org_011","search_submitted","","{""query_source"":""base""}","2026-02-27T16:43:33.9931988Z"
"event_000005860","session_00002680","user_0084","org_011","search_submitted","","{""query_source"":""typo""}","2025-12-12T07:52:33.9931988Z"
"event_000005861","session_00002680","user_0084","org_011","result_clicked","ste_000064","{""position"":2}","2025-12-12T07:52:41.9931988Z"
"event_000005862","session_00002680","user_0084","org_011","favorite_added","ste_000351","{""position"":5,""source"":""search""}","2025-12-12T07:52:44.9931988Z"
"event_000005863","session_00002681","user_0084","org_011","search_submitted","","{""query_source"":""base""}","2025-10-06T19:59:33.9931988Z"
"event_000005864","session_00002681","user_0084","org_011","result_clicked","ste_000138","{""position"":1}","2025-10-06T19:59:41.9931988Z"
"event_000005865","session_00002682","user_0084","org_011","search_submitted","","{""query_source"":""synonym""}","2026-01-02T21:53:33.9931988Z"
"event_000005866","session_00002682","user_0084","org_011","result_clicked","ste_000703","{""position"":4}","2026-01-02T21:53:41.9931988Z"
"event_000005867","session_00002683","user_0084","org_011","search_submitted","","{""query_source"":""base""}","2026-03-05T19:02:33.9931988Z"
"event_000005868","session_00002684","user_0084","org_011","search_submitted","","{""query_source"":""base""}","2025-12-13T23:25:33.9931988Z"
"event_000005869","session_00002685","user_0084","org_011","search_submitted","","{""query_source"":""base""}","2026-03-14T07:35:33.9931988Z"
"event_000005870","session_00002686","user_0084","org_011","search_submitted","","{""query_source"":""base""}","2025-11-29T08:15:33.9931988Z"
"event_000005871","session_00002686","user_0084","org_011","result_clicked","ste_001089","{""position"":2}","2025-11-29T08:15:41.9931988Z"
"event_000005872","session_00002687","user_0084","org_011","search_submitted","","{""query_source"":""base""}","2026-03-18T03:39:33.9931988Z"
"event_000005873","session_00002688","user_0084","org_011","search_submitted","","{""query_source"":""base""}","2025-12-15T12:33:33.9931988Z"
"event_000005874","session_00002688","user_0084","org_011","result_clicked","ste_000816","{""position"":2}","2025-12-15T12:33:41.9931988Z"
"event_000005875","session_00002688","user_0084","org_011","purchase_completed","ste_000816","{""source"":""search"",""position"":2}","2025-12-15T12:33:51.9931988Z"
"event_000005876","session_00002689","user_0084","org_011","search_submitted","","{""query_source"":""base""}","2025-11-10T00:12:33.9931988Z"
"event_000005877","session_00002689","user_0084","org_011","result_clicked","ste_001136","{""position"":3}","2025-11-10T00:12:41.9931988Z"
"event_000005878","session_00002690","user_0084","org_011","search_submitted","","{""query_source"":""synonym""}","2026-02-25T18:49:33.9931988Z"
"event_000005879","session_00002691","user_0084","org_011","search_submitted","","{""query_source"":""base""}","2026-02-04T21:46:33.9931988Z"
"event_000005880","session_00002691","user_0084","org_011","result_clicked","ste_000097","{""position"":2}","2026-02-04T21:46:41.9931988Z"
"event_000005881","session_00002692","user_0084","org_011","search_submitted","","{""query_source"":""base""}","2026-02-23T19:45:33.9931988Z"
"event_000005882","session_00002692","user_0084","org_011","result_clicked","ste_000150","{""position"":1}","2026-02-23T19:45:41.9931988Z"
"event_000005883","session_00002692","user_0084","org_011","favorite_added","ste_000019","{""position"":4,""source"":""search""}","2026-02-23T19:45:44.9931988Z"
"event_000005884","session_00002692","user_0084","org_011","purchase_completed","ste_000150","{""source"":""search"",""position"":1}","2026-02-23T19:45:51.9931988Z"
"event_000005885","session_00002693","user_0084","org_011","search_submitted","","{""query_source"":""typo""}","2026-01-29T07:30:33.9931988Z"
"event_000005886","session_00002693","user_0084","org_011","result_clicked","ste_000327","{""position"":2}","2026-01-29T07:30:41.9931988Z"
"event_000005887","session_00002693","user_0084","org_011","purchase_completed","ste_000327","{""source"":""search"",""position"":2}","2026-01-29T07:30:51.9931988Z"
"event_000005888","session_00002694","user_0084","org_011","search_submitted","","{""query_source"":""base""}","2025-12-03T06:11:33.9931988Z"
"event_000005889","session_00002694","user_0084","org_011","result_clicked","ste_001054","{""position"":4}","2025-12-03T06:11:41.9931988Z"
"event_000005890","session_00002694","user_0084","org_011","purchase_completed","ste_001054","{""source"":""search"",""position"":4}","2025-12-03T06:11:51.9931988Z"
"event_000005891","session_00002695","user_0084","org_011","search_submitted","","{""query_source"":""base""}","2025-10-31T13:55:33.9931988Z"
"event_000005892","session_00002695","user_0084","org_011","result_clicked","ste_000471","{""position"":5}","2025-10-31T13:55:41.9931988Z"
"event_000005893","session_00002695","user_0084","org_011","favorite_added","ste_000184","{""position"":1,""source"":""search""}","2025-10-31T13:55:44.9931988Z"
"event_000005894","session_00002696","user_0084","org_011","search_submitted","","{""query_source"":""base""}","2026-02-12T15:20:33.9931988Z"
"event_000005895","session_00002696","user_0084","org_011","result_clicked","ste_000716","{""position"":1}","2026-02-12T15:20:41.9931988Z"
"event_000005896","session_00002697","user_0084","org_011","search_submitted","","{""query_source"":""base""}","2025-12-05T22:42:33.9931988Z"
"event_000005897","session_00002697","user_0084","org_011","result_clicked","ste_000079","{""position"":1}","2025-12-05T22:42:41.9931988Z"
"event_000005898","session_00002698","user_0084","org_011","search_submitted","","{""query_source"":""base""}","2026-02-08T11:36:33.9931988Z"
"event_000005899","session_00002698","user_0084","org_011","result_clicked","ste_000150","{""position"":2}","2026-02-08T11:36:41.9931988Z"
"event_000005900","session_00002698","user_0084","org_011","favorite_added","ste_000318","{""position"":6,""source"":""search""}","2026-02-08T11:36:44.9931988Z"
"event_000005901","session_00002699","user_0084","org_011","search_submitted","","{""query_source"":""typo""}","2026-01-23T20:18:33.9931988Z"
"event_000005902","session_00002699","user_0084","org_011","result_clicked","ste_000098","{""position"":1}","2026-01-23T20:18:41.9931988Z"
"event_000005903","session_00002699","user_0084","org_011","favorite_added","ste_000483","{""position"":3,""source"":""search""}","2026-01-23T20:18:44.9931988Z"
"event_000005904","session_00002699","user_0084","org_011","purchase_completed","ste_000098","{""source"":""search"",""position"":1}","2026-01-23T20:18:51.9931988Z"
"event_000005905","session_00002700","user_0084","org_011","search_submitted","","{""query_source"":""base""}","2026-01-20T15:31:33.9931988Z"
"event_000005906","session_00002700","user_0084","org_011","result_clicked","ste_000427","{""position"":1}","2026-01-20T15:31:41.9931988Z"
"event_000005907","session_00002700","user_0084","org_011","favorite_added","ste_000427","{""position"":1,""source"":""search""}","2026-01-20T15:31:44.9931988Z"
"event_000005908","session_00002701","user_0084","org_011","search_submitted","","{""query_source"":""base""}","2026-02-26T09:10:33.9931988Z"
"event_000005909","session_00002702","user_0084","org_011","search_submitted","","{""query_source"":""base""}","2026-03-23T04:45:33.9931988Z"
"event_000005910","session_00002703","user_0084","org_011","search_submitted","","{""query_source"":""base""}","2026-01-25T10:36:33.9931988Z"
"event_000005911","session_00002703","user_0084","org_011","result_clicked","ste_000613","{""position"":5}","2026-01-25T10:36:41.9931988Z"
"event_000005912","session_00002703","user_0084","org_011","purchase_completed","ste_000613","{""source"":""search"",""position"":5}","2026-01-25T10:36:51.9931988Z"
"event_000005913","session_00002704","user_0084","org_011","search_submitted","","{""query_source"":""synonym""}","2025-12-11T16:29:33.9931988Z"
"event_000005914","session_00002704","user_0084","org_011","result_clicked","ste_000576","{""position"":5}","2025-12-11T16:29:41.9931988Z"
"event_000005915","session_00002704","user_0084","org_011","favorite_added","ste_000653","{""position"":2,""source"":""search""}","2025-12-11T16:29:44.9931988Z"
"event_000005916","session_00002705","user_0085","org_011","search_submitted","","{""query_source"":""synonym""}","2026-03-21T21:34:33.9931988Z"
"event_000005917","session_00002705","user_0085","org_011","result_clicked","ste_000513","{""position"":2}","2026-03-21T21:34:41.9931988Z"
"event_000005918","session_00002705","user_0085","org_011","purchase_completed","ste_000513","{""source"":""search"",""position"":2}","2026-03-21T21:34:51.9931988Z"
"event_000005919","session_00002706","user_0085","org_011","search_submitted","","{""query_source"":""base""}","2025-12-12T10:27:33.9931988Z"
"event_000005920","session_00002706","user_0085","org_011","result_clicked","ste_000936","{""position"":5}","2025-12-12T10:27:41.9931988Z"
"event_000005921","session_00002706","user_0085","org_011","favorite_added","ste_000372","{""position"":1,""source"":""search""}","2025-12-12T10:27:44.9931988Z"
"event_000005922","session_00002707","user_0085","org_011","search_submitted","","{""query_source"":""base""}","2025-11-07T12:29:33.9931988Z"
"event_000005923","session_00002708","user_0085","org_011","search_submitted","","{""query_source"":""base""}","2025-12-27T02:04:33.9931988Z"
"event_000005924","session_00002708","user_0085","org_011","result_clicked","ste_000148","{""position"":2}","2025-12-27T02:04:41.9931988Z"
"event_000005925","session_00002709","user_0085","org_011","search_submitted","","{""query_source"":""typo""}","2026-01-16T09:53:33.9931988Z"
"event_000005926","session_00002709","user_0085","org_011","result_clicked","ste_000967","{""position"":3}","2026-01-16T09:53:41.9931988Z"
"event_000005927","session_00002709","user_0085","org_011","favorite_added","ste_000455","{""position"":2,""source"":""search""}","2026-01-16T09:53:44.9931988Z"
"event_000005928","session_00002709","user_0085","org_011","purchase_completed","ste_000967","{""source"":""search"",""position"":3}","2026-01-16T09:53:51.9931988Z"
"event_000005929","session_00002710","user_0085","org_011","search_submitted","","{""query_source"":""base""}","2025-10-08T19:17:33.9931988Z"
"event_000005930","session_00002710","user_0085","org_011","result_clicked","ste_000436","{""position"":3}","2025-10-08T19:17:41.9931988Z"
"event_000005931","session_00002711","user_0085","org_011","search_submitted","","{""query_source"":""typo""}","2026-03-19T21:17:33.9931988Z"
"event_000005932","session_00002712","user_0085","org_011","search_submitted","","{""query_source"":""synonym""}","2025-12-13T19:57:33.9931988Z"
"event_000005933","session_00002712","user_0085","org_011","result_clicked","ste_000213","{""position"":3}","2025-12-13T19:57:41.9931988Z"
"event_000005934","session_00002712","user_0085","org_011","purchase_completed","ste_000213","{""source"":""search"",""position"":3}","2025-12-13T19:57:51.9931988Z"
"event_000005935","session_00002713","user_0085","org_011","search_submitted","","{""query_source"":""base""}","2026-01-29T09:44:33.9931988Z"
"event_000005936","session_00002713","user_0085","org_011","result_clicked","ste_000816","{""position"":4}","2026-01-29T09:44:41.9931988Z"
"event_000005937","session_00002713","user_0085","org_011","favorite_added","ste_000689","{""position"":5,""source"":""search""}","2026-01-29T09:44:44.9931988Z"
"event_000005938","session_00002714","user_0085","org_011","search_submitted","","{""query_source"":""base""}","2026-03-24T11:41:33.9931988Z"
"event_000005939","session_00002714","user_0085","org_011","result_clicked","ste_000435","{""position"":5}","2026-03-24T11:41:41.9931988Z"
"event_000005940","session_00002714","user_0085","org_011","purchase_completed","ste_000435","{""source"":""search"",""position"":5}","2026-03-24T11:41:51.9931988Z"
"event_000005941","session_00002715","user_0085","org_011","search_submitted","","{""query_source"":""base""}","2025-10-25T21:28:33.9931988Z"
"event_000005942","session_00002716","user_0085","org_011","search_submitted","","{""query_source"":""synonym""}","2026-03-09T23:43:33.9931988Z"
"event_000005943","session_00002717","user_0085","org_011","search_submitted","","{""query_source"":""base""}","2025-12-27T15:45:33.9931988Z"
"event_000005944","session_00002718","user_0085","org_011","search_submitted","","{""query_source"":""base""}","2025-10-22T03:02:33.9931988Z"
"event_000005945","session_00002719","user_0085","org_011","search_submitted","","{""query_source"":""base""}","2026-02-20T04:39:33.9931988Z"
"event_000005946","session_00002720","user_0085","org_011","search_submitted","","{""query_source"":""synonym""}","2026-02-22T07:04:33.9931988Z"
"event_000005947","session_00002720","user_0085","org_011","result_clicked","ste_000916","{""position"":2}","2026-02-22T07:04:41.9931988Z"
"event_000005948","session_00002720","user_0085","org_011","favorite_added","ste_000677","{""position"":5,""source"":""search""}","2026-02-22T07:04:44.9931988Z"
"event_000005949","session_00002721","user_0085","org_011","search_submitted","","{""query_source"":""base""}","2026-01-15T05:14:33.9931988Z"
"event_000005950","session_00002721","user_0085","org_011","result_clicked","ste_000103","{""position"":3}","2026-01-15T05:14:41.9931988Z"
"event_000005951","session_00002722","user_0085","org_011","search_submitted","","{""query_source"":""base""}","2025-10-21T08:59:33.9931988Z"
"event_000005952","session_00002722","user_0085","org_011","result_clicked","ste_000516","{""position"":2}","2025-10-21T08:59:41.9931988Z"
"event_000005953","session_00002722","user_0085","org_011","favorite_added","ste_000516","{""position"":2,""source"":""search""}","2025-10-21T08:59:44.9931988Z"
"event_000005954","session_00002722","user_0085","org_011","purchase_completed","ste_000516","{""source"":""search"",""position"":2}","2025-10-21T08:59:51.9931988Z"
"event_000005955","session_00002723","user_0085","org_011","search_submitted","","{""query_source"":""base""}","2025-10-17T02:05:33.9931988Z"
"event_000005956","session_00002724","user_0085","org_011","search_submitted","","{""query_source"":""base""}","2025-09-29T09:13:33.9931988Z"
"event_000005957","session_00002724","user_0085","org_011","result_clicked","ste_000463","{""position"":1}","2025-09-29T09:13:41.9931988Z"
"event_000005958","session_00002724","user_0085","org_011","favorite_added","ste_000463","{""position"":1,""source"":""search""}","2025-09-29T09:13:44.9931988Z"
"event_000005959","session_00002725","user_0085","org_011","search_submitted","","{""query_source"":""base""}","2025-11-11T06:11:33.9931988Z"
"event_000005960","session_00002726","user_0085","org_011","search_submitted","","{""query_source"":""base""}","2025-12-19T23:43:33.9931988Z"
"event_000005961","session_00002727","user_0085","org_011","search_submitted","","{""query_source"":""synonym""}","2026-02-15T15:03:33.9931988Z"
"event_000005962","session_00002727","user_0085","org_011","result_clicked","ste_000001","{""position"":4}","2026-02-15T15:03:41.9931988Z"
"event_000005963","session_00002727","user_0085","org_011","favorite_added","ste_000632","{""position"":5,""source"":""search""}","2026-02-15T15:03:44.9931988Z"
"event_000005964","session_00002727","user_0085","org_011","purchase_completed","ste_000001","{""source"":""search"",""position"":4}","2026-02-15T15:03:51.9931988Z"
"event_000005965","session_00002728","user_0085","org_011","search_submitted","","{""query_source"":""base""}","2025-10-18T11:06:33.9931988Z"
"event_000005966","session_00002729","user_0085","org_011","search_submitted","","{""query_source"":""synonym""}","2025-10-30T08:08:33.9931988Z"
"event_000005967","session_00002729","user_0085","org_011","result_clicked","ste_000873","{""position"":1}","2025-10-30T08:08:41.9931988Z"
"event_000005968","session_00002729","user_0085","org_011","purchase_completed","ste_000873","{""source"":""search"",""position"":1}","2025-10-30T08:08:51.9931988Z"
"event_000005969","session_00002730","user_0085","org_011","search_submitted","","{""query_source"":""base""}","2026-03-14T08:00:33.9931988Z"
"event_000005970","session_00002730","user_0085","org_011","result_clicked","ste_001042","{""position"":3}","2026-03-14T08:00:41.9931988Z"
"event_000005971","session_00002731","user_0085","org_011","search_submitted","","{""query_source"":""base""}","2026-03-16T13:21:33.9931988Z"
"event_000005972","session_00002731","user_0085","org_011","result_clicked","ste_000732","{""position"":3}","2026-03-16T13:21:41.9931988Z"
"event_000005973","session_00002732","user_0085","org_011","search_submitted","","{""query_source"":""base""}","2026-03-21T02:47:33.9931988Z"
"event_000005974","session_00002732","user_0085","org_011","result_clicked","ste_001128","{""position"":5}","2026-03-21T02:47:41.9931988Z"
"event_000005975","session_00002732","user_0085","org_011","favorite_added","ste_000625","{""position"":1,""source"":""search""}","2026-03-21T02:47:44.9931988Z"
"event_000005976","session_00002732","user_0085","org_011","purchase_completed","ste_001128","{""source"":""search"",""position"":5}","2026-03-21T02:47:51.9931988Z"
"event_000005977","session_00002733","user_0085","org_011","search_submitted","","{""query_source"":""base""}","2025-11-05T09:47:33.9931988Z"
"event_000005978","session_00002733","user_0085","org_011","result_clicked","ste_000815","{""position"":5}","2025-11-05T09:47:41.9931988Z"
"event_000005979","session_00002733","user_0085","org_011","favorite_added","ste_000815","{""position"":5,""source"":""search""}","2025-11-05T09:47:44.9931988Z"
"event_000005980","session_00002733","user_0085","org_011","purchase_completed","ste_000815","{""source"":""search"",""position"":5}","2025-11-05T09:47:51.9931988Z"
"event_000005981","session_00002734","user_0085","org_011","search_submitted","","{""query_source"":""base""}","2026-02-27T12:35:33.9931988Z"
"event_000005982","session_00002735","user_0085","org_011","search_submitted","","{""query_source"":""base""}","2026-02-06T02:14:33.9931988Z"
"event_000005983","session_00002735","user_0085","org_011","result_clicked","ste_000520","{""position"":3}","2026-02-06T02:14:41.9931988Z"
"event_000005984","session_00002736","user_0085","org_011","search_submitted","","{""query_source"":""synonym""}","2025-12-27T14:43:33.9931988Z"
"event_000005985","session_00002736","user_0085","org_011","result_clicked","ste_000070","{""position"":4}","2025-12-27T14:43:41.9931988Z"
"event_000005986","session_00002737","user_0085","org_011","search_submitted","","{""query_source"":""typo""}","2026-02-15T15:57:33.9931988Z"
"event_000005987","session_00002737","user_0085","org_011","result_clicked","ste_000039","{""position"":2}","2026-02-15T15:57:41.9931988Z"
"event_000005988","session_00002737","user_0085","org_011","purchase_completed","ste_000039","{""source"":""search"",""position"":2}","2026-02-15T15:57:51.9931988Z"
"event_000005989","session_00002738","user_0085","org_011","search_submitted","","{""query_source"":""typo""}","2026-01-28T19:44:33.9931988Z"
"event_000005990","session_00002739","user_0085","org_011","search_submitted","","{""query_source"":""base""}","2026-03-01T18:37:33.9931988Z"
"event_000005991","session_00002740","user_0085","org_011","search_submitted","","{""query_source"":""base""}","2025-12-23T01:47:33.9931988Z"
"event_000005992","session_00002740","user_0085","org_011","result_clicked","ste_000633","{""position"":4}","2025-12-23T01:47:41.9931988Z"
"event_000005993","session_00002740","user_0085","org_011","purchase_completed","ste_000633","{""source"":""search"",""position"":4}","2025-12-23T01:47:51.9931988Z"
"event_000005994","session_00002741","user_0086","org_011","search_submitted","","{""query_source"":""base""}","2026-03-20T01:04:33.9931988Z"
"event_000005995","session_00002742","user_0086","org_011","search_submitted","","{""query_source"":""base""}","2026-02-26T09:06:33.9931988Z"
"event_000005996","session_00002743","user_0086","org_011","search_submitted","","{""query_source"":""synonym""}","2025-11-14T23:01:33.9931988Z"
"event_000005997","session_00002743","user_0086","org_011","result_clicked","ste_000198","{""position"":3}","2025-11-14T23:01:41.9931988Z"
"event_000005998","session_00002744","user_0086","org_011","search_submitted","","{""query_source"":""synonym""}","2026-02-20T03:42:33.9931988Z"
"event_000005999","session_00002744","user_0086","org_011","result_clicked","ste_000898","{""position"":3}","2026-02-20T03:42:41.9931988Z"
"event_000006000","session_00002744","user_0086","org_011","favorite_added","ste_001140","{""position"":2,""source"":""search""}","2026-02-20T03:42:44.9931988Z"
"event_000006001","session_00002745","user_0086","org_011","search_submitted","","{""query_source"":""base""}","2026-02-06T21:22:33.9931988Z"
"event_000006002","session_00002746","user_0086","org_011","search_submitted","","{""query_source"":""typo""}","2025-09-30T08:17:33.9931988Z"
"event_000006003","session_00002747","user_0086","org_011","search_submitted","","{""query_source"":""base""}","2025-11-16T07:19:33.9931988Z"
"event_000006004","session_00002747","user_0086","org_011","result_clicked","ste_000025","{""position"":4}","2025-11-16T07:19:41.9931988Z"
"event_000006005","session_00002747","user_0086","org_011","favorite_added","ste_001053","{""position"":3,""source"":""search""}","2025-11-16T07:19:44.9931988Z"
"event_000006006","session_00002747","user_0086","org_011","purchase_completed","ste_000025","{""source"":""search"",""position"":4}","2025-11-16T07:19:51.9931988Z"
"event_000006007","session_00002748","user_0086","org_011","search_submitted","","{""query_source"":""base""}","2026-01-16T15:43:33.9931988Z"
"event_000006008","session_00002748","user_0086","org_011","result_clicked","ste_000730","{""position"":5}","2026-01-16T15:43:41.9931988Z"
"event_000006009","session_00002749","user_0086","org_011","search_submitted","","{""query_source"":""base""}","2026-01-04T09:26:33.9931988Z"
"event_000006010","session_00002749","user_0086","org_011","result_clicked","ste_000366","{""position"":3}","2026-01-04T09:26:41.9931988Z"
"event_000006011","session_00002750","user_0086","org_011","search_submitted","","{""query_source"":""base""}","2026-01-07T14:36:33.9931988Z"
"event_000006012","session_00002751","user_0086","org_011","search_submitted","","{""query_source"":""base""}","2025-11-17T12:21:33.9931988Z"
"event_000006013","session_00002751","user_0086","org_011","result_clicked","ste_000241","{""position"":1}","2025-11-17T12:21:41.9931988Z"
"event_000006014","session_00002751","user_0086","org_011","favorite_added","ste_000171","{""position"":2,""source"":""search""}","2025-11-17T12:21:44.9931988Z"
"event_000006015","session_00002752","user_0086","org_011","search_submitted","","{""query_source"":""base""}","2026-03-20T03:53:33.9931988Z"
"event_000006016","session_00002752","user_0086","org_011","result_clicked","ste_000196","{""position"":5}","2026-03-20T03:53:41.9931988Z"
"event_000006017","session_00002752","user_0086","org_011","favorite_added","ste_000196","{""position"":5,""source"":""search""}","2026-03-20T03:53:44.9931988Z"
"event_000006018","session_00002753","user_0086","org_011","search_submitted","","{""query_source"":""synonym""}","2026-01-26T11:38:33.9931988Z"
"event_000006019","session_00002753","user_0086","org_011","result_clicked","ste_000003","{""position"":2}","2026-01-26T11:38:41.9931988Z"
"event_000006020","session_00002754","user_0086","org_011","search_submitted","","{""query_source"":""base""}","2025-12-28T14:13:33.9931988Z"
"event_000006021","session_00002754","user_0086","org_011","result_clicked","ste_001168","{""position"":4}","2025-12-28T14:13:41.9931988Z"
"event_000006022","session_00002754","user_0086","org_011","favorite_added","ste_000179","{""position"":7,""source"":""search""}","2025-12-28T14:13:44.9931988Z"
"event_000006023","session_00002755","user_0086","org_011","search_submitted","","{""query_source"":""base""}","2025-12-13T20:59:33.9931988Z"
"event_000006024","session_00002756","user_0086","org_011","search_submitted","","{""query_source"":""base""}","2026-03-05T05:54:33.9931988Z"
"event_000006025","session_00002756","user_0086","org_011","result_clicked","ste_000775","{""position"":2}","2026-03-05T05:54:41.9931988Z"
"event_000006026","session_00002757","user_0086","org_011","search_submitted","","{""query_source"":""base""}","2025-11-30T08:41:33.9931988Z"
"event_000006027","session_00002757","user_0086","org_011","result_clicked","ste_000615","{""position"":1}","2025-11-30T08:41:41.9931988Z"
"event_000006028","session_00002757","user_0086","org_011","purchase_completed","ste_000615","{""source"":""search"",""position"":1}","2025-11-30T08:41:51.9931988Z"
"event_000006029","session_00002758","user_0086","org_011","search_submitted","","{""query_source"":""base""}","2026-01-25T17:24:33.9931988Z"
"event_000006030","session_00002758","user_0086","org_011","result_clicked","ste_001145","{""position"":2}","2026-01-25T17:24:41.9931988Z"
"event_000006031","session_00002759","user_0086","org_011","search_submitted","","{""query_source"":""base""}","2026-01-09T20:48:33.9931988Z"
"event_000006032","session_00002759","user_0086","org_011","result_clicked","ste_000528","{""position"":2}","2026-01-09T20:48:41.9931988Z"
"event_000006033","session_00002759","user_0086","org_011","favorite_added","ste_000049","{""position"":4,""source"":""search""}","2026-01-09T20:48:44.9931988Z"
"event_000006034","session_00002760","user_0086","org_011","search_submitted","","{""query_source"":""base""}","2025-12-01T15:09:33.9931988Z"
"event_000006035","session_00002760","user_0086","org_011","result_clicked","ste_001062","{""position"":2}","2025-12-01T15:09:41.9931988Z"
"event_000006036","session_00002760","user_0086","org_011","favorite_added","ste_001062","{""position"":2,""source"":""search""}","2025-12-01T15:09:44.9931988Z"
"event_000006037","session_00002760","user_0086","org_011","purchase_completed","ste_001062","{""source"":""search"",""position"":2}","2025-12-01T15:09:51.9931988Z"
"event_000006038","session_00002761","user_0086","org_011","search_submitted","","{""query_source"":""base""}","2025-12-08T03:39:33.9931988Z"
"event_000006039","session_00002761","user_0086","org_011","result_clicked","ste_000575","{""position"":1}","2025-12-08T03:39:41.9931988Z"
"event_000006040","session_00002762","user_0086","org_011","search_submitted","","{""query_source"":""base""}","2026-03-06T18:25:33.9931988Z"
"event_000006041","session_00002762","user_0086","org_011","result_clicked","ste_000487","{""position"":2}","2026-03-06T18:25:41.9931988Z"
"event_000006042","session_00002763","user_0086","org_011","search_submitted","","{""query_source"":""typo""}","2025-12-23T12:16:33.9931988Z"
"event_000006043","session_00002763","user_0086","org_011","result_clicked","ste_000631","{""position"":5}","2025-12-23T12:16:41.9931988Z"
"event_000006044","session_00002764","user_0086","org_011","search_submitted","","{""query_source"":""base""}","2025-11-26T16:05:33.9931988Z"
"event_000006045","session_00002764","user_0086","org_011","result_clicked","ste_000610","{""position"":2}","2025-11-26T16:05:41.9931988Z"
"event_000006046","session_00002764","user_0086","org_011","favorite_added","ste_000747","{""position"":5,""source"":""search""}","2025-11-26T16:05:44.9931988Z"
"event_000006047","session_00002765","user_0086","org_011","search_submitted","","{""query_source"":""typo""}","2026-01-09T20:25:33.9931988Z"
"event_000006048","session_00002765","user_0086","org_011","result_clicked","ste_000804","{""position"":3}","2026-01-09T20:25:41.9931988Z"
"event_000006049","session_00002765","user_0086","org_011","favorite_added","ste_000618","{""position"":4,""source"":""search""}","2026-01-09T20:25:44.9931988Z"
"event_000006050","session_00002766","user_0086","org_011","search_submitted","","{""query_source"":""base""}","2025-10-05T22:01:33.9931988Z"
"event_000006051","session_00002766","user_0086","org_011","result_clicked","ste_000778","{""position"":2}","2025-10-05T22:01:41.9931988Z"
"event_000006052","session_00002767","user_0086","org_011","search_submitted","","{""query_source"":""base""}","2025-11-16T18:29:33.9931988Z"
"event_000006053","session_00002767","user_0086","org_011","result_clicked","ste_000010","{""position"":1}","2025-11-16T18:29:41.9931988Z"
"event_000006054","session_00002767","user_0086","org_011","favorite_added","ste_000639","{""position"":7,""source"":""search""}","2025-11-16T18:29:44.9931988Z"
"event_000006055","session_00002768","user_0086","org_011","search_submitted","","{""query_source"":""typo""}","2026-03-16T12:22:33.9931988Z"
"event_000006056","session_00002768","user_0086","org_011","result_clicked","ste_001085","{""position"":5}","2026-03-16T12:22:41.9931988Z"
"event_000006057","session_00002768","user_0086","org_011","purchase_completed","ste_001085","{""source"":""search"",""position"":5}","2026-03-16T12:22:51.9931988Z"
"event_000006058","session_00002769","user_0086","org_011","search_submitted","","{""query_source"":""base""}","2026-03-11T12:21:33.9931988Z"
"event_000006059","session_00002770","user_0086","org_011","search_submitted","","{""query_source"":""synonym""}","2026-01-20T14:33:33.9931988Z"
"event_000006060","session_00002770","user_0086","org_011","result_clicked","ste_000456","{""position"":3}","2026-01-20T14:33:41.9931988Z"
"event_000006061","session_00002771","user_0086","org_011","search_submitted","","{""query_source"":""base""}","2025-10-23T05:21:33.9931988Z"
"event_000006062","session_00002771","user_0086","org_011","result_clicked","ste_000662","{""position"":1}","2025-10-23T05:21:41.9931988Z"
"event_000006063","session_00002771","user_0086","org_011","favorite_added","ste_000260","{""position"":2,""source"":""search""}","2025-10-23T05:21:44.9931988Z"
"event_000006064","session_00002771","user_0086","org_011","purchase_completed","ste_000662","{""source"":""search"",""position"":1}","2025-10-23T05:21:51.9931988Z"
"event_000006065","session_00002772","user_0086","org_011","search_submitted","","{""query_source"":""base""}","2025-11-25T19:22:33.9931988Z"
"event_000006066","session_00002772","user_0086","org_011","result_clicked","ste_000655","{""position"":4}","2025-11-25T19:22:41.9931988Z"
"event_000006067","session_00002772","user_0086","org_011","purchase_completed","ste_000655","{""source"":""search"",""position"":4}","2025-11-25T19:22:51.9931988Z"
"event_000006068","session_00002773","user_0086","org_011","search_submitted","","{""query_source"":""base""}","2025-11-23T10:10:33.9931988Z"
"event_000006069","session_00002773","user_0086","org_011","result_clicked","ste_000231","{""position"":4}","2025-11-23T10:10:41.9931988Z"
"event_000006070","session_00002774","user_0086","org_011","search_submitted","","{""query_source"":""base""}","2026-02-17T21:28:33.9931988Z"
"event_000006071","session_00002775","user_0086","org_011","search_submitted","","{""query_source"":""base""}","2026-02-16T09:19:33.9931988Z"
"event_000006072","session_00002776","user_0087","org_011","search_submitted","","{""query_source"":""base""}","2025-10-20T10:45:33.9931988Z"
"event_000006073","session_00002776","user_0087","org_011","result_clicked","ste_000255","{""position"":4}","2025-10-20T10:45:41.9931988Z"
"event_000006074","session_00002776","user_0087","org_011","favorite_added","ste_000578","{""position"":1,""source"":""search""}","2025-10-20T10:45:44.9931988Z"
"event_000006075","session_00002776","user_0087","org_011","purchase_completed","ste_000255","{""source"":""search"",""position"":4}","2025-10-20T10:45:51.9931988Z"
"event_000006076","session_00002777","user_0087","org_011","search_submitted","","{""query_source"":""base""}","2025-09-29T01:13:33.9931988Z"
"event_000006077","session_00002777","user_0087","org_011","result_clicked","ste_000203","{""position"":1}","2025-09-29T01:13:41.9931988Z"
"event_000006078","session_00002778","user_0087","org_011","search_submitted","","{""query_source"":""typo""}","2025-12-08T01:43:33.9931988Z"
"event_000006079","session_00002778","user_0087","org_011","result_clicked","ste_001097","{""position"":3}","2025-12-08T01:43:41.9931988Z"
"event_000006080","session_00002779","user_0087","org_011","search_submitted","","{""query_source"":""base""}","2026-02-23T09:47:33.9931988Z"
"event_000006081","session_00002779","user_0087","org_011","result_clicked","ste_000084","{""position"":1}","2026-02-23T09:47:41.9931988Z"
"event_000006082","session_00002779","user_0087","org_011","favorite_added","ste_000767","{""position"":7,""source"":""search""}","2026-02-23T09:47:44.9931988Z"
"event_000006083","session_00002780","user_0087","org_011","search_submitted","","{""query_source"":""base""}","2026-02-23T13:23:33.9931988Z"
"event_000006084","session_00002780","user_0087","org_011","result_clicked","ste_000235","{""position"":4}","2026-02-23T13:23:41.9931988Z"
"event_000006085","session_00002781","user_0087","org_011","search_submitted","","{""query_source"":""base""}","2026-03-15T05:27:33.9931988Z"
"event_000006086","session_00002781","user_0087","org_011","result_clicked","ste_001172","{""position"":3}","2026-03-15T05:27:41.9931988Z"
"event_000006087","session_00002781","user_0087","org_011","purchase_completed","ste_001172","{""source"":""search"",""position"":3}","2026-03-15T05:27:51.9931988Z"
"event_000006088","session_00002782","user_0087","org_011","search_submitted","","{""query_source"":""typo""}","2026-01-07T12:07:33.9931988Z"
"event_000006089","session_00002782","user_0087","org_011","result_clicked","ste_001188","{""position"":2}","2026-01-07T12:07:41.9931988Z"
"event_000006090","session_00002783","user_0087","org_011","search_submitted","","{""query_source"":""base""}","2025-11-10T09:46:33.9931988Z"
"event_000006091","session_00002783","user_0087","org_011","result_clicked","ste_000778","{""position"":3}","2025-11-10T09:46:41.9931988Z"
"event_000006092","session_00002783","user_0087","org_011","favorite_added","ste_000441","{""position"":4,""source"":""search""}","2025-11-10T09:46:44.9931988Z"
"event_000006093","session_00002784","user_0087","org_011","search_submitted","","{""query_source"":""base""}","2026-02-01T18:28:33.9931988Z"
"event_000006094","session_00002784","user_0087","org_011","result_clicked","ste_001031","{""position"":1}","2026-02-01T18:28:41.9931988Z"
"event_000006095","session_00002784","user_0087","org_011","favorite_added","ste_001031","{""position"":1,""source"":""search""}","2026-02-01T18:28:44.9931988Z"
"event_000006096","session_00002784","user_0087","org_011","purchase_completed","ste_001031","{""source"":""search"",""position"":1}","2026-02-01T18:28:51.9931988Z"
"event_000006097","session_00002785","user_0087","org_011","search_submitted","","{""query_source"":""base""}","2026-03-08T13:01:33.9931988Z"
"event_000006098","session_00002786","user_0087","org_011","search_submitted","","{""query_source"":""base""}","2026-01-23T17:30:33.9931988Z"
"event_000006099","session_00002786","user_0087","org_011","result_clicked","ste_000915","{""position"":3}","2026-01-23T17:30:41.9931988Z"
"event_000006100","session_00002787","user_0087","org_011","search_submitted","","{""query_source"":""base""}","2025-10-20T01:01:33.9931988Z"
"event_000006101","session_00002787","user_0087","org_011","result_clicked","ste_000064","{""position"":2}","2025-10-20T01:01:41.9931988Z"
"event_000006102","session_00002787","user_0087","org_011","favorite_added","ste_000702","{""position"":6,""source"":""search""}","2025-10-20T01:01:44.9931988Z"
"event_000006103","session_00002788","user_0087","org_011","search_submitted","","{""query_source"":""base""}","2025-11-29T09:12:33.9931988Z"
"event_000006104","session_00002788","user_0087","org_011","result_clicked","ste_000915","{""position"":3}","2025-11-29T09:12:41.9931988Z"
"event_000006105","session_00002788","user_0087","org_011","favorite_added","ste_000423","{""position"":7,""source"":""search""}","2025-11-29T09:12:44.9931988Z"
"event_000006106","session_00002789","user_0087","org_011","search_submitted","","{""query_source"":""typo""}","2026-01-09T16:48:33.9931988Z"
"event_000006107","session_00002789","user_0087","org_011","result_clicked","ste_000189","{""position"":1}","2026-01-09T16:48:41.9931988Z"
"event_000006108","session_00002789","user_0087","org_011","favorite_added","ste_000278","{""position"":3,""source"":""search""}","2026-01-09T16:48:44.9931988Z"
"event_000006109","session_00002790","user_0087","org_011","search_submitted","","{""query_source"":""base""}","2025-12-04T05:41:33.9931988Z"
"event_000006110","session_00002790","user_0087","org_011","result_clicked","ste_000822","{""position"":5}","2025-12-04T05:41:41.9931988Z"
"event_000006111","session_00002790","user_0087","org_011","favorite_added","ste_000733","{""position"":6,""source"":""search""}","2025-12-04T05:41:44.9931988Z"
"event_000006112","session_00002790","user_0087","org_011","purchase_completed","ste_000822","{""source"":""search"",""position"":5}","2025-12-04T05:41:51.9931988Z"
"event_000006113","session_00002791","user_0087","org_011","search_submitted","","{""query_source"":""base""}","2025-10-21T02:49:33.9931988Z"
"event_000006114","session_00002791","user_0087","org_011","result_clicked","ste_000073","{""position"":1}","2025-10-21T02:49:41.9931988Z"
"event_000006115","session_00002792","user_0087","org_011","search_submitted","","{""query_source"":""base""}","2025-12-29T00:09:33.9931988Z"
"event_000006116","session_00002793","user_0087","org_011","search_submitted","","{""query_source"":""base""}","2026-03-08T01:31:33.9931988Z"
"event_000006117","session_00002793","user_0087","org_011","result_clicked","ste_000789","{""position"":1}","2026-03-08T01:31:41.9931988Z"
"event_000006118","session_00002793","user_0087","org_011","favorite_added","ste_000289","{""position"":6,""source"":""search""}","2026-03-08T01:31:44.9931988Z"
"event_000006119","session_00002794","user_0087","org_011","search_submitted","","{""query_source"":""base""}","2026-02-22T03:05:33.9931988Z"
"event_000006120","session_00002795","user_0087","org_011","search_submitted","","{""query_source"":""base""}","2025-12-12T21:25:33.9931988Z"
"event_000006121","session_00002796","user_0087","org_011","search_submitted","","{""query_source"":""synonym""}","2025-11-11T00:26:33.9931988Z"
"event_000006122","session_00002796","user_0087","org_011","result_clicked","ste_000785","{""position"":5}","2025-11-11T00:26:41.9931988Z"
"event_000006123","session_00002796","user_0087","org_011","purchase_completed","ste_000785","{""source"":""search"",""position"":5}","2025-11-11T00:26:51.9931988Z"
"event_000006124","session_00002797","user_0087","org_011","search_submitted","","{""query_source"":""synonym""}","2026-01-19T23:06:33.9931988Z"
"event_000006125","session_00002797","user_0087","org_011","result_clicked","ste_001015","{""position"":3}","2026-01-19T23:06:41.9931988Z"
"event_000006126","session_00002798","user_0087","org_011","search_submitted","","{""query_source"":""synonym""}","2026-01-08T01:23:33.9931988Z"
"event_000006127","session_00002798","user_0087","org_011","result_clicked","ste_000680","{""position"":5}","2026-01-08T01:23:41.9931988Z"
"event_000006128","session_00002798","user_0087","org_011","purchase_completed","ste_000680","{""source"":""search"",""position"":5}","2026-01-08T01:23:51.9931988Z"
"event_000006129","session_00002799","user_0087","org_011","search_submitted","","{""query_source"":""base""}","2026-02-20T08:23:33.9931988Z"
"event_000006130","session_00002800","user_0087","org_011","search_submitted","","{""query_source"":""base""}","2026-01-08T18:31:33.9931988Z"
"event_000006131","session_00002800","user_0087","org_011","result_clicked","ste_000677","{""position"":2}","2026-01-08T18:31:41.9931988Z"
"event_000006132","session_00002801","user_0087","org_011","search_submitted","","{""query_source"":""typo""}","2026-02-21T14:10:33.9931988Z"
"event_000006133","session_00002802","user_0087","org_011","search_submitted","","{""query_source"":""base""}","2026-01-25T12:37:33.9931988Z"
"event_000006134","session_00002802","user_0087","org_011","result_clicked","ste_001020","{""position"":1}","2026-01-25T12:37:41.9931988Z"
"event_000006135","session_00002802","user_0087","org_011","favorite_added","ste_000601","{""position"":3,""source"":""search""}","2026-01-25T12:37:44.9931988Z"
"event_000006136","session_00002802","user_0087","org_011","purchase_completed","ste_001020","{""source"":""search"",""position"":1}","2026-01-25T12:37:51.9931988Z"
"event_000006137","session_00002803","user_0087","org_011","search_submitted","","{""query_source"":""base""}","2026-03-19T07:10:33.9931988Z"
"event_000006138","session_00002803","user_0087","org_011","result_clicked","ste_000667","{""position"":2}","2026-03-19T07:10:41.9931988Z"
"event_000006139","session_00002804","user_0087","org_011","search_submitted","","{""query_source"":""base""}","2025-12-03T11:06:33.9931988Z"
"event_000006140","session_00002804","user_0087","org_011","result_clicked","ste_001080","{""position"":4}","2025-12-03T11:06:41.9931988Z"
"event_000006141","session_00002804","user_0087","org_011","favorite_added","ste_000137","{""position"":6,""source"":""search""}","2025-12-03T11:06:44.9931988Z"
"event_000006142","session_00002805","user_0087","org_011","search_submitted","","{""query_source"":""base""}","2026-01-24T18:37:33.9931988Z"
"event_000006143","session_00002805","user_0087","org_011","result_clicked","ste_000915","{""position"":2}","2026-01-24T18:37:41.9931988Z"
"event_000006144","session_00002805","user_0087","org_011","favorite_added","ste_000944","{""position"":6,""source"":""search""}","2026-01-24T18:37:44.9931988Z"
"event_000006145","session_00002806","user_0087","org_011","search_submitted","","{""query_source"":""base""}","2026-03-03T20:27:33.9931988Z"
"event_000006146","session_00002807","user_0087","org_011","search_submitted","","{""query_source"":""synonym""}","2025-12-18T03:45:33.9931988Z"
"event_000006147","session_00002808","user_0088","org_011","search_submitted","","{""query_source"":""synonym""}","2025-10-06T08:04:33.9931988Z"
"event_000006148","session_00002808","user_0088","org_011","result_clicked","ste_000874","{""position"":1}","2025-10-06T08:04:41.9931988Z"
"event_000006149","session_00002808","user_0088","org_011","favorite_added","ste_001144","{""position"":5,""source"":""search""}","2025-10-06T08:04:44.9931988Z"
"event_000006150","session_00002809","user_0088","org_011","search_submitted","","{""query_source"":""base""}","2026-03-07T18:11:33.9931988Z"
"event_000006151","session_00002810","user_0088","org_011","search_submitted","","{""query_source"":""base""}","2026-03-24T21:59:33.9931988Z"
"event_000006152","session_00002810","user_0088","org_011","result_clicked","ste_000395","{""position"":2}","2026-03-24T21:59:41.9931988Z"
"event_000006153","session_00002811","user_0088","org_011","search_submitted","","{""query_source"":""base""}","2026-02-07T11:31:33.9931988Z"
"event_000006154","session_00002812","user_0088","org_011","search_submitted","","{""query_source"":""base""}","2025-12-13T10:29:33.9931988Z"
"event_000006155","session_00002812","user_0088","org_011","result_clicked","ste_000493","{""position"":1}","2025-12-13T10:29:41.9931988Z"
"event_000006156","session_00002813","user_0088","org_011","search_submitted","","{""query_source"":""base""}","2025-11-24T18:08:33.9931988Z"
"event_000006157","session_00002813","user_0088","org_011","result_clicked","ste_000300","{""position"":3}","2025-11-24T18:08:41.9931988Z"
"event_000006158","session_00002814","user_0088","org_011","search_submitted","","{""query_source"":""typo""}","2026-03-04T15:06:33.9931988Z"
"event_000006159","session_00002814","user_0088","org_011","result_clicked","ste_000131","{""position"":3}","2026-03-04T15:06:41.9931988Z"
"event_000006160","session_00002815","user_0088","org_011","search_submitted","","{""query_source"":""base""}","2026-02-01T10:35:33.9931988Z"
"event_000006161","session_00002815","user_0088","org_011","result_clicked","ste_000670","{""position"":1}","2026-02-01T10:35:41.9931988Z"
"event_000006162","session_00002815","user_0088","org_011","favorite_added","ste_000744","{""position"":6,""source"":""search""}","2026-02-01T10:35:44.9931988Z"
"event_000006163","session_00002815","user_0088","org_011","purchase_completed","ste_000670","{""source"":""search"",""position"":1}","2026-02-01T10:35:51.9931988Z"
"event_000006164","session_00002816","user_0088","org_011","search_submitted","","{""query_source"":""base""}","2026-01-18T03:49:33.9931988Z"
"event_000006165","session_00002816","user_0088","org_011","result_clicked","ste_000801","{""position"":5}","2026-01-18T03:49:41.9931988Z"
"event_000006166","session_00002817","user_0088","org_011","search_submitted","","{""query_source"":""base""}","2026-02-09T19:23:33.9931988Z"
"event_000006167","session_00002818","user_0088","org_011","search_submitted","","{""query_source"":""base""}","2025-10-19T19:28:33.9931988Z"
"event_000006168","session_00002819","user_0088","org_011","search_submitted","","{""query_source"":""base""}","2025-11-20T16:45:33.9931988Z"
"event_000006169","session_00002820","user_0088","org_011","search_submitted","","{""query_source"":""base""}","2025-10-23T00:02:33.9931988Z"
"event_000006170","session_00002821","user_0088","org_011","search_submitted","","{""query_source"":""base""}","2025-10-15T03:43:33.9931988Z"
"event_000006171","session_00002821","user_0088","org_011","result_clicked","ste_001193","{""position"":1}","2025-10-15T03:43:41.9931988Z"
"event_000006172","session_00002821","user_0088","org_011","purchase_completed","ste_001193","{""source"":""search"",""position"":1}","2025-10-15T03:43:51.9931988Z"
"event_000006173","session_00002822","user_0088","org_011","search_submitted","","{""query_source"":""base""}","2025-10-24T00:27:33.9931988Z"
"event_000006174","session_00002823","user_0088","org_011","search_submitted","","{""query_source"":""base""}","2026-03-11T16:41:33.9931988Z"
"event_000006175","session_00002823","user_0088","org_011","result_clicked","ste_000445","{""position"":3}","2026-03-11T16:41:41.9931988Z"
"event_000006176","session_00002824","user_0088","org_011","search_submitted","","{""query_source"":""base""}","2026-02-07T14:56:33.9931988Z"
"event_000006177","session_00002824","user_0088","org_011","result_clicked","ste_000708","{""position"":5}","2026-02-07T14:56:41.9931988Z"
"event_000006178","session_00002825","user_0088","org_011","search_submitted","","{""query_source"":""base""}","2026-03-11T21:21:33.9931988Z"
"event_000006179","session_00002826","user_0088","org_011","search_submitted","","{""query_source"":""base""}","2025-11-05T01:49:33.9931988Z"
"event_000006180","session_00002826","user_0088","org_011","result_clicked","ste_000711","{""position"":1}","2025-11-05T01:49:41.9931988Z"
"event_000006181","session_00002826","user_0088","org_011","favorite_added","ste_000845","{""position"":3,""source"":""search""}","2025-11-05T01:49:44.9931988Z"
"event_000006182","session_00002826","user_0088","org_011","purchase_completed","ste_000711","{""source"":""search"",""position"":1}","2025-11-05T01:49:51.9931988Z"
"event_000006183","session_00002827","user_0088","org_011","search_submitted","","{""query_source"":""base""}","2026-02-11T13:28:33.9931988Z"
"event_000006184","session_00002827","user_0088","org_011","result_clicked","ste_000652","{""position"":1}","2026-02-11T13:28:41.9931988Z"
"event_000006185","session_00002828","user_0088","org_011","search_submitted","","{""query_source"":""base""}","2025-11-04T16:38:33.9931988Z"
"event_000006186","session_00002828","user_0088","org_011","result_clicked","ste_001066","{""position"":2}","2025-11-04T16:38:41.9931988Z"
"event_000006187","session_00002828","user_0088","org_011","purchase_completed","ste_001066","{""source"":""search"",""position"":2}","2025-11-04T16:38:51.9931988Z"
"event_000006188","session_00002829","user_0088","org_011","search_submitted","","{""query_source"":""base""}","2025-12-07T00:16:33.9931988Z"
"event_000006189","session_00002830","user_0088","org_011","search_submitted","","{""query_source"":""base""}","2026-01-21T12:16:33.9931988Z"
"event_000006190","session_00002830","user_0088","org_011","result_clicked","ste_000312","{""position"":3}","2026-01-21T12:16:41.9931988Z"
"event_000006191","session_00002830","user_0088","org_011","favorite_added","ste_001060","{""position"":5,""source"":""search""}","2026-01-21T12:16:44.9931988Z"
"event_000006192","session_00002830","user_0088","org_011","purchase_completed","ste_000312","{""source"":""search"",""position"":3}","2026-01-21T12:16:51.9931988Z"
"event_000006193","session_00002831","user_0088","org_011","search_submitted","","{""query_source"":""base""}","2026-02-05T13:26:33.9931988Z"
"event_000006194","session_00002831","user_0088","org_011","result_clicked","ste_000113","{""position"":3}","2026-02-05T13:26:41.9931988Z"
"event_000006195","session_00002832","user_0088","org_011","search_submitted","","{""query_source"":""base""}","2026-03-24T16:16:33.9931988Z"
"event_000006196","session_00002833","user_0088","org_011","search_submitted","","{""query_source"":""base""}","2025-10-19T04:54:33.9931988Z"
"event_000006197","session_00002833","user_0088","org_011","result_clicked","ste_000986","{""position"":4}","2025-10-19T04:54:41.9931988Z"
"event_000006198","session_00002834","user_0088","org_011","search_submitted","","{""query_source"":""base""}","2026-02-17T15:26:33.9931988Z"
"event_000006199","session_00002834","user_0088","org_011","result_clicked","ste_000099","{""position"":3}","2026-02-17T15:26:41.9931988Z"
"event_000006200","session_00002834","user_0088","org_011","favorite_added","ste_001160","{""position"":5,""source"":""search""}","2026-02-17T15:26:44.9931988Z"
"event_000006201","session_00002835","user_0088","org_011","search_submitted","","{""query_source"":""base""}","2025-10-15T23:40:33.9931988Z"
"event_000006202","session_00002835","user_0088","org_011","result_clicked","ste_000556","{""position"":3}","2025-10-15T23:40:41.9931988Z"
"event_000006203","session_00002836","user_0088","org_011","search_submitted","","{""query_source"":""base""}","2025-12-26T23:46:33.9931988Z"
"event_000006204","session_00002837","user_0089","org_012","search_submitted","","{""query_source"":""base""}","2025-09-29T02:22:33.9931988Z"
"event_000006205","session_00002837","user_0089","org_012","result_clicked","ste_000028","{""position"":3}","2025-09-29T02:22:41.9931988Z"
"event_000006206","session_00002837","user_0089","org_012","favorite_added","ste_001135","{""position"":5,""source"":""search""}","2025-09-29T02:22:44.9931988Z"
"event_000006207","session_00002838","user_0089","org_012","search_submitted","","{""query_source"":""base""}","2025-10-01T15:36:33.9931988Z"
"event_000006208","session_00002838","user_0089","org_012","result_clicked","ste_000914","{""position"":4}","2025-10-01T15:36:41.9931988Z"
"event_000006209","session_00002839","user_0089","org_012","search_submitted","","{""query_source"":""base""}","2025-09-29T23:59:33.9931988Z"
"event_000006210","session_00002839","user_0089","org_012","result_clicked","ste_000859","{""position"":2}","2025-09-29T23:59:41.9931988Z"
"event_000006211","session_00002839","user_0089","org_012","favorite_added","ste_000784","{""position"":4,""source"":""search""}","2025-09-29T23:59:44.9931988Z"
"event_000006212","session_00002840","user_0089","org_012","search_submitted","","{""query_source"":""synonym""}","2025-12-11T11:21:33.9931988Z"
"event_000006213","session_00002840","user_0089","org_012","result_clicked","ste_000006","{""position"":5}","2025-12-11T11:21:41.9931988Z"
"event_000006214","session_00002841","user_0089","org_012","search_submitted","","{""query_source"":""typo""}","2025-10-25T10:17:33.9931988Z"
"event_000006215","session_00002841","user_0089","org_012","result_clicked","ste_000730","{""position"":1}","2025-10-25T10:17:41.9931988Z"
"event_000006216","session_00002842","user_0089","org_012","search_submitted","","{""query_source"":""base""}","2025-12-12T13:27:33.9931988Z"
"event_000006217","session_00002842","user_0089","org_012","result_clicked","ste_000125","{""position"":1}","2025-12-12T13:27:41.9931988Z"
"event_000006218","session_00002842","user_0089","org_012","purchase_completed","ste_000125","{""source"":""search"",""position"":1}","2025-12-12T13:27:51.9931988Z"
"event_000006219","session_00002843","user_0089","org_012","search_submitted","","{""query_source"":""base""}","2025-10-28T15:00:33.9931988Z"
"event_000006220","session_00002843","user_0089","org_012","result_clicked","ste_001133","{""position"":5}","2025-10-28T15:00:41.9931988Z"
"event_000006221","session_00002844","user_0089","org_012","search_submitted","","{""query_source"":""base""}","2026-03-14T14:10:33.9931988Z"
"event_000006222","session_00002845","user_0089","org_012","search_submitted","","{""query_source"":""base""}","2025-12-13T12:55:33.9931988Z"
"event_000006223","session_00002845","user_0089","org_012","result_clicked","ste_000488","{""position"":4}","2025-12-13T12:55:41.9931988Z"
"event_000006224","session_00002846","user_0089","org_012","search_submitted","","{""query_source"":""base""}","2025-11-23T19:16:33.9931988Z"
"event_000006225","session_00002846","user_0089","org_012","result_clicked","ste_000500","{""position"":2}","2025-11-23T19:16:41.9931988Z"
"event_000006226","session_00002847","user_0089","org_012","search_submitted","","{""query_source"":""base""}","2026-02-05T22:59:33.9931988Z"
"event_000006227","session_00002847","user_0089","org_012","result_clicked","ste_001047","{""position"":1}","2026-02-05T22:59:41.9931988Z"
"event_000006228","session_00002848","user_0089","org_012","search_submitted","","{""query_source"":""base""}","2025-12-08T18:49:33.9931988Z"
"event_000006229","session_00002848","user_0089","org_012","result_clicked","ste_000903","{""position"":1}","2025-12-08T18:49:41.9931988Z"
"event_000006230","session_00002848","user_0089","org_012","favorite_added","ste_000547","{""position"":4,""source"":""search""}","2025-12-08T18:49:44.9931988Z"
"event_000006231","session_00002848","user_0089","org_012","purchase_completed","ste_000903","{""source"":""search"",""position"":1}","2025-12-08T18:49:51.9931988Z"
"event_000006232","session_00002849","user_0089","org_012","search_submitted","","{""query_source"":""base""}","2025-10-10T01:49:33.9931988Z"
"event_000006233","session_00002849","user_0089","org_012","result_clicked","ste_000750","{""position"":1}","2025-10-10T01:49:41.9931988Z"
"event_000006234","session_00002849","user_0089","org_012","purchase_completed","ste_000750","{""source"":""search"",""position"":1}","2025-10-10T01:49:51.9931988Z"
"event_000006235","session_00002850","user_0089","org_012","search_submitted","","{""query_source"":""base""}","2026-02-15T02:54:33.9931988Z"
"event_000006236","session_00002851","user_0089","org_012","search_submitted","","{""query_source"":""typo""}","2026-03-12T15:36:33.9931988Z"
"event_000006237","session_00002851","user_0089","org_012","result_clicked","ste_000686","{""position"":4}","2026-03-12T15:36:41.9931988Z"
"event_000006238","session_00002852","user_0089","org_012","search_submitted","","{""query_source"":""base""}","2025-12-19T23:59:33.9931988Z"
"event_000006239","session_00002853","user_0089","org_012","search_submitted","","{""query_source"":""base""}","2026-02-08T20:47:33.9931988Z"
"event_000006240","session_00002853","user_0089","org_012","result_clicked","ste_001098","{""position"":3}","2026-02-08T20:47:41.9931988Z"
"event_000006241","session_00002853","user_0089","org_012","favorite_added","ste_000229","{""position"":5,""source"":""search""}","2026-02-08T20:47:44.9931988Z"
"event_000006242","session_00002854","user_0089","org_012","search_submitted","","{""query_source"":""base""}","2026-01-04T17:38:33.9931988Z"
"event_000006243","session_00002854","user_0089","org_012","result_clicked","ste_000009","{""position"":3}","2026-01-04T17:38:41.9931988Z"
"event_000006244","session_00002854","user_0089","org_012","favorite_added","ste_000306","{""position"":7,""source"":""search""}","2026-01-04T17:38:44.9931988Z"
"event_000006245","session_00002854","user_0089","org_012","purchase_completed","ste_000009","{""source"":""search"",""position"":3}","2026-01-04T17:38:51.9931988Z"
"event_000006246","session_00002855","user_0089","org_012","search_submitted","","{""query_source"":""base""}","2026-02-06T10:00:33.9931988Z"
"event_000006247","session_00002856","user_0089","org_012","search_submitted","","{""query_source"":""base""}","2025-11-23T05:28:33.9931988Z"
"event_000006248","session_00002856","user_0089","org_012","result_clicked","ste_001187","{""position"":4}","2025-11-23T05:28:41.9931988Z"
"event_000006249","session_00002856","user_0089","org_012","favorite_added","ste_000600","{""position"":7,""source"":""search""}","2025-11-23T05:28:44.9931988Z"
"event_000006250","session_00002856","user_0089","org_012","purchase_completed","ste_001187","{""source"":""search"",""position"":4}","2025-11-23T05:28:51.9931988Z"
"event_000006251","session_00002857","user_0089","org_012","search_submitted","","{""query_source"":""base""}","2025-10-26T10:49:33.9931988Z"
"event_000006252","session_00002858","user_0089","org_012","search_submitted","","{""query_source"":""base""}","2025-11-25T07:15:33.9931988Z"
"event_000006253","session_00002859","user_0089","org_012","search_submitted","","{""query_source"":""synonym""}","2025-12-26T15:52:33.9931988Z"
"event_000006254","session_00002859","user_0089","org_012","result_clicked","ste_000159","{""position"":4}","2025-12-26T15:52:41.9931988Z"
"event_000006255","session_00002859","user_0089","org_012","favorite_added","ste_000743","{""position"":2,""source"":""search""}","2025-12-26T15:52:44.9931988Z"
"event_000006256","session_00002859","user_0089","org_012","purchase_completed","ste_000159","{""source"":""search"",""position"":4}","2025-12-26T15:52:51.9931988Z"
"event_000006257","session_00002860","user_0089","org_012","search_submitted","","{""query_source"":""base""}","2026-03-24T10:01:33.9931988Z"
"event_000006258","session_00002860","user_0089","org_012","result_clicked","ste_000339","{""position"":2}","2026-03-24T10:01:41.9931988Z"
"event_000006259","session_00002860","user_0089","org_012","favorite_added","ste_000150","{""position"":7,""source"":""search""}","2026-03-24T10:01:44.9931988Z"
"event_000006260","session_00002860","user_0089","org_012","purchase_completed","ste_000339","{""source"":""search"",""position"":2}","2026-03-24T10:01:51.9931988Z"
"event_000006261","session_00002861","user_0089","org_012","search_submitted","","{""query_source"":""base""}","2025-10-31T02:09:33.9931988Z"
"event_000006262","session_00002862","user_0089","org_012","search_submitted","","{""query_source"":""base""}","2026-02-09T13:28:33.9931988Z"
"event_000006263","session_00002862","user_0089","org_012","result_clicked","ste_000423","{""position"":1}","2026-02-09T13:28:41.9931988Z"
"event_000006264","session_00002862","user_0089","org_012","favorite_added","ste_001037","{""position"":7,""source"":""search""}","2026-02-09T13:28:44.9931988Z"
"event_000006265","session_00002862","user_0089","org_012","purchase_completed","ste_000423","{""source"":""search"",""position"":1}","2026-02-09T13:28:51.9931988Z"
"event_000006266","session_00002863","user_0089","org_012","search_submitted","","{""query_source"":""base""}","2025-10-06T08:24:33.9931988Z"
"event_000006267","session_00002863","user_0089","org_012","result_clicked","ste_000596","{""position"":3}","2025-10-06T08:24:41.9931988Z"
"event_000006268","session_00002863","user_0089","org_012","favorite_added","ste_000962","{""position"":1,""source"":""search""}","2025-10-06T08:24:44.9931988Z"
"event_000006269","session_00002863","user_0089","org_012","purchase_completed","ste_000596","{""source"":""search"",""position"":3}","2025-10-06T08:24:51.9931988Z"
"event_000006270","session_00002864","user_0090","org_012","search_submitted","","{""query_source"":""base""}","2025-10-11T07:37:33.9931988Z"
"event_000006271","session_00002864","user_0090","org_012","result_clicked","ste_001111","{""position"":3}","2025-10-11T07:37:41.9931988Z"
"event_000006272","session_00002864","user_0090","org_012","favorite_added","ste_000396","{""position"":1,""source"":""search""}","2025-10-11T07:37:44.9931988Z"
"event_000006273","session_00002865","user_0090","org_012","search_submitted","","{""query_source"":""typo""}","2026-03-22T07:40:33.9931988Z"
"event_000006274","session_00002865","user_0090","org_012","result_clicked","ste_000719","{""position"":4}","2026-03-22T07:40:41.9931988Z"
"event_000006275","session_00002865","user_0090","org_012","favorite_added","ste_000790","{""position"":1,""source"":""search""}","2026-03-22T07:40:44.9931988Z"
"event_000006276","session_00002866","user_0090","org_012","search_submitted","","{""query_source"":""base""}","2026-01-21T12:37:33.9931988Z"
"event_000006277","session_00002866","user_0090","org_012","result_clicked","ste_000383","{""position"":2}","2026-01-21T12:37:41.9931988Z"
"event_000006278","session_00002866","user_0090","org_012","purchase_completed","ste_000383","{""source"":""search"",""position"":2}","2026-01-21T12:37:51.9931988Z"
"event_000006279","session_00002867","user_0090","org_012","search_submitted","","{""query_source"":""base""}","2026-02-18T13:15:33.9931988Z"
"event_000006280","session_00002867","user_0090","org_012","result_clicked","ste_000646","{""position"":2}","2026-02-18T13:15:41.9931988Z"
"event_000006281","session_00002868","user_0090","org_012","search_submitted","","{""query_source"":""typo""}","2025-10-08T16:14:33.9931988Z"
"event_000006282","session_00002868","user_0090","org_012","result_clicked","ste_000671","{""position"":5}","2025-10-08T16:14:41.9931988Z"
"event_000006283","session_00002868","user_0090","org_012","favorite_added","ste_000580","{""position"":4,""source"":""search""}","2025-10-08T16:14:44.9931988Z"
"event_000006284","session_00002869","user_0090","org_012","search_submitted","","{""query_source"":""base""}","2025-11-16T17:57:33.9931988Z"
"event_000006285","session_00002869","user_0090","org_012","result_clicked","ste_000714","{""position"":1}","2025-11-16T17:57:41.9931988Z"
"event_000006286","session_00002870","user_0090","org_012","search_submitted","","{""query_source"":""base""}","2025-12-20T04:47:33.9931988Z"
"event_000006287","session_00002870","user_0090","org_012","result_clicked","ste_000645","{""position"":4}","2025-12-20T04:47:41.9931988Z"
"event_000006288","session_00002870","user_0090","org_012","purchase_completed","ste_000645","{""source"":""search"",""position"":4}","2025-12-20T04:47:51.9931988Z"
"event_000006289","session_00002871","user_0090","org_012","search_submitted","","{""query_source"":""synonym""}","2026-02-04T21:17:33.9931988Z"
"event_000006290","session_00002871","user_0090","org_012","result_clicked","ste_000341","{""position"":2}","2026-02-04T21:17:41.9931988Z"
"event_000006291","session_00002871","user_0090","org_012","favorite_added","ste_000521","{""position"":1,""source"":""search""}","2026-02-04T21:17:44.9931988Z"
"event_000006292","session_00002872","user_0090","org_012","search_submitted","","{""query_source"":""base""}","2025-12-14T00:34:33.9931988Z"
"event_000006293","session_00002872","user_0090","org_012","result_clicked","ste_000254","{""position"":3}","2025-12-14T00:34:41.9931988Z"
"event_000006294","session_00002872","user_0090","org_012","purchase_completed","ste_000254","{""source"":""search"",""position"":3}","2025-12-14T00:34:51.9931988Z"
"event_000006295","session_00002873","user_0090","org_012","search_submitted","","{""query_source"":""base""}","2026-01-13T20:51:33.9931988Z"
"event_000006296","session_00002873","user_0090","org_012","result_clicked","ste_000122","{""position"":4}","2026-01-13T20:51:41.9931988Z"
"event_000006297","session_00002873","user_0090","org_012","favorite_added","ste_000125","{""position"":1,""source"":""search""}","2026-01-13T20:51:44.9931988Z"
"event_000006298","session_00002873","user_0090","org_012","purchase_completed","ste_000122","{""source"":""search"",""position"":4}","2026-01-13T20:51:51.9931988Z"
"event_000006299","session_00002874","user_0090","org_012","search_submitted","","{""query_source"":""base""}","2026-02-03T15:50:33.9931988Z"
"event_000006300","session_00002874","user_0090","org_012","result_clicked","ste_000686","{""position"":2}","2026-02-03T15:50:41.9931988Z"
"event_000006301","session_00002875","user_0090","org_012","search_submitted","","{""query_source"":""typo""}","2026-01-22T04:50:33.9931988Z"
"event_000006302","session_00002875","user_0090","org_012","result_clicked","ste_000486","{""position"":5}","2026-01-22T04:50:41.9931988Z"
"event_000006303","session_00002876","user_0090","org_012","search_submitted","","{""query_source"":""base""}","2026-01-28T03:16:33.9931988Z"
"event_000006304","session_00002876","user_0090","org_012","result_clicked","ste_000556","{""position"":3}","2026-01-28T03:16:41.9931988Z"
"event_000006305","session_00002876","user_0090","org_012","favorite_added","ste_000556","{""position"":3,""source"":""search""}","2026-01-28T03:16:44.9931988Z"
"event_000006306","session_00002877","user_0090","org_012","search_submitted","","{""query_source"":""base""}","2025-12-05T11:29:33.9931988Z"
"event_000006307","session_00002877","user_0090","org_012","result_clicked","ste_000198","{""position"":1}","2025-12-05T11:29:41.9931988Z"
"event_000006308","session_00002877","user_0090","org_012","favorite_added","ste_000297","{""position"":4,""source"":""search""}","2025-12-05T11:29:44.9931988Z"
"event_000006309","session_00002877","user_0090","org_012","purchase_completed","ste_000198","{""source"":""search"",""position"":1}","2025-12-05T11:29:51.9931988Z"
"event_000006310","session_00002878","user_0090","org_012","search_submitted","","{""query_source"":""base""}","2026-02-13T03:00:33.9931988Z"
"event_000006311","session_00002878","user_0090","org_012","result_clicked","ste_000561","{""position"":5}","2026-02-13T03:00:41.9931988Z"
"event_000006312","session_00002879","user_0090","org_012","search_submitted","","{""query_source"":""base""}","2025-12-03T03:30:33.9931988Z"
"event_000006313","session_00002879","user_0090","org_012","result_clicked","ste_000030","{""position"":1}","2025-12-03T03:30:41.9931988Z"
"event_000006314","session_00002879","user_0090","org_012","favorite_added","ste_000925","{""position"":3,""source"":""search""}","2025-12-03T03:30:44.9931988Z"
"event_000006315","session_00002879","user_0090","org_012","purchase_completed","ste_000030","{""source"":""search"",""position"":1}","2025-12-03T03:30:51.9931988Z"
"event_000006316","session_00002880","user_0090","org_012","search_submitted","","{""query_source"":""base""}","2025-12-18T03:27:33.9931988Z"
"event_000006317","session_00002880","user_0090","org_012","result_clicked","ste_000313","{""position"":4}","2025-12-18T03:27:41.9931988Z"
"event_000006318","session_00002880","user_0090","org_012","favorite_added","ste_000473","{""position"":7,""source"":""search""}","2025-12-18T03:27:44.9931988Z"
"event_000006319","session_00002881","user_0090","org_012","search_submitted","","{""query_source"":""typo""}","2025-10-18T18:42:33.9931988Z"
"event_000006320","session_00002881","user_0090","org_012","result_clicked","ste_000617","{""position"":4}","2025-10-18T18:42:41.9931988Z"
"event_000006321","session_00002881","user_0090","org_012","favorite_added","ste_000156","{""position"":7,""source"":""search""}","2025-10-18T18:42:44.9931988Z"
"event_000006322","session_00002882","user_0090","org_012","search_submitted","","{""query_source"":""base""}","2025-10-16T16:35:33.9931988Z"
"event_000006323","session_00002882","user_0090","org_012","result_clicked","ste_000963","{""position"":3}","2025-10-16T16:35:41.9931988Z"
"event_000006324","session_00002882","user_0090","org_012","purchase_completed","ste_000963","{""source"":""search"",""position"":3}","2025-10-16T16:35:51.9931988Z"
"event_000006325","session_00002883","user_0090","org_012","search_submitted","","{""query_source"":""base""}","2026-02-16T22:58:33.9931988Z"
"event_000006326","session_00002883","user_0090","org_012","result_clicked","ste_000177","{""position"":2}","2026-02-16T22:58:41.9931988Z"
"event_000006327","session_00002884","user_0090","org_012","search_submitted","","{""query_source"":""base""}","2025-12-18T21:23:33.9931988Z"
"event_000006328","session_00002885","user_0090","org_012","search_submitted","","{""query_source"":""typo""}","2025-10-12T19:13:33.9931988Z"
"event_000006329","session_00002885","user_0090","org_012","result_clicked","ste_001133","{""position"":3}","2025-10-12T19:13:41.9931988Z"
"event_000006330","session_00002885","user_0090","org_012","purchase_completed","ste_001133","{""source"":""search"",""position"":3}","2025-10-12T19:13:51.9931988Z"
"event_000006331","session_00002886","user_0090","org_012","search_submitted","","{""query_source"":""base""}","2025-12-12T21:44:33.9931988Z"
"event_000006332","session_00002886","user_0090","org_012","result_clicked","ste_001099","{""position"":1}","2025-12-12T21:44:41.9931988Z"
"event_000006333","session_00002887","user_0090","org_012","search_submitted","","{""query_source"":""synonym""}","2026-01-14T18:54:33.9931988Z"
"event_000006334","session_00002887","user_0090","org_012","result_clicked","ste_000755","{""position"":2}","2026-01-14T18:54:41.9931988Z"
"event_000006335","session_00002888","user_0090","org_012","search_submitted","","{""query_source"":""synonym""}","2025-10-09T15:26:33.9931988Z"
"event_000006336","session_00002888","user_0090","org_012","result_clicked","ste_000457","{""position"":3}","2025-10-09T15:26:41.9931988Z"
"event_000006337","session_00002888","user_0090","org_012","purchase_completed","ste_000457","{""source"":""search"",""position"":3}","2025-10-09T15:26:51.9931988Z"
"event_000006338","session_00002889","user_0090","org_012","search_submitted","","{""query_source"":""typo""}","2025-10-01T08:06:33.9931988Z"
"event_000006339","session_00002889","user_0090","org_012","result_clicked","ste_000288","{""position"":1}","2025-10-01T08:06:41.9931988Z"
"event_000006340","session_00002889","user_0090","org_012","purchase_completed","ste_000288","{""source"":""search"",""position"":1}","2025-10-01T08:06:51.9931988Z"
"event_000006341","session_00002890","user_0090","org_012","search_submitted","","{""query_source"":""base""}","2026-02-03T23:50:33.9931988Z"
"event_000006342","session_00002891","user_0090","org_012","search_submitted","","{""query_source"":""base""}","2025-11-01T05:05:33.9931988Z"
"event_000006343","session_00002891","user_0090","org_012","result_clicked","ste_000432","{""position"":3}","2025-11-01T05:05:41.9931988Z"
"event_000006344","session_00002891","user_0090","org_012","purchase_completed","ste_000432","{""source"":""search"",""position"":3}","2025-11-01T05:05:51.9931988Z"
"event_000006345","session_00002892","user_0090","org_012","search_submitted","","{""query_source"":""typo""}","2025-10-23T23:43:33.9931988Z"
"event_000006346","session_00002892","user_0090","org_012","result_clicked","ste_001080","{""position"":1}","2025-10-23T23:43:41.9931988Z"
"event_000006347","session_00002893","user_0090","org_012","search_submitted","","{""query_source"":""typo""}","2026-01-17T02:55:33.9931988Z"
"event_000006348","session_00002894","user_0090","org_012","search_submitted","","{""query_source"":""base""}","2026-03-10T00:08:33.9931988Z"
"event_000006349","session_00002895","user_0091","org_012","search_submitted","","{""query_source"":""base""}","2025-10-07T19:59:33.9931988Z"
"event_000006350","session_00002896","user_0091","org_012","search_submitted","","{""query_source"":""base""}","2026-03-20T20:23:33.9931988Z"
"event_000006351","session_00002896","user_0091","org_012","result_clicked","ste_000124","{""position"":5}","2026-03-20T20:23:41.9931988Z"
"event_000006352","session_00002896","user_0091","org_012","favorite_added","ste_000585","{""position"":3,""source"":""search""}","2026-03-20T20:23:44.9931988Z"
"event_000006353","session_00002897","user_0091","org_012","search_submitted","","{""query_source"":""base""}","2026-03-08T10:41:33.9931988Z"
"event_000006354","session_00002897","user_0091","org_012","result_clicked","ste_000538","{""position"":1}","2026-03-08T10:41:41.9931988Z"
"event_000006355","session_00002898","user_0091","org_012","search_submitted","","{""query_source"":""base""}","2025-12-30T07:40:33.9931988Z"
"event_000006356","session_00002898","user_0091","org_012","result_clicked","ste_000479","{""position"":2}","2025-12-30T07:40:41.9931988Z"
"event_000006357","session_00002898","user_0091","org_012","favorite_added","ste_000569","{""position"":5,""source"":""search""}","2025-12-30T07:40:44.9931988Z"
"event_000006358","session_00002899","user_0091","org_012","search_submitted","","{""query_source"":""base""}","2025-10-04T00:09:33.9931988Z"
"event_000006359","session_00002899","user_0091","org_012","result_clicked","ste_000084","{""position"":3}","2025-10-04T00:09:41.9931988Z"
"event_000006360","session_00002900","user_0091","org_012","search_submitted","","{""query_source"":""base""}","2025-10-15T00:29:33.9931988Z"
"event_000006361","session_00002901","user_0091","org_012","search_submitted","","{""query_source"":""base""}","2025-11-30T21:20:33.9931988Z"
"event_000006362","session_00002901","user_0091","org_012","result_clicked","ste_000925","{""position"":1}","2025-11-30T21:20:41.9931988Z"
"event_000006363","session_00002901","user_0091","org_012","favorite_added","ste_000596","{""position"":6,""source"":""search""}","2025-11-30T21:20:44.9931988Z"
"event_000006364","session_00002902","user_0091","org_012","search_submitted","","{""query_source"":""base""}","2025-12-30T22:32:33.9931988Z"
"event_000006365","session_00002902","user_0091","org_012","result_clicked","ste_001087","{""position"":2}","2025-12-30T22:32:41.9931988Z"
"event_000006366","session_00002903","user_0091","org_012","search_submitted","","{""query_source"":""typo""}","2025-11-24T02:55:33.9931988Z"
"event_000006367","session_00002904","user_0091","org_012","search_submitted","","{""query_source"":""base""}","2026-03-14T20:45:33.9931988Z"
"event_000006368","session_00002904","user_0091","org_012","result_clicked","ste_000125","{""position"":5}","2026-03-14T20:45:41.9931988Z"
"event_000006369","session_00002905","user_0091","org_012","search_submitted","","{""query_source"":""synonym""}","2026-03-13T23:08:33.9931988Z"
"event_000006370","session_00002905","user_0091","org_012","result_clicked","ste_000177","{""position"":2}","2026-03-13T23:08:41.9931988Z"
"event_000006371","session_00002906","user_0091","org_012","search_submitted","","{""query_source"":""synonym""}","2026-02-21T00:19:33.9931988Z"
"event_000006372","session_00002906","user_0091","org_012","result_clicked","ste_000169","{""position"":2}","2026-02-21T00:19:41.9931988Z"
"event_000006373","session_00002906","user_0091","org_012","favorite_added","ste_000002","{""position"":1,""source"":""search""}","2026-02-21T00:19:44.9931988Z"
"event_000006374","session_00002907","user_0091","org_012","search_submitted","","{""query_source"":""base""}","2025-11-14T01:49:33.9931988Z"
"event_000006375","session_00002907","user_0091","org_012","result_clicked","ste_000019","{""position"":3}","2025-11-14T01:49:41.9931988Z"
"event_000006376","session_00002908","user_0091","org_012","search_submitted","","{""query_source"":""base""}","2026-03-08T01:33:33.9931988Z"
"event_000006377","session_00002909","user_0091","org_012","search_submitted","","{""query_source"":""base""}","2025-10-23T14:14:33.9931988Z"
"event_000006378","session_00002909","user_0091","org_012","result_clicked","ste_001020","{""position"":1}","2025-10-23T14:14:41.9931988Z"
"event_000006379","session_00002910","user_0091","org_012","search_submitted","","{""query_source"":""base""}","2026-01-26T14:17:33.9931988Z"
"event_000006380","session_00002910","user_0091","org_012","result_clicked","ste_000334","{""position"":3}","2026-01-26T14:17:41.9931988Z"
"event_000006381","session_00002910","user_0091","org_012","favorite_added","ste_000330","{""position"":6,""source"":""search""}","2026-01-26T14:17:44.9931988Z"
"event_000006382","session_00002911","user_0091","org_012","search_submitted","","{""query_source"":""base""}","2025-12-01T12:37:33.9931988Z"
"event_000006383","session_00002911","user_0091","org_012","result_clicked","ste_001191","{""position"":3}","2025-12-01T12:37:41.9931988Z"
"event_000006384","session_00002911","user_0091","org_012","favorite_added","ste_001191","{""position"":3,""source"":""search""}","2025-12-01T12:37:44.9931988Z"
"event_000006385","session_00002912","user_0091","org_012","search_submitted","","{""query_source"":""base""}","2025-12-05T22:57:33.9931988Z"
"event_000006386","session_00002912","user_0091","org_012","result_clicked","ste_000495","{""position"":1}","2025-12-05T22:57:41.9931988Z"
"event_000006387","session_00002913","user_0091","org_012","search_submitted","","{""query_source"":""base""}","2026-01-25T02:51:33.9931988Z"
"event_000006388","session_00002914","user_0091","org_012","search_submitted","","{""query_source"":""base""}","2025-11-28T10:00:33.9931988Z"
"event_000006389","session_00002915","user_0091","org_012","search_submitted","","{""query_source"":""base""}","2026-03-11T12:32:33.9931988Z"
"event_000006390","session_00002915","user_0091","org_012","result_clicked","ste_001184","{""position"":3}","2026-03-11T12:32:41.9931988Z"
"event_000006391","session_00002916","user_0091","org_012","search_submitted","","{""query_source"":""synonym""}","2025-10-10T11:48:33.9931988Z"
"event_000006392","session_00002916","user_0091","org_012","result_clicked","ste_001017","{""position"":3}","2025-10-10T11:48:41.9931988Z"
"event_000006393","session_00002917","user_0091","org_012","search_submitted","","{""query_source"":""base""}","2025-12-27T11:39:33.9931988Z"
"event_000006394","session_00002918","user_0091","org_012","search_submitted","","{""query_source"":""base""}","2025-10-08T12:34:33.9931988Z"
"event_000006395","session_00002918","user_0091","org_012","result_clicked","ste_000297","{""position"":4}","2025-10-08T12:34:41.9931988Z"
"event_000006396","session_00002919","user_0091","org_012","search_submitted","","{""query_source"":""synonym""}","2026-02-27T00:19:33.9931988Z"
"event_000006397","session_00002919","user_0091","org_012","result_clicked","ste_001157","{""position"":2}","2026-02-27T00:19:41.9931988Z"
"event_000006398","session_00002919","user_0091","org_012","favorite_added","ste_000541","{""position"":7,""source"":""search""}","2026-02-27T00:19:44.9931988Z"
"event_000006399","session_00002919","user_0091","org_012","purchase_completed","ste_001157","{""source"":""search"",""position"":2}","2026-02-27T00:19:51.9931988Z"
"event_000006400","session_00002920","user_0091","org_012","search_submitted","","{""query_source"":""base""}","2026-02-02T14:13:33.9931988Z"
"event_000006401","session_00002920","user_0091","org_012","result_clicked","ste_000906","{""position"":4}","2026-02-02T14:13:41.9931988Z"
"event_000006402","session_00002921","user_0091","org_012","search_submitted","","{""query_source"":""base""}","2026-03-23T12:29:33.9931988Z"
"event_000006403","session_00002921","user_0091","org_012","result_clicked","ste_000417","{""position"":3}","2026-03-23T12:29:41.9931988Z"
"event_000006404","session_00002921","user_0091","org_012","favorite_added","ste_000855","{""position"":7,""source"":""search""}","2026-03-23T12:29:44.9931988Z"
"event_000006405","session_00002921","user_0091","org_012","purchase_completed","ste_000417","{""source"":""search"",""position"":3}","2026-03-23T12:29:51.9931988Z"
"event_000006406","session_00002922","user_0091","org_012","search_submitted","","{""query_source"":""base""}","2026-01-27T23:42:33.9931988Z"
"event_000006407","session_00002922","user_0091","org_012","result_clicked","ste_000068","{""position"":2}","2026-01-27T23:42:41.9931988Z"
"event_000006408","session_00002922","user_0091","org_012","favorite_added","ste_000227","{""position"":7,""source"":""search""}","2026-01-27T23:42:44.9931988Z"
"event_000006409","session_00002922","user_0091","org_012","purchase_completed","ste_000068","{""source"":""search"",""position"":2}","2026-01-27T23:42:51.9931988Z"
"event_000006410","session_00002923","user_0091","org_012","search_submitted","","{""query_source"":""typo""}","2026-02-26T23:39:33.9931988Z"
"event_000006411","session_00002923","user_0091","org_012","result_clicked","ste_000221","{""position"":5}","2026-02-26T23:39:41.9931988Z"
"event_000006412","session_00002924","user_0092","org_012","search_submitted","","{""query_source"":""base""}","2026-01-03T17:14:33.9931988Z"
"event_000006413","session_00002924","user_0092","org_012","result_clicked","ste_001055","{""position"":2}","2026-01-03T17:14:41.9931988Z"
"event_000006414","session_00002925","user_0092","org_012","search_submitted","","{""query_source"":""base""}","2026-02-14T08:30:33.9931988Z"
"event_000006415","session_00002926","user_0092","org_012","search_submitted","","{""query_source"":""base""}","2025-12-30T01:47:33.9931988Z"
"event_000006416","session_00002926","user_0092","org_012","result_clicked","ste_000829","{""position"":5}","2025-12-30T01:47:41.9931988Z"
"event_000006417","session_00002927","user_0092","org_012","search_submitted","","{""query_source"":""base""}","2025-12-12T11:44:33.9931988Z"
"event_000006418","session_00002927","user_0092","org_012","result_clicked","ste_001019","{""position"":2}","2025-12-12T11:44:41.9931988Z"
"event_000006419","session_00002927","user_0092","org_012","purchase_completed","ste_001019","{""source"":""search"",""position"":2}","2025-12-12T11:44:51.9931988Z"
"event_000006420","session_00002928","user_0092","org_012","search_submitted","","{""query_source"":""base""}","2026-02-17T15:32:33.9931988Z"
"event_000006421","session_00002928","user_0092","org_012","result_clicked","ste_000161","{""position"":3}","2026-02-17T15:32:41.9931988Z"
"event_000006422","session_00002928","user_0092","org_012","purchase_completed","ste_000161","{""source"":""search"",""position"":3}","2026-02-17T15:32:51.9931988Z"
"event_000006423","session_00002929","user_0092","org_012","search_submitted","","{""query_source"":""typo""}","2025-11-01T03:50:33.9931988Z"
"event_000006424","session_00002929","user_0092","org_012","result_clicked","ste_000698","{""position"":5}","2025-11-01T03:50:41.9931988Z"
"event_000006425","session_00002930","user_0092","org_012","search_submitted","","{""query_source"":""base""}","2026-01-27T08:54:33.9931988Z"
"event_000006426","session_00002930","user_0092","org_012","result_clicked","ste_000274","{""position"":4}","2026-01-27T08:54:41.9931988Z"
"event_000006427","session_00002930","user_0092","org_012","favorite_added","ste_000899","{""position"":7,""source"":""search""}","2026-01-27T08:54:44.9931988Z"
"event_000006428","session_00002930","user_0092","org_012","purchase_completed","ste_000274","{""source"":""search"",""position"":4}","2026-01-27T08:54:51.9931988Z"
"event_000006429","session_00002931","user_0092","org_012","search_submitted","","{""query_source"":""base""}","2026-02-12T01:43:33.9931988Z"
"event_000006430","session_00002931","user_0092","org_012","result_clicked","ste_000383","{""position"":2}","2026-02-12T01:43:41.9931988Z"
"event_000006431","session_00002931","user_0092","org_012","favorite_added","ste_000764","{""position"":4,""source"":""search""}","2026-02-12T01:43:44.9931988Z"
"event_000006432","session_00002931","user_0092","org_012","purchase_completed","ste_000383","{""source"":""search"",""position"":2}","2026-02-12T01:43:51.9931988Z"
"event_000006433","session_00002932","user_0092","org_012","search_submitted","","{""query_source"":""base""}","2025-11-27T18:20:33.9931988Z"
"event_000006434","session_00002932","user_0092","org_012","result_clicked","ste_001062","{""position"":2}","2025-11-27T18:20:41.9931988Z"
"event_000006435","session_00002932","user_0092","org_012","favorite_added","ste_000355","{""position"":5,""source"":""search""}","2025-11-27T18:20:44.9931988Z"
"event_000006436","session_00002933","user_0092","org_012","search_submitted","","{""query_source"":""base""}","2025-10-06T18:41:33.9931988Z"
"event_000006437","session_00002934","user_0092","org_012","search_submitted","","{""query_source"":""base""}","2026-03-22T13:26:33.9931988Z"
"event_000006438","session_00002934","user_0092","org_012","result_clicked","ste_000909","{""position"":3}","2026-03-22T13:26:41.9931988Z"
"event_000006439","session_00002934","user_0092","org_012","purchase_completed","ste_000909","{""source"":""search"",""position"":3}","2026-03-22T13:26:51.9931988Z"
"event_000006440","session_00002935","user_0092","org_012","search_submitted","","{""query_source"":""typo""}","2026-01-05T12:05:33.9931988Z"
"event_000006441","session_00002935","user_0092","org_012","result_clicked","ste_000333","{""position"":3}","2026-01-05T12:05:41.9931988Z"
"event_000006442","session_00002935","user_0092","org_012","favorite_added","ste_000525","{""position"":1,""source"":""search""}","2026-01-05T12:05:44.9931988Z"
"event_000006443","session_00002936","user_0092","org_012","search_submitted","","{""query_source"":""base""}","2026-01-11T23:18:33.9931988Z"
"event_000006444","session_00002936","user_0092","org_012","result_clicked","ste_000719","{""position"":3}","2026-01-11T23:18:41.9931988Z"
"event_000006445","session_00002936","user_0092","org_012","favorite_added","ste_000389","{""position"":6,""source"":""search""}","2026-01-11T23:18:44.9931988Z"
"event_000006446","session_00002937","user_0092","org_012","search_submitted","","{""query_source"":""base""}","2026-01-14T02:34:33.9931988Z"
"event_000006447","session_00002938","user_0092","org_012","search_submitted","","{""query_source"":""base""}","2026-01-20T16:10:33.9931988Z"
"event_000006448","session_00002938","user_0092","org_012","result_clicked","ste_000899","{""position"":1}","2026-01-20T16:10:41.9931988Z"
"event_000006449","session_00002939","user_0092","org_012","search_submitted","","{""query_source"":""typo""}","2026-01-09T06:54:33.9931988Z"
"event_000006450","session_00002939","user_0092","org_012","result_clicked","ste_000360","{""position"":3}","2026-01-09T06:54:41.9931988Z"
"event_000006451","session_00002939","user_0092","org_012","purchase_completed","ste_000360","{""source"":""search"",""position"":3}","2026-01-09T06:54:51.9931988Z"
"event_000006452","session_00002940","user_0092","org_012","search_submitted","","{""query_source"":""base""}","2025-11-03T16:12:33.9931988Z"
"event_000006453","session_00002941","user_0092","org_012","search_submitted","","{""query_source"":""synonym""}","2026-02-12T16:58:33.9931988Z"
"event_000006454","session_00002942","user_0092","org_012","search_submitted","","{""query_source"":""base""}","2025-11-17T21:32:33.9931988Z"
"event_000006455","session_00002943","user_0092","org_012","search_submitted","","{""query_source"":""base""}","2025-12-22T13:14:33.9931988Z"
"event_000006456","session_00002944","user_0092","org_012","search_submitted","","{""query_source"":""synonym""}","2025-10-30T12:21:33.9931988Z"
"event_000006457","session_00002944","user_0092","org_012","result_clicked","ste_000314","{""position"":5}","2025-10-30T12:21:41.9931988Z"
"event_000006458","session_00002944","user_0092","org_012","favorite_added","ste_000413","{""position"":4,""source"":""search""}","2025-10-30T12:21:44.9931988Z"
"event_000006459","session_00002944","user_0092","org_012","purchase_completed","ste_000314","{""source"":""search"",""position"":5}","2025-10-30T12:21:51.9931988Z"
"event_000006460","session_00002945","user_0092","org_012","search_submitted","","{""query_source"":""base""}","2025-10-15T18:55:33.9931988Z"
"event_000006461","session_00002946","user_0092","org_012","search_submitted","","{""query_source"":""base""}","2026-02-13T16:26:33.9931988Z"
"event_000006462","session_00002946","user_0092","org_012","result_clicked","ste_000895","{""position"":2}","2026-02-13T16:26:41.9931988Z"
"event_000006463","session_00002946","user_0092","org_012","purchase_completed","ste_000895","{""source"":""search"",""position"":2}","2026-02-13T16:26:51.9931988Z"
"event_000006464","session_00002947","user_0092","org_012","search_submitted","","{""query_source"":""base""}","2025-10-20T02:18:33.9931988Z"
"event_000006465","session_00002948","user_0092","org_012","search_submitted","","{""query_source"":""typo""}","2025-12-05T09:37:33.9931988Z"
"event_000006466","session_00002949","user_0092","org_012","search_submitted","","{""query_source"":""synonym""}","2025-12-26T15:16:33.9931988Z"
"event_000006467","session_00002950","user_0092","org_012","search_submitted","","{""query_source"":""base""}","2026-03-09T08:43:33.9931988Z"
"event_000006468","session_00002950","user_0092","org_012","result_clicked","ste_000814","{""position"":4}","2026-03-09T08:43:41.9931988Z"
"event_000006469","session_00002950","user_0092","org_012","favorite_added","ste_000342","{""position"":7,""source"":""search""}","2026-03-09T08:43:44.9931988Z"
"event_000006470","session_00002951","user_0092","org_012","search_submitted","","{""query_source"":""synonym""}","2026-01-11T20:42:33.9931988Z"
"event_000006471","session_00002951","user_0092","org_012","result_clicked","ste_000572","{""position"":1}","2026-01-11T20:42:41.9931988Z"
"event_000006472","session_00002951","user_0092","org_012","favorite_added","ste_000572","{""position"":1,""source"":""search""}","2026-01-11T20:42:44.9931988Z"
"event_000006473","session_00002952","user_0092","org_012","search_submitted","","{""query_source"":""base""}","2025-11-22T15:06:33.9931988Z"
"event_000006474","session_00002952","user_0092","org_012","result_clicked","ste_000161","{""position"":3}","2025-11-22T15:06:41.9931988Z"
"event_000006475","session_00002952","user_0092","org_012","purchase_completed","ste_000161","{""source"":""search"",""position"":3}","2025-11-22T15:06:51.9931988Z"
"event_000006476","session_00002953","user_0092","org_012","search_submitted","","{""query_source"":""base""}","2025-11-01T18:55:33.9931988Z"
"event_000006477","session_00002953","user_0092","org_012","result_clicked","ste_000416","{""position"":5}","2025-11-01T18:55:41.9931988Z"
"event_000006478","session_00002954","user_0092","org_012","search_submitted","","{""query_source"":""base""}","2025-12-14T16:53:33.9931988Z"
"event_000006479","session_00002954","user_0092","org_012","result_clicked","ste_001057","{""position"":4}","2025-12-14T16:53:41.9931988Z"
"event_000006480","session_00002954","user_0092","org_012","favorite_added","ste_000063","{""position"":1,""source"":""search""}","2025-12-14T16:53:44.9931988Z"
"event_000006481","session_00002955","user_0093","org_012","search_submitted","","{""query_source"":""base""}","2025-10-10T18:57:33.9931988Z"
"event_000006482","session_00002955","user_0093","org_012","result_clicked","ste_000947","{""position"":5}","2025-10-10T18:57:41.9931988Z"
"event_000006483","session_00002955","user_0093","org_012","favorite_added","ste_000920","{""position"":6,""source"":""search""}","2025-10-10T18:57:44.9931988Z"
"event_000006484","session_00002956","user_0093","org_012","search_submitted","","{""query_source"":""typo""}","2026-02-22T16:23:33.9931988Z"
"event_000006485","session_00002956","user_0093","org_012","result_clicked","ste_000519","{""position"":3}","2026-02-22T16:23:41.9931988Z"
"event_000006486","session_00002956","user_0093","org_012","favorite_added","ste_000910","{""position"":7,""source"":""search""}","2026-02-22T16:23:44.9931988Z"
"event_000006487","session_00002956","user_0093","org_012","purchase_completed","ste_000519","{""source"":""search"",""position"":3}","2026-02-22T16:23:51.9931988Z"
"event_000006488","session_00002957","user_0093","org_012","search_submitted","","{""query_source"":""base""}","2025-10-31T00:03:33.9931988Z"
"event_000006489","session_00002957","user_0093","org_012","result_clicked","ste_000750","{""position"":4}","2025-10-31T00:03:41.9931988Z"
"event_000006490","session_00002957","user_0093","org_012","favorite_added","ste_000868","{""position"":7,""source"":""search""}","2025-10-31T00:03:44.9931988Z"
"event_000006491","session_00002958","user_0093","org_012","search_submitted","","{""query_source"":""base""}","2026-03-02T06:57:33.9931988Z"
"event_000006492","session_00002958","user_0093","org_012","result_clicked","ste_000335","{""position"":4}","2026-03-02T06:57:41.9931988Z"
"event_000006493","session_00002959","user_0093","org_012","search_submitted","","{""query_source"":""base""}","2026-03-22T11:00:33.9931988Z"
"event_000006494","session_00002959","user_0093","org_012","result_clicked","ste_001102","{""position"":3}","2026-03-22T11:00:41.9931988Z"
"event_000006495","session_00002959","user_0093","org_012","purchase_completed","ste_001102","{""source"":""search"",""position"":3}","2026-03-22T11:00:51.9931988Z"
"event_000006496","session_00002960","user_0093","org_012","search_submitted","","{""query_source"":""base""}","2026-01-25T03:06:33.9931988Z"
"event_000006497","session_00002960","user_0093","org_012","result_clicked","ste_000025","{""position"":5}","2026-01-25T03:06:41.9931988Z"
"event_000006498","session_00002960","user_0093","org_012","favorite_added","ste_000500","{""position"":7,""source"":""search""}","2026-01-25T03:06:44.9931988Z"
"event_000006499","session_00002960","user_0093","org_012","purchase_completed","ste_000025","{""source"":""search"",""position"":5}","2026-01-25T03:06:51.9931988Z"
"event_000006500","session_00002961","user_0093","org_012","search_submitted","","{""query_source"":""synonym""}","2025-10-19T22:53:33.9931988Z"
"event_000006501","session_00002961","user_0093","org_012","result_clicked","ste_000771","{""position"":2}","2025-10-19T22:53:41.9931988Z"
"event_000006502","session_00002961","user_0093","org_012","favorite_added","ste_000603","{""position"":5,""source"":""search""}","2025-10-19T22:53:44.9931988Z"
"event_000006503","session_00002962","user_0093","org_012","search_submitted","","{""query_source"":""base""}","2026-03-20T20:57:33.9931988Z"
"event_000006504","session_00002962","user_0093","org_012","result_clicked","ste_000965","{""position"":5}","2026-03-20T20:57:41.9931988Z"
"event_000006505","session_00002963","user_0093","org_012","search_submitted","","{""query_source"":""base""}","2026-02-06T16:05:33.9931988Z"
"event_000006506","session_00002963","user_0093","org_012","result_clicked","ste_000757","{""position"":3}","2026-02-06T16:05:41.9931988Z"
"event_000006507","session_00002963","user_0093","org_012","favorite_added","ste_000093","{""position"":1,""source"":""search""}","2026-02-06T16:05:44.9931988Z"
"event_000006508","session_00002964","user_0093","org_012","search_submitted","","{""query_source"":""base""}","2026-01-22T20:10:33.9931988Z"
"event_000006509","session_00002965","user_0093","org_012","search_submitted","","{""query_source"":""base""}","2025-11-21T22:35:33.9931988Z"
"event_000006510","session_00002965","user_0093","org_012","result_clicked","ste_000899","{""position"":1}","2025-11-21T22:35:41.9931988Z"
"event_000006511","session_00002966","user_0093","org_012","search_submitted","","{""query_source"":""base""}","2025-10-02T17:23:33.9931988Z"
"event_000006512","session_00002966","user_0093","org_012","result_clicked","ste_000622","{""position"":2}","2025-10-02T17:23:41.9931988Z"
"event_000006513","session_00002967","user_0093","org_012","search_submitted","","{""query_source"":""base""}","2026-03-14T07:54:33.9931988Z"
"event_000006514","session_00002967","user_0093","org_012","result_clicked","ste_000254","{""position"":4}","2026-03-14T07:54:41.9931988Z"
"event_000006515","session_00002968","user_0093","org_012","search_submitted","","{""query_source"":""base""}","2025-11-22T17:21:33.9931988Z"
"event_000006516","session_00002968","user_0093","org_012","result_clicked","ste_000259","{""position"":3}","2025-11-22T17:21:41.9931988Z"
"event_000006517","session_00002968","user_0093","org_012","favorite_added","ste_000855","{""position"":1,""source"":""search""}","2025-11-22T17:21:44.9931988Z"
"event_000006518","session_00002969","user_0093","org_012","search_submitted","","{""query_source"":""base""}","2026-02-14T05:43:33.9931988Z"
"event_000006519","session_00002969","user_0093","org_012","result_clicked","ste_000354","{""position"":3}","2026-02-14T05:43:41.9931988Z"
"event_000006520","session_00002970","user_0093","org_012","search_submitted","","{""query_source"":""base""}","2025-10-09T02:29:33.9931988Z"
"event_000006521","session_00002971","user_0093","org_012","search_submitted","","{""query_source"":""base""}","2026-03-27T08:09:33.9931988Z"
"event_000006522","session_00002971","user_0093","org_012","result_clicked","ste_000822","{""position"":1}","2026-03-27T08:09:41.9931988Z"
"event_000006523","session_00002972","user_0093","org_012","search_submitted","","{""query_source"":""synonym""}","2025-11-10T05:47:33.9931988Z"
"event_000006524","session_00002972","user_0093","org_012","result_clicked","ste_000065","{""position"":4}","2025-11-10T05:47:41.9931988Z"
"event_000006525","session_00002973","user_0093","org_012","search_submitted","","{""query_source"":""typo""}","2025-11-20T16:10:33.9931988Z"
"event_000006526","session_00002973","user_0093","org_012","result_clicked","ste_000984","{""position"":3}","2025-11-20T16:10:41.9931988Z"
"event_000006527","session_00002974","user_0093","org_012","search_submitted","","{""query_source"":""base""}","2025-10-04T00:16:33.9931988Z"
"event_000006528","session_00002975","user_0093","org_012","search_submitted","","{""query_source"":""base""}","2026-03-02T06:19:33.9931988Z"
"event_000006529","session_00002975","user_0093","org_012","result_clicked","ste_000100","{""position"":3}","2026-03-02T06:19:41.9931988Z"
"event_000006530","session_00002975","user_0093","org_012","favorite_added","ste_000100","{""position"":3,""source"":""search""}","2026-03-02T06:19:44.9931988Z"
"event_000006531","session_00002975","user_0093","org_012","purchase_completed","ste_000100","{""source"":""search"",""position"":3}","2026-03-02T06:19:51.9931988Z"
"event_000006532","session_00002976","user_0093","org_012","search_submitted","","{""query_source"":""base""}","2026-03-19T18:14:33.9931988Z"
"event_000006533","session_00002976","user_0093","org_012","result_clicked","ste_000498","{""position"":4}","2026-03-19T18:14:41.9931988Z"
"event_000006534","session_00002977","user_0093","org_012","search_submitted","","{""query_source"":""base""}","2025-11-26T07:19:33.9931988Z"
"event_000006535","session_00002977","user_0093","org_012","result_clicked","ste_000696","{""position"":1}","2025-11-26T07:19:41.9931988Z"
"event_000006536","session_00002978","user_0093","org_012","search_submitted","","{""query_source"":""base""}","2025-10-03T20:39:33.9931988Z"
"event_000006537","session_00002978","user_0093","org_012","result_clicked","ste_000203","{""position"":3}","2025-10-03T20:39:41.9931988Z"
"event_000006538","session_00002979","user_0093","org_012","search_submitted","","{""query_source"":""typo""}","2026-03-11T08:34:33.9931988Z"
"event_000006539","session_00002980","user_0093","org_012","search_submitted","","{""query_source"":""base""}","2025-12-22T00:54:33.9931988Z"
"event_000006540","session_00002980","user_0093","org_012","result_clicked","ste_000194","{""position"":3}","2025-12-22T00:54:41.9931988Z"
"event_000006541","session_00002980","user_0093","org_012","favorite_added","ste_000194","{""position"":3,""source"":""search""}","2025-12-22T00:54:44.9931988Z"
"event_000006542","session_00002981","user_0093","org_012","search_submitted","","{""query_source"":""base""}","2026-01-08T06:22:33.9931988Z"
"event_000006543","session_00002981","user_0093","org_012","result_clicked","ste_000870","{""position"":3}","2026-01-08T06:22:41.9931988Z"
"event_000006544","session_00002982","user_0093","org_012","search_submitted","","{""query_source"":""base""}","2026-02-05T01:39:33.9931988Z"
"event_000006545","session_00002982","user_0093","org_012","result_clicked","ste_000663","{""position"":3}","2026-02-05T01:39:41.9931988Z"
"event_000006546","session_00002983","user_0093","org_012","search_submitted","","{""query_source"":""base""}","2025-12-15T16:21:33.9931988Z"
"event_000006547","session_00002984","user_0093","org_012","search_submitted","","{""query_source"":""base""}","2026-03-24T02:31:33.9931988Z"
"event_000006548","session_00002985","user_0093","org_012","search_submitted","","{""query_source"":""base""}","2026-02-14T17:13:33.9931988Z"
"event_000006549","session_00002985","user_0093","org_012","result_clicked","ste_000395","{""position"":4}","2026-02-14T17:13:41.9931988Z"
"event_000006550","session_00002986","user_0094","org_012","search_submitted","","{""query_source"":""typo""}","2026-02-20T08:44:33.9931988Z"
"event_000006551","session_00002986","user_0094","org_012","result_clicked","ste_000600","{""position"":2}","2026-02-20T08:44:41.9931988Z"
"event_000006552","session_00002987","user_0094","org_012","search_submitted","","{""query_source"":""base""}","2026-02-25T10:01:33.9931988Z"
"event_000006553","session_00002987","user_0094","org_012","result_clicked","ste_000311","{""position"":4}","2026-02-25T10:01:41.9931988Z"
"event_000006554","session_00002987","user_0094","org_012","favorite_added","ste_000490","{""position"":1,""source"":""search""}","2026-02-25T10:01:44.9931988Z"
"event_000006555","session_00002988","user_0094","org_012","search_submitted","","{""query_source"":""base""}","2026-02-06T11:54:33.9931988Z"
"event_000006556","session_00002989","user_0094","org_012","search_submitted","","{""query_source"":""base""}","2026-02-07T02:01:33.9931988Z"
"event_000006557","session_00002989","user_0094","org_012","result_clicked","ste_000862","{""position"":5}","2026-02-07T02:01:41.9931988Z"
"event_000006558","session_00002989","user_0094","org_012","favorite_added","ste_000060","{""position"":1,""source"":""search""}","2026-02-07T02:01:44.9931988Z"
"event_000006559","session_00002990","user_0094","org_012","search_submitted","","{""query_source"":""base""}","2026-03-09T10:55:33.9931988Z"
"event_000006560","session_00002991","user_0094","org_012","search_submitted","","{""query_source"":""base""}","2025-11-27T07:26:33.9931988Z"
"event_000006561","session_00002992","user_0094","org_012","search_submitted","","{""query_source"":""typo""}","2026-02-22T01:51:33.9931988Z"
"event_000006562","session_00002992","user_0094","org_012","result_clicked","ste_000441","{""position"":2}","2026-02-22T01:51:41.9931988Z"
"event_000006563","session_00002993","user_0094","org_012","search_submitted","","{""query_source"":""base""}","2026-01-19T23:29:33.9931988Z"
"event_000006564","session_00002993","user_0094","org_012","result_clicked","ste_000803","{""position"":2}","2026-01-19T23:29:41.9931988Z"
"event_000006565","session_00002994","user_0094","org_012","search_submitted","","{""query_source"":""base""}","2025-11-26T17:57:33.9931988Z"
"event_000006566","session_00002994","user_0094","org_012","result_clicked","ste_000023","{""position"":5}","2025-11-26T17:57:41.9931988Z"
"event_000006567","session_00002994","user_0094","org_012","favorite_added","ste_001039","{""position"":3,""source"":""search""}","2025-11-26T17:57:44.9931988Z"
"event_000006568","session_00002995","user_0094","org_012","search_submitted","","{""query_source"":""base""}","2026-02-19T23:53:33.9931988Z"
"event_000006569","session_00002996","user_0094","org_012","search_submitted","","{""query_source"":""base""}","2026-01-25T21:37:33.9931988Z"
"event_000006570","session_00002997","user_0094","org_012","search_submitted","","{""query_source"":""base""}","2026-03-24T15:37:33.9931988Z"
"event_000006571","session_00002997","user_0094","org_012","result_clicked","ste_000614","{""position"":5}","2026-03-24T15:37:41.9931988Z"
"event_000006572","session_00002998","user_0094","org_012","search_submitted","","{""query_source"":""typo""}","2025-11-14T06:23:33.9931988Z"
"event_000006573","session_00002998","user_0094","org_012","result_clicked","ste_000420","{""position"":5}","2025-11-14T06:23:41.9931988Z"
"event_000006574","session_00002998","user_0094","org_012","favorite_added","ste_000802","{""position"":7,""source"":""search""}","2025-11-14T06:23:44.9931988Z"
"event_000006575","session_00002999","user_0094","org_012","search_submitted","","{""query_source"":""base""}","2025-11-24T09:43:33.9931988Z"
"event_000006576","session_00003000","user_0094","org_012","search_submitted","","{""query_source"":""base""}","2026-02-18T17:44:33.9931988Z"
"event_000006577","session_00003000","user_0094","org_012","result_clicked","ste_000781","{""position"":4}","2026-02-18T17:44:41.9931988Z"
"event_000006578","session_00003000","user_0094","org_012","favorite_added","ste_000170","{""position"":1,""source"":""search""}","2026-02-18T17:44:44.9931988Z"
"event_000006579","session_00003001","user_0094","org_012","search_submitted","","{""query_source"":""base""}","2025-11-23T01:45:33.9931988Z"
"event_000006580","session_00003001","user_0094","org_012","result_clicked","ste_000786","{""position"":4}","2025-11-23T01:45:41.9931988Z"
"event_000006581","session_00003002","user_0094","org_012","search_submitted","","{""query_source"":""base""}","2025-11-25T21:01:33.9931988Z"
"event_000006582","session_00003002","user_0094","org_012","result_clicked","ste_000785","{""position"":1}","2025-11-25T21:01:41.9931988Z"
"event_000006583","session_00003002","user_0094","org_012","favorite_added","ste_000930","{""position"":3,""source"":""search""}","2025-11-25T21:01:44.9931988Z"
"event_000006584","session_00003003","user_0094","org_012","search_submitted","","{""query_source"":""base""}","2025-11-02T05:10:33.9931988Z"
"event_000006585","session_00003003","user_0094","org_012","result_clicked","ste_001075","{""position"":2}","2025-11-02T05:10:41.9931988Z"
"event_000006586","session_00003004","user_0094","org_012","search_submitted","","{""query_source"":""base""}","2025-11-26T19:08:33.9931988Z"
"event_000006587","session_00003005","user_0094","org_012","search_submitted","","{""query_source"":""typo""}","2025-12-25T05:56:33.9931988Z"
"event_000006588","session_00003005","user_0094","org_012","result_clicked","ste_000318","{""position"":3}","2025-12-25T05:56:41.9931988Z"
"event_000006589","session_00003006","user_0094","org_012","search_submitted","","{""query_source"":""base""}","2026-02-28T16:21:33.9931988Z"
"event_000006590","session_00003007","user_0094","org_012","search_submitted","","{""query_source"":""base""}","2026-02-17T23:37:33.9931988Z"
"event_000006591","session_00003007","user_0094","org_012","result_clicked","ste_000646","{""position"":2}","2026-02-17T23:37:41.9931988Z"
"event_000006592","session_00003007","user_0094","org_012","favorite_added","ste_000294","{""position"":6,""source"":""search""}","2026-02-17T23:37:44.9931988Z"
"event_000006593","session_00003008","user_0094","org_012","search_submitted","","{""query_source"":""base""}","2026-03-08T07:33:33.9931988Z"
"event_000006594","session_00003008","user_0094","org_012","result_clicked","ste_001102","{""position"":1}","2026-03-08T07:33:41.9931988Z"
"event_000006595","session_00003009","user_0094","org_012","search_submitted","","{""query_source"":""base""}","2026-01-26T06:25:33.9931988Z"
"event_000006596","session_00003009","user_0094","org_012","result_clicked","ste_000962","{""position"":3}","2026-01-26T06:25:41.9931988Z"
"event_000006597","session_00003010","user_0094","org_012","search_submitted","","{""query_source"":""synonym""}","2025-12-10T15:58:33.9931988Z"
"event_000006598","session_00003010","user_0094","org_012","result_clicked","ste_000108","{""position"":1}","2025-12-10T15:58:41.9931988Z"
"event_000006599","session_00003011","user_0094","org_012","search_submitted","","{""query_source"":""base""}","2025-12-14T22:20:33.9931988Z"
"event_000006600","session_00003011","user_0094","org_012","result_clicked","ste_000068","{""position"":5}","2025-12-14T22:20:41.9931988Z"
"event_000006601","session_00003011","user_0094","org_012","favorite_added","ste_000749","{""position"":6,""source"":""search""}","2025-12-14T22:20:44.9931988Z"
"event_000006602","session_00003012","user_0094","org_012","search_submitted","","{""query_source"":""base""}","2025-10-01T13:15:33.9931988Z"
"event_000006603","session_00003012","user_0094","org_012","result_clicked","ste_000544","{""position"":4}","2025-10-01T13:15:41.9931988Z"
"event_000006604","session_00003012","user_0094","org_012","favorite_added","ste_000444","{""position"":7,""source"":""search""}","2025-10-01T13:15:44.9931988Z"
"event_000006605","session_00003013","user_0094","org_012","search_submitted","","{""query_source"":""synonym""}","2026-01-01T21:57:33.9931988Z"
"event_000006606","session_00003013","user_0094","org_012","result_clicked","ste_001102","{""position"":4}","2026-01-01T21:57:41.9931988Z"
"event_000006607","session_00003013","user_0094","org_012","purchase_completed","ste_001102","{""source"":""search"",""position"":4}","2026-01-01T21:57:51.9931988Z"
"event_000006608","session_00003014","user_0094","org_012","search_submitted","","{""query_source"":""synonym""}","2025-10-14T04:56:33.9931988Z"
"event_000006609","session_00003014","user_0094","org_012","result_clicked","ste_000376","{""position"":5}","2025-10-14T04:56:41.9931988Z"
"event_000006610","session_00003014","user_0094","org_012","favorite_added","ste_000327","{""position"":1,""source"":""search""}","2025-10-14T04:56:44.9931988Z"
"event_000006611","session_00003014","user_0094","org_012","purchase_completed","ste_000376","{""source"":""search"",""position"":5}","2025-10-14T04:56:51.9931988Z"
"event_000006612","session_00003015","user_0094","org_012","search_submitted","","{""query_source"":""typo""}","2025-10-10T19:35:33.9931988Z"
"event_000006613","session_00003015","user_0094","org_012","result_clicked","ste_001106","{""position"":5}","2025-10-10T19:35:41.9931988Z"
"event_000006614","session_00003016","user_0094","org_012","search_submitted","","{""query_source"":""base""}","2026-02-23T22:57:33.9931988Z"
"event_000006615","session_00003016","user_0094","org_012","result_clicked","ste_001082","{""position"":2}","2026-02-23T22:57:41.9931988Z"
"event_000006616","session_00003016","user_0094","org_012","favorite_added","ste_000433","{""position"":4,""source"":""search""}","2026-02-23T22:57:44.9931988Z"
"event_000006617","session_00003016","user_0094","org_012","purchase_completed","ste_001082","{""source"":""search"",""position"":2}","2026-02-23T22:57:51.9931988Z"
"event_000006618","session_00003017","user_0094","org_012","search_submitted","","{""query_source"":""base""}","2026-02-07T06:28:33.9931988Z"
"event_000006619","session_00003017","user_0094","org_012","result_clicked","ste_000525","{""position"":2}","2026-02-07T06:28:41.9931988Z"
"event_000006620","session_00003018","user_0094","org_012","search_submitted","","{""query_source"":""synonym""}","2025-12-23T04:43:33.9931988Z"
"event_000006621","session_00003019","user_0094","org_012","search_submitted","","{""query_source"":""base""}","2026-01-18T11:26:33.9931988Z"
"event_000006622","session_00003019","user_0094","org_012","result_clicked","ste_000801","{""position"":5}","2026-01-18T11:26:41.9931988Z"
"event_000006623","session_00003019","user_0094","org_012","favorite_added","ste_000660","{""position"":1,""source"":""search""}","2026-01-18T11:26:44.9931988Z"
"event_000006624","session_00003020","user_0094","org_012","search_submitted","","{""query_source"":""base""}","2025-09-29T08:35:33.9931988Z"
"event_000006625","session_00003020","user_0094","org_012","result_clicked","ste_001166","{""position"":5}","2025-09-29T08:35:41.9931988Z"
"event_000006626","session_00003020","user_0094","org_012","favorite_added","ste_001195","{""position"":4,""source"":""search""}","2025-09-29T08:35:44.9931988Z"
"event_000006627","session_00003021","user_0095","org_012","search_submitted","","{""query_source"":""base""}","2025-11-05T17:37:33.9931988Z"
"event_000006628","session_00003022","user_0095","org_012","search_submitted","","{""query_source"":""base""}","2025-10-11T02:43:33.9931988Z"
"event_000006629","session_00003022","user_0095","org_012","result_clicked","ste_001135","{""position"":3}","2025-10-11T02:43:41.9931988Z"
"event_000006630","session_00003023","user_0095","org_012","search_submitted","","{""query_source"":""base""}","2025-12-22T22:48:33.9931988Z"
"event_000006631","session_00003023","user_0095","org_012","result_clicked","ste_000403","{""position"":3}","2025-12-22T22:48:41.9931988Z"
"event_000006632","session_00003023","user_0095","org_012","purchase_completed","ste_000403","{""source"":""search"",""position"":3}","2025-12-22T22:48:51.9931988Z"
"event_000006633","session_00003024","user_0095","org_012","search_submitted","","{""query_source"":""base""}","2026-02-02T05:40:33.9931988Z"
"event_000006634","session_00003024","user_0095","org_012","result_clicked","ste_001188","{""position"":3}","2026-02-02T05:40:41.9931988Z"
"event_000006635","session_00003025","user_0095","org_012","search_submitted","","{""query_source"":""base""}","2025-11-17T23:45:33.9931988Z"
"event_000006636","session_00003025","user_0095","org_012","result_clicked","ste_001200","{""position"":1}","2025-11-17T23:45:41.9931988Z"
"event_000006637","session_00003026","user_0095","org_012","search_submitted","","{""query_source"":""base""}","2026-02-21T00:43:33.9931988Z"
"event_000006638","session_00003026","user_0095","org_012","result_clicked","ste_000870","{""position"":3}","2026-02-21T00:43:41.9931988Z"
"event_000006639","session_00003027","user_0095","org_012","search_submitted","","{""query_source"":""base""}","2026-01-20T15:44:33.9931988Z"
"event_000006640","session_00003027","user_0095","org_012","result_clicked","ste_001179","{""position"":5}","2026-01-20T15:44:41.9931988Z"
"event_000006641","session_00003027","user_0095","org_012","favorite_added","ste_000022","{""position"":4,""source"":""search""}","2026-01-20T15:44:44.9931988Z"
"event_000006642","session_00003027","user_0095","org_012","purchase_completed","ste_001179","{""source"":""search"",""position"":5}","2026-01-20T15:44:51.9931988Z"
"event_000006643","session_00003028","user_0095","org_012","search_submitted","","{""query_source"":""synonym""}","2026-02-21T13:30:33.9931988Z"
"event_000006644","session_00003028","user_0095","org_012","result_clicked","ste_000196","{""position"":1}","2026-02-21T13:30:41.9931988Z"
"event_000006645","session_00003029","user_0095","org_012","search_submitted","","{""query_source"":""base""}","2026-02-18T05:42:33.9931988Z"
"event_000006646","session_00003029","user_0095","org_012","result_clicked","ste_001077","{""position"":5}","2026-02-18T05:42:41.9931988Z"
"event_000006647","session_00003029","user_0095","org_012","favorite_added","ste_000041","{""position"":3,""source"":""search""}","2026-02-18T05:42:44.9931988Z"
"event_000006648","session_00003030","user_0095","org_012","search_submitted","","{""query_source"":""base""}","2026-03-27T14:52:33.9931988Z"
"event_000006649","session_00003030","user_0095","org_012","result_clicked","ste_000592","{""position"":2}","2026-03-27T14:52:41.9931988Z"
"event_000006650","session_00003030","user_0095","org_012","favorite_added","ste_000923","{""position"":5,""source"":""search""}","2026-03-27T14:52:44.9931988Z"
"event_000006651","session_00003031","user_0095","org_012","search_submitted","","{""query_source"":""base""}","2026-01-06T07:51:33.9931988Z"
"event_000006652","session_00003031","user_0095","org_012","result_clicked","ste_000600","{""position"":2}","2026-01-06T07:51:41.9931988Z"
"event_000006653","session_00003032","user_0095","org_012","search_submitted","","{""query_source"":""base""}","2025-12-01T03:27:33.9931988Z"
"event_000006654","session_00003033","user_0095","org_012","search_submitted","","{""query_source"":""typo""}","2025-10-01T03:50:33.9931988Z"
"event_000006655","session_00003033","user_0095","org_012","result_clicked","ste_000810","{""position"":5}","2025-10-01T03:50:41.9931988Z"
"event_000006656","session_00003034","user_0095","org_012","search_submitted","","{""query_source"":""base""}","2026-02-20T09:34:33.9931988Z"
"event_000006657","session_00003034","user_0095","org_012","result_clicked","ste_000478","{""position"":1}","2026-02-20T09:34:41.9931988Z"
"event_000006658","session_00003035","user_0095","org_012","search_submitted","","{""query_source"":""base""}","2026-02-20T02:34:33.9931988Z"
"event_000006659","session_00003036","user_0095","org_012","search_submitted","","{""query_source"":""base""}","2026-03-12T13:01:33.9931988Z"
"event_000006660","session_00003036","user_0095","org_012","result_clicked","ste_000292","{""position"":2}","2026-03-12T13:01:41.9931988Z"
"event_000006661","session_00003037","user_0095","org_012","search_submitted","","{""query_source"":""base""}","2025-10-24T09:31:33.9931988Z"
"event_000006662","session_00003037","user_0095","org_012","result_clicked","ste_001041","{""position"":4}","2025-10-24T09:31:41.9931988Z"
"event_000006663","session_00003038","user_0095","org_012","search_submitted","","{""query_source"":""typo""}","2026-02-07T11:08:33.9931988Z"
"event_000006664","session_00003038","user_0095","org_012","result_clicked","ste_000786","{""position"":2}","2026-02-07T11:08:41.9931988Z"
"event_000006665","session_00003038","user_0095","org_012","purchase_completed","ste_000786","{""source"":""search"",""position"":2}","2026-02-07T11:08:51.9931988Z"
"event_000006666","session_00003039","user_0095","org_012","search_submitted","","{""query_source"":""synonym""}","2025-10-17T18:30:33.9931988Z"
"event_000006667","session_00003039","user_0095","org_012","result_clicked","ste_000731","{""position"":4}","2025-10-17T18:30:41.9931988Z"
"event_000006668","session_00003040","user_0095","org_012","search_submitted","","{""query_source"":""base""}","2026-02-02T13:58:33.9931988Z"
"event_000006669","session_00003040","user_0095","org_012","result_clicked","ste_001200","{""position"":3}","2026-02-02T13:58:41.9931988Z"
"event_000006670","session_00003040","user_0095","org_012","favorite_added","ste_000206","{""position"":2,""source"":""search""}","2026-02-02T13:58:44.9931988Z"
"event_000006671","session_00003040","user_0095","org_012","purchase_completed","ste_001200","{""source"":""search"",""position"":3}","2026-02-02T13:58:51.9931988Z"
"event_000006672","session_00003041","user_0095","org_012","search_submitted","","{""query_source"":""typo""}","2026-03-08T21:06:33.9931988Z"
"event_000006673","session_00003041","user_0095","org_012","result_clicked","ste_000933","{""position"":3}","2026-03-08T21:06:41.9931988Z"
"event_000006674","session_00003042","user_0095","org_012","search_submitted","","{""query_source"":""base""}","2026-02-15T13:10:33.9931988Z"
"event_000006675","session_00003042","user_0095","org_012","result_clicked","ste_000358","{""position"":2}","2026-02-15T13:10:41.9931988Z"
"event_000006676","session_00003042","user_0095","org_012","favorite_added","ste_000493","{""position"":6,""source"":""search""}","2026-02-15T13:10:44.9931988Z"
"event_000006677","session_00003043","user_0095","org_012","search_submitted","","{""query_source"":""base""}","2026-03-15T12:02:33.9931988Z"
"event_000006678","session_00003043","user_0095","org_012","result_clicked","ste_000214","{""position"":2}","2026-03-15T12:02:41.9931988Z"
"event_000006679","session_00003044","user_0095","org_012","search_submitted","","{""query_source"":""synonym""}","2025-12-01T23:21:33.9931988Z"
"event_000006680","session_00003045","user_0095","org_012","search_submitted","","{""query_source"":""base""}","2025-12-21T13:41:33.9931988Z"
"event_000006681","session_00003045","user_0095","org_012","result_clicked","ste_000741","{""position"":1}","2025-12-21T13:41:41.9931988Z"
"event_000006682","session_00003046","user_0095","org_012","search_submitted","","{""query_source"":""synonym""}","2025-11-30T01:45:33.9931988Z"
"event_000006683","session_00003046","user_0095","org_012","result_clicked","ste_001029","{""position"":4}","2025-11-30T01:45:41.9931988Z"
"event_000006684","session_00003047","user_0095","org_012","search_submitted","","{""query_source"":""base""}","2025-11-04T19:29:33.9931988Z"
"event_000006685","session_00003047","user_0095","org_012","result_clicked","ste_000016","{""position"":2}","2025-11-04T19:29:41.9931988Z"
"event_000006686","session_00003047","user_0095","org_012","purchase_completed","ste_000016","{""source"":""search"",""position"":2}","2025-11-04T19:29:51.9931988Z"
"event_000006687","session_00003048","user_0095","org_012","search_submitted","","{""query_source"":""base""}","2025-11-28T03:10:33.9931988Z"
"event_000006688","session_00003049","user_0095","org_012","search_submitted","","{""query_source"":""synonym""}","2025-11-30T00:14:33.9931988Z"
"event_000006689","session_00003050","user_0095","org_012","search_submitted","","{""query_source"":""typo""}","2025-10-11T14:56:33.9931988Z"
"event_000006690","session_00003050","user_0095","org_012","result_clicked","ste_000776","{""position"":2}","2025-10-11T14:56:41.9931988Z"
"event_000006691","session_00003051","user_0095","org_012","search_submitted","","{""query_source"":""typo""}","2025-10-02T03:49:33.9931988Z"
"event_000006692","session_00003051","user_0095","org_012","result_clicked","ste_000787","{""position"":3}","2025-10-02T03:49:41.9931988Z"
"event_000006693","session_00003051","user_0095","org_012","purchase_completed","ste_000787","{""source"":""search"",""position"":3}","2025-10-02T03:49:51.9931988Z"
"event_000006694","session_00003052","user_0095","org_012","search_submitted","","{""query_source"":""base""}","2025-12-25T21:49:33.9931988Z"
"event_000006695","session_00003053","user_0095","org_012","search_submitted","","{""query_source"":""base""}","2025-10-07T00:59:33.9931988Z"
"event_000006696","session_00003053","user_0095","org_012","result_clicked","ste_000898","{""position"":2}","2025-10-07T00:59:41.9931988Z"
"event_000006697","session_00003054","user_0095","org_012","search_submitted","","{""query_source"":""base""}","2026-02-15T22:53:33.9931988Z"
"event_000006698","session_00003054","user_0095","org_012","result_clicked","ste_001134","{""position"":3}","2026-02-15T22:53:41.9931988Z"
"event_000006699","session_00003054","user_0095","org_012","purchase_completed","ste_001134","{""source"":""search"",""position"":3}","2026-02-15T22:53:51.9931988Z"
"event_000006700","session_00003055","user_0095","org_012","search_submitted","","{""query_source"":""base""}","2026-02-28T15:37:33.9931988Z"
"event_000006701","session_00003055","user_0095","org_012","result_clicked","ste_000674","{""position"":4}","2026-02-28T15:37:41.9931988Z"
"event_000006702","session_00003055","user_0095","org_012","purchase_completed","ste_000674","{""source"":""search"",""position"":4}","2026-02-28T15:37:51.9931988Z"
"event_000006703","session_00003056","user_0095","org_012","search_submitted","","{""query_source"":""base""}","2026-01-03T08:59:33.9931988Z"
"event_000006704","session_00003057","user_0096","org_012","search_submitted","","{""query_source"":""base""}","2025-11-03T22:46:33.9931988Z"
"event_000006705","session_00003057","user_0096","org_012","result_clicked","ste_000042","{""position"":2}","2025-11-03T22:46:41.9931988Z"
"event_000006706","session_00003058","user_0096","org_012","search_submitted","","{""query_source"":""base""}","2025-10-12T09:03:33.9931988Z"
"event_000006707","session_00003058","user_0096","org_012","result_clicked","ste_000602","{""position"":1}","2025-10-12T09:03:41.9931988Z"
"event_000006708","session_00003058","user_0096","org_012","favorite_added","ste_000250","{""position"":3,""source"":""search""}","2025-10-12T09:03:44.9931988Z"
"event_000006709","session_00003059","user_0096","org_012","search_submitted","","{""query_source"":""typo""}","2025-11-03T15:46:33.9931988Z"
"event_000006710","session_00003059","user_0096","org_012","result_clicked","ste_001171","{""position"":3}","2025-11-03T15:46:41.9931988Z"
"event_000006711","session_00003059","user_0096","org_012","purchase_completed","ste_001171","{""source"":""search"",""position"":3}","2025-11-03T15:46:51.9931988Z"
"event_000006712","session_00003060","user_0096","org_012","search_submitted","","{""query_source"":""base""}","2026-03-22T13:19:33.9931988Z"
"event_000006713","session_00003060","user_0096","org_012","result_clicked","ste_000831","{""position"":5}","2026-03-22T13:19:41.9931988Z"
"event_000006714","session_00003061","user_0096","org_012","search_submitted","","{""query_source"":""base""}","2025-10-07T12:16:33.9931988Z"
"event_000006715","session_00003061","user_0096","org_012","result_clicked","ste_000052","{""position"":5}","2025-10-07T12:16:41.9931988Z"
"event_000006716","session_00003061","user_0096","org_012","favorite_added","ste_000052","{""position"":5,""source"":""search""}","2025-10-07T12:16:44.9931988Z"
"event_000006717","session_00003061","user_0096","org_012","purchase_completed","ste_000052","{""source"":""search"",""position"":5}","2025-10-07T12:16:51.9931988Z"
"event_000006718","session_00003062","user_0096","org_012","search_submitted","","{""query_source"":""base""}","2026-03-16T08:01:33.9931988Z"
"event_000006719","session_00003062","user_0096","org_012","result_clicked","ste_001071","{""position"":1}","2026-03-16T08:01:41.9931988Z"
"event_000006720","session_00003063","user_0096","org_012","search_submitted","","{""query_source"":""base""}","2026-03-04T14:54:33.9931988Z"
"event_000006721","session_00003063","user_0096","org_012","result_clicked","ste_001061","{""position"":4}","2026-03-04T14:54:41.9931988Z"
"event_000006722","session_00003064","user_0096","org_012","search_submitted","","{""query_source"":""typo""}","2025-10-25T19:39:33.9931988Z"
"event_000006723","session_00003064","user_0096","org_012","result_clicked","ste_000016","{""position"":3}","2025-10-25T19:39:41.9931988Z"
"event_000006724","session_00003064","user_0096","org_012","favorite_added","ste_000655","{""position"":1,""source"":""search""}","2025-10-25T19:39:44.9931988Z"
"event_000006725","session_00003065","user_0096","org_012","search_submitted","","{""query_source"":""base""}","2025-12-12T07:42:33.9931988Z"
"event_000006726","session_00003065","user_0096","org_012","result_clicked","ste_000562","{""position"":5}","2025-12-12T07:42:41.9931988Z"
"event_000006727","session_00003066","user_0096","org_012","search_submitted","","{""query_source"":""base""}","2026-01-15T06:17:33.9931988Z"
"event_000006728","session_00003066","user_0096","org_012","result_clicked","ste_000396","{""position"":3}","2026-01-15T06:17:41.9931988Z"
"event_000006729","session_00003066","user_0096","org_012","purchase_completed","ste_000396","{""source"":""search"",""position"":3}","2026-01-15T06:17:51.9931988Z"
"event_000006730","session_00003067","user_0096","org_012","search_submitted","","{""query_source"":""typo""}","2025-10-13T00:01:33.9931988Z"
"event_000006731","session_00003067","user_0096","org_012","result_clicked","ste_000151","{""position"":1}","2025-10-13T00:01:41.9931988Z"
"event_000006732","session_00003067","user_0096","org_012","favorite_added","ste_000794","{""position"":3,""source"":""search""}","2025-10-13T00:01:44.9931988Z"
"event_000006733","session_00003068","user_0096","org_012","search_submitted","","{""query_source"":""base""}","2026-03-12T13:17:33.9931988Z"
"event_000006734","session_00003068","user_0096","org_012","result_clicked","ste_000611","{""position"":4}","2026-03-12T13:17:41.9931988Z"
"event_000006735","session_00003069","user_0096","org_012","search_submitted","","{""query_source"":""typo""}","2025-12-08T18:07:33.9931988Z"
"event_000006736","session_00003069","user_0096","org_012","result_clicked","ste_001048","{""position"":1}","2025-12-08T18:07:41.9931988Z"
"event_000006737","session_00003069","user_0096","org_012","purchase_completed","ste_001048","{""source"":""search"",""position"":1}","2025-12-08T18:07:51.9931988Z"
"event_000006738","session_00003070","user_0096","org_012","search_submitted","","{""query_source"":""base""}","2025-12-16T14:47:33.9931988Z"
"event_000006739","session_00003070","user_0096","org_012","result_clicked","ste_001026","{""position"":4}","2025-12-16T14:47:41.9931988Z"
"event_000006740","session_00003070","user_0096","org_012","favorite_added","ste_000381","{""position"":7,""source"":""search""}","2025-12-16T14:47:44.9931988Z"
"event_000006741","session_00003071","user_0096","org_012","search_submitted","","{""query_source"":""synonym""}","2026-03-25T11:42:33.9931988Z"
"event_000006742","session_00003071","user_0096","org_012","result_clicked","ste_001076","{""position"":3}","2026-03-25T11:42:41.9931988Z"
"event_000006743","session_00003072","user_0096","org_012","search_submitted","","{""query_source"":""base""}","2026-01-13T09:34:33.9931988Z"
"event_000006744","session_00003072","user_0096","org_012","result_clicked","ste_000800","{""position"":5}","2026-01-13T09:34:41.9931988Z"
"event_000006745","session_00003073","user_0096","org_012","search_submitted","","{""query_source"":""base""}","2025-12-01T16:15:33.9931988Z"
"event_000006746","session_00003074","user_0096","org_012","search_submitted","","{""query_source"":""typo""}","2025-10-27T09:09:33.9931988Z"
"event_000006747","session_00003074","user_0096","org_012","result_clicked","ste_000887","{""position"":1}","2025-10-27T09:09:41.9931988Z"
"event_000006748","session_00003075","user_0096","org_012","search_submitted","","{""query_source"":""base""}","2026-02-05T23:16:33.9931988Z"
"event_000006749","session_00003075","user_0096","org_012","result_clicked","ste_000431","{""position"":1}","2026-02-05T23:16:41.9931988Z"
"event_000006750","session_00003075","user_0096","org_012","favorite_added","ste_000958","{""position"":3,""source"":""search""}","2026-02-05T23:16:44.9931988Z"
"event_000006751","session_00003076","user_0096","org_012","search_submitted","","{""query_source"":""synonym""}","2025-10-01T01:59:33.9931988Z"
"event_000006752","session_00003076","user_0096","org_012","result_clicked","ste_001011","{""position"":1}","2025-10-01T01:59:41.9931988Z"
"event_000006753","session_00003076","user_0096","org_012","favorite_added","ste_000144","{""position"":2,""source"":""search""}","2025-10-01T01:59:44.9931988Z"
"event_000006754","session_00003077","user_0096","org_012","search_submitted","","{""query_source"":""base""}","2025-12-09T19:08:33.9931988Z"
"event_000006755","session_00003077","user_0096","org_012","result_clicked","ste_000379","{""position"":3}","2025-12-09T19:08:41.9931988Z"
"event_000006756","session_00003077","user_0096","org_012","favorite_added","ste_001162","{""position"":7,""source"":""search""}","2025-12-09T19:08:44.9931988Z"
"event_000006757","session_00003078","user_0096","org_012","search_submitted","","{""query_source"":""base""}","2025-10-19T21:09:33.9931988Z"
"event_000006758","session_00003078","user_0096","org_012","result_clicked","ste_000744","{""position"":2}","2025-10-19T21:09:41.9931988Z"
"event_000006759","session_00003079","user_0096","org_012","search_submitted","","{""query_source"":""base""}","2026-03-02T19:37:33.9931988Z"
"event_000006760","session_00003080","user_0096","org_012","search_submitted","","{""query_source"":""base""}","2025-10-27T02:06:33.9931988Z"
"event_000006761","session_00003080","user_0096","org_012","result_clicked","ste_000233","{""position"":2}","2025-10-27T02:06:41.9931988Z"
"event_000006762","session_00003080","user_0096","org_012","favorite_added","ste_001169","{""position"":1,""source"":""search""}","2025-10-27T02:06:44.9931988Z"
"event_000006763","session_00003080","user_0096","org_012","purchase_completed","ste_000233","{""source"":""search"",""position"":2}","2025-10-27T02:06:51.9931988Z"
"event_000006764","session_00003081","user_0096","org_012","search_submitted","","{""query_source"":""base""}","2025-11-13T17:55:33.9931988Z"
"event_000006765","session_00003082","user_0096","org_012","search_submitted","","{""query_source"":""base""}","2025-10-08T02:12:33.9931988Z"
"event_000006766","session_00003082","user_0096","org_012","result_clicked","ste_000296","{""position"":3}","2025-10-08T02:12:41.9931988Z"
"event_000006767","session_00003083","user_0096","org_012","search_submitted","","{""query_source"":""typo""}","2025-12-25T13:07:33.9931988Z"
"event_000006768","session_00003083","user_0096","org_012","result_clicked","ste_000822","{""position"":1}","2025-12-25T13:07:41.9931988Z"
