"id","title","description","category_id","supplier_id","attributes_json","status","updated_at"
"ste_000001","Kompleksnaya postavka logistika dlya municipalnyh nuzhd","Category Transport. Product built around term 'logistika'.","cat_transport","sup_030","{""keyword"":""logistika"",""service"":""fleet_support"",""class"":""charter""}","active","2026-01-14T19:29:33.9931988Z"
"ste_000002","Kompleksnaya postavka obsluzhivanie dlya ofisov","Category Services. Product built around term 'obsluzhivanie'.","cat_service","sup_015","{""keyword"":""obsluzhivanie"",""service"":""monthly"",""class"":""office""}","active","2026-03-12T19:29:33.9931988Z"
"ste_000003","Tekhnicheskoe obsluzhivanie kommutator pod klyuch","Category IT and Equipment. Product built around term 'kommutator'.","cat_it","sup_019","{""keyword"":""kommutator"",""service"":""supply"",""class"":""tower""}","active","2026-03-10T19:29:33.9931988Z"
"ste_000004","Arenda noutbuk pod klyuch","Category IT and Equipment. Product built around term 'noutbuk'.","cat_it","sup_021","{""keyword"":""noutbuk"",""service"":""supply"",""class"":""tower""}","active","2026-03-17T19:29:33.9931988Z"
"ste_000005","Kompleksnaya postavka autsorsing s dostavkoy","Category Services. Product built around term 'autsorsing'.","cat_service","sup_019","{""keyword"":""autsorsing"",""service"":""monthly"",""class"":""it""}","active","2026-01-06T19:29:33.9931988Z"
"ste_000006","Kompleksnaya postavka tehpodderzhka s dostavkoy","Category Services. Product built around term 'tehpodderzhka'.","cat_service","sup_009","{""keyword"":""tehpodderzhka"",""service"":""monthly"",""class"":""office""}","active","2026-03-15T19:29:33.9931988Z"
"ste_000007","Usluga rabochaya stanciya pod klyuch","Category IT and Equipment. Product built around term 'rabochaya stanciya'.","cat_it","sup_019","{""keyword"":""rabochaya stanciya"",""service"":""maintenance"",""class"":""tower""}","active","2026-02-10T19:29:33.9931988Z"
"ste_000008","Kompleksnaya postavka obsluzhivanie dlya ofisov","Category Services. Product built around term 'obsluzhivanie'.","cat_service","sup_004","{""keyword"":""obsluzhivanie"",""service"":""monthly"",""class"":""office""}","active","2026-03-05T19:29:33.9931988Z"
"ste_000009","Tekhnicheskoe obsluzhivanie autsorsing dlya ofisov","Category Services. Product built around term 'autsorsing'.","cat_service","sup_001","{""keyword"":""autsorsing"",""service"":""on_demand"",""class"":""office""}","active","2025-12-15T19:29:33.9931988Z"
"ste_000010","Kompleksnaya postavka kanctovary pod klyuch","Category Office and Supplies. Product built around term 'kanctovary'.","cat_office","sup_029","{""keyword"":""kanctovary"",""service"":""standard"",""class"":""a3""}","active","2026-02-03T19:29:33.9931988Z"
"ste_000011","Usluga noutbuk dlya ofisov","Category IT and Equipment. Product built around term 'noutbuk'.","cat_it","sup_028","{""keyword"":""noutbuk"",""service"":""maintenance"",""class"":""tower""}","active","2026-01-14T19:29:33.9931988Z"
"ste_000012","Kompleksnaya postavka autsorsing dlya ofisov","Category Services. Product built around term 'autsorsing'.","cat_service","sup_012","{""keyword"":""autsorsing"",""service"":""quarterly"",""class"":""it""}","active","2026-03-21T19:29:33.9931988Z"
"ste_000013","Arenda kanctovary s dostavkoy","Category Office and Supplies. Product built around term 'kanctovary'.","cat_office","sup_025","{""keyword"":""kanctovary"",""service"":""premium"",""class"":""laser""}","active","2025-12-13T19:29:33.9931988Z"
"ste_000014","Usluga arenda transporta dlya ofisov","Category Transport. Product built around term 'arenda transporta'.","cat_transport","sup_017","{""keyword"":""arenda transporta"",""service"":""fleet_support"",""class"":""school""}","active","2026-01-28T19:29:33.9931988Z"
"ste_000015","Usluga avtobus dlya infrastruktury","Category Transport. Product built around term 'avtobus'.","cat_transport","sup_011","{""keyword"":""avtobus"",""service"":""route_planning"",""class"":""intercity""}","active","2026-01-03T19:29:33.9931988Z"
"ste_000016","Postavka obsluzhivanie dlya infrastruktury","Category Services. Product built around term 'obsluzhivanie'.","cat_service","sup_009","{""keyword"":""obsluzhivanie"",""service"":""monthly"",""class"":""facility""}","active","2026-01-10T19:29:33.9931988Z"
"ste_000017","Arenda passazhirskie perevozki dlya ofisov","Category Transport. Product built around term 'passazhirskie perevozki'.","cat_transport","sup_028","{""keyword"":""passazhirskie perevozki"",""service"":""fleet_support"",""class"":""city""}","active","2026-02-26T19:29:33.9931988Z"
"ste_000018","Postavka tehpodderzhka dlya municipalnyh nuzhd","Category Services. Product built around term 'tehpodderzhka'.","cat_service","sup_028","{""keyword"":""tehpodderzhka"",""service"":""on_demand"",""class"":""facility""}","active","2026-03-11T19:29:33.9931988Z"
"ste_000019","Kompleksnaya postavka obsluzhivanie dlya ofisov","Category Services. Product built around term 'obsluzhivanie'.","cat_service","sup_006","{""keyword"":""obsluzhivanie"",""service"":""quarterly"",""class"":""facility""}","active","2026-01-25T19:29:33.9931988Z"
"ste_000020","Postavka klining dlya municipalnyh nuzhd","Category Services. Product built around term 'klining'.","cat_service","sup_016","{""keyword"":""klining"",""service"":""quarterly"",""class"":""office""}","active","2026-01-15T19:29:33.9931988Z"
"ste_000021","Arenda kartridzh s dostavkoy","Category Office and Supplies. Product built around term 'kartridzh'.","cat_office","sup_029","{""keyword"":""kartridzh"",""service"":""standard"",""class"":""a4""}","active","2026-01-13T19:29:33.9931988Z"
"ste_000022","Postavka printer dlya municipalnyh nuzhd","Category Office and Supplies. Product built around term 'printer'.","cat_office","sup_014","{""keyword"":""printer"",""service"":""standard"",""class"":""laser""}","active","2026-02-23T19:29:33.9931988Z"
"ste_000023","Kompleksnaya postavka kanctovary dlya municipalnyh nuzhd","Category Office and Supplies. Product built around term 'kanctovary'.","cat_office","sup_016","{""keyword"":""kanctovary"",""service"":""bulk"",""class"":""laser""}","active","2026-01-29T19:29:33.9931988Z"
"ste_000024","Tekhnicheskoe obsluzhivanie ofisnaya mebel dlya municipalnyh nuzhd","Category Office and Supplies. Product built around term 'ofisnaya mebel'.","cat_office","sup_013","{""keyword"":""ofisnaya mebel"",""service"":""bulk"",""class"":""laser""}","active","2026-03-04T19:29:33.9931988Z"
"ste_000025","Tekhnicheskoe obsluzhivanie server dlya infrastruktury","Category IT and Equipment. Product built around term 'server'.","cat_it","sup_014","{""keyword"":""server"",""service"":""monitoring"",""class"":""tower""}","active","2025-12-08T19:29:33.9931988Z"
"ste_000026","Tekhnicheskoe obsluzhivanie bumaga s dostavkoy","Category Office and Supplies. Product built around term 'bumaga'.","cat_office","sup_030","{""keyword"":""bumaga"",""service"":""premium"",""class"":""ergonomic""}","active","2026-03-10T19:29:33.9931988Z"
"ste_000027","Kompleksnaya postavka server dlya municipalnyh nuzhd","Category IT and Equipment. Product built around term 'server'.","cat_it","sup_019","{""keyword"":""server"",""service"":""supply"",""class"":""tower""}","active","2026-01-17T19:29:33.9931988Z"
"ste_000028","Postavka avtobus dlya municipalnyh nuzhd","Category Transport. Product built around term 'avtobus'.","cat_transport","sup_011","{""keyword"":""avtobus"",""service"":""route_planning"",""class"":""intercity""}","active","2025-11-28T19:29:33.9931988Z"
"ste_000029","Kompleksnaya postavka arenda transporta dlya municipalnyh nuzhd","Category Transport. Product built around term 'arenda transporta'.","cat_transport","sup_011","{""keyword"":""arenda transporta"",""service"":""route_planning"",""class"":""city""}","active","2026-02-15T19:29:33.9931988Z"
"ste_000030","Arenda printer dlya municipalnyh nuzhd","Category Office and Supplies. Product built around term 'printer'.","cat_office","sup_014","{""keyword"":""printer"",""service"":""premium"",""class"":""a4""}","active","2026-02-20T19:29:33.9931988Z"
"ste_000031","Postavka kartridzh dlya ofisov","Category Office and Supplies. Product built around term 'kartridzh'.","cat_office","sup_020","{""keyword"":""kartridzh"",""service"":""premium"",""class"":""ergonomic""}","active","2025-12-27T19:29:33.9931988Z"
"ste_000032","Kompleksnaya postavka logistika s dostavkoy","Category Transport. Product built around term 'logistika'.","cat_transport","sup_024","{""keyword"":""logistika"",""service"":""route_planning"",""class"":""school""}","active","2026-01-17T19:29:33.9931988Z"
"ste_000033","Usluga server s dostavkoy","Category IT and Equipment. Product built around term 'server'.","cat_it","sup_017","{""keyword"":""server"",""service"":""monitoring"",""class"":""rack""}","active","2026-03-20T19:29:33.9931988Z"
"ste_000034","Kompleksnaya postavka noutbuk s dostavkoy","Category IT and Equipment. Product built around term 'noutbuk'.","cat_it","sup_029","{""keyword"":""noutbuk"",""service"":""supply"",""class"":""rack""}","active","2026-03-16T19:29:33.9931988Z"
"ste_000035","Arenda tehpodderzhka pod klyuch","Category Services. Product built around term 'tehpodderzhka'.","cat_service","sup_027","{""keyword"":""tehpodderzhka"",""service"":""monthly"",""class"":""office""}","active","2026-01-18T19:29:33.9931988Z"
"ste_000036","Postavka passazhirskie perevozki s dostavkoy","Category Transport. Product built around term 'passazhirskie perevozki'.","cat_transport","sup_003","{""keyword"":""passazhirskie perevozki"",""service"":""rent"",""class"":""intercity""}","active","2026-03-26T19:29:33.9931988Z"
"ste_000037","Arenda mikroavtobus s dostavkoy","Category Transport. Product built around term 'mikroavtobus'.","cat_transport","sup_024","{""keyword"":""mikroavtobus"",""service"":""route_planning"",""class"":""charter""}","active","2025-12-11T19:29:33.9931988Z"
"ste_000038","Usluga server dlya ofisov","Category IT and Equipment. Product built around term 'server'.","cat_it","sup_003","{""keyword"":""server"",""service"":""supply"",""class"":""rack""}","active","2026-02-25T19:29:33.9931988Z"
"ste_000039","Usluga kartridzh dlya ofisov","Category Office and Supplies. Product built around term 'kartridzh'.","cat_office","sup_001","{""keyword"":""kartridzh"",""service"":""premium"",""class"":""laser""}","active","2025-12-28T19:29:33.9931988Z"
"ste_000040","Usluga setevoe oborudovanie s dostavkoy","Category IT and Equipment. Product built around term 'setevoe oborudovanie'.","cat_it","sup_002","{""keyword"":""setevoe oborudovanie"",""service"":""maintenance"",""class"":""rack""}","active","2025-12-13T19:29:33.9931988Z"
"ste_000041","Tekhnicheskoe obsluzhivanie tehpodderzhka dlya ofisov","Category Services. Product built around term 'tehpodderzhka'.","cat_service","sup_012","{""keyword"":""tehpodderzhka"",""service"":""monthly"",""class"":""office""}","active","2025-12-21T19:29:33.9931988Z"
"ste_000042","Postavka printer dlya municipalnyh nuzhd","Category Office and Supplies. Product built around term 'printer'.","cat_office","sup_007","{""keyword"":""printer"",""service"":""standard"",""class"":""ergonomic""}","active","2026-01-29T19:29:33.9931988Z"
"ste_000043","Usluga tehpodderzhka dlya infrastruktury","Category Services. Product built around term 'tehpodderzhka'.","cat_service","sup_014","{""keyword"":""tehpodderzhka"",""service"":""quarterly"",""class"":""it""}","active","2026-03-19T19:29:33.9931988Z"
"ste_000044","Usluga ofisnaya mebel s dostavkoy","Category Office and Supplies. Product built around term 'ofisnaya mebel'.","cat_office","sup_019","{""keyword"":""ofisnaya mebel"",""service"":""bulk"",""class"":""ergonomic""}","active","2026-03-03T19:29:33.9931988Z"
"ste_000045","Kompleksnaya postavka server dlya ofisov","Category IT and Equipment. Product built around term 'server'.","cat_it","sup_014","{""keyword"":""server"",""service"":""supply"",""class"":""edge""}","active","2026-02-24T19:29:33.9931988Z"
"ste_000046","Arenda printer pod klyuch","Category Office and Supplies. Product built around term 'printer'.","cat_office","sup_025","{""keyword"":""printer"",""service"":""premium"",""class"":""ergonomic""}","active","2026-01-03T19:29:33.9931988Z"
"ste_000047","Postavka avtobus dlya municipalnyh nuzhd","Category Transport. Product built around term 'avtobus'.","cat_transport","sup_001","{""keyword"":""avtobus"",""service"":""route_planning"",""class"":""charter""}","active","2026-01-17T19:29:33.9931988Z"
"ste_000048","Postavka soprovozhdenie dlya municipalnyh nuzhd","Category Services. Product built around term 'soprovozhdenie'.","cat_service","sup_018","{""keyword"":""soprovozhdenie"",""service"":""on_demand"",""class"":""it""}","active","2025-12-06T19:29:33.9931988Z"
"ste_000049","Tekhnicheskoe obsluzhivanie obsluzhivanie s dostavkoy","Category Services. Product built around term 'obsluzhivanie'.","cat_service","sup_004","{""keyword"":""obsluzhivanie"",""service"":""on_demand"",""class"":""office""}","active","2026-02-07T19:29:33.9931988Z"
"ste_000050","Arenda autsorsing s dostavkoy","Category Services. Product built around term 'autsorsing'.","cat_service","sup_013","{""keyword"":""autsorsing"",""service"":""on_demand"",""class"":""office""}","active","2026-01-15T19:29:33.9931988Z"
"ste_000051","Tekhnicheskoe obsluzhivanie server s dostavkoy","Category IT and Equipment. Product built around term 'server'.","cat_it","sup_009","{""keyword"":""server"",""service"":""maintenance"",""class"":""edge""}","active","2026-03-22T19:29:33.9931988Z"
"ste_000052","Usluga printer s dostavkoy","Category Office and Supplies. Product built around term 'printer'.","cat_office","sup_022","{""keyword"":""printer"",""service"":""standard"",""class"":""laser""}","active","2026-01-21T19:29:33.9931988Z"
"ste_000053","Postavka ofisnaya mebel pod klyuch","Category Office and Supplies. Product built around term 'ofisnaya mebel'.","cat_office","sup_029","{""keyword"":""ofisnaya mebel"",""service"":""bulk"",""class"":""a3""}","active","2026-02-16T19:29:33.9931988Z"
"ste_000054","Usluga bumaga dlya infrastruktury","Category Office and Supplies. Product built around term 'bumaga'.","cat_office","sup_024","{""keyword"":""bumaga"",""service"":""bulk"",""class"":""a3""}","active","2026-01-24T19:29:33.9931988Z"
"ste_000055","Arenda rabochaya stanciya dlya infrastruktury","Category IT and Equipment. Product built around term 'rabochaya stanciya'.","cat_it","sup_002","{""keyword"":""rabochaya stanciya"",""service"":""monitoring"",""class"":""edge""}","active","2026-02-03T19:29:33.9931988Z"
"ste_000056","Tekhnicheskoe obsluzhivanie arenda transporta dlya municipalnyh nuzhd","Category Transport. Product built around term 'arenda transporta'.","cat_transport","sup_016","{""keyword"":""arenda transporta"",""service"":""fleet_support"",""class"":""city""}","active","2026-01-16T19:29:33.9931988Z"
"ste_000057","Usluga klining dlya ofisov","Category Services. Product built around term 'klining'.","cat_service","sup_005","{""keyword"":""klining"",""service"":""on_demand"",""class"":""facility""}","active","2026-03-12T19:29:33.9931988Z"
"ste_000058","Arenda bumaga s dostavkoy","Category Office and Supplies. Product built around term 'bumaga'.","cat_office","sup_016","{""keyword"":""bumaga"",""service"":""standard"",""class"":""ergonomic""}","active","2026-01-18T19:29:33.9931988Z"
"ste_000059","Kompleksnaya postavka kartridzh s dostavkoy","Category Office and Supplies. Product built around term 'kartridzh'.","cat_office","sup_003","{""keyword"":""kartridzh"",""service"":""standard"",""class"":""a4""}","active","2026-03-25T19:29:33.9931988Z"
"ste_000060","Postavka logistika dlya ofisov","Category Transport. Product built around term 'logistika'.","cat_transport","sup_010","{""keyword"":""logistika"",""service"":""fleet_support"",""class"":""intercity""}","active","2025-12-24T19:29:33.9931988Z"
"ste_000061","Usluga tehpodderzhka dlya infrastruktury","Category Services. Product built around term 'tehpodderzhka'.","cat_service","sup_013","{""keyword"":""tehpodderzhka"",""service"":""on_demand"",""class"":""office""}","active","2025-12-04T19:29:33.9931988Z"
"ste_000062","Kompleksnaya postavka server dlya infrastruktury","Category IT and Equipment. Product built around term 'server'.","cat_it","sup_017","{""keyword"":""server"",""service"":""supply"",""class"":""tower""}","active","2026-03-01T19:29:33.9931988Z"
"ste_000063","Usluga soprovozhdenie pod klyuch","Category Services. Product built around term 'soprovozhdenie'.","cat_service","sup_001","{""keyword"":""soprovozhdenie"",""service"":""monthly"",""class"":""facility""}","active","2025-12-20T19:29:33.9931988Z"
"ste_000064","Tekhnicheskoe obsluzhivanie arenda transporta dlya infrastruktury","Category Transport. Product built around term 'arenda transporta'.","cat_transport","sup_008","{""keyword"":""arenda transporta"",""service"":""rent"",""class"":""city""}","active","2026-01-25T19:29:33.9931988Z"
"ste_000065","Postavka kanctovary pod klyuch","Category Office and Supplies. Product built around term 'kanctovary'.","cat_office","sup_027","{""keyword"":""kanctovary"",""service"":""standard"",""class"":""ergonomic""}","active","2026-01-13T19:29:33.9931988Z"
"ste_000066","Tekhnicheskoe obsluzhivanie tehpodderzhka s dostavkoy","Category Services. Product built around term 'tehpodderzhka'.","cat_service","sup_030","{""keyword"":""tehpodderzhka"",""service"":""monthly"",""class"":""facility""}","active","2026-01-04T19:29:33.9931988Z"
"ste_000067","Usluga soprovozhdenie pod klyuch","Category Services. Product built around term 'soprovozhdenie'.","cat_service","sup_025","{""keyword"":""soprovozhdenie"",""service"":""on_demand"",""class"":""it""}","active","2025-12-29T19:29:33.9931988Z"
"ste_000068","Tekhnicheskoe obsluzhivanie autsorsing dlya ofisov","Category Services. Product built around term 'autsorsing'.","cat_service","sup_014","{""keyword"":""autsorsing"",""service"":""monthly"",""class"":""facility""}","active","2026-03-26T19:29:33.9931988Z"
"ste_000069","Tekhnicheskoe obsluzhivanie noutbuk dlya ofisov","Category IT and Equipment. Product built around term 'noutbuk'.","cat_it","sup_014","{""keyword"":""noutbuk"",""service"":""supply"",""class"":""rack""}","active","2026-02-05T19:29:33.9931988Z"
"ste_000070","Usluga avtobus dlya municipalnyh nuzhd","Category Transport. Product built around term 'avtobus'.","cat_transport","sup_028","{""keyword"":""avtobus"",""service"":""route_planning"",""class"":""school""}","active","2026-01-17T19:29:33.9931988Z"
"ste_000071","Tekhnicheskoe obsluzhivanie ofisnaya mebel s dostavkoy","Category Office and Supplies. Product built around term 'ofisnaya mebel'.","cat_office","sup_002","{""keyword"":""ofisnaya mebel"",""service"":""standard"",""class"":""a3""}","active","2026-03-03T19:29:33.9931988Z"
"ste_000072","Kompleksnaya postavka arenda transporta dlya ofisov","Category Transport. Product built around term 'arenda transporta'.","cat_transport","sup_027","{""keyword"":""arenda transporta"",""service"":""fleet_support"",""class"":""intercity""}","active","2026-01-28T19:29:33.9931988Z"
"ste_000073","Kompleksnaya postavka klining pod klyuch","Category Services. Product built around term 'klining'.","cat_service","sup_012","{""keyword"":""klining"",""service"":""quarterly"",""class"":""facility""}","active","2025-12-15T19:29:33.9931988Z"
"ste_000074","Usluga arenda transporta dlya infrastruktury","Category Transport. Product built around term 'arenda transporta'.","cat_transport","sup_016","{""keyword"":""arenda transporta"",""service"":""rent"",""class"":""school""}","active","2026-03-25T19:29:33.9931988Z"
"ste_000075","Tekhnicheskoe obsluzhivanie setevoe oborudovanie pod klyuch","Category IT and Equipment. Product built around term 'setevoe oborudovanie'.","cat_it","sup_017","{""keyword"":""setevoe oborudovanie"",""service"":""supply"",""class"":""edge""}","active","2026-03-07T19:29:33.9931988Z"
"ste_000076","Postavka setevoe oborudovanie pod klyuch","Category IT and Equipment. Product built around term 'setevoe oborudovanie'.","cat_it","sup_023","{""keyword"":""setevoe oborudovanie"",""service"":""monitoring"",""class"":""tower""}","active","2026-02-10T19:29:33.9931988Z"
"ste_000077","Tekhnicheskoe obsluzhivanie bumaga dlya infrastruktury","Category Office and Supplies. Product built around term 'bumaga'.","cat_office","sup_008","{""keyword"":""bumaga"",""service"":""bulk"",""class"":""laser""}","active","2026-01-06T19:29:33.9931988Z"
"ste_000078","Postavka kartridzh dlya municipalnyh nuzhd","Category Office and Supplies. Product built around term 'kartridzh'.","cat_office","sup_006","{""keyword"":""kartridzh"",""service"":""premium"",""class"":""laser""}","active","2026-02-18T19:29:33.9931988Z"
"ste_000079","Postavka avtobus dlya ofisov","Category Transport. Product built around term 'avtobus'.","cat_transport","sup_011","{""keyword"":""avtobus"",""service"":""rent"",""class"":""city""}","active","2025-12-16T19:29:33.9931988Z"
"ste_000080","Tekhnicheskoe obsluzhivanie bumaga s dostavkoy","Category Office and Supplies. Product built around term 'bumaga'.","cat_office","sup_017","{""keyword"":""bumaga"",""service"":""premium"",""class"":""a4""}","active","2025-12-02T19:29:33.9931988Z"
"ste_000081","Postavka server dlya municipalnyh nuzhd","Category IT and Equipment. Product built around term 'server'.","cat_it","sup_015","{""keyword"":""server"",""service"":""monitoring"",""class"":""edge""}","active","2025-12-13T19:29:33.9931988Z"
"ste_000082","Tekhnicheskoe obsluzhivanie autsorsing dlya municipalnyh nuzhd","Category Services. Product built around term 'autsorsing'.","cat_service","sup_012","{""keyword"":""autsorsing"",""service"":""quarterly"",""class"":""facility""}","active","2025-12-18T19:29:33.9931988Z"
"ste_000083","Tekhnicheskoe obsluzhivanie soprovozhdenie dlya infrastruktury","Category Services. Product built around term 'soprovozhdenie'.","cat_service","sup_025","{""keyword"":""soprovozhdenie"",""service"":""monthly"",""class"":""office""}","active","2026-01-04T19:29:33.9931988Z"
"ste_000084","Usluga rabochaya stanciya s dostavkoy","Category IT and Equipment. Product built around term 'rabochaya stanciya'.","cat_it","sup_003","{""keyword"":""rabochaya stanciya"",""service"":""maintenance"",""class"":""tower""}","active","2025-12-22T19:29:33.9931988Z"
"ste_000085","Tekhnicheskoe obsluzhivanie mikroavtobus dlya ofisov","Category Transport. Product built around term 'mikroavtobus'.","cat_transport","sup_015","{""keyword"":""mikroavtobus"",""service"":""rent"",""class"":""charter""}","active","2026-03-20T19:29:33.9931988Z"
"ste_000086","Arenda ofisnaya mebel pod klyuch","Category Office and Supplies. Product built around term 'ofisnaya mebel'.","cat_office","sup_022","{""keyword"":""ofisnaya mebel"",""service"":""bulk"",""class"":""ergonomic""}","active","2025-12-19T19:29:33.9931988Z"
"ste_000087","Tekhnicheskoe obsluzhivanie soprovozhdenie dlya municipalnyh nuzhd","Category Services. Product built around term 'soprovozhdenie'.","cat_service","sup_024","{""keyword"":""soprovozhdenie"",""service"":""monthly"",""class"":""facility""}","active","2026-01-03T19:29:33.9931988Z"
"ste_000088","Tekhnicheskoe obsluzhivanie kanctovary dlya infrastruktury","Category Office and Supplies. Product built around term 'kanctovary'.","cat_office","sup_028","{""keyword"":""kanctovary"",""service"":""premium"",""class"":""a4""}","active","2026-01-15T19:29:33.9931988Z"
"ste_000089","Usluga tehpodderzhka dlya infrastruktury","Category Services. Product built around term 'tehpodderzhka'.","cat_service","sup_021","{""keyword"":""tehpodderzhka"",""service"":""quarterly"",""class"":""it""}","active","2026-03-07T19:29:33.9931988Z"
"ste_000090","Tekhnicheskoe obsluzhivanie passazhirskie perevozki dlya infrastruktury","Category Transport. Product built around term 'passazhirskie perevozki'.","cat_transport","sup_001","{""keyword"":""passazhirskie perevozki"",""service"":""rent"",""class"":""charter""}","active","2026-02-20T19:29:33.9931988Z"
"ste_000091","Kompleksnaya postavka autsorsing dlya municipalnyh nuzhd","Category Services. Product built around term 'autsorsing'.","cat_service","sup_001","{""keyword"":""autsorsing"",""service"":""quarterly"",""class"":""it""}","active","2025-12-15T19:29:33.9931988Z"
"ste_000092","Kompleksnaya postavka setevoe oborudovanie dlya ofisov","Category IT and Equipment. Product built around term 'setevoe oborudovanie'.","cat_it","sup_006","{""keyword"":""setevoe oborudovanie"",""service"":""monitoring"",""class"":""tower""}","active","2025-12-24T19:29:33.9931988Z"
"ste_000093","Tekhnicheskoe obsluzhivanie kartridzh dlya ofisov","Category Office and Supplies. Product built around term 'kartridzh'.","cat_office","sup_012","{""keyword"":""kartridzh"",""service"":""bulk"",""class"":""a4""}","active","2026-01-25T19:29:33.9931988Z"
"ste_000094","Usluga arenda transporta pod klyuch","Category Transport. Product built around term 'arenda transporta'.","cat_transport","sup_010","{""keyword"":""arenda transporta"",""service"":""fleet_support"",""class"":""intercity""}","active","2026-03-17T19:29:33.9931988Z"
"ste_000095","Tekhnicheskoe obsluzhivanie soprovozhdenie s dostavkoy","Category Services. Product built around term 'soprovozhdenie'.","cat_service","sup_015","{""keyword"":""soprovozhdenie"",""service"":""monthly"",""class"":""office""}","active","2025-12-22T19:29:33.9931988Z"
"ste_000096","Tekhnicheskoe obsluzhivanie kartridzh pod klyuch","Category Office and Supplies. Product built around term 'kartridzh'.","cat_office","sup_008","{""keyword"":""kartridzh"",""service"":""bulk"",""class"":""ergonomic""}","active","2025-12-10T19:29:33.9931988Z"
"ste_000097","Arenda mikroavtobus dlya ofisov","Category Transport. Product built around term 'mikroavtobus'.","cat_transport","sup_014","{""keyword"":""mikroavtobus"",""service"":""fleet_support"",""class"":""city""}","active","2026-02-02T19:29:33.9931988Z"
"ste_000098","Arenda klining dlya ofisov","Category Services. Product built around term 'klining'.","cat_service","sup_014","{""keyword"":""klining"",""service"":""on_demand"",""class"":""facility""}","active","2025-12-27T19:29:33.9931988Z"
"ste_000099","Kompleksnaya postavka rabochaya stanciya pod klyuch","Category IT and Equipment. Product built around term 'rabochaya stanciya'.","cat_it","sup_013","{""keyword"":""rabochaya stanciya"",""service"":""monitoring"",""class"":""edge""}","active","2026-01-18T19:29:33.9931988Z"
"ste_000100","Postavka mikroavtobus dlya ofisov","Category Transport. Product built around term 'mikroavtobus'.","cat_transport","sup_018","{""keyword"":""mikroavtobus"",""service"":""route_planning"",""class"":""intercity""}","active","2025-12-25T19:29:33.9931988Z"
"ste_000101","Arenda avtobus dlya municipalnyh nuzhd","Category Transport. Product built around term 'avtobus'.","cat_transport","sup_002","{""keyword"":""avtobus"",""service"":""rent"",""class"":""city""}","active","2025-12-13T19:29:33.9931988Z"
"ste_000102","Postavka noutbuk pod klyuch","Category IT and Equipment. Product built around term 'noutbuk'.","cat_it","sup_019","{""keyword"":""noutbuk"",""service"":""maintenance"",""class"":""edge""}","active","2025-11-29T19:29:33.9931988Z"
"ste_000103","Arenda passazhirskie perevozki dlya ofisov","Category Transport. Product built around term 'passazhirskie perevozki'.","cat_transport","sup_030","{""keyword"":""passazhirskie perevozki"",""service"":""fleet_support"",""class"":""charter""}","active","2025-12-01T19:29:33.9931988Z"
"ste_000104","Tekhnicheskoe obsluzhivanie autsorsing dlya ofisov","Category Services. Product built around term 'autsorsing'.","cat_service","sup_002","{""keyword"":""autsorsing"",""service"":""on_demand"",""class"":""it""}","active","2025-12-02T19:29:33.9931988Z"
"ste_000105","Usluga bumaga s dostavkoy","Category Office and Supplies. Product built around term 'bumaga'.","cat_office","sup_028","{""keyword"":""bumaga"",""service"":""bulk"",""class"":""laser""}","active","2026-02-15T19:29:33.9931988Z"
"ste_000106","Usluga arenda transporta dlya infrastruktury","Category Transport. Product built around term 'arenda transporta'.","cat_transport","sup_018","{""keyword"":""arenda transporta"",""service"":""fleet_support"",""class"":""city""}","active","2026-02-24T19:29:33.9931988Z"
"ste_000107","Usluga rabochaya stanciya dlya municipalnyh nuzhd","Category IT and Equipment. Product built around term 'rabochaya stanciya'.","cat_it","sup_022","{""keyword"":""rabochaya stanciya"",""service"":""monitoring"",""class"":""edge""}","active","2025-12-03T19:29:33.9931988Z"
"ste_000108","Tekhnicheskoe obsluzhivanie kommutator dlya ofisov","Category IT and Equipment. Product built around term 'kommutator'.","cat_it","sup_027","{""keyword"":""kommutator"",""service"":""supply"",""class"":""edge""}","active","2026-02-07T19:29:33.9931988Z"
"ste_000109","Arenda kanctovary pod klyuch","Category Office and Supplies. Product built around term 'kanctovary'.","cat_office","sup_002","{""keyword"":""kanctovary"",""service"":""premium"",""class"":""a4""}","active","2026-01-04T19:29:33.9931988Z"
"ste_000110","Arenda kommutator pod klyuch","Category IT and Equipment. Product built around term 'kommutator'.","cat_it","sup_015","{""keyword"":""kommutator"",""service"":""monitoring"",""class"":""edge""}","active","2026-02-28T19:29:33.9931988Z"
"ste_000111","Usluga kanctovary s dostavkoy","Category Office and Supplies. Product built around term 'kanctovary'.","cat_office","sup_021","{""keyword"":""kanctovary"",""service"":""bulk"",""class"":""a4""}","active","2025-12-24T19:29:33.9931988Z"
"ste_000112","Arenda ofisnaya mebel pod klyuch","Category Office and Supplies. Product built around term 'ofisnaya mebel'.","cat_office","sup_028","{""keyword"":""ofisnaya mebel"",""service"":""bulk"",""class"":""a4""}","active","2026-02-18T19:29:33.9931988Z"
"ste_000113","Postavka kommutator pod klyuch","Category IT and Equipment. Product built around term 'kommutator'.","cat_it","sup_016","{""keyword"":""kommutator"",""service"":""supply"",""class"":""tower""}","active","2025-11-29T19:29:33.9931988Z"
"ste_000114","Arenda mikroavtobus dlya infrastruktury","Category Transport. Product built around term 'mikroavtobus'.","cat_transport","sup_011","{""keyword"":""mikroavtobus"",""service"":""rent"",""class"":""city""}","active","2026-01-08T19:29:33.9931988Z"
"ste_000115","Arenda kanctovary pod klyuch","Category Office and Supplies. Product built around term 'kanctovary'.","cat_office","sup_023","{""keyword"":""kanctovary"",""service"":""premium"",""class"":""ergonomic""}","active","2026-01-24T19:29:33.9931988Z"
"ste_000116","Arenda rabochaya stanciya pod klyuch","Category IT and Equipment. Product built around term 'rabochaya stanciya'.","cat_it","sup_025","{""keyword"":""rabochaya stanciya"",""service"":""supply"",""class"":""tower""}","active","2025-12-13T19:29:33.9931988Z"
"ste_000117","Tekhnicheskoe obsluzhivanie avtobus dlya municipalnyh nuzhd","Category Transport. Product built around term 'avtobus'.","cat_transport","sup_016","{""keyword"":""avtobus"",""service"":""fleet_support"",""class"":""city""}","active","2026-03-13T19:29:33.9931988Z"
"ste_000118","Kompleksnaya postavka kartridzh dlya municipalnyh nuzhd","Category Office and Supplies. Product built around term 'kartridzh'.","cat_office","sup_030","{""keyword"":""kartridzh"",""service"":""standard"",""class"":""laser""}","active","2026-01-11T19:29:33.9931988Z"
"ste_000119","Usluga kanctovary pod klyuch","Category Office and Supplies. Product built around term 'kanctovary'.","cat_office","sup_025","{""keyword"":""kanctovary"",""service"":""bulk"",""class"":""a3""}","active","2025-12-31T19:29:33.9931988Z"
"ste_000120","Tekhnicheskoe obsluzhivanie avtobus dlya municipalnyh nuzhd","Category Transport. Product built around term 'avtobus'.","cat_transport","sup_022","{""keyword"":""avtobus"",""service"":""route_planning"",""class"":""school""}","active","2025-12-03T19:29:33.9931988Z"
"ste_000121","Arenda arenda transporta s dostavkoy","Category Transport. Product built around term 'arenda transporta'.","cat_transport","sup_030","{""keyword"":""arenda transporta"",""service"":""rent"",""class"":""city""}","active","2026-02-17T19:29:33.9931988Z"
"ste_000122","Tekhnicheskoe obsluzhivanie avtobus dlya ofisov","Category Transport. Product built around term 'avtobus'.","cat_transport","sup_013","{""keyword"":""avtobus"",""service"":""rent"",""class"":""city""}","active","2026-02-21T19:29:33.9931988Z"
"ste_000123","Tekhnicheskoe obsluzhivanie avtobus dlya infrastruktury","Category Transport. Product built around term 'avtobus'.","cat_transport","sup_028","{""keyword"":""avtobus"",""service"":""fleet_support"",""class"":""city""}","active","2025-12-19T19:29:33.9931988Z"
"ste_000124","Kompleksnaya postavka setevoe oborudovanie dlya ofisov","Category IT and Equipment. Product built around term 'setevoe oborudovanie'.","cat_it","sup_021","{""keyword"":""setevoe oborudovanie"",""service"":""maintenance"",""class"":""rack""}","active","2025-12-20T19:29:33.9931988Z"
"ste_000125","Usluga obsluzhivanie dlya infrastruktury","Category Services. Product built around term 'obsluzhivanie'.","cat_service","sup_014","{""keyword"":""obsluzhivanie"",""service"":""on_demand"",""class"":""office""}","active","2026-01-01T19:29:33.9931988Z"
"ste_000126","Tekhnicheskoe obsluzhivanie kanctovary s dostavkoy","Category Office and Supplies. Product built around term 'kanctovary'.","cat_office","sup_015","{""keyword"":""kanctovary"",""service"":""premium"",""class"":""laser""}","active","2026-01-30T19:29:33.9931988Z"
"ste_000127","Arenda kanctovary dlya infrastruktury","Category Office and Supplies. Product built around term 'kanctovary'.","cat_office","sup_027","{""keyword"":""kanctovary"",""service"":""bulk"",""class"":""laser""}","active","2026-03-19T19:29:33.9931988Z"
"ste_000128","Usluga ofisnaya mebel dlya municipalnyh nuzhd","Category Office and Supplies. Product built around term 'ofisnaya mebel'.","cat_office","sup_013","{""keyword"":""ofisnaya mebel"",""service"":""standard"",""class"":""ergonomic""}","active","2026-03-27T19:29:33.9931988Z"
"ste_000129","Arenda kanctovary dlya ofisov","Category Office and Supplies. Product built around term 'kanctovary'.","cat_office","sup_001","{""keyword"":""kanctovary"",""service"":""standard"",""class"":""laser""}","active","2026-02-05T19:29:33.9931988Z"
"ste_000130","Postavka rabochaya stanciya dlya infrastruktury","Category IT and Equipment. Product built around term 'rabochaya stanciya'.","cat_it","sup_002","{""keyword"":""rabochaya stanciya"",""service"":""monitoring"",""class"":""edge""}","active","2025-12-26T19:29:33.9931988Z"
"ste_000131","Usluga rabochaya stanciya dlya ofisov","Category IT and Equipment. Product built around term 'rabochaya stanciya'.","cat_it","sup_008","{""keyword"":""rabochaya stanciya"",""service"":""maintenance"",""class"":""edge""}","active","2026-03-17T19:29:33.9931988Z"
"ste_000132","Tekhnicheskoe obsluzhivanie rabochaya stanciya s dostavkoy","Category IT and Equipment. Product built around term 'rabochaya stanciya'.","cat_it","sup_006","{""keyword"":""rabochaya stanciya"",""service"":""maintenance"",""class"":""edge""}","active","2026-03-19T19:29:33.9931988Z"
"ste_000133","Tekhnicheskoe obsluzhivanie soprovozhdenie pod klyuch","Category Services. Product built around term 'soprovozhdenie'.","cat_service","sup_020","{""keyword"":""soprovozhdenie"",""service"":""on_demand"",""class"":""facility""}","active","2025-12-13T19:29:33.9931988Z"
"ste_000134","Tekhnicheskoe obsluzhivanie kartridzh dlya ofisov","Category Office and Supplies. Product built around term 'kartridzh'.","cat_office","sup_011","{""keyword"":""kartridzh"",""service"":""standard"",""class"":""ergonomic""}","active","2025-12-27T19:29:33.9931988Z"
"ste_000135","Arenda bumaga dlya infrastruktury","Category Office and Supplies. Product built around term 'bumaga'.","cat_office","sup_007","{""keyword"":""bumaga"",""service"":""standard"",""class"":""a4""}","active","2026-02-02T19:29:33.9931988Z"
"ste_000136","Postavka obsluzhivanie s dostavkoy","Category Services. Product built around term 'obsluzhivanie'.","cat_service","sup_022","{""keyword"":""obsluzhivanie"",""service"":""monthly"",""class"":""facility""}","active","2026-01-26T19:29:33.9931988Z"
"ste_000137","Arenda bumaga s dostavkoy","Category Office and Supplies. Product built around term 'bumaga'.","cat_office","sup_015","{""keyword"":""bumaga"",""service"":""standard"",""class"":""a4""}","active","2026-03-09T19:29:33.9931988Z"
"ste_000138","Postavka arenda transporta dlya infrastruktury","Category Transport. Product built around term 'arenda transporta'.","cat_transport","sup_015","{""keyword"":""arenda transporta"",""service"":""route_planning"",""class"":""school""}","active","2026-02-14T19:29:33.9931988Z"
"ste_000139","Kompleksnaya postavka mikroavtobus dlya infrastruktury","Category Transport. Product built around term 'mikroavtobus'.","cat_transport","sup_009","{""keyword"":""mikroavtobus"",""service"":""rent"",""class"":""city""}","active","2026-02-10T19:29:33.9931988Z"
"ste_000140","Usluga obsluzhivanie pod klyuch","Category Services. Product built around term 'obsluzhivanie'.","cat_service","sup_005","{""keyword"":""obsluzhivanie"",""service"":""on_demand"",""class"":""facility""}","active","2026-02-20T19:29:33.9931988Z"
"ste_000141","Tekhnicheskoe obsluzhivanie mikroavtobus dlya infrastruktury","Category Transport. Product built around term 'mikroavtobus'.","cat_transport","sup_001","{""keyword"":""mikroavtobus"",""service"":""fleet_support"",""class"":""school""}","active","2026-02-15T19:29:33.9931988Z"
"ste_000142","Tekhnicheskoe obsluzhivanie setevoe oborudovanie s dostavkoy","Category IT and Equipment. Product built around term 'setevoe oborudovanie'.","cat_it","sup_005","{""keyword"":""setevoe oborudovanie"",""service"":""monitoring"",""class"":""rack""}","active","2026-03-26T19:29:33.9931988Z"
"ste_000143","Arenda passazhirskie perevozki pod klyuch","Category Transport. Product built around term 'passazhirskie perevozki'.","cat_transport","sup_029","{""keyword"":""passazhirskie perevozki"",""service"":""rent"",""class"":""charter""}","active","2026-02-23T19:29:33.9931988Z"
"ste_000144","Postavka tehpodderzhka dlya infrastruktury","Category Services. Product built around term 'tehpodderzhka'.","cat_service","sup_026","{""keyword"":""tehpodderzhka"",""service"":""monthly"",""class"":""it""}","active","2026-01-19T19:29:33.9931988Z"
"ste_000145","Tekhnicheskoe obsluzhivanie setevoe oborudovanie pod klyuch","Category IT and Equipment. Product built around term 'setevoe oborudovanie'.","cat_it","sup_004","{""keyword"":""setevoe oborudovanie"",""service"":""maintenance"",""class"":""tower""}","active","2026-01-02T19:29:33.9931988Z"
"ste_000146","Usluga rabochaya stanciya pod klyuch","Category IT and Equipment. Product built around term 'rabochaya stanciya'.","cat_it","sup_010","{""keyword"":""rabochaya stanciya"",""service"":""supply"",""class"":""edge""}","active","2026-02-03T19:29:33.9931988Z"
"ste_000147","Tekhnicheskoe obsluzhivanie passazhirskie perevozki dlya ofisov","Category Transport. Product built around term 'passazhirskie perevozki'.","cat_transport","sup_010","{""keyword"":""passazhirskie perevozki"",""service"":""fleet_support"",""class"":""charter""}","active","2026-03-25T19:29:33.9931988Z"
"ste_000148","Arenda bumaga dlya infrastruktury","Category Office and Supplies. Product built around term 'bumaga'.","cat_office","sup_005","{""keyword"":""bumaga"",""service"":""standard"",""class"":""laser""}","active","2026-02-22T19:29:33.9931988Z"
"ste_000149","Usluga ofisnaya mebel dlya infrastruktury","Category Office and Supplies. Product built around term 'ofisnaya mebel'.","cat_office","sup_029","{""keyword"":""ofisnaya mebel"",""service"":""bulk"",""class"":""a3""}","active","2026-02-13T19:29:33.9931988Z"
"ste_000150","Postavka obsluzhivanie pod klyuch","Category Services. Product built around term 'obsluzhivanie'.","cat_service","sup_024","{""keyword"":""obsluzhivanie"",""service"":""quarterly"",""class"":""it""}","active","2025-12-10T19:29:33.9931988Z"
"ste_000151","Postavka kommutator dlya infrastruktury","Category IT and Equipment. Product built around term 'kommutator'.","cat_it","sup_008","{""keyword"":""kommutator"",""service"":""supply"",""class"":""tower""}","active","2025-11-28T19:29:33.9931988Z"
"ste_000152","Tekhnicheskoe obsluzhivanie noutbuk dlya ofisov","Category IT and Equipment. Product built around term 'noutbuk'.","cat_it","sup_014","{""keyword"":""noutbuk"",""service"":""maintenance"",""class"":""rack""}","active","2026-01-05T19:29:33.9931988Z"
"ste_000153","Arenda kommutator dlya infrastruktury","Category IT and Equipment. Product built around term 'kommutator'.","cat_it","sup_013","{""keyword"":""kommutator"",""service"":""monitoring"",""class"":""tower""}","active","2025-12-15T19:29:33.9931988Z"
"ste_000154","Kompleksnaya postavka tehpodderzhka dlya infrastruktury","Category Services. Product built around term 'tehpodderzhka'.","cat_service","sup_023","{""keyword"":""tehpodderzhka"",""service"":""on_demand"",""class"":""it""}","active","2025-12-10T19:29:33.9931988Z"
"ste_000155","Tekhnicheskoe obsluzhivanie obsluzhivanie dlya ofisov","Category Services. Product built around term 'obsluzhivanie'.","cat_service","sup_029","{""keyword"":""obsluzhivanie"",""service"":""monthly"",""class"":""facility""}","active","2026-03-13T19:29:33.9931988Z"
"ste_000156","Tekhnicheskoe obsluzhivanie logistika s dostavkoy","Category Transport. Product built around term 'logistika'.","cat_transport","sup_002","{""keyword"":""logistika"",""service"":""rent"",""class"":""city""}","active","2026-01-09T19:29:33.9931988Z"
"ste_000157","Postavka kanctovary pod klyuch","Category Office and Supplies. Product built around term 'kanctovary'.","cat_office","sup_025","{""keyword"":""kanctovary"",""service"":""standard"",""class"":""laser""}","active","2026-01-02T19:29:33.9931988Z"
"ste_000158","Tekhnicheskoe obsluzhivanie autsorsing dlya municipalnyh nuzhd","Category Services. Product built around term 'autsorsing'.","cat_service","sup_008","{""keyword"":""autsorsing"",""service"":""quarterly"",""class"":""office""}","active","2026-01-18T19:29:33.9931988Z"
"ste_000159","Tekhnicheskoe obsluzhivanie printer s dostavkoy","Category Office and Supplies. Product built around term 'printer'.","cat_office","sup_022","{""keyword"":""printer"",""service"":""bulk"",""class"":""a3""}","active","2026-02-14T19:29:33.9931988Z"
"ste_000160","Usluga rabochaya stanciya s dostavkoy","Category IT and Equipment. Product built around term 'rabochaya stanciya'.","cat_it","sup_005","{""keyword"":""rabochaya stanciya"",""service"":""monitoring"",""class"":""edge""}","active","2025-12-28T19:29:33.9931988Z"
"ste_000161","Usluga arenda transporta dlya infrastruktury","Category Transport. Product built around term 'arenda transporta'.","cat_transport","sup_015","{""keyword"":""arenda transporta"",""service"":""route_planning"",""class"":""city""}","active","2025-12-09T19:29:33.9931988Z"
"ste_000162","Usluga server dlya ofisov","Category IT and Equipment. Product built around term 'server'.","cat_it","sup_025","{""keyword"":""server"",""service"":""supply"",""class"":""rack""}","active","2025-12-12T19:29:33.9931988Z"
"ste_000163","Kompleksnaya postavka kartridzh pod klyuch","Category Office and Supplies. Product built around term 'kartridzh'.","cat_office","sup_004","{""keyword"":""kartridzh"",""service"":""premium"",""class"":""a3""}","active","2026-02-17T19:29:33.9931988Z"
"ste_000164","Kompleksnaya postavka ofisnaya mebel s dostavkoy","Category Office and Supplies. Product built around term 'ofisnaya mebel'.","cat_office","sup_008","{""keyword"":""ofisnaya mebel"",""service"":""standard"",""class"":""ergonomic""}","active","2026-02-11T19:29:33.9931988Z"
"ste_000165","Usluga avtobus dlya municipalnyh nuzhd","Category Transport. Product built around term 'avtobus'.","cat_transport","sup_030","{""keyword"":""avtobus"",""service"":""route_planning"",""class"":""intercity""}","active","2025-12-03T19:29:33.9931988Z"
"ste_000166","Kompleksnaya postavka kartridzh dlya ofisov","Category Office and Supplies. Product built around term 'kartridzh'.","cat_office","sup_004","{""keyword"":""kartridzh"",""service"":""bulk"",""class"":""a4""}","active","2025-12-18T19:29:33.9931988Z"
"ste_000167","Usluga ofisnaya mebel dlya municipalnyh nuzhd","Category Office and Supplies. Product built around term 'ofisnaya mebel'.","cat_office","sup_002","{""keyword"":""ofisnaya mebel"",""service"":""standard"",""class"":""laser""}","active","2026-02-20T19:29:33.9931988Z"
"ste_000168","Kompleksnaya postavka mikroavtobus dlya municipalnyh nuzhd","Category Transport. Product built around term 'mikroavtobus'.","cat_transport","sup_002","{""keyword"":""mikroavtobus"",""service"":""rent"",""class"":""school""}","active","2025-12-29T19:29:33.9931988Z"
"ste_000169","Arenda logistika dlya municipalnyh nuzhd","Category Transport. Product built around term 'logistika'.","cat_transport","sup_016","{""keyword"":""logistika"",""service"":""route_planning"",""class"":""intercity""}","active","2026-02-11T19:29:33.9931988Z"
"ste_000170","Kompleksnaya postavka mikroavtobus dlya infrastruktury","Category Transport. Product built around term 'mikroavtobus'.","cat_transport","sup_019","{""keyword"":""mikroavtobus"",""service"":""fleet_support"",""class"":""city""}","active","2026-02-24T19:29:33.9931988Z"
"ste_000171","Usluga server pod klyuch","Category IT and Equipment. Product built around term 'server'.","cat_it","sup_028","{""keyword"":""server"",""service"":""supply"",""class"":""rack""}","active","2026-02-12T19:29:33.9931988Z"
"ste_000172","Postavka arenda transporta pod klyuch","Category Transport. Product built around term 'arenda transporta'.","cat_transport","sup_020","{""keyword"":""arenda transporta"",""service"":""route_planning"",""class"":""city""}","active","2025-12-01T19:29:33.9931988Z"
"ste_000173","Usluga tehpodderzhka dlya municipalnyh nuzhd","Category Services. Product built around term 'tehpodderzhka'.","cat_service","sup_020","{""keyword"":""tehpodderzhka"",""service"":""on_demand"",""class"":""facility""}","active","2026-02-14T19:29:33.9931988Z"
"ste_000174","Tekhnicheskoe obsluzhivanie tehpodderzhka dlya ofisov","Category Services. Product built around term 'tehpodderzhka'.","cat_service","sup_009","{""keyword"":""tehpodderzhka"",""service"":""monthly"",""class"":""office""}","active","2026-03-02T19:29:33.9931988Z"
"ste_000175","Tekhnicheskoe obsluzhivanie noutbuk dlya municipalnyh nuzhd","Category IT and Equipment. Product built around term 'noutbuk'.","cat_it","sup_012","{""keyword"":""noutbuk"",""service"":""monitoring"",""class"":""rack""}","active","2026-03-14T19:29:33.9931988Z"
"ste_000176","Tekhnicheskoe obsluzhivanie ofisnaya mebel dlya municipalnyh nuzhd","Category Office and Supplies. Product built around term 'ofisnaya mebel'.","cat_office","sup_014","{""keyword"":""ofisnaya mebel"",""service"":""premium"",""class"":""ergonomic""}","active","2026-01-14T19:29:33.9931988Z"
"ste_000177","Arenda arenda transporta pod klyuch","Category Transport. Product built around term 'arenda transporta'.","cat_transport","sup_013","{""keyword"":""arenda transporta"",""service"":""rent"",""class"":""charter""}","active","2025-12-23T19:29:33.9931988Z"
"ste_000178","Usluga bumaga pod klyuch","Category Office and Supplies. Product built around term 'bumaga'.","cat_office","sup_009","{""keyword"":""bumaga"",""service"":""standard"",""class"":""ergonomic""}","active","2026-03-06T19:29:33.9931988Z"
"ste_000179","Usluga obsluzhivanie dlya municipalnyh nuzhd","Category Services. Product built around term 'obsluzhivanie'.","cat_service","sup_024","{""keyword"":""obsluzhivanie"",""service"":""quarterly"",""class"":""facility""}","active","2026-02-22T19:29:33.9931988Z"
"ste_000180","Usluga kanctovary s dostavkoy","Category Office and Supplies. Product built around term 'kanctovary'.","cat_office","sup_021","{""keyword"":""kanctovary"",""service"":""bulk"",""class"":""a4""}","active","2026-01-23T19:29:33.9931988Z"
"ste_000181","Arenda avtobus dlya municipalnyh nuzhd","Category Transport. Product built around term 'avtobus'.","cat_transport","sup_005","{""keyword"":""avtobus"",""service"":""route_planning"",""class"":""school""}","active","2026-03-18T19:29:33.9931988Z"
"ste_000182","Tekhnicheskoe obsluzhivanie passazhirskie perevozki dlya municipalnyh nuzhd","Category Transport. Product built around term 'passazhirskie perevozki'.","cat_transport","sup_022","{""keyword"":""passazhirskie perevozki"",""service"":""route_planning"",""class"":""school""}","active","2026-03-19T19:29:33.9931988Z"
"ste_000183","Usluga passazhirskie perevozki dlya municipalnyh nuzhd","Category Transport. Product built around term 'passazhirskie perevozki'.","cat_transport","sup_025","{""keyword"":""passazhirskie perevozki"",""service"":""fleet_support"",""class"":""school""}","active","2025-12-24T19:29:33.9931988Z"
"ste_000184","Kompleksnaya postavka arenda transporta s dostavkoy","Category Transport. Product built around term 'arenda transporta'.","cat_transport","sup_006","{""keyword"":""arenda transporta"",""service"":""fleet_support"",""class"":""charter""}","active","2026-03-15T19:29:33.9931988Z"
"ste_000185","Kompleksnaya postavka mikroavtobus dlya municipalnyh nuzhd","Category Transport. Product built around term 'mikroavtobus'.","cat_transport","sup_028","{""keyword"":""mikroavtobus"",""service"":""route_planning"",""class"":""intercity""}","active","2026-02-11T19:29:33.9931988Z"
"ste_000186","Usluga autsorsing dlya ofisov","Category Services. Product built around term 'autsorsing'.","cat_service","sup_015","{""keyword"":""autsorsing"",""service"":""quarterly"",""class"":""facility""}","active","2026-02-21T19:29:33.9931988Z"
"ste_000187","Postavka klining dlya ofisov","Category Services. Product built around term 'klining'.","cat_service","sup_025","{""keyword"":""klining"",""service"":""quarterly"",""class"":""it""}","active","2026-01-30T19:29:33.9931988Z"
"ste_000188","Arenda server dlya ofisov","Category IT and Equipment. Product built around term 'server'.","cat_it","sup_001","{""keyword"":""server"",""service"":""monitoring"",""class"":""tower""}","active","2025-12-01T19:29:33.9931988Z"
"ste_000189","Arenda obsluzhivanie dlya infrastruktury","Category Services. Product built around term 'obsluzhivanie'.","cat_service","sup_018","{""keyword"":""obsluzhivanie"",""service"":""quarterly"",""class"":""it""}","active","2025-11-30T19:29:33.9931988Z"
"ste_000190","Usluga logistika pod klyuch","Category Transport. Product built around term 'logistika'.","cat_transport","sup_008","{""keyword"":""logistika"",""service"":""fleet_support"",""class"":""school""}","active","2026-03-09T19:29:33.9931988Z"
"ste_000191","Tekhnicheskoe obsluzhivanie mikroavtobus dlya infrastruktury","Category Transport. Product built around term 'mikroavtobus'.","cat_transport","sup_015","{""keyword"":""mikroavtobus"",""service"":""route_planning"",""class"":""intercity""}","active","2026-02-10T19:29:33.9931988Z"
"ste_000192","Usluga rabochaya stanciya pod klyuch","Category IT and Equipment. Product built around term 'rabochaya stanciya'.","cat_it","sup_022","{""keyword"":""rabochaya stanciya"",""service"":""maintenance"",""class"":""edge""}","active","2025-12-26T19:29:33.9931988Z"
"ste_000193","Kompleksnaya postavka setevoe oborudovanie dlya ofisov","Category IT and Equipment. Product built around term 'setevoe oborudovanie'.","cat_it","sup_027","{""keyword"":""setevoe oborudovanie"",""service"":""supply"",""class"":""tower""}","active","2025-12-01T19:29:33.9931988Z"
"ste_000194","Kompleksnaya postavka printer dlya municipalnyh nuzhd","Category Office and Supplies. Product built around term 'printer'.","cat_office","sup_023","{""keyword"":""printer"",""service"":""premium"",""class"":""ergonomic""}","active","2026-02-26T19:29:33.9931988Z"
"ste_000195","Arenda logistika dlya infrastruktury","Category Transport. Product built around term 'logistika'.","cat_transport","sup_007","{""keyword"":""logistika"",""service"":""rent"",""class"":""intercity""}","active","2026-01-09T19:29:33.9931988Z"
"ste_000196","Tekhnicheskoe obsluzhivanie tehpodderzhka s dostavkoy","Category Services. Product built around term 'tehpodderzhka'.","cat_service","sup_010","{""keyword"":""tehpodderzhka"",""service"":""quarterly"",""class"":""it""}","active","2026-01-16T19:29:33.9931988Z"
"ste_000197","Arenda printer s dostavkoy","Category Office and Supplies. Product built around term 'printer'.","cat_office","sup_003","{""keyword"":""printer"",""service"":""bulk"",""class"":""ergonomic""}","active","2026-02-25T19:29:33.9931988Z"
"ste_000198","Usluga kartridzh dlya ofisov","Category Office and Supplies. Product built around term 'kartridzh'.","cat_office","sup_014","{""keyword"":""kartridzh"",""service"":""premium"",""class"":""ergonomic""}","active","2026-02-01T19:29:33.9931988Z"
"ste_000199","Usluga passazhirskie perevozki dlya ofisov","Category Transport. Product built around term 'passazhirskie perevozki'.","cat_transport","sup_018","{""keyword"":""passazhirskie perevozki"",""service"":""rent"",""class"":""charter""}","active","2025-12-13T19:29:33.9931988Z"
"ste_000200","Arenda kartridzh dlya municipalnyh nuzhd","Category Office and Supplies. Product built around term 'kartridzh'.","cat_office","sup_021","{""keyword"":""kartridzh"",""service"":""standard"",""class"":""laser""}","active","2026-03-16T19:29:33.9931988Z"
"ste_000201","Arenda logistika dlya ofisov","Category Transport. Product built around term 'logistika'.","cat_transport","sup_006","{""keyword"":""logistika"",""service"":""rent"",""class"":""school""}","active","2026-03-05T19:29:33.9931988Z"
"ste_000202","Usluga passazhirskie perevozki dlya infrastruktury","Category Transport. Product built around term 'passazhirskie perevozki'.","cat_transport","sup_030","{""keyword"":""passazhirskie perevozki"",""service"":""fleet_support"",""class"":""charter""}","active","2026-01-27T19:29:33.9931988Z"
"ste_000203","Kompleksnaya postavka mikroavtobus s dostavkoy","Category Transport. Product built around term 'mikroavtobus'.","cat_transport","sup_006","{""keyword"":""mikroavtobus"",""service"":""rent"",""class"":""city""}","active","2026-02-26T19:29:33.9931988Z"
"ste_000204","Kompleksnaya postavka ofisnaya mebel dlya municipalnyh nuzhd","Category Office and Supplies. Product built around term 'ofisnaya mebel'.","cat_office","sup_022","{""keyword"":""ofisnaya mebel"",""service"":""premium"",""class"":""a3""}","active","2026-03-18T19:29:33.9931988Z"
"ste_000205","Tekhnicheskoe obsluzhivanie rabochaya stanciya dlya infrastruktury","Category IT and Equipment. Product built around term 'rabochaya stanciya'.","cat_it","sup_004","{""keyword"":""rabochaya stanciya"",""service"":""supply"",""class"":""tower""}","active","2025-12-25T19:29:33.9931988Z"
"ste_000206","Kompleksnaya postavka passazhirskie perevozki pod klyuch","Category Transport. Product built around term 'passazhirskie perevozki'.","cat_transport","sup_013","{""keyword"":""passazhirskie perevozki"",""service"":""fleet_support"",""class"":""intercity""}","active","2025-11-30T19:29:33.9931988Z"
"ste_000207","Arenda arenda transporta dlya ofisov","Category Transport. Product built around term 'arenda transporta'.","cat_transport","sup_020","{""keyword"":""arenda transporta"",""service"":""fleet_support"",""class"":""city""}","active","2026-01-09T19:29:33.9931988Z"
"ste_000208","Arenda kommutator pod klyuch","Category IT and Equipment. Product built around term 'kommutator'.","cat_it","sup_020","{""keyword"":""kommutator"",""service"":""maintenance"",""class"":""rack""}","active","2025-12-29T19:29:33.9931988Z"
"ste_000209","Tekhnicheskoe obsluzhivanie soprovozhdenie s dostavkoy","Category Services. Product built around term 'soprovozhdenie'.","cat_service","sup_012","{""keyword"":""soprovozhdenie"",""service"":""on_demand"",""class"":""it""}","active","2026-01-09T19:29:33.9931988Z"
"ste_000210","Tekhnicheskoe obsluzhivanie bumaga dlya ofisov","Category Office and Supplies. Product built around term 'bumaga'.","cat_office","sup_021","{""keyword"":""bumaga"",""service"":""bulk"",""class"":""ergonomic""}","active","2026-03-12T19:29:33.9931988Z"
"ste_000211","Postavka bumaga s dostavkoy","Category Office and Supplies. Product built around term 'bumaga'.","cat_office","sup_017","{""keyword"":""bumaga"",""service"":""bulk"",""class"":""a4""}","active","2026-03-02T19:29:33.9931988Z"
"ste_000212","Tekhnicheskoe obsluzhivanie ofisnaya mebel dlya infrastruktury","Category Office and Supplies. Product built around term 'ofisnaya mebel'.","cat_office","sup_026","{""keyword"":""ofisnaya mebel"",""service"":""premium"",""class"":""a4""}","active","2025-12-31T19:29:33.9931988Z"
"ste_000213","Postavka ofisnaya mebel pod klyuch","Category Office and Supplies. Product built around term 'ofisnaya mebel'.","cat_office","sup_023","{""keyword"":""ofisnaya mebel"",""service"":""standard"",""class"":""a4""}","active","2026-03-24T19:29:33.9931988Z"
"ste_000214","Kompleksnaya postavka kanctovary s dostavkoy","Category Office and Supplies. Product built around term 'kanctovary'.","cat_office","sup_011","{""keyword"":""kanctovary"",""service"":""standard"",""class"":""a4""}","active","2026-01-17T19:29:33.9931988Z"
"ste_000215","Usluga noutbuk dlya infrastruktury","Category IT and Equipment. Product built around term 'noutbuk'.","cat_it","sup_020","{""keyword"":""noutbuk"",""service"":""monitoring"",""class"":""edge""}","active","2026-01-31T19:29:33.9931988Z"
"ste_000216","Postavka tehpodderzhka dlya ofisov","Category Services. Product built around term 'tehpodderzhka'.","cat_service","sup_014","{""keyword"":""tehpodderzhka"",""service"":""monthly"",""class"":""office""}","active","2026-02-20T19:29:33.9931988Z"
"ste_000217","Tekhnicheskoe obsluzhivanie arenda transporta dlya municipalnyh nuzhd","Category Transport. Product built around term 'arenda transporta'.","cat_transport","sup_028","{""keyword"":""arenda transporta"",""service"":""rent"",""class"":""school""}","active","2025-12-24T19:29:33.9931988Z"
"ste_000218","Arenda server dlya ofisov","Category IT and Equipment. Product built around term 'server'.","cat_it","sup_020","{""keyword"":""server"",""service"":""supply"",""class"":""edge""}","active","2025-12-19T19:29:33.9931988Z"
"ste_000219","Arenda setevoe oborudovanie s dostavkoy","Category IT and Equipment. Product built around term 'setevoe oborudovanie'.","cat_it","sup_006","{""keyword"":""setevoe oborudovanie"",""service"":""monitoring"",""class"":""tower""}","active","2026-01-30T19:29:33.9931988Z"
"ste_000220","Usluga ofisnaya mebel dlya municipalnyh nuzhd","Category Office and Supplies. Product built around term 'ofisnaya mebel'.","cat_office","sup_007","{""keyword"":""ofisnaya mebel"",""service"":""standard"",""class"":""laser""}","active","2025-12-12T19:29:33.9931988Z"
"ste_000221","Arenda passazhirskie perevozki pod klyuch","Category Transport. Product built around term 'passazhirskie perevozki'.","cat_transport","sup_005","{""keyword"":""passazhirskie perevozki"",""service"":""fleet_support"",""class"":""charter""}","active","2026-03-15T19:29:33.9931988Z"
"ste_000222","Arenda kartridzh dlya ofisov","Category Office and Supplies. Product built around term 'kartridzh'.","cat_office","sup_030","{""keyword"":""kartridzh"",""service"":""standard"",""class"":""a3""}","active","2025-12-02T19:29:33.9931988Z"
"ste_000223","Tekhnicheskoe obsluzhivanie kommutator dlya infrastruktury","Category IT and Equipment. Product built around term 'kommutator'.","cat_it","sup_009","{""keyword"":""kommutator"",""service"":""monitoring"",""class"":""tower""}","active","2026-01-19T19:29:33.9931988Z"
"ste_000224","Usluga setevoe oborudovanie dlya municipalnyh nuzhd","Category IT and Equipment. Product built around term 'setevoe oborudovanie'.","cat_it","sup_001","{""keyword"":""setevoe oborudovanie"",""service"":""maintenance"",""class"":""tower""}","active","2026-02-04T19:29:33.9931988Z"
"ste_000225","Arenda tehpodderzhka dlya ofisov","Category Services. Product built around term 'tehpodderzhka'.","cat_service","sup_021","{""keyword"":""tehpodderzhka"",""service"":""monthly"",""class"":""office""}","active","2026-02-14T19:29:33.9931988Z"
"ste_000226","Arenda rabochaya stanciya dlya infrastruktury","Category IT and Equipment. Product built around term 'rabochaya stanciya'.","cat_it","sup_024","{""keyword"":""rabochaya stanciya"",""service"":""maintenance"",""class"":""edge""}","active","2026-01-29T19:29:33.9931988Z"
"ste_000227","Kompleksnaya postavka mikroavtobus dlya ofisov","Category Transport. Product built around term 'mikroavtobus'.","cat_transport","sup_012","{""keyword"":""mikroavtobus"",""service"":""fleet_support"",""class"":""city""}","active","2026-02-08T19:29:33.9931988Z"
"ste_000228","Arenda setevoe oborudovanie dlya municipalnyh nuzhd","Category IT and Equipment. Product built around term 'setevoe oborudovanie'.","cat_it","sup_018","{""keyword"":""setevoe oborudovanie"",""service"":""monitoring"",""class"":""rack""}","active","2026-01-31T19:29:33.9931988Z"
"ste_000229","Usluga kanctovary dlya ofisov","Category Office and Supplies. Product built around term 'kanctovary'.","cat_office","sup_030","{""keyword"":""kanctovary"",""service"":""bulk"",""class"":""laser""}","active","2025-12-11T19:29:33.9931988Z"
"ste_000230","Usluga autsorsing dlya infrastruktury","Category Services. Product built around term 'autsorsing'.","cat_service","sup_016","{""keyword"":""autsorsing"",""service"":""on_demand"",""class"":""office""}","active","2025-12-10T19:29:33.9931988Z"
"ste_000231","Postavka autsorsing pod klyuch","Category Services. Product built around term 'autsorsing'.","cat_service","sup_017","{""keyword"":""autsorsing"",""service"":""quarterly"",""class"":""facility""}","active","2026-03-04T19:29:33.9931988Z"
"ste_000232","Tekhnicheskoe obsluzhivanie rabochaya stanciya pod klyuch","Category IT and Equipment. Product built around term 'rabochaya stanciya'.","cat_it","sup_019","{""keyword"":""rabochaya stanciya"",""service"":""maintenance"",""class"":""tower""}","active","2026-01-07T19:29:33.9931988Z"
"ste_000233","Kompleksnaya postavka tehpodderzhka dlya municipalnyh nuzhd","Category Services. Product built around term 'tehpodderzhka'.","cat_service","sup_021","{""keyword"":""tehpodderzhka"",""service"":""monthly"",""class"":""it""}","active","2026-03-06T19:29:33.9931988Z"
"ste_000234","Kompleksnaya postavka noutbuk pod klyuch","Category IT and Equipment. Product built around term 'noutbuk'.","cat_it","sup_001","{""keyword"":""noutbuk"",""service"":""supply"",""class"":""rack""}","active","2026-01-02T19:29:33.9931988Z"
"ste_000235","Usluga klining dlya infrastruktury","Category Services. Product built around term 'klining'.","cat_service","sup_011","{""keyword"":""klining"",""service"":""monthly"",""class"":""it""}","active","2025-12-30T19:29:33.9931988Z"
"ste_000236","Arenda printer dlya municipalnyh nuzhd","Category Office and Supplies. Product built around term 'printer'.","cat_office","sup_003","{""keyword"":""printer"",""service"":""bulk"",""class"":""laser""}","active","2026-01-14T19:29:33.9931988Z"
"ste_000237","Postavka noutbuk dlya infrastruktury","Category IT and Equipment. Product built around term 'noutbuk'.","cat_it","sup_018","{""keyword"":""noutbuk"",""service"":""supply"",""class"":""rack""}","active","2026-03-04T19:29:33.9931988Z"
"ste_000238","Arenda autsorsing s dostavkoy","Category Services. Product built around term 'autsorsing'.","cat_service","sup_007","{""keyword"":""autsorsing"",""service"":""on_demand"",""class"":""it""}","active","2026-03-09T19:29:33.9931988Z"
"ste_000239","Tekhnicheskoe obsluzhivanie kanctovary dlya municipalnyh nuzhd","Category Office and Supplies. Product built around term 'kanctovary'.","cat_office","sup_027","{""keyword"":""kanctovary"",""service"":""premium"",""class"":""laser""}","active","2026-01-16T19:29:33.9931988Z"
"ste_000240","Arenda passazhirskie perevozki dlya ofisov","Category Transport. Product built around term 'passazhirskie perevozki'.","cat_transport","sup_027","{""keyword"":""passazhirskie perevozki"",""service"":""rent"",""class"":""intercity""}","active","2026-03-12T19:29:33.9931988Z"
"ste_000241","Postavka noutbuk pod klyuch","Category IT and Equipment. Product built around term 'noutbuk'.","cat_it","sup_002","{""keyword"":""noutbuk"",""service"":""supply"",""class"":""rack""}","active","2025-12-01T19:29:33.9931988Z"
"ste_000242","Usluga autsorsing dlya ofisov","Category Services. Product built around term 'autsorsing'.","cat_service","sup_007","{""keyword"":""autsorsing"",""service"":""monthly"",""class"":""office""}","active","2026-03-17T19:29:33.9931988Z"
"ste_000243","Arenda soprovozhdenie dlya ofisov","Category Services. Product built around term 'soprovozhdenie'.","cat_service","sup_020","{""keyword"":""soprovozhdenie"",""service"":""monthly"",""class"":""facility""}","active","2026-02-18T19:29:33.9931988Z"
"ste_000244","Postavka printer s dostavkoy","Category Office and Supplies. Product built around term 'printer'.","cat_office","sup_026","{""keyword"":""printer"",""service"":""standard"",""class"":""ergonomic""}","active","2025-12-17T19:29:33.9931988Z"
"ste_000245","Tekhnicheskoe obsluzhivanie kommutator dlya infrastruktury","Category IT and Equipment. Product built around term 'kommutator'.","cat_it","sup_019","{""keyword"":""kommutator"",""service"":""monitoring"",""class"":""edge""}","active","2026-03-27T19:29:33.9931988Z"
"ste_000246","Kompleksnaya postavka rabochaya stanciya dlya infrastruktury","Category IT and Equipment. Product built around term 'rabochaya stanciya'.","cat_it","sup_021","{""keyword"":""rabochaya stanciya"",""service"":""monitoring"",""class"":""tower""}","active","2026-03-22T19:29:33.9931988Z"
"ste_000247","Postavka logistika dlya infrastruktury","Category Transport. Product built around term 'logistika'.","cat_transport","sup_025","{""keyword"":""logistika"",""service"":""fleet_support"",""class"":""intercity""}","active","2025-12-30T19:29:33.9931988Z"
"ste_000248","Usluga printer dlya municipalnyh nuzhd","Category Office and Supplies. Product built around term 'printer'.","cat_office","sup_020","{""keyword"":""printer"",""service"":""standard"",""class"":""a4""}","active","2026-01-16T19:29:33.9931988Z"
"ste_000249","Arenda ofisnaya mebel dlya ofisov","Category Office and Supplies. Product built around term 'ofisnaya mebel'.","cat_office","sup_026","{""keyword"":""ofisnaya mebel"",""service"":""standard"",""class"":""ergonomic""}","active","2026-03-09T19:29:33.9931988Z"
"ste_000250","Kompleksnaya postavka bumaga pod klyuch","Category Office and Supplies. Product built around term 'bumaga'.","cat_office","sup_018","{""keyword"":""bumaga"",""service"":""bulk"",""class"":""ergonomic""}","active","2026-02-07T19:29:33.9931988Z"
"ste_000251","Tekhnicheskoe obsluzhivanie soprovozhdenie dlya infrastruktury","Category Services. Product built around term 'soprovozhdenie'.","cat_service","sup_009","{""keyword"":""soprovozhdenie"",""service"":""on_demand"",""class"":""facility""}","active","2026-03-18T19:29:33.9931988Z"
"ste_000252","Usluga rabochaya stanciya dlya ofisov","Category IT and Equipment. Product built around term 'rabochaya stanciya'.","cat_it","sup_030","{""keyword"":""rabochaya stanciya"",""service"":""monitoring"",""class"":""tower""}","active","2025-11-28T19:29:33.9931988Z"
"ste_000253","Postavka mikroavtobus dlya infrastruktury","Category Transport. Product built around term 'mikroavtobus'.","cat_transport","sup_004","{""keyword"":""mikroavtobus"",""service"":""fleet_support"",""class"":""intercity""}","active","2026-03-23T19:29:33.9931988Z"
"ste_000254","Kompleksnaya postavka avtobus dlya municipalnyh nuzhd","Category Transport. Product built around term 'avtobus'.","cat_transport","sup_010","{""keyword"":""avtobus"",""service"":""rent"",""class"":""charter""}","active","2026-01-28T19:29:33.9931988Z"
"ste_000255","Postavka klining s dostavkoy","Category Services. Product built around term 'klining'.","cat_service","sup_014","{""keyword"":""klining"",""service"":""quarterly"",""class"":""facility""}","active","2026-03-23T19:29:33.9931988Z"
"ste_000256","Usluga soprovozhdenie dlya municipalnyh nuzhd","Category Services. Product built around term 'soprovozhdenie'.","cat_service","sup_016","{""keyword"":""soprovozhdenie"",""service"":""on_demand"",""class"":""office""}","active","2026-02-03T19:29:33.9931988Z"
"ste_000257","Kompleksnaya postavka kommutator dlya infrastruktury","Category IT and Equipment. Product built around term 'kommutator'.","cat_it","sup_006","{""keyword"":""kommutator"",""service"":""monitoring"",""class"":""tower""}","active","2026-01-13T19:29:33.9931988Z"
"ste_000258","Kompleksnaya postavka tehpodderzhka dlya ofisov","Category Services. Product built around term 'tehpodderzhka'.","cat_service","sup_008","{""keyword"":""tehpodderzhka"",""service"":""quarterly"",""class"":""it""}","active","2026-01-11T19:29:33.9931988Z"
"ste_000259","Arenda passazhirskie perevozki dlya ofisov","Category Transport. Product built around term 'passazhirskie perevozki'.","cat_transport","sup_012","{""keyword"":""passazhirskie perevozki"",""service"":""fleet_support"",""class"":""city""}","active","2025-12-29T19:29:33.9931988Z"
"ste_000260","Postavka arenda transporta s dostavkoy","Category Transport. Product built around term 'arenda transporta'.","cat_transport","sup_017","{""keyword"":""arenda transporta"",""service"":""route_planning"",""class"":""intercity""}","active","2025-12-31T19:29:33.9931988Z"
"ste_000261","Usluga autsorsing dlya municipalnyh nuzhd","Category Services. Product built around term 'autsorsing'.","cat_service","sup_027","{""keyword"":""autsorsing"",""service"":""monthly"",""class"":""office""}","active","2026-01-22T19:29:33.9931988Z"
"ste_000262","Kompleksnaya postavka mikroavtobus s dostavkoy","Category Transport. Product built around term 'mikroavtobus'.","cat_transport","sup_023","{""keyword"":""mikroavtobus"",""service"":""route_planning"",""class"":""charter""}","active","2026-02-06T19:29:33.9931988Z"
"ste_000263","Postavka tehpodderzhka s dostavkoy","Category Services. Product built around term 'tehpodderzhka'.","cat_service","sup_005","{""keyword"":""tehpodderzhka"",""service"":""on_demand"",""class"":""it""}","active","2026-01-25T19:29:33.9931988Z"
"ste_000264","Usluga arenda transporta pod klyuch","Category Transport. Product built around term 'arenda transporta'.","cat_transport","sup_026","{""keyword"":""arenda transporta"",""service"":""route_planning"",""class"":""school""}","active","2026-02-16T19:29:33.9931988Z"
"ste_000265","Tekhnicheskoe obsluzhivanie logistika s dostavkoy","Category Transport. Product built around term 'logistika'.","cat_transport","sup_004","{""keyword"":""logistika"",""service"":""fleet_support"",""class"":""school""}","active","2025-12-28T19:29:33.9931988Z"
"ste_000266","Arenda kartridzh pod klyuch","Category Office and Supplies. Product built around term 'kartridzh'.","cat_office","sup_025","{""keyword"":""kartridzh"",""service"":""premium"",""class"":""a4""}","active","2026-01-28T19:29:33.9931988Z"
"ste_000267","Tekhnicheskoe obsluzhivanie obsluzhivanie dlya municipalnyh nuzhd","Category Services. Product built around term 'obsluzhivanie'.","cat_service","sup_028","{""keyword"":""obsluzhivanie"",""service"":""quarterly"",""class"":""it""}","active","2026-01-27T19:29:33.9931988Z"
"ste_000268","Usluga ofisnaya mebel s dostavkoy","Category Office and Supplies. Product built around term 'ofisnaya mebel'.","cat_office","sup_018","{""keyword"":""ofisnaya mebel"",""service"":""standard"",""class"":""a3""}","active","2026-03-19T19:29:33.9931988Z"
"ste_000269","Kompleksnaya postavka arenda transporta dlya ofisov","Category Transport. Product built around term 'arenda transporta'.","cat_transport","sup_021","{""keyword"":""arenda transporta"",""service"":""rent"",""class"":""charter""}","active","2026-03-24T19:29:33.9931988Z"
"ste_000270","Kompleksnaya postavka setevoe oborudovanie pod klyuch","Category IT and Equipment. Product built around term 'setevoe oborudovanie'.","cat_it","sup_008","{""keyword"":""setevoe oborudovanie"",""service"":""maintenance"",""class"":""tower""}","active","2026-02-12T19:29:33.9931988Z"
"ste_000271","Tekhnicheskoe obsluzhivanie klining dlya municipalnyh nuzhd","Category Services. Product built around term 'klining'.","cat_service","sup_020","{""keyword"":""klining"",""service"":""on_demand"",""class"":""facility""}","active","2026-02-04T19:29:33.9931988Z"
"ste_000272","Usluga ofisnaya mebel pod klyuch","Category Office and Supplies. Product built around term 'ofisnaya mebel'.","cat_office","sup_007","{""keyword"":""ofisnaya mebel"",""service"":""premium"",""class"":""laser""}","active","2026-01-25T19:29:33.9931988Z"
"ste_000273","Arenda mikroavtobus s dostavkoy","Category Transport. Product built around term 'mikroavtobus'.","cat_transport","sup_003","{""keyword"":""mikroavtobus"",""service"":""rent"",""class"":""charter""}","active","2026-02-20T19:29:33.9931988Z"
"ste_000274","Usluga kommutator dlya ofisov","Category IT and Equipment. Product built around term 'kommutator'.","cat_it","sup_009","{""keyword"":""kommutator"",""service"":""monitoring"",""class"":""edge""}","active","2026-02-27T19:29:33.9931988Z"
"ste_000275","Tekhnicheskoe obsluzhivanie avtobus s dostavkoy","Category Transport. Product built around term 'avtobus'.","cat_transport","sup_026","{""keyword"":""avtobus"",""service"":""rent"",""class"":""intercity""}","active","2026-03-18T19:29:33.9931988Z"
"ste_000276","Arenda kartridzh dlya infrastruktury","Category Office and Supplies. Product built around term 'kartridzh'.","cat_office","sup_013","{""keyword"":""kartridzh"",""service"":""bulk"",""class"":""laser""}","active","2026-02-14T19:29:33.9931988Z"
"ste_000277","Postavka ofisnaya mebel s dostavkoy","Category Office and Supplies. Product built around term 'ofisnaya mebel'.","cat_office","sup_014","{""keyword"":""ofisnaya mebel"",""service"":""premium"",""class"":""a4""}","active","2026-03-11T19:29:33.9931988Z"
"ste_000278","Postavka tehpodderzhka pod klyuch","Category Services. Product built around term 'tehpodderzhka'.","cat_service","sup_003","{""keyword"":""tehpodderzhka"",""service"":""on_demand"",""class"":""it""}","active","2026-01-04T19:29:33.9931988Z"
"ste_000279","Tekhnicheskoe obsluzhivanie server dlya municipalnyh nuzhd","Category IT and Equipment. Product built around term 'server'.","cat_it","sup_011","{""keyword"":""server"",""service"":""supply"",""class"":""rack""}","active","2026-03-02T19:29:33.9931988Z"
"ste_000280","Arenda logistika dlya ofisov","Category Transport. Product built around term 'logistika'.","cat_transport","sup_019","{""keyword"":""logistika"",""service"":""route_planning"",""class"":""charter""}","active","2026-02-25T19:29:33.9931988Z"
"ste_000281","Arenda obsluzhivanie pod klyuch","Category Services. Product built around term 'obsluzhivanie'.","cat_service","sup_026","{""keyword"":""obsluzhivanie"",""service"":""quarterly"",""class"":""office""}","active","2026-02-13T19:29:33.9931988Z"
"ste_000282","Postavka logistika dlya infrastruktury","Category Transport. Product built around term 'logistika'.","cat_transport","sup_012","{""keyword"":""logistika"",""service"":""fleet_support"",""class"":""school""}","active","2026-01-11T19:29:33.9931988Z"
"ste_000283","Postavka ofisnaya mebel dlya infrastruktury","Category Office and Supplies. Product built around term 'ofisnaya mebel'.","cat_office","sup_010","{""keyword"":""ofisnaya mebel"",""service"":""standard"",""class"":""a3""}","active","2025-12-19T19:29:33.9931988Z"
"ste_000284","Postavka bumaga pod klyuch","Category Office and Supplies. Product built around term 'bumaga'.","cat_office","sup_007","{""keyword"":""bumaga"",""service"":""premium"",""class"":""ergonomic""}","active","2025-12-07T19:29:33.9931988Z"
"ste_000285","Postavka avtobus dlya municipalnyh nuzhd","Category Transport. Product built around term 'avtobus'.","cat_transport","sup_024","{""keyword"":""avtobus"",""service"":""rent"",""class"":""intercity""}","active","2026-01-13T19:29:33.9931988Z"
"ste_000286","Postavka obsluzhivanie dlya ofisov","Category Services. Product built around term 'obsluzhivanie'.","cat_service","sup_027","{""keyword"":""obsluzhivanie"",""service"":""quarterly"",""class"":""facility""}","active","2026-02-20T19:29:33.9931988Z"
"ste_000287","Postavka obsluzhivanie dlya infrastruktury","Category Services. Product built around term 'obsluzhivanie'.","cat_service","sup_015","{""keyword"":""obsluzhivanie"",""service"":""monthly"",""class"":""office""}","active","2026-01-15T19:29:33.9931988Z"
"ste_000288","Postavka tehpodderzhka dlya infrastruktury","Category Services. Product built around term 'tehpodderzhka'.","cat_service","sup_025","{""keyword"":""tehpodderzhka"",""service"":""monthly"",""class"":""office""}","active","2025-12-14T19:29:33.9931988Z"
"ste_000289","Usluga tehpodderzhka pod klyuch","Category Services. Product built around term 'tehpodderzhka'.","cat_service","sup_022","{""keyword"":""tehpodderzhka"",""service"":""on_demand"",""class"":""office""}","active","2026-01-28T19:29:33.9931988Z"
"ste_000290","Postavka autsorsing s dostavkoy","Category Services. Product built around term 'autsorsing'.","cat_service","sup_016","{""keyword"":""autsorsing"",""service"":""monthly"",""class"":""facility""}","active","2025-12-13T19:29:33.9931988Z"
"ste_000291","Arenda bumaga s dostavkoy","Category Office and Supplies. Product built around term 'bumaga'.","cat_office","sup_023","{""keyword"":""bumaga"",""service"":""premium"",""class"":""ergonomic""}","active","2026-02-16T19:29:33.9931988Z"
"ste_000292","Tekhnicheskoe obsluzhivanie obsluzhivanie dlya ofisov","Category Services. Product built around term 'obsluzhivanie'.","cat_service","sup_011","{""keyword"":""obsluzhivanie"",""service"":""monthly"",""class"":""facility""}","active","2026-01-16T19:29:33.9931988Z"
"ste_000293","Kompleksnaya postavka tehpodderzhka s dostavkoy","Category Services. Product built around term 'tehpodderzhka'.","cat_service","sup_030","{""keyword"":""tehpodderzhka"",""service"":""on_demand"",""class"":""it""}","active","2026-03-02T19:29:33.9931988Z"
"ste_000294","Tekhnicheskoe obsluzhivanie kommutator s dostavkoy","Category IT and Equipment. Product built around term 'kommutator'.","cat_it","sup_028","{""keyword"":""kommutator"",""service"":""supply"",""class"":""rack""}","active","2026-03-18T19:29:33.9931988Z"
"ste_000295","Kompleksnaya postavka soprovozhdenie dlya infrastruktury","Category Services. Product built around term 'soprovozhdenie'.","cat_service","sup_020","{""keyword"":""soprovozhdenie"",""service"":""quarterly"",""class"":""facility""}","active","2025-12-16T19:29:33.9931988Z"
"ste_000296","Kompleksnaya postavka ofisnaya mebel s dostavkoy","Category Office and Supplies. Product built around term 'ofisnaya mebel'.","cat_office","sup_013","{""keyword"":""ofisnaya mebel"",""service"":""standard"",""class"":""laser""}","active","2025-12-03T19:29:33.9931988Z"
"ste_000297","Kompleksnaya postavka server pod klyuch","Category IT and Equipment. Product built around term 'server'.","cat_it","sup_025","{""keyword"":""server"",""service"":""maintenance"",""class"":""rack""}","active","2026-03-10T19:29:33.9931988Z"
"ste_000298","Kompleksnaya postavka arenda transporta dlya infrastruktury","Category Transport. Product built around term 'arenda transporta'.","cat_transport","sup_027","{""keyword"":""arenda transporta"",""service"":""fleet_support"",""class"":""school""}","active","2026-01-09T19:29:33.9931988Z"
"ste_000299","Postavka setevoe oborudovanie dlya infrastruktury","Category IT and Equipment. Product built around term 'setevoe oborudovanie'.","cat_it","sup_003","{""keyword"":""setevoe oborudovanie"",""service"":""maintenance"",""class"":""tower""}","active","2026-02-03T19:29:33.9931988Z"
"ste_000300","Usluga tehpodderzhka dlya infrastruktury","Category Services. Product built around term 'tehpodderzhka'.","cat_service","sup_023","{""keyword"":""tehpodderzhka"",""service"":""on_demand"",""class"":""facility""}","active","2025-12-20T19:29:33.9931988Z"
"ste_000301","Usluga ofisnaya mebel dlya ofisov","Category Office and Supplies. Product built around term 'ofisnaya mebel'.","cat_office","sup_009","{""keyword"":""ofisnaya mebel"",""service"":""bulk"",""class"":""a4""}","active","2026-01-21T19:29:33.9931988Z"
"ste_000302","Postavka mikroavtobus dlya infrastruktury","Category Transport. Product built around term 'mikroavtobus'.","cat_transport","sup_003","{""keyword"":""mikroavtobus"",""service"":""route_planning"",""class"":""charter""}","active","2026-03-16T19:29:33.9931988Z"
"ste_000303","Postavka arenda transporta s dostavkoy","Category Transport. Product built around term 'arenda transporta'.","cat_transport","sup_010","{""keyword"":""arenda transporta"",""service"":""route_planning"",""class"":""school""}","active","2026-02-25T19:29:33.9931988Z"
"ste_000304","Postavka arenda transporta dlya infrastruktury","Category Transport. Product built around term 'arenda transporta'.","cat_transport","sup_024","{""keyword"":""arenda transporta"",""service"":""rent"",""class"":""school""}","active","2026-03-18T19:29:33.9931988Z"
"ste_000305","Usluga kanctovary dlya municipalnyh nuzhd","Category Office and Supplies. Product built around term 'kanctovary'.","cat_office","sup_015","{""keyword"":""kanctovary"",""service"":""standard"",""class"":""a3""}","active","2026-03-27T19:29:33.9931988Z"
"ste_000306","Kompleksnaya postavka klining pod klyuch","Category Services. Product built around term 'klining'.","cat_service","sup_003","{""keyword"":""klining"",""service"":""quarterly"",""class"":""facility""}","active","2026-01-17T19:29:33.9931988Z"
"ste_000307","Usluga tehpodderzhka dlya infrastruktury","Category Services. Product built around term 'tehpodderzhka'.","cat_service","sup_015","{""keyword"":""tehpodderzhka"",""service"":""quarterly"",""class"":""office""}","active","2026-01-08T19:29:33.9931988Z"
"ste_000308","Usluga autsorsing pod klyuch","Category Services. Product built around term 'autsorsing'.","cat_service","sup_006","{""keyword"":""autsorsing"",""service"":""monthly"",""class"":""office""}","active","2026-03-14T19:29:33.9931988Z"
"ste_000309","Usluga mikroavtobus dlya infrastruktury","Category Transport. Product built around term 'mikroavtobus'.","cat_transport","sup_029","{""keyword"":""mikroavtobus"",""service"":""route_planning"",""class"":""city""}","active","2026-01-18T19:29:33.9931988Z"
"ste_000310","Kompleksnaya postavka autsorsing dlya ofisov","Category Services. Product built around term 'autsorsing'.","cat_service","sup_016","{""keyword"":""autsorsing"",""service"":""quarterly"",""class"":""office""}","active","2025-12-08T19:29:33.9931988Z"
"ste_000311","Arenda kartridzh pod klyuch","Category Office and Supplies. Product built around term 'kartridzh'.","cat_office","sup_022","{""keyword"":""kartridzh"",""service"":""standard"",""class"":""a3""}","active","2026-03-03T19:29:33.9931988Z"
"ste_000312","Postavka bumaga dlya infrastruktury","Category Office and Supplies. Product built around term 'bumaga'.","cat_office","sup_008","{""keyword"":""bumaga"",""service"":""premium"",""class"":""a4""}","active","2025-12-13T19:29:33.9931988Z"
"ste_000313","Postavka mikroavtobus pod klyuch","Category Transport. Product built around term 'mikroavtobus'.","cat_transport","sup_008","{""keyword"":""mikroavtobus"",""service"":""route_planning"",""class"":""intercity""}","active","2025-12-24T19:29:33.9931988Z"
"ste_000314","Tekhnicheskoe obsluzhivanie setevoe oborudovanie dlya ofisov","Category IT and Equipment. Product built around term 'setevoe oborudovanie'.","cat_it","sup_015","{""keyword"":""setevoe oborudovanie"",""service"":""monitoring"",""class"":""edge""}","active","2026-03-15T19:29:33.9931988Z"
"ste_000315","Arenda bumaga dlya municipalnyh nuzhd","Category Office and Supplies. Product built around term 'bumaga'.","cat_office","sup_018","{""keyword"":""bumaga"",""service"":""bulk"",""class"":""a4""}","active","2026-03-21T19:29:33.9931988Z"
"ste_000316","Kompleksnaya postavka kommutator pod klyuch","Category IT and Equipment. Product built around term 'kommutator'.","cat_it","sup_022","{""keyword"":""kommutator"",""service"":""monitoring"",""class"":""tower""}","active","2026-02-18T19:29:33.9931988Z"
"ste_000317","Usluga logistika dlya infrastruktury","Category Transport. Product built around term 'logistika'.","cat_transport","sup_009","{""keyword"":""logistika"",""service"":""route_planning"",""class"":""school""}","active","2025-12-28T19:29:33.9931988Z"
"ste_000318","Postavka tehpodderzhka s dostavkoy","Category Services. Product built around term 'tehpodderzhka'.","cat_service","sup_006","{""keyword"":""tehpodderzhka"",""service"":""on_demand"",""class"":""it""}","active","2026-03-21T19:29:33.9931988Z"
"ste_000319","Postavka bumaga dlya infrastruktury","Category Office and Supplies. Product built around term 'bumaga'.","cat_office","sup_029","{""keyword"":""bumaga"",""service"":""premium"",""class"":""a4""}","active","2025-12-10T19:29:33.9931988Z"
"ste_000320","Usluga arenda transporta dlya ofisov","Category Transport. Product built around term 'arenda transporta'.","cat_transport","sup_020","{""keyword"":""arenda transporta"",""service"":""rent"",""class"":""school""}","active","2025-12-02T19:29:33.9931988Z"
"ste_000321","Usluga tehpodderzhka dlya infrastruktury","Category Services. Product built around term 'tehpodderzhka'.","cat_service","sup_019","{""keyword"":""tehpodderzhka"",""service"":""quarterly"",""class"":""facility""}","active","2026-01-29T19:29:33.9931988Z"
"ste_000322","Kompleksnaya postavka ofisnaya mebel dlya municipalnyh nuzhd","Category Office and Supplies. Product built around term 'ofisnaya mebel'.","cat_office","sup_001","{""keyword"":""ofisnaya mebel"",""service"":""standard"",""class"":""a4""}","active","2025-12-20T19:29:33.9931988Z"
"ste_000323","Tekhnicheskoe obsluzhivanie server dlya ofisov","Category IT and Equipment. Product built around term 'server'.","cat_it","sup_014","{""keyword"":""server"",""service"":""supply"",""class"":""rack""}","active","2026-01-08T19:29:33.9931988Z"
"ste_000324","Postavka avtobus dlya municipalnyh nuzhd","Category Transport. Product built around term 'avtobus'.","cat_transport","sup_010","{""keyword"":""avtobus"",""service"":""rent"",""class"":""intercity""}","active","2025-12-10T19:29:33.9931988Z"
"ste_000325","Arenda arenda transporta s dostavkoy","Category Transport. Product built around term 'arenda transporta'.","cat_transport","sup_027","{""keyword"":""arenda transporta"",""service"":""fleet_support"",""class"":""intercity""}","active","2026-02-13T19:29:33.9931988Z"
"ste_000326","Arenda soprovozhdenie s dostavkoy","Category Services. Product built around term 'soprovozhdenie'.","cat_service","sup_030","{""keyword"":""soprovozhdenie"",""service"":""quarterly"",""class"":""it""}","active","2025-12-21T19:29:33.9931988Z"
"ste_000327","Tekhnicheskoe obsluzhivanie printer pod klyuch","Category Office and Supplies. Product built around term 'printer'.","cat_office","sup_012","{""keyword"":""printer"",""service"":""premium"",""class"":""a4""}","active","2026-03-03T19:29:33.9931988Z"
"ste_000328","Postavka mikroavtobus dlya infrastruktury","Category Transport. Product built around term 'mikroavtobus'.","cat_transport","sup_003","{""keyword"":""mikroavtobus"",""service"":""rent"",""class"":""charter""}","active","2025-12-15T19:29:33.9931988Z"
"ste_000329","Arenda ofisnaya mebel s dostavkoy","Category Office and Supplies. Product built around term 'ofisnaya mebel'.","cat_office","sup_022","{""keyword"":""ofisnaya mebel"",""service"":""premium"",""class"":""ergonomic""}","active","2026-01-02T19:29:33.9931988Z"
"ste_000330","Postavka autsorsing dlya infrastruktury","Category Services. Product built around term 'autsorsing'.","cat_service","sup_001","{""keyword"":""autsorsing"",""service"":""on_demand"",""class"":""office""}","active","2026-02-06T19:29:33.9931988Z"
"ste_000331","Usluga setevoe oborudovanie pod klyuch","Category IT and Equipment. Product built around term 'setevoe oborudovanie'.","cat_it","sup_004","{""keyword"":""setevoe oborudovanie"",""service"":""monitoring"",""class"":""tower""}","active","2026-02-21T19:29:33.9931988Z"
"ste_000332","Tekhnicheskoe obsluzhivanie printer dlya municipalnyh nuzhd","Category Office and Supplies. Product built around term 'printer'.","cat_office","sup_026","{""keyword"":""printer"",""service"":""standard"",""class"":""laser""}","active","2026-02-12T19:29:33.9931988Z"
"ste_000333","Kompleksnaya postavka ofisnaya mebel dlya municipalnyh nuzhd","Category Office and Supplies. Product built around term 'ofisnaya mebel'.","cat_office","sup_021","{""keyword"":""ofisnaya mebel"",""service"":""premium"",""class"":""ergonomic""}","active","2026-02-02T19:29:33.9931988Z"
"ste_000334","Kompleksnaya postavka klining dlya infrastruktury","Category Services. Product built around term 'klining'.","cat_service","sup_029","{""keyword"":""klining"",""service"":""quarterly"",""class"":""facility""}","active","2026-02-05T19:29:33.9931988Z"
"ste_000335","Kompleksnaya postavka ofisnaya mebel dlya ofisov","Category Office and Supplies. Product built around term 'ofisnaya mebel'.","cat_office","sup_005","{""keyword"":""ofisnaya mebel"",""service"":""standard"",""class"":""a3""}","active","2026-03-21T19:29:33.9931988Z"
"ste_000336","Postavka logistika dlya municipalnyh nuzhd","Category Transport. Product built around term 'logistika'.","cat_transport","sup_018","{""keyword"":""logistika"",""service"":""route_planning"",""class"":""city""}","active","2025-12-11T19:29:33.9931988Z"
"ste_000337","Usluga klining dlya ofisov","Category Services. Product built around term 'klining'.","cat_service","sup_016","{""keyword"":""klining"",""service"":""monthly"",""class"":""office""}","active","2026-02-05T19:29:33.9931988Z"
"ste_000338","Postavka klining dlya ofisov","Category Services. Product built around term 'klining'.","cat_service","sup_020","{""keyword"":""klining"",""service"":""quarterly"",""class"":""it""}","active","2026-01-08T19:29:33.9931988Z"
"ste_000339","Postavka soprovozhdenie s dostavkoy","Category Services. Product built around term 'soprovozhdenie'.","cat_service","sup_028","{""keyword"":""soprovozhdenie"",""service"":""quarterly"",""class"":""office""}","active","2026-02-17T19:29:33.9931988Z"
"ste_000340","Arenda kommutator dlya infrastruktury","Category IT and Equipment. Product built around term 'kommutator'.","cat_it","sup_030","{""keyword"":""kommutator"",""service"":""maintenance"",""class"":""rack""}","active","2026-01-05T19:29:33.9931988Z"
"ste_000341","Postavka arenda transporta dlya infrastruktury","Category Transport. Product built around term 'arenda transporta'.","cat_transport","sup_020","{""keyword"":""arenda transporta"",""service"":""rent"",""class"":""intercity""}","active","2026-01-01T19:29:33.9931988Z"
"ste_000342","Tekhnicheskoe obsluzhivanie passazhirskie perevozki dlya municipalnyh nuzhd","Category Transport. Product built around term 'passazhirskie perevozki'.","cat_transport","sup_001","{""keyword"":""passazhirskie perevozki"",""service"":""fleet_support"",""class"":""intercity""}","active","2025-12-15T19:29:33.9931988Z"
"ste_000343","Postavka mikroavtobus dlya ofisov","Category Transport. Product built around term 'mikroavtobus'.","cat_transport","sup_023","{""keyword"":""mikroavtobus"",""service"":""rent"",""class"":""intercity""}","active","2026-03-16T19:29:33.9931988Z"
"ste_000344","Arenda noutbuk dlya municipalnyh nuzhd","Category IT and Equipment. Product built around term 'noutbuk'.","cat_it","sup_026","{""keyword"":""noutbuk"",""service"":""maintenance"",""class"":""edge""}","active","2025-12-08T19:29:33.9931988Z"
"ste_000345","Arenda autsorsing s dostavkoy","Category Services. Product built around term 'autsorsing'.","cat_service","sup_003","{""keyword"":""autsorsing"",""service"":""quarterly"",""class"":""office""}","active","2026-01-21T19:29:33.9931988Z"
"ste_000346","Postavka kommutator dlya ofisov","Category IT and Equipment. Product built around term 'kommutator'.","cat_it","sup_028","{""keyword"":""kommutator"",""service"":""supply"",""class"":""rack""}","active","2026-02-06T19:29:33.9931988Z"
"ste_000347","Arenda mikroavtobus pod klyuch","Category Transport. Product built around term 'mikroavtobus'.","cat_transport","sup_017","{""keyword"":""mikroavtobus"",""service"":""fleet_support"",""class"":""charter""}","active","2026-01-01T19:29:33.9931988Z"
"ste_000348","Kompleksnaya postavka klining dlya municipalnyh nuzhd","Category Services. Product built around term 'klining'.","cat_service","sup_016","{""keyword"":""klining"",""service"":""monthly"",""class"":""facility""}","active","2026-02-18T19:29:33.9931988Z"
"ste_000349","Arenda logistika pod klyuch","Category Transport. Product built around term 'logistika'.","cat_transport","sup_018","{""keyword"":""logistika"",""service"":""rent"",""class"":""city""}","active","2026-01-18T19:29:33.9931988Z"
"ste_000350","Tekhnicheskoe obsluzhivanie kanctovary dlya municipalnyh nuzhd","Category Office and Supplies. Product built around term 'kanctovary'.","cat_office","sup_005","{""keyword"":""kanctovary"",""service"":""premium"",""class"":""a3""}","active","2026-03-18T19:29:33.9931988Z"
"ste_000351","Kompleksnaya postavka logistika s dostavkoy","Category Transport. Product built around term 'logistika'.","cat_transport","sup_016","{""keyword"":""logistika"",""service"":""fleet_support"",""class"":""charter""}","active","2026-03-12T19:29:33.9931988Z"
"ste_000352","Arenda rabochaya stanciya pod klyuch","Category IT and Equipment. Product built around term 'rabochaya stanciya'.","cat_it","sup_030","{""keyword"":""rabochaya stanciya"",""service"":""monitoring"",""class"":""rack""}","active","2025-12-20T19:29:33.9931988Z"
"ste_000353","Arenda kartridzh dlya municipalnyh nuzhd","Category Office and Supplies. Product built around term 'kartridzh'.","cat_office","sup_012","{""keyword"":""kartridzh"",""service"":""premium"",""class"":""ergonomic""}","active","2026-03-03T19:29:33.9931988Z"
"ste_000354","Kompleksnaya postavka bumaga s dostavkoy","Category Office and Supplies. Product built around term 'bumaga'.","cat_office","sup_011","{""keyword"":""bumaga"",""service"":""bulk"",""class"":""laser""}","active","2026-02-17T19:29:33.9931988Z"
"ste_000355","Kompleksnaya postavka kommutator s dostavkoy","Category IT and Equipment. Product built around term 'kommutator'.","cat_it","sup_020","{""keyword"":""kommutator"",""service"":""maintenance"",""class"":""rack""}","active","2026-01-16T19:29:33.9931988Z"
"ste_000356","Postavka klining s dostavkoy","Category Services. Product built around term 'klining'.","cat_service","sup_009","{""keyword"":""klining"",""service"":""on_demand"",""class"":""it""}","active","2026-02-11T19:29:33.9931988Z"
"ste_000357","Postavka setevoe oborudovanie pod klyuch","Category IT and Equipment. Product built around term 'setevoe oborudovanie'.","cat_it","sup_007","{""keyword"":""setevoe oborudovanie"",""service"":""maintenance"",""class"":""edge""}","active","2026-01-30T19:29:33.9931988Z"
"ste_000358","Arenda autsorsing s dostavkoy","Category Services. Product built around term 'autsorsing'.","cat_service","sup_021","{""keyword"":""autsorsing"",""service"":""on_demand"",""class"":""office""}","active","2026-01-13T19:29:33.9931988Z"
"ste_000359","Kompleksnaya postavka klining pod klyuch","Category Services. Product built around term 'klining'.","cat_service","sup_013","{""keyword"":""klining"",""service"":""monthly"",""class"":""facility""}","active","2026-01-04T19:29:33.9931988Z"
"ste_000360","Tekhnicheskoe obsluzhivanie noutbuk dlya ofisov","Category IT and Equipment. Product built around term 'noutbuk'.","cat_it","sup_013","{""keyword"":""noutbuk"",""service"":""monitoring"",""class"":""tower""}","active","2026-01-20T19:29:33.9931988Z"
"ste_000361","Usluga kommutator dlya municipalnyh nuzhd","Category IT and Equipment. Product built around term 'kommutator'.","cat_it","sup_016","{""keyword"":""kommutator"",""service"":""supply"",""class"":""rack""}","active","2026-01-25T19:29:33.9931988Z"
"ste_000362","Postavka kanctovary s dostavkoy","Category Office and Supplies. Product built around term 'kanctovary'.","cat_office","sup_027","{""keyword"":""kanctovary"",""service"":""standard"",""class"":""laser""}","active","2026-01-24T19:29:33.9931988Z"
"ste_000363","Postavka obsluzhivanie pod klyuch","Category Services. Product built around term 'obsluzhivanie'.","cat_service","sup_015","{""keyword"":""obsluzhivanie"",""service"":""on_demand"",""class"":""it""}","active","2026-03-02T19:29:33.9931988Z"
"ste_000364","Arenda noutbuk pod klyuch","Category IT and Equipment. Product built around term 'noutbuk'.","cat_it","sup_015","{""keyword"":""noutbuk"",""service"":""supply"",""class"":""rack""}","active","2026-03-11T19:29:33.9931988Z"
"ste_000365","Arenda autsorsing pod klyuch","Category Services. Product built around term 'autsorsing'.","cat_service","sup_009","{""keyword"":""autsorsing"",""service"":""quarterly"",""class"":""office""}","active","2026-03-21T19:29:33.9931988Z"
"ste_000366","Kompleksnaya postavka server dlya infrastruktury","Category IT and Equipment. Product built around term 'server'.","cat_it","sup_027","{""keyword"":""server"",""service"":""monitoring"",""class"":""tower""}","active","2026-03-11T19:29:33.9931988Z"
"ste_000367","Usluga bumaga pod klyuch","Category Office and Supplies. Product built around term 'bumaga'.","cat_office","sup_021","{""keyword"":""bumaga"",""service"":""standard"",""class"":""ergonomic""}","active","2026-02-07T19:29:33.9931988Z"
"ste_000368","Tekhnicheskoe obsluzhivanie rabochaya stanciya dlya infrastruktury","Category IT and Equipment. Product built around term 'rabochaya stanciya'.","cat_it","sup_021","{""keyword"":""rabochaya stanciya"",""service"":""supply"",""class"":""edge""}","active","2026-01-27T19:29:33.9931988Z"
"ste_000369","Postavka autsorsing s dostavkoy","Category Services. Product built around term 'autsorsing'.","cat_service","sup_003","{""keyword"":""autsorsing"",""service"":""monthly"",""class"":""it""}","active","2026-02-23T19:29:33.9931988Z"
"ste_000370","Postavka rabochaya stanciya pod klyuch","Category IT and Equipment. Product built around term 'rabochaya stanciya'.","cat_it","sup_005","{""keyword"":""rabochaya stanciya"",""service"":""monitoring"",""class"":""tower""}","active","2026-01-08T19:29:33.9931988Z"
"ste_000371","Postavka mikroavtobus dlya municipalnyh nuzhd","Category Transport. Product built around term 'mikroavtobus'.","cat_transport","sup_008","{""keyword"":""mikroavtobus"",""service"":""fleet_support"",""class"":""charter""}","active","2025-12-13T19:29:33.9931988Z"
"ste_000372","Kompleksnaya postavka avtobus dlya ofisov","Category Transport. Product built around term 'avtobus'.","cat_transport","sup_022","{""keyword"":""avtobus"",""service"":""rent"",""class"":""intercity""}","active","2026-02-22T19:29:33.9931988Z"
"ste_000373","Postavka tehpodderzhka dlya municipalnyh nuzhd","Category Services. Product built around term 'tehpodderzhka'.","cat_service","sup_021","{""keyword"":""tehpodderzhka"",""service"":""monthly"",""class"":""office""}","active","2026-02-25T19:29:33.9931988Z"
"ste_000374","Kompleksnaya postavka setevoe oborudovanie dlya ofisov","Category IT and Equipment. Product built around term 'setevoe oborudovanie'.","cat_it","sup_011","{""keyword"":""setevoe oborudovanie"",""service"":""maintenance"",""class"":""edge""}","active","2026-02-26T19:29:33.9931988Z"
"ste_000375","Kompleksnaya postavka obsluzhivanie dlya municipalnyh nuzhd","Category Services. Product built around term 'obsluzhivanie'.","cat_service","sup_012","{""keyword"":""obsluzhivanie"",""service"":""on_demand"",""class"":""office""}","active","2025-12-30T19:29:33.9931988Z"
"ste_000376","Kompleksnaya postavka mikroavtobus dlya municipalnyh nuzhd","Category Transport. Product built around term 'mikroavtobus'.","cat_transport","sup_021","{""keyword"":""mikroavtobus"",""service"":""fleet_support"",""class"":""school""}","active","2026-03-08T19:29:33.9931988Z"
"ste_000377","Postavka arenda transporta pod klyuch","Category Transport. Product built around term 'arenda transporta'.","cat_transport","sup_008","{""keyword"":""arenda transporta"",""service"":""fleet_support"",""class"":""charter""}","active","2026-02-27T19:29:33.9931988Z"
"ste_000378","Arenda printer dlya ofisov","Category Office and Supplies. Product built around term 'printer'.","cat_office","sup_003","{""keyword"":""printer"",""service"":""premium"",""class"":""a4""}","active","2026-01-28T19:29:33.9931988Z"
"ste_000379","Postavka soprovozhdenie dlya infrastruktury","Category Services. Product built around term 'soprovozhdenie'.","cat_service","sup_027","{""keyword"":""soprovozhdenie"",""service"":""quarterly"",""class"":""it""}","active","2026-01-27T19:29:33.9931988Z"
"ste_000380","Kompleksnaya postavka tehpodderzhka pod klyuch","Category Services. Product built around term 'tehpodderzhka'.","cat_service","sup_029","{""keyword"":""tehpodderzhka"",""service"":""monthly"",""class"":""office""}","active","2026-01-02T19:29:33.9931988Z"
"ste_000381","Usluga mikroavtobus dlya municipalnyh nuzhd","Category Transport. Product built around term 'mikroavtobus'.","cat_transport","sup_010","{""keyword"":""mikroavtobus"",""service"":""route_planning"",""class"":""intercity""}","active","2026-02-22T19:29:33.9931988Z"
"ste_000382","Tekhnicheskoe obsluzhivanie soprovozhdenie dlya municipalnyh nuzhd","Category Services. Product built around term 'soprovozhdenie'.","cat_service","sup_020","{""keyword"":""soprovozhdenie"",""service"":""quarterly"",""class"":""facility""}","active","2026-02-05T19:29:33.9931988Z"
"ste_000383","Postavka tehpodderzhka pod klyuch","Category Services. Product built around term 'tehpodderzhka'.","cat_service","sup_022","{""keyword"":""tehpodderzhka"",""service"":""quarterly"",""class"":""facility""}","active","2026-03-05T19:29:33.9931988Z"
"ste_000384","Postavka mikroavtobus dlya infrastruktury","Category Transport. Product built around term 'mikroavtobus'.","cat_transport","sup_021","{""keyword"":""mikroavtobus"",""service"":""route_planning"",""class"":""city""}","active","2026-01-08T19:29:33.9931988Z"
"ste_000385","Postavka kanctovary dlya ofisov","Category Office and Supplies. Product built around term 'kanctovary'.","cat_office","sup_017","{""keyword"":""kanctovary"",""service"":""standard"",""class"":""a4""}","active","2026-01-05T19:29:33.9931988Z"
"ste_000386","Postavka arenda transporta dlya ofisov","Category Transport. Product built around term 'arenda transporta'.","cat_transport","sup_024","{""keyword"":""arenda transporta"",""service"":""rent"",""class"":""intercity""}","active","2025-12-18T19:29:33.9931988Z"
"ste_000387","Arenda bumaga pod klyuch","Category Office and Supplies. Product built around term 'bumaga'.","cat_office","sup_021","{""keyword"":""bumaga"",""service"":""premium"",""class"":""a3""}","active","2026-03-21T19:29:33.9931988Z"
"ste_000388","Postavka mikroavtobus s dostavkoy","Category Transport. Product built around term 'mikroavtobus'.","cat_transport","sup_006","{""keyword"":""mikroavtobus"",""service"":""route_planning"",""class"":""charter""}","active","2026-03-08T19:29:33.9931988Z"
"ste_000389","Usluga ofisnaya mebel dlya ofisov","Category Office and Supplies. Product built around term 'ofisnaya mebel'.","cat_office","sup_006","{""keyword"":""ofisnaya mebel"",""service"":""bulk"",""class"":""a4""}","active","2026-02-04T19:29:33.9931988Z"
"ste_000390","Tekhnicheskoe obsluzhivanie bumaga dlya infrastruktury","Category Office and Supplies. Product built around term 'bumaga'.","cat_office","sup_006","{""keyword"":""bumaga"",""service"":""standard"",""class"":""laser""}","active","2026-01-20T19:29:33.9931988Z"
"ste_000391","Postavka arenda transporta dlya ofisov","Category Transport. Product built around term 'arenda transporta'.","cat_transport","sup_006","{""keyword"":""arenda transporta"",""service"":""rent"",""class"":""city""}","active","2026-02-18T19:29:33.9931988Z"
"ste_000392","Postavka tehpodderzhka s dostavkoy","Category Services. Product built around term 'tehpodderzhka'.","cat_service","sup_020","{""keyword"":""tehpodderzhka"",""service"":""on_demand"",""class"":""facility""}","active","2026-02-13T19:29:33.9931988Z"
"ste_000393","Usluga mikroavtobus dlya infrastruktury","Category Transport. Product built around term 'mikroavtobus'.","cat_transport","sup_001","{""keyword"":""mikroavtobus"",""service"":""route_planning"",""class"":""school""}","active","2026-02-24T19:29:33.9931988Z"
"ste_000394","Postavka obsluzhivanie dlya ofisov","Category Services. Product built around term 'obsluzhivanie'.","cat_service","sup_008","{""keyword"":""obsluzhivanie"",""service"":""quarterly"",""class"":""it""}","active","2026-02-14T19:29:33.9931988Z"
"ste_000395","Kompleksnaya postavka klining dlya municipalnyh nuzhd","Category Services. Product built around term 'klining'.","cat_service","sup_018","{""keyword"":""klining"",""service"":""monthly"",""class"":""it""}","active","2025-12-24T19:29:33.9931988Z"
"ste_000396","Postavka avtobus s dostavkoy","Category Transport. Product built around term 'avtobus'.","cat_transport","sup_004","{""keyword"":""avtobus"",""service"":""rent"",""class"":""school""}","active","2025-12-07T19:29:33.9931988Z"
"ste_000397","Tekhnicheskoe obsluzhivanie kommutator dlya municipalnyh nuzhd","Category IT and Equipment. Product built around term 'kommutator'.","cat_it","sup_004","{""keyword"":""kommutator"",""service"":""maintenance"",""class"":""tower""}","active","2026-03-24T19:29:33.9931988Z"
"ste_000398","Tekhnicheskoe obsluzhivanie soprovozhdenie dlya municipalnyh nuzhd","Category Services. Product built around term 'soprovozhdenie'.","cat_service","sup_001","{""keyword"":""soprovozhdenie"",""service"":""on_demand"",""class"":""facility""}","active","2025-12-09T19:29:33.9931988Z"
"ste_000399","Usluga mikroavtobus pod klyuch","Category Transport. Product built around term 'mikroavtobus'.","cat_transport","sup_027","{""keyword"":""mikroavtobus"",""service"":""rent"",""class"":""city""}","active","2026-01-16T19:29:33.9931988Z"
"ste_000400","Postavka printer s dostavkoy","Category Office and Supplies. Product built around term 'printer'.","cat_office","sup_027","{""keyword"":""printer"",""service"":""premium"",""class"":""laser""}","active","2026-01-05T19:29:33.9931988Z"
"ste_000401","Usluga tehpodderzhka dlya infrastruktury","Category Services. Product built around term 'tehpodderzhka'.","cat_service","sup_006","{""keyword"":""tehpodderzhka"",""service"":""monthly"",""class"":""office""}","active","2025-12-25T19:29:33.9931988Z"
"ste_000402","Tekhnicheskoe obsluzhivanie server pod klyuch","Category IT and Equipment. Product built around term 'server'.","cat_it","sup_001","{""keyword"":""server"",""service"":""monitoring"",""class"":""tower""}","active","2026-03-04T19:29:33.9931988Z"
"ste_000403","Tekhnicheskoe obsluzhivanie rabochaya stanciya dlya ofisov","Category IT and Equipment. Product built around term 'rabochaya stanciya'.","cat_it","sup_002","{""keyword"":""rabochaya stanciya"",""service"":""maintenance"",""class"":""tower""}","active","2025-12-30T19:29:33.9931988Z"
"ste_000404","Postavka obsluzhivanie dlya infrastruktury","Category Services. Product built around term 'obsluzhivanie'.","cat_service","sup_023","{""keyword"":""obsluzhivanie"",""service"":""monthly"",""class"":""it""}","active","2026-03-16T19:29:33.9931988Z"
"ste_000405","Kompleksnaya postavka tehpodderzhka s dostavkoy","Category Services. Product built around term 'tehpodderzhka'.","cat_service","sup_003","{""keyword"":""tehpodderzhka"",""service"":""on_demand"",""class"":""facility""}","active","2026-01-30T19:29:33.9931988Z"
"ste_000406","Postavka passazhirskie perevozki dlya municipalnyh nuzhd","Category Transport. Product built around term 'passazhirskie perevozki'.","cat_transport","sup_007","{""keyword"":""passazhirskie perevozki"",""service"":""rent"",""class"":""school""}","active","2026-03-25T19:29:33.9931988Z"
"ste_000407","Arenda noutbuk pod klyuch","Category IT and Equipment. Product built around term 'noutbuk'.","cat_it","sup_027","{""keyword"":""noutbuk"",""service"":""monitoring"",""class"":""rack""}","active","2026-02-27T19:29:33.9931988Z"
"ste_000408","Postavka tehpodderzhka dlya municipalnyh nuzhd","Category Services. Product built around term 'tehpodderzhka'.","cat_service","sup_006","{""keyword"":""tehpodderzhka"",""service"":""quarterly"",""class"":""facility""}","active","2026-02-20T19:29:33.9931988Z"
"ste_000409","Tekhnicheskoe obsluzhivanie kartridzh pod klyuch","Category Office and Supplies. Product built around term 'kartridzh'.","cat_office","sup_001","{""keyword"":""kartridzh"",""service"":""bulk"",""class"":""laser""}","active","2026-02-08T19:29:33.9931988Z"
"ste_000410","Tekhnicheskoe obsluzhivanie mikroavtobus pod klyuch","Category Transport. Product built around term 'mikroavtobus'.","cat_transport","sup_002","{""keyword"":""mikroavtobus"",""service"":""rent"",""class"":""city""}","active","2026-03-13T19:29:33.9931988Z"
"ste_000411","Kompleksnaya postavka kanctovary dlya municipalnyh nuzhd","Category Office and Supplies. Product built around term 'kanctovary'.","cat_office","sup_023","{""keyword"":""kanctovary"",""service"":""standard"",""class"":""laser""}","active","2026-03-06T19:29:33.9931988Z"
"ste_000412","Usluga ofisnaya mebel dlya ofisov","Category Office and Supplies. Product built around term 'ofisnaya mebel'.","cat_office","sup_026","{""keyword"":""ofisnaya mebel"",""service"":""bulk"",""class"":""a4""}","active","2026-01-18T19:29:33.9931988Z"
"ste_000413","Tekhnicheskoe obsluzhivanie rabochaya stanciya s dostavkoy","Category IT and Equipment. Product built around term 'rabochaya stanciya'.","cat_it","sup_017","{""keyword"":""rabochaya stanciya"",""service"":""supply"",""class"":""rack""}","active","2026-01-22T19:29:33.9931988Z"
"ste_000414","Usluga tehpodderzhka dlya municipalnyh nuzhd","Category Services. Product built around term 'tehpodderzhka'.","cat_service","sup_007","{""keyword"":""tehpodderzhka"",""service"":""monthly"",""class"":""facility""}","active","2025-11-29T19:29:33.9931988Z"
"ste_000415","Arenda passazhirskie perevozki dlya municipalnyh nuzhd","Category Transport. Product built around term 'passazhirskie perevozki'.","cat_transport","sup_012","{""keyword"":""passazhirskie perevozki"",""service"":""route_planning"",""class"":""city""}","active","2026-03-15T19:29:33.9931988Z"
"ste_000416","Kompleksnaya postavka rabochaya stanciya dlya infrastruktury","Category IT and Equipment. Product built around term 'rabochaya stanciya'.","cat_it","sup_014","{""keyword"":""rabochaya stanciya"",""service"":""supply"",""class"":""tower""}","active","2025-12-02T19:29:33.9931988Z"
"ste_000417","Usluga ofisnaya mebel dlya infrastruktury","Category Office and Supplies. Product built around term 'ofisnaya mebel'.","cat_office","sup_027","{""keyword"":""ofisnaya mebel"",""service"":""bulk"",""class"":""ergonomic""}","active","2025-12-15T19:29:33.9931988Z"
"ste_000418","Usluga kommutator dlya ofisov","Category IT and Equipment. Product built around term 'kommutator'.","cat_it","sup_001","{""keyword"":""kommutator"",""service"":""maintenance"",""class"":""tower""}","active","2026-01-21T19:29:33.9931988Z"
"ste_000419","Tekhnicheskoe obsluzhivanie tehpodderzhka dlya infrastruktury","Category Services. Product built around term 'tehpodderzhka'.","cat_service","sup_026","{""keyword"":""tehpodderzhka"",""service"":""quarterly"",""class"":""it""}","active","2026-02-04T19:29:33.9931988Z"
"ste_000420","Arenda mikroavtobus dlya infrastruktury","Category Transport. Product built around term 'mikroavtobus'.","cat_transport","sup_017","{""keyword"":""mikroavtobus"",""service"":""fleet_support"",""class"":""city""}","active","2025-12-25T19:29:33.9931988Z"
"ste_000421","Tekhnicheskoe obsluzhivanie autsorsing dlya infrastruktury","Category Services. Product built around term 'autsorsing'.","cat_service","sup_017","{""keyword"":""autsorsing"",""service"":""on_demand"",""class"":""it""}","active","2026-02-16T19:29:33.9931988Z"
"ste_000422","Arenda soprovozhdenie s dostavkoy","Category Services. Product built around term 'soprovozhdenie'.","cat_service","sup_008","{""keyword"":""soprovozhdenie"",""service"":""on_demand"",""class"":""facility""}","active","2026-01-05T19:29:33.9931988Z"
"ste_000423","Usluga klining dlya infrastruktury","Category Services. Product built around term 'klining'.","cat_service","sup_019","{""keyword"":""klining"",""service"":""monthly"",""class"":""facility""}","active","2026-03-08T19:29:33.9931988Z"
"ste_000424","Usluga setevoe oborudovanie dlya infrastruktury","Category IT and Equipment. Product built around term 'setevoe oborudovanie'.","cat_it","sup_021","{""keyword"":""setevoe oborudovanie"",""service"":""monitoring"",""class"":""tower""}","active","2025-12-30T19:29:33.9931988Z"
"ste_000425","Postavka autsorsing pod klyuch","Category Services. Product built around term 'autsorsing'.","cat_service","sup_028","{""keyword"":""autsorsing"",""service"":""on_demand"",""class"":""it""}","active","2026-03-05T19:29:33.9931988Z"
"ste_000426","Kompleksnaya postavka autsorsing pod klyuch","Category Services. Product built around term 'autsorsing'.","cat_service","sup_022","{""keyword"":""autsorsing"",""service"":""quarterly"",""class"":""it""}","active","2026-03-22T19:29:33.9931988Z"
"ste_000427","Arenda kanctovary s dostavkoy","Category Office and Supplies. Product built around term 'kanctovary'.","cat_office","sup_006","{""keyword"":""kanctovary"",""service"":""standard"",""class"":""a3""}","active","2026-02-08T19:29:33.9931988Z"
"ste_000428","Usluga obsluzhivanie dlya municipalnyh nuzhd","Category Services. Product built around term 'obsluzhivanie'.","cat_service","sup_001","{""keyword"":""obsluzhivanie"",""service"":""monthly"",""class"":""it""}","active","2026-03-15T19:29:33.9931988Z"
"ste_000429","Postavka avtobus dlya ofisov","Category Transport. Product built around term 'avtobus'.","cat_transport","sup_002","{""keyword"":""avtobus"",""service"":""fleet_support"",""class"":""charter""}","active","2026-03-16T19:29:33.9931988Z"
"ste_000430","Postavka setevoe oborudovanie dlya municipalnyh nuzhd","Category IT and Equipment. Product built around term 'setevoe oborudovanie'.","cat_it","sup_017","{""keyword"":""setevoe oborudovanie"",""service"":""monitoring"",""class"":""tower""}","active","2026-02-23T19:29:33.9931988Z"
"ste_000431","Tekhnicheskoe obsluzhivanie mikroavtobus dlya ofisov","Category Transport. Product built around term 'mikroavtobus'.","cat_transport","sup_001","{""keyword"":""mikroavtobus"",""service"":""fleet_support"",""class"":""intercity""}","active","2026-03-16T19:29:33.9931988Z"
"ste_000432","Postavka ofisnaya mebel dlya ofisov","Category Office and Supplies. Product built around term 'ofisnaya mebel'.","cat_office","sup_026","{""keyword"":""ofisnaya mebel"",""service"":""bulk"",""class"":""ergonomic""}","active","2025-12-28T19:29:33.9931988Z"
"ste_000433","Tekhnicheskoe obsluzhivanie mikroavtobus dlya municipalnyh nuzhd","Category Transport. Product built around term 'mikroavtobus'.","cat_transport","sup_010","{""keyword"":""mikroavtobus"",""service"":""fleet_support"",""class"":""charter""}","active","2026-02-08T19:29:33.9931988Z"
"ste_000434","Tekhnicheskoe obsluzhivanie klining pod klyuch","Category Services. Product built around term 'klining'.","cat_service","sup_015","{""keyword"":""klining"",""service"":""quarterly"",""class"":""facility""}","active","2026-02-19T19:29:33.9931988Z"
"ste_000435","Kompleksnaya postavka bumaga dlya infrastruktury","Category Office and Supplies. Product built around term 'bumaga'.","cat_office","sup_013","{""keyword"":""bumaga"",""service"":""standard"",""class"":""ergonomic""}","active","2025-12-22T19:29:33.9931988Z"
"ste_000436","Tekhnicheskoe obsluzhivanie server pod klyuch","Category IT and Equipment. Product built around term 'server'.","cat_it","sup_022","{""keyword"":""server"",""service"":""maintenance"",""class"":""tower""}","active","2026-02-09T19:29:33.9931988Z"
"ste_000437","Usluga setevoe oborudovanie s dostavkoy","Category IT and Equipment. Product built around term 'setevoe oborudovanie'.","cat_it","sup_004","{""keyword"":""setevoe oborudovanie"",""service"":""supply"",""class"":""rack""}","active","2025-12-30T19:29:33.9931988Z"
"ste_000438","Arenda kanctovary dlya ofisov","Category Office and Supplies. Product built around term 'kanctovary'.","cat_office","sup_004","{""keyword"":""kanctovary"",""service"":""bulk"",""class"":""a4""}","active","2026-02-14T19:29:33.9931988Z"
"ste_000439","Kompleksnaya postavka ofisnaya mebel dlya infrastruktury","Category Office and Supplies. Product built around term 'ofisnaya mebel'.","cat_office","sup_007","{""keyword"":""ofisnaya mebel"",""service"":""premium"",""class"":""ergonomic""}","active","2026-03-03T19:29:33.9931988Z"
"ste_000440","Tekhnicheskoe obsluzhivanie klining s dostavkoy","Category Services. Product built around term 'klining'.","cat_service","sup_017","{""keyword"":""klining"",""service"":""monthly"",""class"":""facility""}","active","2026-01-17T19:29:33.9931988Z"
"ste_000441","Tekhnicheskoe obsluzhivanie kommutator dlya municipalnyh nuzhd","Category IT and Equipment. Product built around term 'kommutator'.","cat_it","sup_007","{""keyword"":""kommutator"",""service"":""monitoring"",""class"":""edge""}","active","2025-12-24T19:29:33.9931988Z"
"ste_000442","Kompleksnaya postavka kartridzh dlya municipalnyh nuzhd","Category Office and Supplies. Product built around term 'kartridzh'.","cat_office","sup_029","{""keyword"":""kartridzh"",""service"":""premium"",""class"":""a4""}","active","2026-01-26T19:29:33.9931988Z"
"ste_000443","Arenda soprovozhdenie dlya infrastruktury","Category Services. Product built around term 'soprovozhdenie'.","cat_service","sup_027","{""keyword"":""soprovozhdenie"",""service"":""monthly"",""class"":""it""}","active","2025-12-25T19:29:33.9931988Z"
"ste_000444","Postavka mikroavtobus dlya infrastruktury","Category Transport. Product built around term 'mikroavtobus'.","cat_transport","sup_015","{""keyword"":""mikroavtobus"",""service"":""route_planning"",""class"":""charter""}","active","2025-12-30T19:29:33.9931988Z"
"ste_000445","Arenda bumaga dlya infrastruktury","Category Office and Supplies. Product built around term 'bumaga'.","cat_office","sup_006","{""keyword"":""bumaga"",""service"":""bulk"",""class"":""a4""}","active","2026-01-25T19:29:33.9931988Z"
"ste_000446","Postavka obsluzhivanie s dostavkoy","Category Services. Product built around term 'obsluzhivanie'.","cat_service","sup_004","{""keyword"":""obsluzhivanie"",""service"":""quarterly"",""class"":""it""}","active","2026-03-07T19:29:33.9931988Z"
"ste_000447","Arenda kartridzh dlya infrastruktury","Category Office and Supplies. Product built around term 'kartridzh'.","cat_office","sup_024","{""keyword"":""kartridzh"",""service"":""standard"",""class"":""a3""}","active","2026-01-05T19:29:33.9931988Z"
"ste_000448","Arenda noutbuk dlya municipalnyh nuzhd","Category IT and Equipment. Product built around term 'noutbuk'.","cat_it","sup_014","{""keyword"":""noutbuk"",""service"":""supply"",""class"":""rack""}","active","2026-02-10T19:29:33.9931988Z"
"ste_000449","Arenda printer dlya ofisov","Category Office and Supplies. Product built around term 'printer'.","cat_office","sup_017","{""keyword"":""printer"",""service"":""premium"",""class"":""a4""}","active","2026-01-19T19:29:33.9931988Z"
"ste_000450","Kompleksnaya postavka mikroavtobus dlya ofisov","Category Transport. Product built around term 'mikroavtobus'.","cat_transport","sup_002","{""keyword"":""mikroavtobus"",""service"":""route_planning"",""class"":""charter""}","active","2026-01-24T19:29:33.9931988Z"
"ste_000451","Usluga ofisnaya mebel pod klyuch","Category Office and Supplies. Product built around term 'ofisnaya mebel'.","cat_office","sup_022","{""keyword"":""ofisnaya mebel"",""service"":""standard"",""class"":""ergonomic""}","active","2026-01-11T19:29:33.9931988Z"
"ste_000452","Postavka klining dlya ofisov","Category Services. Product built around term 'klining'.","cat_service","sup_030","{""keyword"":""klining"",""service"":""monthly"",""class"":""facility""}","active","2026-01-24T19:29:33.9931988Z"
"ste_000453","Kompleksnaya postavka obsluzhivanie pod klyuch","Category Services. Product built around term 'obsluzhivanie'.","cat_service","sup_004","{""keyword"":""obsluzhivanie"",""service"":""on_demand"",""class"":""it""}","active","2026-01-30T19:29:33.9931988Z"
"ste_000454","Arenda obsluzhivanie dlya ofisov","Category Services. Product built around term 'obsluzhivanie'.","cat_service","sup_023","{""keyword"":""obsluzhivanie"",""service"":""quarterly"",""class"":""facility""}","active","2026-03-26T19:29:33.9931988Z"
"ste_000455","Usluga obsluzhivanie pod klyuch","Category Services. Product built around term 'obsluzhivanie'.","cat_service","sup_020","{""keyword"":""obsluzhivanie"",""service"":""quarterly"",""class"":""office""}","active","2026-01-19T19:29:33.9931988Z"
"ste_000456","Postavka rabochaya stanciya s dostavkoy","Category IT and Equipment. Product built around term 'rabochaya stanciya'.","cat_it","sup_022","{""keyword"":""rabochaya stanciya"",""service"":""maintenance"",""class"":""edge""}","active","2026-02-28T19:29:33.9931988Z"
"ste_000457","Arenda avtobus dlya infrastruktury","Category Transport. Product built around term 'avtobus'.","cat_transport","sup_004","{""keyword"":""avtobus"",""service"":""rent"",""class"":""charter""}","active","2025-12-23T19:29:33.9931988Z"
"ste_000458","Arenda klining pod klyuch","Category Services. Product built around term 'klining'.","cat_service","sup_022","{""keyword"":""klining"",""service"":""on_demand"",""class"":""it""}","active","2025-12-18T19:29:33.9931988Z"
"ste_000459","Arenda passazhirskie perevozki dlya ofisov","Category Transport. Product built around term 'passazhirskie perevozki'.","cat_transport","sup_010","{""keyword"":""passazhirskie perevozki"",""service"":""route_planning"",""class"":""city""}","active","2026-02-06T19:29:33.9931988Z"
"ste_000460","Postavka kartridzh s dostavkoy","Category Office and Supplies. Product built around term 'kartridzh'.","cat_office","sup_012","{""keyword"":""kartridzh"",""service"":""standard"",""class"":""laser""}","active","2025-12-06T19:29:33.9931988Z"
"ste_000461","Postavka tehpodderzhka dlya municipalnyh nuzhd","Category Services. Product built around term 'tehpodderzhka'.","cat_service","sup_021","{""keyword"":""tehpodderzhka"",""service"":""quarterly"",""class"":""facility""}","active","2025-12-17T19:29:33.9931988Z"
"ste_000462","Tekhnicheskoe obsluzhivanie soprovozhdenie s dostavkoy","Category Services. Product built around term 'soprovozhdenie'.","cat_service","sup_016","{""keyword"":""soprovozhdenie"",""service"":""quarterly"",""class"":""office""}","active","2025-12-26T19:29:33.9931988Z"
"ste_000463","Arenda bumaga dlya municipalnyh nuzhd","Category Office and Supplies. Product built around term 'bumaga'.","cat_office","sup_012","{""keyword"":""bumaga"",""service"":""premium"",""class"":""laser""}","active","2025-12-03T19:29:33.9931988Z"
"ste_000464","Tekhnicheskoe obsluzhivanie klining pod klyuch","Category Services. Product built around term 'klining'.","cat_service","sup_015","{""keyword"":""klining"",""service"":""monthly"",""class"":""it""}","active","2026-03-06T19:29:33.9931988Z"
"ste_000465","Kompleksnaya postavka noutbuk dlya municipalnyh nuzhd","Category IT and Equipment. Product built around term 'noutbuk'.","cat_it","sup_009","{""keyword"":""noutbuk"",""service"":""maintenance"",""class"":""tower""}","active","2026-03-10T19:29:33.9931988Z"
"ste_000466","Kompleksnaya postavka avtobus dlya municipalnyh nuzhd","Category Transport. Product built around term 'avtobus'.","cat_transport","sup_005","{""keyword"":""avtobus"",""service"":""rent"",""class"":""charter""}","active","2026-01-10T19:29:33.9931988Z"
"ste_000467","Kompleksnaya postavka setevoe oborudovanie pod klyuch","Category IT and Equipment. Product built around term 'setevoe oborudovanie'.","cat_it","sup_011","{""keyword"":""setevoe oborudovanie"",""service"":""monitoring"",""class"":""edge""}","active","2026-02-20T19:29:33.9931988Z"
"ste_000468","Postavka rabochaya stanciya dlya municipalnyh nuzhd","Category IT and Equipment. Product built around term 'rabochaya stanciya'.","cat_it","sup_010","{""keyword"":""rabochaya stanciya"",""service"":""supply"",""class"":""edge""}","active","2026-02-27T19:29:33.9931988Z"
"ste_000469","Kompleksnaya postavka kartridzh dlya infrastruktury","Category Office and Supplies. Product built around term 'kartridzh'.","cat_office","sup_022","{""keyword"":""kartridzh"",""service"":""standard"",""class"":""a3""}","active","2026-02-15T19:29:33.9931988Z"
"ste_000470","Postavka bumaga pod klyuch","Category Office and Supplies. Product built around term 'bumaga'.","cat_office","sup_011","{""keyword"":""bumaga"",""service"":""premium"",""class"":""a4""}","active","2025-12-31T19:29:33.9931988Z"
"ste_000471","Postavka kanctovary dlya municipalnyh nuzhd","Category Office and Supplies. Product built around term 'kanctovary'.","cat_office","sup_026","{""keyword"":""kanctovary"",""service"":""bulk"",""class"":""a3""}","active","2026-01-14T19:29:33.9931988Z"
"ste_000472","Tekhnicheskoe obsluzhivanie kanctovary s dostavkoy","Category Office and Supplies. Product built around term 'kanctovary'.","cat_office","sup_003","{""keyword"":""kanctovary"",""service"":""premium"",""class"":""ergonomic""}","active","2026-01-14T19:29:33.9931988Z"
"ste_000473","Tekhnicheskoe obsluzhivanie kartridzh s dostavkoy","Category Office and Supplies. Product built around term 'kartridzh'.","cat_office","sup_008","{""keyword"":""kartridzh"",""service"":""premium"",""class"":""a4""}","active","2025-12-18T19:29:33.9931988Z"
"ste_000474","Arenda noutbuk pod klyuch","Category IT and Equipment. Product built around term 'noutbuk'.","cat_it","sup_028","{""keyword"":""noutbuk"",""service"":""maintenance"",""class"":""edge""}","active","2026-01-02T19:29:33.9931988Z"
"ste_000475","Kompleksnaya postavka noutbuk dlya municipalnyh nuzhd","Category IT and Equipment. Product built around term 'noutbuk'.","cat_it","sup_006","{""keyword"":""noutbuk"",""service"":""monitoring"",""class"":""rack""}","active","2026-02-11T19:29:33.9931988Z"
"ste_000476","Postavka obsluzhivanie dlya infrastruktury","Category Services. Product built around term 'obsluzhivanie'.","cat_service","sup_027","{""keyword"":""obsluzhivanie"",""service"":""monthly"",""class"":""office""}","active","2026-02-06T19:29:33.9931988Z"
"ste_000477","Tekhnicheskoe obsluzhivanie avtobus s dostavkoy","Category Transport. Product built around term 'avtobus'.","cat_transport","sup_022","{""keyword"":""avtobus"",""service"":""route_planning"",""class"":""intercity""}","active","2026-02-19T19:29:33.9931988Z"
"ste_000478","Kompleksnaya postavka noutbuk dlya infrastruktury","Category IT and Equipment. Product built around term 'noutbuk'.","cat_it","sup_015","{""keyword"":""noutbuk"",""service"":""supply"",""class"":""tower""}","active","2026-01-06T19:29:33.9931988Z"
"ste_000479","Arenda printer s dostavkoy","Category Office and Supplies. Product built around term 'printer'.","cat_office","sup_011","{""keyword"":""printer"",""service"":""standard"",""class"":""ergonomic""}","active","2026-01-08T19:29:33.9931988Z"
"ste_000480","Usluga soprovozhdenie s dostavkoy","Category Services. Product built around term 'soprovozhdenie'.","cat_service","sup_016","{""keyword"":""soprovozhdenie"",""service"":""on_demand"",""class"":""it""}","active","2026-01-31T19:29:33.9931988Z"
"ste_000481","Usluga passazhirskie perevozki pod klyuch","Category Transport. Product built around term 'passazhirskie perevozki'.","cat_transport","sup_021","{""keyword"":""passazhirskie perevozki"",""service"":""route_planning"",""class"":""charter""}","active","2026-02-04T19:29:33.9931988Z"
"ste_000482","Usluga logistika s dostavkoy","Category Transport. Product built around term 'logistika'.","cat_transport","sup_008","{""keyword"":""logistika"",""service"":""fleet_support"",""class"":""charter""}","active","2026-02-22T19:29:33.9931988Z"
"ste_000483","Tekhnicheskoe obsluzhivanie arenda transporta dlya ofisov","Category Transport. Product built around term 'arenda transporta'.","cat_transport","sup_008","{""keyword"":""arenda transporta"",""service"":""rent"",""class"":""charter""}","active","2026-02-04T19:29:33.9931988Z"
"ste_000484","Kompleksnaya postavka ofisnaya mebel dlya infrastruktury","Category Office and Supplies. Product built around term 'ofisnaya mebel'.","cat_office","sup_027","{""keyword"":""ofisnaya mebel"",""service"":""premium"",""class"":""a4""}","active","2026-02-23T19:29:33.9931988Z"
"ste_000485","Kompleksnaya postavka avtobus pod klyuch","Category Transport. Product built around term 'avtobus'.","cat_transport","sup_030","{""keyword"":""avtobus"",""service"":""fleet_support"",""class"":""city""}","active","2026-03-08T19:29:33.9931988Z"
"ste_000486","Postavka arenda transporta dlya municipalnyh nuzhd","Category Transport. Product built around term 'arenda transporta'.","cat_transport","sup_005","{""keyword"":""arenda transporta"",""service"":""fleet_support"",""class"":""charter""}","active","2026-03-26T19:29:33.9931988Z"
"ste_000487","Postavka soprovozhdenie dlya municipalnyh nuzhd","Category Services. Product built around term 'soprovozhdenie'.","cat_service","sup_005","{""keyword"":""soprovozhdenie"",""service"":""on_demand"",""class"":""it""}","active","2026-02-18T19:29:33.9931988Z"
"ste_000488","Postavka obsluzhivanie dlya infrastruktury","Category Services. Product built around term 'obsluzhivanie'.","cat_service","sup_009","{""keyword"":""obsluzhivanie"",""service"":""monthly"",""class"":""it""}","active","2026-01-18T19:29:33.9931988Z"
"ste_000489","Tekhnicheskoe obsluzhivanie rabochaya stanciya dlya infrastruktury","Category IT and Equipment. Product built around term 'rabochaya stanciya'.","cat_it","sup_015","{""keyword"":""rabochaya stanciya"",""service"":""supply"",""class"":""edge""}","active","2025-12-19T19:29:33.9931988Z"
"ste_000490","Usluga ofisnaya mebel dlya ofisov","Category Office and Supplies. Product built around term 'ofisnaya mebel'.","cat_office","sup_028","{""keyword"":""ofisnaya mebel"",""service"":""premium"",""class"":""a3""}","active","2025-11-28T19:29:33.9931988Z"
"ste_000491","Arenda kartridzh pod klyuch","Category Office and Supplies. Product built around term 'kartridzh'.","cat_office","sup_021","{""keyword"":""kartridzh"",""service"":""bulk"",""class"":""ergonomic""}","active","2025-11-29T19:29:33.9931988Z"
"ste_000492","Kompleksnaya postavka noutbuk dlya ofisov","Category IT and Equipment. Product built around term 'noutbuk'.","cat_it","sup_002","{""keyword"":""noutbuk"",""service"":""monitoring"",""class"":""rack""}","active","2026-02-21T19:29:33.9931988Z"
"ste_000493","Usluga server pod klyuch","Category IT and Equipment. Product built around term 'server'.","cat_it","sup_006","{""keyword"":""server"",""service"":""supply"",""class"":""rack""}","active","2026-01-15T19:29:33.9931988Z"
"ste_000494","Usluga noutbuk s dostavkoy","Category IT and Equipment. Product built around term 'noutbuk'.","cat_it","sup_012","{""keyword"":""noutbuk"",""service"":""supply"",""class"":""rack""}","active","2026-01-28T19:29:33.9931988Z"
"ste_000495","Usluga server s dostavkoy","Category IT and Equipment. Product built around term 'server'.","cat_it","sup_019","{""keyword"":""server"",""service"":""maintenance"",""class"":""rack""}","active","2026-03-15T19:29:33.9931988Z"
"ste_000496","Postavka arenda transporta dlya municipalnyh nuzhd","Category Transport. Product built around term 'arenda transporta'.","cat_transport","sup_008","{""keyword"":""arenda transporta"",""service"":""fleet_support"",""class"":""school""}","active","2026-01-26T19:29:33.9931988Z"
"ste_000497","Arenda kartridzh s dostavkoy","Category Office and Supplies. Product built around term 'kartridzh'.","cat_office","sup_007","{""keyword"":""kartridzh"",""service"":""standard"",""class"":""a4""}","active","2025-12-05T19:29:33.9931988Z"
"ste_000498","Usluga obsluzhivanie dlya municipalnyh nuzhd","Category Services. Product built around term 'obsluzhivanie'.","cat_service","sup_011","{""keyword"":""obsluzhivanie"",""service"":""on_demand"",""class"":""facility""}","active","2026-01-25T19:29:33.9931988Z"
"ste_000499","Kompleksnaya postavka klining s dostavkoy","Category Services. Product built around term 'klining'.","cat_service","sup_014","{""keyword"":""klining"",""service"":""monthly"",""class"":""office""}","active","2026-03-24T19:29:33.9931988Z"
"ste_000500","Kompleksnaya postavka avtobus dlya municipalnyh nuzhd","Category Transport. Product built around term 'avtobus'.","cat_transport","sup_027","{""keyword"":""avtobus"",""service"":""route_planning"",""class"":""school""}","active","2026-02-17T19:29:33.9931988Z"
"ste_000501","Arenda printer dlya ofisov","Category Office and Supplies. Product built around term 'printer'.","cat_office","sup_003","{""keyword"":""printer"",""service"":""bulk"",""class"":""ergonomic""}","active","2025-12-26T19:29:33.9931988Z"
"ste_000502","Kompleksnaya postavka bumaga pod klyuch","Category Office and Supplies. Product built around term 'bumaga'.","cat_office","sup_023","{""keyword"":""bumaga"",""service"":""bulk"",""class"":""laser""}","active","2026-02-03T19:29:33.9931988Z"
"ste_000503","Arenda arenda transporta pod klyuch","Category Transport. Product built around term 'arenda transporta'.","cat_transport","sup_027","{""keyword"":""arenda transporta"",""service"":""fleet_support"",""class"":""city""}","active","2026-02-03T19:29:33.9931988Z"
"ste_000504","Arenda arenda transporta dlya infrastruktury","Category Transport. Product built around term 'arenda transporta'.","cat_transport","sup_005","{""keyword"":""arenda transporta"",""service"":""rent"",""class"":""intercity""}","active","2026-03-09T19:29:33.9931988Z"
"ste_000505","Tekhnicheskoe obsluzhivanie printer s dostavkoy","Category Office and Supplies. Product built around term 'printer'.","cat_office","sup_026","{""keyword"":""printer"",""service"":""bulk"",""class"":""a3""}","active","2026-02-28T19:29:33.9931988Z"
"ste_000506","Kompleksnaya postavka noutbuk dlya municipalnyh nuzhd","Category IT and Equipment. Product built around term 'noutbuk'.","cat_it","sup_026","{""keyword"":""noutbuk"",""service"":""supply"",""class"":""tower""}","active","2025-12-08T19:29:33.9931988Z"
"ste_000507","Arenda mikroavtobus dlya ofisov","Category Transport. Product built around term 'mikroavtobus'.","cat_transport","sup_013","{""keyword"":""mikroavtobus"",""service"":""rent"",""class"":""school""}","active","2025-12-17T19:29:33.9931988Z"
"ste_000508","Usluga noutbuk pod klyuch","Category IT and Equipment. Product built around term 'noutbuk'.","cat_it","sup_005","{""keyword"":""noutbuk"",""service"":""monitoring"",""class"":""rack""}","active","2026-03-16T19:29:33.9931988Z"
"ste_000509","Arenda bumaga pod klyuch","Category Office and Supplies. Product built around term 'bumaga'.","cat_office","sup_026","{""keyword"":""bumaga"",""service"":""standard"",""class"":""ergonomic""}","active","2026-02-16T19:29:33.9931988Z"
"ste_000510","Kompleksnaya postavka bumaga dlya infrastruktury","Category Office and Supplies. Product built around term 'bumaga'.","cat_office","sup_020","{""keyword"":""bumaga"",""service"":""standard"",""class"":""laser""}","active","2026-03-20T19:29:33.9931988Z"
"ste_000511","Postavka avtobus pod klyuch","Category Transport. Product built around term 'avtobus'.","cat_transport","sup_030","{""keyword"":""avtobus"",""service"":""route_planning"",""class"":""charter""}","active","2026-02-25T19:29:33.9931988Z"
"ste_000512","Arenda autsorsing dlya ofisov","Category Services. Product built around term 'autsorsing'.","cat_service","sup_024","{""keyword"":""autsorsing"",""service"":""quarterly"",""class"":""it""}","active","2026-03-09T19:29:33.9931988Z"
"ste_000513","Tekhnicheskoe obsluzhivanie avtobus pod klyuch","Category Transport. Product built around term 'avtobus'.","cat_transport","sup_028","{""keyword"":""avtobus"",""service"":""route_planning"",""class"":""city""}","active","2025-12-09T19:29:33.9931988Z"
"ste_000514","Postavka ofisnaya mebel dlya infrastruktury","Category Office and Supplies. Product built around term 'ofisnaya mebel'.","cat_office","sup_015","{""keyword"":""ofisnaya mebel"",""service"":""premium"",""class"":""a3""}","active","2026-02-19T19:29:33.9931988Z"
"ste_000515","Arenda kanctovary s dostavkoy","Category Office and Supplies. Product built around term 'kanctovary'.","cat_office","sup_020","{""keyword"":""kanctovary"",""service"":""standard"",""class"":""a3""}","active","2025-12-04T19:29:33.9931988Z"
"ste_000516","Postavka avtobus dlya municipalnyh nuzhd","Category Transport. Product built around term 'avtobus'.","cat_transport","sup_012","{""keyword"":""avtobus"",""service"":""rent"",""class"":""charter""}","active","2025-11-29T19:29:33.9931988Z"
"ste_000517","Arenda arenda transporta dlya infrastruktury","Category Transport. Product built around term 'arenda transporta'.","cat_transport","sup_024","{""keyword"":""arenda transporta"",""service"":""route_planning"",""class"":""city""}","active","2026-01-09T19:29:33.9931988Z"
"ste_000518","Usluga obsluzhivanie pod klyuch","Category Services. Product built around term 'obsluzhivanie'.","cat_service","sup_020","{""keyword"":""obsluzhivanie"",""service"":""monthly"",""class"":""office""}","active","2026-01-01T19:29:33.9931988Z"
"ste_000519","Arenda logistika pod klyuch","Category Transport. Product built around term 'logistika'.","cat_transport","sup_027","{""keyword"":""logistika"",""service"":""route_planning"",""class"":""intercity""}","active","2026-01-26T19:29:33.9931988Z"
"ste_000520","Kompleksnaya postavka rabochaya stanciya dlya municipalnyh nuzhd","Category IT and Equipment. Product built around term 'rabochaya stanciya'.","cat_it","sup_007","{""keyword"":""rabochaya stanciya"",""service"":""supply"",""class"":""tower""}","active","2026-01-04T19:29:33.9931988Z"
"ste_000521","Usluga obsluzhivanie dlya ofisov","Category Services. Product built around term 'obsluzhivanie'.","cat_service","sup_018","{""keyword"":""obsluzhivanie"",""service"":""monthly"",""class"":""office""}","active","2026-03-21T19:29:33.9931988Z"
"ste_000522","Tekhnicheskoe obsluzhivanie passazhirskie perevozki dlya municipalnyh nuzhd","Category Transport. Product built around term 'passazhirskie perevozki'.","cat_transport","sup_020","{""keyword"":""passazhirskie perevozki"",""service"":""rent"",""class"":""school""}","active","2025-12-17T19:29:33.9931988Z"
"ste_000523","Postavka bumaga pod klyuch","Category Office and Supplies. Product built around term 'bumaga'.","cat_office","sup_016","{""keyword"":""bumaga"",""service"":""standard"",""class"":""laser""}","active","2025-12-20T19:29:33.9931988Z"
"ste_000524","Usluga tehpodderzhka s dostavkoy","Category Services. Product built around term 'tehpodderzhka'.","cat_service","sup_028","{""keyword"":""tehpodderzhka"",""service"":""monthly"",""class"":""it""}","active","2026-01-20T19:29:33.9931988Z"
"ste_000525","Usluga bumaga pod klyuch","Category Office and Supplies. Product built around term 'bumaga'.","cat_office","sup_002","{""keyword"":""bumaga"",""service"":""premium"",""class"":""ergonomic""}","active","2026-02-10T19:29:33.9931988Z"
"ste_000526","Arenda ofisnaya mebel dlya municipalnyh nuzhd","Category Office and Supplies. Product built around term 'ofisnaya mebel'.","cat_office","sup_004","{""keyword"":""ofisnaya mebel"",""service"":""standard"",""class"":""a4""}","active","2025-12-17T19:29:33.9931988Z"
"ste_000527","Arenda printer s dostavkoy","Category Office and Supplies. Product built around term 'printer'.","cat_office","sup_012","{""keyword"":""printer"",""service"":""bulk"",""class"":""a3""}","active","2026-01-26T19:29:33.9931988Z"
"ste_000528","Kompleksnaya postavka autsorsing s dostavkoy","Category Services. Product built around term 'autsorsing'.","cat_service","sup_011","{""keyword"":""autsorsing"",""service"":""monthly"",""class"":""facility""}","active","2026-01-08T19:29:33.9931988Z"
"ste_000529","Arenda noutbuk pod klyuch","Category IT and Equipment. Product built around term 'noutbuk'.","cat_it","sup_005","{""keyword"":""noutbuk"",""service"":""monitoring"",""class"":""edge""}","active","2025-12-11T19:29:33.9931988Z"
"ste_000530","Tekhnicheskoe obsluzhivanie avtobus dlya infrastruktury","Category Transport. Product built around term 'avtobus'.","cat_transport","sup_029","{""keyword"":""avtobus"",""service"":""fleet_support"",""class"":""city""}","active","2026-03-22T19:29:33.9931988Z"
"ste_000531","Usluga kanctovary dlya ofisov","Category Office and Supplies. Product built around term 'kanctovary'.","cat_office","sup_014","{""keyword"":""kanctovary"",""service"":""premium"",""class"":""a4""}","active","2026-01-04T19:29:33.9931988Z"
"ste_000532","Tekhnicheskoe obsluzhivanie arenda transporta pod klyuch","Category Transport. Product built around term 'arenda transporta'.","cat_transport","sup_026","{""keyword"":""arenda transporta"",""service"":""route_planning"",""class"":""intercity""}","active","2026-01-06T19:29:33.9931988Z"
"ste_000533","Tekhnicheskoe obsluzhivanie arenda transporta pod klyuch","Category Transport. Product built around term 'arenda transporta'.","cat_transport","sup_021","{""keyword"":""arenda transporta"",""service"":""rent"",""class"":""intercity""}","active","2026-03-15T19:29:33.9931988Z"
"ste_000534","Usluga logistika dlya infrastruktury","Category Transport. Product built around term 'logistika'.","cat_transport","sup_021","{""keyword"":""logistika"",""service"":""fleet_support"",""class"":""city""}","active","2025-12-01T19:29:33.9931988Z"
"ste_000535","Tekhnicheskoe obsluzhivanie printer pod klyuch","Category Office and Supplies. Product built around term 'printer'.","cat_office","sup_009","{""keyword"":""printer"",""service"":""standard"",""class"":""a4""}","active","2026-01-05T19:29:33.9931988Z"
"ste_000536","Usluga ofisnaya mebel dlya infrastruktury","Category Office and Supplies. Product built around term 'ofisnaya mebel'.","cat_office","sup_017","{""keyword"":""ofisnaya mebel"",""service"":""premium"",""class"":""laser""}","active","2025-12-26T19:29:33.9931988Z"
"ste_000537","Tekhnicheskoe obsluzhivanie autsorsing dlya infrastruktury","Category Services. Product built around term 'autsorsing'.","cat_service","sup_020","{""keyword"":""autsorsing"",""service"":""on_demand"",""class"":""it""}","active","2025-12-20T19:29:33.9931988Z"
"ste_000538","Usluga obsluzhivanie dlya ofisov","Category Services. Product built around term 'obsluzhivanie'.","cat_service","sup_015","{""keyword"":""obsluzhivanie"",""service"":""monthly"",""class"":""office""}","active","2026-02-21T19:29:33.9931988Z"
"ste_000539","Arenda avtobus s dostavkoy","Category Transport. Product built around term 'avtobus'.","cat_transport","sup_016","{""keyword"":""avtobus"",""service"":""fleet_support"",""class"":""school""}","active","2026-03-18T19:29:33.9931988Z"
"ste_000540","Tekhnicheskoe obsluzhivanie bumaga dlya municipalnyh nuzhd","Category Office and Supplies. Product built around term 'bumaga'.","cat_office","sup_006","{""keyword"":""bumaga"",""service"":""standard"",""class"":""a4""}","active","2026-03-07T19:29:33.9931988Z"
"ste_000541","Arenda tehpodderzhka dlya ofisov","Category Services. Product built around term 'tehpodderzhka'.","cat_service","sup_020","{""keyword"":""tehpodderzhka"",""service"":""monthly"",""class"":""office""}","active","2025-12-19T19:29:33.9931988Z"
"ste_000542","Arenda bumaga s dostavkoy","Category Office and Supplies. Product built around term 'bumaga'.","cat_office","sup_012","{""keyword"":""bumaga"",""service"":""premium"",""class"":""a3""}","active","2026-02-22T19:29:33.9931988Z"
"ste_000543","Arenda mikroavtobus s dostavkoy","Category Transport. Product built around term 'mikroavtobus'.","cat_transport","sup_008","{""keyword"":""mikroavtobus"",""service"":""route_planning"",""class"":""charter""}","active","2025-12-03T19:29:33.9931988Z"
"ste_000544","Tekhnicheskoe obsluzhivanie arenda transporta pod klyuch","Category Transport. Product built around term 'arenda transporta'.","cat_transport","sup_023","{""keyword"":""arenda transporta"",""service"":""route_planning"",""class"":""city""}","active","2026-03-02T19:29:33.9931988Z"
"ste_000545","Tekhnicheskoe obsluzhivanie autsorsing pod klyuch","Category Services. Product built around term 'autsorsing'.","cat_service","sup_028","{""keyword"":""autsorsing"",""service"":""monthly"",""class"":""facility""}","active","2026-03-14T19:29:33.9931988Z"
"ste_000546","Arenda mikroavtobus s dostavkoy","Category Transport. Product built around term 'mikroavtobus'.","cat_transport","sup_028","{""keyword"":""mikroavtobus"",""service"":""fleet_support"",""class"":""charter""}","active","2026-01-09T19:29:33.9931988Z"
"ste_000547","Postavka server dlya infrastruktury","Category IT and Equipment. Product built around term 'server'.","cat_it","sup_014","{""keyword"":""server"",""service"":""monitoring"",""class"":""tower""}","active","2026-03-05T19:29:33.9931988Z"
"ste_000548","Postavka mikroavtobus pod klyuch","Category Transport. Product built around term 'mikroavtobus'.","cat_transport","sup_001","{""keyword"":""mikroavtobus"",""service"":""fleet_support"",""class"":""city""}","active","2026-02-03T19:29:33.9931988Z"
"ste_000549","Usluga soprovozhdenie pod klyuch","Category Services. Product built around term 'soprovozhdenie'.","cat_service","sup_024","{""keyword"":""soprovozhdenie"",""service"":""monthly"",""class"":""it""}","active","2026-03-26T19:29:33.9931988Z"
"ste_000550","Arenda ofisnaya mebel s dostavkoy","Category Office and Supplies. Product built around term 'ofisnaya mebel'.","cat_office","sup_014","{""keyword"":""ofisnaya mebel"",""service"":""premium"",""class"":""laser""}","active","2025-12-01T19:29:33.9931988Z"
"ste_000551","Kompleksnaya postavka server dlya municipalnyh nuzhd","Category IT and Equipment. Product built around term 'server'.","cat_it","sup_013","{""keyword"":""server"",""service"":""monitoring"",""class"":""tower""}","active","2026-02-17T19:29:33.9931988Z"
"ste_000552","Arenda noutbuk dlya ofisov","Category IT and Equipment. Product built around term 'noutbuk'.","cat_it","sup_021","{""keyword"":""noutbuk"",""service"":""monitoring"",""class"":""edge""}","active","2026-02-17T19:29:33.9931988Z"
"ste_000553","Arenda klining dlya municipalnyh nuzhd","Category Services. Product built around term 'klining'.","cat_service","sup_024","{""keyword"":""klining"",""service"":""quarterly"",""class"":""office""}","active","2025-12-10T19:29:33.9931988Z"
"ste_000554","Arenda noutbuk dlya municipalnyh nuzhd","Category IT and Equipment. Product built around term 'noutbuk'.","cat_it","sup_014","{""keyword"":""noutbuk"",""service"":""monitoring"",""class"":""edge""}","active","2025-12-19T19:29:33.9931988Z"
"ste_000555","Arenda noutbuk s dostavkoy","Category IT and Equipment. Product built around term 'noutbuk'.","cat_it","sup_027","{""keyword"":""noutbuk"",""service"":""supply"",""class"":""rack""}","active","2026-01-01T19:29:33.9931988Z"
"ste_000556","Kompleksnaya postavka arenda transporta s dostavkoy","Category Transport. Product built around term 'arenda transporta'.","cat_transport","sup_009","{""keyword"":""arenda transporta"",""service"":""rent"",""class"":""city""}","active","2026-02-11T19:29:33.9931988Z"
"ste_000557","Postavka printer dlya infrastruktury","Category Office and Supplies. Product built around term 'printer'.","cat_office","sup_019","{""keyword"":""printer"",""service"":""bulk"",""class"":""a3""}","active","2026-02-07T19:29:33.9931988Z"
"ste_000558","Tekhnicheskoe obsluzhivanie arenda transporta s dostavkoy","Category Transport. Product built around term 'arenda transporta'.","cat_transport","sup_010","{""keyword"":""arenda transporta"",""service"":""fleet_support"",""class"":""charter""}","active","2026-03-05T19:29:33.9931988Z"
"ste_000559","Arenda tehpodderzhka dlya municipalnyh nuzhd","Category Services. Product built around term 'tehpodderzhka'.","cat_service","sup_001","{""keyword"":""tehpodderzhka"",""service"":""monthly"",""class"":""it""}","active","2025-12-30T19:29:33.9931988Z"
"ste_000560","Postavka server pod klyuch","Category IT and Equipment. Product built around term 'server'.","cat_it","sup_022","{""keyword"":""server"",""service"":""maintenance"",""class"":""rack""}","active","2025-12-17T19:29:33.9931988Z"
"ste_000561","Arenda klining s dostavkoy","Category Services. Product built around term 'klining'.","cat_service","sup_021","{""keyword"":""klining"",""service"":""monthly"",""class"":""facility""}","active","2026-01-09T19:29:33.9931988Z"
"ste_000562","Tekhnicheskoe obsluzhivanie avtobus dlya infrastruktury","Category Transport. Product built around term 'avtobus'.","cat_transport","sup_021","{""keyword"":""avtobus"",""service"":""route_planning"",""class"":""charter""}","active","2025-12-24T19:29:33.9931988Z"
"ste_000563","Tekhnicheskoe obsluzhivanie klining s dostavkoy","Category Services. Product built around term 'klining'.","cat_service","sup_018","{""keyword"":""klining"",""service"":""monthly"",""class"":""facility""}","active","2026-02-02T19:29:33.9931988Z"
"ste_000564","Kompleksnaya postavka kanctovary dlya ofisov","Category Office and Supplies. Product built around term 'kanctovary'.","cat_office","sup_011","{""keyword"":""kanctovary"",""service"":""bulk"",""class"":""ergonomic""}","active","2026-01-02T19:29:33.9931988Z"
"ste_000565","Tekhnicheskoe obsluzhivanie arenda transporta s dostavkoy","Category Transport. Product built around term 'arenda transporta'.","cat_transport","sup_022","{""keyword"":""arenda transporta"",""service"":""route_planning"",""class"":""intercity""}","active","2026-01-31T19:29:33.9931988Z"
"ste_000566","Usluga rabochaya stanciya s dostavkoy","Category IT and Equipment. Product built around term 'rabochaya stanciya'.","cat_it","sup_021","{""keyword"":""rabochaya stanciya"",""service"":""monitoring"",""class"":""rack""}","active","2026-02-04T19:29:33.9931988Z"
"ste_000567","Kompleksnaya postavka obsluzhivanie dlya ofisov","Category Services. Product built around term 'obsluzhivanie'.","cat_service","sup_002","{""keyword"":""obsluzhivanie"",""service"":""monthly"",""class"":""facility""}","active","2026-03-05T19:29:33.9931988Z"
"ste_000568","Usluga tehpodderzhka s dostavkoy","Category Services. Product built around term 'tehpodderzhka'.","cat_service","sup_001","{""keyword"":""tehpodderzhka"",""service"":""quarterly"",""class"":""office""}","active","2026-03-17T19:29:33.9931988Z"
"ste_000569","Usluga setevoe oborudovanie s dostavkoy","Category IT and Equipment. Product built around term 'setevoe oborudovanie'.","cat_it","sup_008","{""keyword"":""setevoe oborudovanie"",""service"":""supply"",""class"":""rack""}","active","2026-01-18T19:29:33.9931988Z"
"ste_000570","Kompleksnaya postavka klining dlya ofisov","Category Services. Product built around term 'klining'.","cat_service","sup_005","{""keyword"":""klining"",""service"":""on_demand"",""class"":""facility""}","active","2026-01-16T19:29:33.9931988Z"
"ste_000571","Tekhnicheskoe obsluzhivanie ofisnaya mebel dlya infrastruktury","Category Office and Supplies. Product built around term 'ofisnaya mebel'.","cat_office","sup_009","{""keyword"":""ofisnaya mebel"",""service"":""premium"",""class"":""a4""}","active","2025-12-06T19:29:33.9931988Z"
"ste_000572","Kompleksnaya postavka rabochaya stanciya s dostavkoy","Category IT and Equipment. Product built around term 'rabochaya stanciya'.","cat_it","sup_003","{""keyword"":""rabochaya stanciya"",""service"":""maintenance"",""class"":""tower""}","active","2026-03-09T19:29:33.9931988Z"
"ste_000573","Usluga noutbuk pod klyuch","Category IT and Equipment. Product built around term 'noutbuk'.","cat_it","sup_004","{""keyword"":""noutbuk"",""service"":""maintenance"",""class"":""tower""}","active","2025-12-10T19:29:33.9931988Z"
"ste_000574","Postavka arenda transporta dlya municipalnyh nuzhd","Category Transport. Product built around term 'arenda transporta'.","cat_transport","sup_027","{""keyword"":""arenda transporta"",""service"":""route_planning"",""class"":""city""}","active","2025-12-04T19:29:33.9931988Z"
"ste_000575","Postavka kommutator dlya municipalnyh nuzhd","Category IT and Equipment. Product built around term 'kommutator'.","cat_it","sup_016","{""keyword"":""kommutator"",""service"":""supply"",""class"":""rack""}","active","2026-01-20T19:29:33.9931988Z"
"ste_000576","Usluga avtobus s dostavkoy","Category Transport. Product built around term 'avtobus'.","cat_transport","sup_017","{""keyword"":""avtobus"",""service"":""route_planning"",""class"":""charter""}","active","2025-12-31T19:29:33.9931988Z"
"ste_000577","Kompleksnaya postavka passazhirskie perevozki dlya infrastruktury","Category Transport. Product built around term 'passazhirskie perevozki'.","cat_transport","sup_007","{""keyword"":""passazhirskie perevozki"",""service"":""rent"",""class"":""city""}","active","2025-12-30T19:29:33.9931988Z"
"ste_000578","Tekhnicheskoe obsluzhivanie printer dlya municipalnyh nuzhd","Category Office and Supplies. Product built around term 'printer'.","cat_office","sup_011","{""keyword"":""printer"",""service"":""standard"",""class"":""laser""}","active","2026-02-01T19:29:33.9931988Z"
"ste_000579","Kompleksnaya postavka passazhirskie perevozki pod klyuch","Category Transport. Product built around term 'passazhirskie perevozki'.","cat_transport","sup_007","{""keyword"":""passazhirskie perevozki"",""service"":""rent"",""class"":""school""}","active","2025-12-30T19:29:33.9931988Z"
"ste_000580","Arenda klining s dostavkoy","Category Services. Product built around term 'klining'.","cat_service","sup_029","{""keyword"":""klining"",""service"":""monthly"",""class"":""facility""}","active","2026-01-27T19:29:33.9931988Z"
"ste_000581","Tekhnicheskoe obsluzhivanie klining s dostavkoy","Category Services. Product built around term 'klining'.","cat_service","sup_001","{""keyword"":""klining"",""service"":""on_demand"",""class"":""facility""}","active","2026-03-12T19:29:33.9931988Z"
"ste_000582","Postavka kommutator dlya ofisov","Category IT and Equipment. Product built around term 'kommutator'.","cat_it","sup_004","{""keyword"":""kommutator"",""service"":""monitoring"",""class"":""edge""}","active","2025-12-14T19:29:33.9931988Z"
"ste_000583","Arenda mikroavtobus pod klyuch","Category Transport. Product built around term 'mikroavtobus'.","cat_transport","sup_013","{""keyword"":""mikroavtobus"",""service"":""fleet_support"",""class"":""school""}","active","2026-01-31T19:29:33.9931988Z"
"ste_000584","Kompleksnaya postavka soprovozhdenie dlya infrastruktury","Category Services. Product built around term 'soprovozhdenie'.","cat_service","sup_002","{""keyword"":""soprovozhdenie"",""service"":""monthly"",""class"":""office""}","active","2026-01-13T19:29:33.9931988Z"
"ste_000585","Kompleksnaya postavka klining s dostavkoy","Category Services. Product built around term 'klining'.","cat_service","sup_022","{""keyword"":""klining"",""service"":""quarterly"",""class"":""office""}","active","2026-02-04T19:29:33.9931988Z"
"ste_000586","Usluga kommutator dlya ofisov","Category IT and Equipment. Product built around term 'kommutator'.","cat_it","sup_023","{""keyword"":""kommutator"",""service"":""maintenance"",""class"":""tower""}","active","2026-02-01T19:29:33.9931988Z"
"ste_000587","Tekhnicheskoe obsluzhivanie bumaga s dostavkoy","Category Office and Supplies. Product built around term 'bumaga'.","cat_office","sup_009","{""keyword"":""bumaga"",""service"":""standard"",""class"":""laser""}","active","2026-01-11T19:29:33.9931988Z"
"ste_000588","Usluga kartridzh dlya infrastruktury","Category Office and Supplies. Product built around term 'kartridzh'.","cat_office","sup_027","{""keyword"":""kartridzh"",""service"":""standard"",""class"":""a4""}","active","2026-03-17T19:29:33.9931988Z"
"ste_000589","Kompleksnaya postavka autsorsing dlya ofisov","Category Services. Product built around term 'autsorsing'.","cat_service","sup_022","{""keyword"":""autsorsing"",""service"":""monthly"",""class"":""facility""}","active","2026-03-09T19:29:33.9931988Z"
"ste_000590","Postavka mikroavtobus pod klyuch","Category Transport. Product built around term 'mikroavtobus'.","cat_transport","sup_009","{""keyword"":""mikroavtobus"",""service"":""route_planning"",""class"":""school""}","active","2026-03-26T19:29:33.9931988Z"
"ste_000591","Kompleksnaya postavka noutbuk s dostavkoy","Category IT and Equipment. Product built around term 'noutbuk'.","cat_it","sup_029","{""keyword"":""noutbuk"",""service"":""maintenance"",""class"":""edge""}","active","2026-03-21T19:29:33.9931988Z"
"ste_000592","Arenda soprovozhdenie pod klyuch","Category Services. Product built around term 'soprovozhdenie'.","cat_service","sup_011","{""keyword"":""soprovozhdenie"",""service"":""on_demand"",""class"":""facility""}","active","2025-12-30T19:29:33.9931988Z"
"ste_000593","Postavka bumaga pod klyuch","Category Office and Supplies. Product built around term 'bumaga'.","cat_office","sup_025","{""keyword"":""bumaga"",""service"":""standard"",""class"":""ergonomic""}","active","2026-02-14T19:29:33.9931988Z"
"ste_000594","Tekhnicheskoe obsluzhivanie arenda transporta pod klyuch","Category Transport. Product built around term 'arenda transporta'.","cat_transport","sup_014","{""keyword"":""arenda transporta"",""service"":""fleet_support"",""class"":""charter""}","active","2025-12-18T19:29:33.9931988Z"
"ste_000595","Postavka ofisnaya mebel dlya infrastruktury","Category Office and Supplies. Product built around term 'ofisnaya mebel'.","cat_office","sup_010","{""keyword"":""ofisnaya mebel"",""service"":""bulk"",""class"":""ergonomic""}","active","2026-02-19T19:29:33.9931988Z"
"ste_000596","Tekhnicheskoe obsluzhivanie passazhirskie perevozki dlya infrastruktury","Category Transport. Product built around term 'passazhirskie perevozki'.","cat_transport","sup_027","{""keyword"":""passazhirskie perevozki"",""service"":""fleet_support"",""class"":""school""}","active","2025-12-01T19:29:33.9931988Z"
"ste_000597","Usluga kartridzh s dostavkoy","Category Office and Supplies. Product built around term 'kartridzh'.","cat_office","sup_001","{""keyword"":""kartridzh"",""service"":""bulk"",""class"":""a3""}","active","2026-01-12T19:29:33.9931988Z"
"ste_000598","Tekhnicheskoe obsluzhivanie passazhirskie perevozki dlya infrastruktury","Category Transport. Product built around term 'passazhirskie perevozki'.","cat_transport","sup_004","{""keyword"":""passazhirskie perevozki"",""service"":""fleet_support"",""class"":""intercity""}","active","2026-03-01T19:29:33.9931988Z"
"ste_000599","Kompleksnaya postavka logistika dlya infrastruktury","Category Transport. Product built around term 'logistika'.","cat_transport","sup_030","{""keyword"":""logistika"",""service"":""fleet_support"",""class"":""intercity""}","active","2026-02-05T19:29:33.9931988Z"
"ste_000600","Postavka ofisnaya mebel pod klyuch","Category Office and Supplies. Product built around term 'ofisnaya mebel'.","cat_office","sup_017","{""keyword"":""ofisnaya mebel"",""service"":""premium"",""class"":""a3""}","active","2025-12-23T19:29:33.9931988Z"
"ste_000601","Postavka server s dostavkoy","Category IT and Equipment. Product built around term 'server'.","cat_it","sup_020","{""keyword"":""server"",""service"":""maintenance"",""class"":""edge""}","active","2025-12-24T19:29:33.9931988Z"
"ste_000602","Postavka noutbuk s dostavkoy","Category IT and Equipment. Product built around term 'noutbuk'.","cat_it","sup_026","{""keyword"":""noutbuk"",""service"":""supply"",""class"":""rack""}","active","2026-03-19T19:29:33.9931988Z"
"ste_000603","Kompleksnaya postavka rabochaya stanciya dlya ofisov","Category IT and Equipment. Product built around term 'rabochaya stanciya'.","cat_it","sup_011","{""keyword"":""rabochaya stanciya"",""service"":""supply"",""class"":""edge""}","active","2026-01-01T19:29:33.9931988Z"
"ste_000604","Tekhnicheskoe obsluzhivanie obsluzhivanie s dostavkoy","Category Services. Product built around term 'obsluzhivanie'.","cat_service","sup_010","{""keyword"":""obsluzhivanie"",""service"":""quarterly"",""class"":""office""}","active","2026-02-22T19:29:33.9931988Z"
"ste_000605","Arenda tehpodderzhka dlya ofisov","Category Services. Product built around term 'tehpodderzhka'.","cat_service","sup_018","{""keyword"":""tehpodderzhka"",""service"":""quarterly"",""class"":""office""}","active","2026-03-14T19:29:33.9931988Z"
"ste_000606","Kompleksnaya postavka arenda transporta pod klyuch","Category Transport. Product built around term 'arenda transporta'.","cat_transport","sup_011","{""keyword"":""arenda transporta"",""service"":""route_planning"",""class"":""intercity""}","active","2026-02-11T19:29:33.9931988Z"
"ste_000607","Arenda kanctovary dlya ofisov","Category Office and Supplies. Product built around term 'kanctovary'.","cat_office","sup_007","{""keyword"":""kanctovary"",""service"":""standard"",""class"":""laser""}","active","2026-02-11T19:29:33.9931988Z"
"ste_000608","Usluga soprovozhdenie s dostavkoy","Category Services. Product built around term 'soprovozhdenie'.","cat_service","sup_003","{""keyword"":""soprovozhdenie"",""service"":""on_demand"",""class"":""it""}","active","2026-03-19T19:29:33.9931988Z"
"ste_000609","Kompleksnaya postavka obsluzhivanie pod klyuch","Category Services. Product built around term 'obsluzhivanie'.","cat_service","sup_025","{""keyword"":""obsluzhivanie"",""service"":""monthly"",""class"":""office""}","active","2026-01-08T19:29:33.9931988Z"
"ste_000610","Arenda kommutator dlya ofisov","Category IT and Equipment. Product built around term 'kommutator'.","cat_it","sup_027","{""keyword"":""kommutator"",""service"":""maintenance"",""class"":""edge""}","active","2026-03-17T19:29:33.9931988Z"
"ste_000611","Kompleksnaya postavka avtobus dlya municipalnyh nuzhd","Category Transport. Product built around term 'avtobus'.","cat_transport","sup_020","{""keyword"":""avtobus"",""service"":""route_planning"",""class"":""school""}","active","2026-03-12T19:29:33.9931988Z"
"ste_000612","Tekhnicheskoe obsluzhivanie klining pod klyuch","Category Services. Product built around term 'klining'.","cat_service","sup_007","{""keyword"":""klining"",""service"":""quarterly"",""class"":""it""}","active","2025-12-14T19:29:33.9931988Z"
"ste_000613","Arenda obsluzhivanie dlya municipalnyh nuzhd","Category Services. Product built around term 'obsluzhivanie'.","cat_service","sup_019","{""keyword"":""obsluzhivanie"",""service"":""quarterly"",""class"":""office""}","active","2026-01-11T19:29:33.9931988Z"
"ste_000614","Usluga avtobus dlya ofisov","Category Transport. Product built around term 'avtobus'.","cat_transport","sup_017","{""keyword"":""avtobus"",""service"":""fleet_support"",""class"":""school""}","active","2026-03-22T19:29:33.9931988Z"
"ste_000615","Tekhnicheskoe obsluzhivanie noutbuk dlya municipalnyh nuzhd","Category IT and Equipment. Product built around term 'noutbuk'.","cat_it","sup_015","{""keyword"":""noutbuk"",""service"":""monitoring"",""class"":""rack""}","active","2026-01-14T19:29:33.9931988Z"
"ste_000616","Tekhnicheskoe obsluzhivanie ofisnaya mebel dlya ofisov","Category Office and Supplies. Product built around term 'ofisnaya mebel'.","cat_office","sup_026","{""keyword"":""ofisnaya mebel"",""service"":""bulk"",""class"":""laser""}","active","2026-03-19T19:29:33.9931988Z"
"ste_000617","Tekhnicheskoe obsluzhivanie autsorsing dlya municipalnyh nuzhd","Category Services. Product built around term 'autsorsing'.","cat_service","sup_005","{""keyword"":""autsorsing"",""service"":""quarterly"",""class"":""office""}","active","2025-12-19T19:29:33.9931988Z"
"ste_000618","Postavka arenda transporta pod klyuch","Category Transport. Product built around term 'arenda transporta'.","cat_transport","sup_018","{""keyword"":""arenda transporta"",""service"":""rent"",""class"":""school""}","active","2026-01-07T19:29:33.9931988Z"
"ste_000619","Tekhnicheskoe obsluzhivanie obsluzhivanie dlya infrastruktury","Category Services. Product built around term 'obsluzhivanie'.","cat_service","sup_010","{""keyword"":""obsluzhivanie"",""service"":""quarterly"",""class"":""facility""}","active","2025-12-09T19:29:33.9931988Z"
"ste_000620","Usluga kommutator pod klyuch","Category IT and Equipment. Product built around term 'kommutator'.","cat_it","sup_028","{""keyword"":""kommutator"",""service"":""supply"",""class"":""rack""}","active","2026-01-29T19:29:33.9931988Z"
"ste_000621","Kompleksnaya postavka kartridzh dlya ofisov","Category Office and Supplies. Product built around term 'kartridzh'.","cat_office","sup_018","{""keyword"":""kartridzh"",""service"":""premium"",""class"":""a4""}","active","2026-01-31T19:29:33.9931988Z"
"ste_000622","Tekhnicheskoe obsluzhivanie arenda transporta dlya infrastruktury","Category Transport. Product built around term 'arenda transporta'.","cat_transport","sup_002","{""keyword"":""arenda transporta"",""service"":""rent"",""class"":""city""}","active","2026-02-09T19:29:33.9931988Z"
"ste_000623","Arenda kommutator dlya infrastruktury","Category IT and Equipment. Product built around term 'kommutator'.","cat_it","sup_028","{""keyword"":""kommutator"",""service"":""supply"",""class"":""rack""}","active","2026-02-12T19:29:33.9931988Z"
"ste_000624","Kompleksnaya postavka kanctovary s dostavkoy","Category Office and Supplies. Product built around term 'kanctovary'.","cat_office","sup_014","{""keyword"":""kanctovary"",""service"":""premium"",""class"":""ergonomic""}","active","2025-12-09T19:29:33.9931988Z"
"ste_000625","Kompleksnaya postavka server dlya municipalnyh nuzhd","Category IT and Equipment. Product built around term 'server'.","cat_it","sup_025","{""keyword"":""server"",""service"":""monitoring"",""class"":""edge""}","active","2026-03-21T19:29:33.9931988Z"
"ste_000626","Postavka soprovozhdenie dlya municipalnyh nuzhd","Category Services. Product built around term 'soprovozhdenie'.","cat_service","sup_005","{""keyword"":""soprovozhdenie"",""service"":""monthly"",""class"":""office""}","active","2025-12-26T19:29:33.9931988Z"
"ste_000627","Tekhnicheskoe obsluzhivanie kommutator s dostavkoy","Category IT and Equipment. Product built around term 'kommutator'.","cat_it","sup_009","{""keyword"":""kommutator"",""service"":""monitoring"",""class"":""tower""}","active","2026-01-08T19:29:33.9931988Z"
"ste_000628","Usluga soprovozhdenie pod klyuch","Category Services. Product built around term 'soprovozhdenie'.","cat_service","sup_023","{""keyword"":""soprovozhdenie"",""service"":""monthly"",""class"":""facility""}","active","2025-12-05T19:29:33.9931988Z"
"ste_000629","Arenda klining dlya municipalnyh nuzhd","Category Services. Product built around term 'klining'.","cat_service","sup_003","{""keyword"":""klining"",""service"":""quarterly"",""class"":""it""}","active","2026-03-16T19:29:33.9931988Z"
"ste_000630","Arenda ofisnaya mebel dlya municipalnyh nuzhd","Category Office and Supplies. Product built around term 'ofisnaya mebel'.","cat_office","sup_020","{""keyword"":""ofisnaya mebel"",""service"":""standard"",""class"":""ergonomic""}","active","2026-01-31T19:29:33.9931988Z"
"ste_000631","Postavka rabochaya stanciya dlya municipalnyh nuzhd","Category IT and Equipment. Product built around term 'rabochaya stanciya'.","cat_it","sup_022","{""keyword"":""rabochaya stanciya"",""service"":""maintenance"",""class"":""rack""}","active","2026-02-24T19:29:33.9931988Z"
"ste_000632","Kompleksnaya postavka kommutator dlya municipalnyh nuzhd","Category IT and Equipment. Product built around term 'kommutator'.","cat_it","sup_004","{""keyword"":""kommutator"",""service"":""maintenance"",""class"":""rack""}","active","2026-02-07T19:29:33.9931988Z"
"ste_000633","Tekhnicheskoe obsluzhivanie autsorsing dlya infrastruktury","Category Services. Product built around term 'autsorsing'.","cat_service","sup_004","{""keyword"":""autsorsing"",""service"":""quarterly"",""class"":""facility""}","active","2026-03-15T19:29:33.9931988Z"
"ste_000634","Arenda soprovozhdenie dlya infrastruktury","Category Services. Product built around term 'soprovozhdenie'.","cat_service","sup_015","{""keyword"":""soprovozhdenie"",""service"":""monthly"",""class"":""facility""}","active","2026-03-21T19:29:33.9931988Z"
"ste_000635","Tekhnicheskoe obsluzhivanie setevoe oborudovanie pod klyuch","Category IT and Equipment. Product built around term 'setevoe oborudovanie'.","cat_it","sup_013","{""keyword"":""setevoe oborudovanie"",""service"":""supply"",""class"":""tower""}","active","2026-01-06T19:29:33.9931988Z"
"ste_000636","Usluga logistika s dostavkoy","Category Transport. Product built around term 'logistika'.","cat_transport","sup_028","{""keyword"":""logistika"",""service"":""route_planning"",""class"":""charter""}","active","2026-02-05T19:29:33.9931988Z"
"ste_000637","Arenda printer dlya municipalnyh nuzhd","Category Office and Supplies. Product built around term 'printer'.","cat_office","sup_008","{""keyword"":""printer"",""service"":""bulk"",""class"":""ergonomic""}","active","2026-02-24T19:29:33.9931988Z"
"ste_000638","Kompleksnaya postavka mikroavtobus s dostavkoy","Category Transport. Product built around term 'mikroavtobus'.","cat_transport","sup_018","{""keyword"":""mikroavtobus"",""service"":""rent"",""class"":""school""}","active","2025-12-16T19:29:33.9931988Z"
"ste_000639","Kompleksnaya postavka autsorsing dlya ofisov","Category Services. Product built around term 'autsorsing'.","cat_service","sup_026","{""keyword"":""autsorsing"",""service"":""quarterly"",""class"":""it""}","active","2026-02-08T19:29:33.9931988Z"
"ste_000640","Tekhnicheskoe obsluzhivanie server dlya municipalnyh nuzhd","Category IT and Equipment. Product built around term 'server'.","cat_it","sup_003","{""keyword"":""server"",""service"":""supply"",""class"":""edge""}","active","2026-03-18T19:29:33.9931988Z"
"ste_000641","Arenda ofisnaya mebel dlya ofisov","Category Office and Supplies. Product built around term 'ofisnaya mebel'.","cat_office","sup_004","{""keyword"":""ofisnaya mebel"",""service"":""standard"",""class"":""a4""}","active","2026-03-25T19:29:33.9931988Z"
"ste_000642","Tekhnicheskoe obsluzhivanie ofisnaya mebel pod klyuch","Category Office and Supplies. Product built around term 'ofisnaya mebel'.","cat_office","sup_006","{""keyword"":""ofisnaya mebel"",""service"":""standard"",""class"":""a3""}","active","2026-03-15T19:29:33.9931988Z"
"ste_000643","Arenda rabochaya stanciya dlya ofisov","Category IT and Equipment. Product built around term 'rabochaya stanciya'.","cat_it","sup_010","{""keyword"":""rabochaya stanciya"",""service"":""supply"",""class"":""rack""}","active","2026-02-10T19:29:33.9931988Z"
"ste_000644","Postavka arenda transporta dlya municipalnyh nuzhd","Category Transport. Product built around term 'arenda transporta'.","cat_transport","sup_025","{""keyword"":""arenda transporta"",""service"":""fleet_support"",""class"":""school""}","active","2026-03-10T19:29:33.9931988Z"
"ste_000645","Postavka bumaga dlya municipalnyh nuzhd","Category Office and Supplies. Product built around term 'bumaga'.","cat_office","sup_008","{""keyword"":""bumaga"",""service"":""standard"",""class"":""a4""}","active","2025-12-02T19:29:33.9931988Z"
"ste_000646","Arenda kommutator dlya municipalnyh nuzhd","Category IT and Equipment. Product built around term 'kommutator'.","cat_it","sup_011","{""keyword"":""kommutator"",""service"":""maintenance"",""class"":""tower""}","active","2026-02-28T19:29:33.9931988Z"
"ste_000647","Arenda arenda transporta dlya ofisov","Category Transport. Product built around term 'arenda transporta'.","cat_transport","sup_019","{""keyword"":""arenda transporta"",""service"":""route_planning"",""class"":""intercity""}","active","2026-01-06T19:29:33.9931988Z"
"ste_000648","Kompleksnaya postavka logistika dlya infrastruktury","Category Transport. Product built around term 'logistika'.","cat_transport","sup_010","{""keyword"":""logistika"",""service"":""fleet_support"",""class"":""city""}","active","2026-02-07T19:29:33.9931988Z"
"ste_000649","Kompleksnaya postavka setevoe oborudovanie dlya ofisov","Category IT and Equipment. Product built around term 'setevoe oborudovanie'.","cat_it","sup_009","{""keyword"":""setevoe oborudovanie"",""service"":""maintenance"",""class"":""rack""}","active","2026-01-25T19:29:33.9931988Z"
"ste_000650","Arenda tehpodderzhka dlya municipalnyh nuzhd","Category Services. Product built around term 'tehpodderzhka'.","cat_service","sup_013","{""keyword"":""tehpodderzhka"",""service"":""on_demand"",""class"":""it""}","active","2026-02-07T19:29:33.9931988Z"
"ste_000651","Postavka ofisnaya mebel dlya infrastruktury","Category Office and Supplies. Product built around term 'ofisnaya mebel'.","cat_office","sup_008","{""keyword"":""ofisnaya mebel"",""service"":""premium"",""class"":""a4""}","active","2026-01-03T19:29:33.9931988Z"
"ste_000652","Usluga autsorsing dlya ofisov","Category Services. Product built around term 'autsorsing'.","cat_service","sup_026","{""keyword"":""autsorsing"",""service"":""monthly"",""class"":""facility""}","active","2025-11-30T19:29:33.9931988Z"
"ste_000653","Usluga printer s dostavkoy","Category Office and Supplies. Product built around term 'printer'.","cat_office","sup_022","{""keyword"":""printer"",""service"":""standard"",""class"":""ergonomic""}","active","2026-02-10T19:29:33.9931988Z"
"ste_000654","Postavka rabochaya stanciya dlya municipalnyh nuzhd","Category IT and Equipment. Product built around term 'rabochaya stanciya'.","cat_it","sup_026","{""keyword"":""rabochaya stanciya"",""service"":""maintenance"",""class"":""tower""}","active","2025-12-26T19:29:33.9931988Z"
"ste_000655","Kompleksnaya postavka noutbuk dlya ofisov","Category IT and Equipment. Product built around term 'noutbuk'.","cat_it","sup_002","{""keyword"":""noutbuk"",""service"":""monitoring"",""class"":""tower""}","active","2026-01-13T19:29:33.9931988Z"
"ste_000656","Usluga logistika pod klyuch","Category Transport. Product built around term 'logistika'.","cat_transport","sup_004","{""keyword"":""logistika"",""service"":""rent"",""class"":""intercity""}","active","2026-03-04T19:29:33.9931988Z"
"ste_000657","Postavka kommutator pod klyuch","Category IT and Equipment. Product built around term 'kommutator'.","cat_it","sup_010","{""keyword"":""kommutator"",""service"":""maintenance"",""class"":""rack""}","active","2026-01-09T19:29:33.9931988Z"
"ste_000658","Usluga noutbuk dlya ofisov","Category IT and Equipment. Product built around term 'noutbuk'.","cat_it","sup_019","{""keyword"":""noutbuk"",""service"":""monitoring"",""class"":""tower""}","active","2026-03-11T19:29:33.9931988Z"
"ste_000659","Postavka tehpodderzhka dlya infrastruktury","Category Services. Product built around term 'tehpodderzhka'.","cat_service","sup_022","{""keyword"":""tehpodderzhka"",""service"":""on_demand"",""class"":""facility""}","active","2026-02-09T19:29:33.9931988Z"
"ste_000660","Tekhnicheskoe obsluzhivanie setevoe oborudovanie dlya ofisov","Category IT and Equipment. Product built around term 'setevoe oborudovanie'.","cat_it","sup_003","{""keyword"":""setevoe oborudovanie"",""service"":""supply"",""class"":""rack""}","active","2026-01-08T19:29:33.9931988Z"
"ste_000661","Kompleksnaya postavka autsorsing dlya infrastruktury","Category Services. Product built around term 'autsorsing'.","cat_service","sup_022","{""keyword"":""autsorsing"",""service"":""monthly"",""class"":""it""}","active","2025-12-13T19:29:33.9931988Z"
"ste_000662","Postavka autsorsing s dostavkoy","Category Services. Product built around term 'autsorsing'.","cat_service","sup_001","{""keyword"":""autsorsing"",""service"":""on_demand"",""class"":""it""}","active","2026-01-29T19:29:33.9931988Z"
"ste_000663","Postavka printer dlya ofisov","Category Office and Supplies. Product built around term 'printer'.","cat_office","sup_001","{""keyword"":""printer"",""service"":""bulk"",""class"":""a4""}","active","2026-03-07T19:29:33.9931988Z"
"ste_000664","Tekhnicheskoe obsluzhivanie bumaga s dostavkoy","Category Office and Supplies. Product built around term 'bumaga'.","cat_office","sup_021","{""keyword"":""bumaga"",""service"":""premium"",""class"":""ergonomic""}","active","2026-01-22T19:29:33.9931988Z"
"ste_000665","Usluga printer dlya ofisov","Category Office and Supplies. Product built around term 'printer'.","cat_office","sup_005","{""keyword"":""printer"",""service"":""bulk"",""class"":""a4""}","active","2026-01-04T19:29:33.9931988Z"
"ste_000666","Postavka ofisnaya mebel dlya municipalnyh nuzhd","Category Office and Supplies. Product built around term 'ofisnaya mebel'.","cat_office","sup_029","{""keyword"":""ofisnaya mebel"",""service"":""bulk"",""class"":""laser""}","active","2026-02-17T19:29:33.9931988Z"
"ste_000667","Kompleksnaya postavka tehpodderzhka dlya infrastruktury","Category Services. Product built around term 'tehpodderzhka'.","cat_service","sup_030","{""keyword"":""tehpodderzhka"",""service"":""quarterly"",""class"":""it""}","active","2025-12-02T19:29:33.9931988Z"
"ste_000668","Tekhnicheskoe obsluzhivanie kartridzh dlya municipalnyh nuzhd","Category Office and Supplies. Product built around term 'kartridzh'.","cat_office","sup_017","{""keyword"":""kartridzh"",""service"":""standard"",""class"":""a4""}","active","2026-03-21T19:29:33.9931988Z"
"ste_000669","Tekhnicheskoe obsluzhivanie bumaga dlya infrastruktury","Category Office and Supplies. Product built around term 'bumaga'.","cat_office","sup_027","{""keyword"":""bumaga"",""service"":""bulk"",""class"":""a4""}","active","2026-03-02T19:29:33.9931988Z"
"ste_000670","Kompleksnaya postavka mikroavtobus dlya ofisov","Category Transport. Product built around term 'mikroavtobus'.","cat_transport","sup_008","{""keyword"":""mikroavtobus"",""service"":""rent"",""class"":""school""}","active","2026-03-17T19:29:33.9931988Z"
"ste_000671","Postavka noutbuk s dostavkoy","Category IT and Equipment. Product built around term 'noutbuk'.","cat_it","sup_023","{""keyword"":""noutbuk"",""service"":""monitoring"",""class"":""edge""}","active","2025-12-20T19:29:33.9931988Z"
"ste_000672","Kompleksnaya postavka autsorsing dlya municipalnyh nuzhd","Category Services. Product built around term 'autsorsing'.","cat_service","sup_011","{""keyword"":""autsorsing"",""service"":""monthly"",""class"":""office""}","active","2026-01-28T19:29:33.9931988Z"
"ste_000673","Arenda logistika pod klyuch","Category Transport. Product built around term 'logistika'.","cat_transport","sup_026","{""keyword"":""logistika"",""service"":""route_planning"",""class"":""city""}","active","2026-03-04T19:29:33.9931988Z"
"ste_000674","Kompleksnaya postavka tehpodderzhka dlya ofisov","Category Services. Product built around term 'tehpodderzhka'.","cat_service","sup_013","{""keyword"":""tehpodderzhka"",""service"":""on_demand"",""class"":""it""}","active","2026-03-10T19:29:33.9931988Z"
"ste_000675","Usluga rabochaya stanciya dlya ofisov","Category IT and Equipment. Product built around term 'rabochaya stanciya'.","cat_it","sup_026","{""keyword"":""rabochaya stanciya"",""service"":""supply"",""class"":""edge""}","active","2026-01-04T19:29:33.9931988Z"
"ste_000676","Kompleksnaya postavka obsluzhivanie dlya municipalnyh nuzhd","Category Services. Product built around term 'obsluzhivanie'.","cat_service","sup_011","{""keyword"":""obsluzhivanie"",""service"":""on_demand"",""class"":""it""}","active","2026-02-24T19:29:33.9931988Z"
"ste_000677","Arenda kommutator s dostavkoy","Category IT and Equipment. Product built around term 'kommutator'.","cat_it","sup_014","{""keyword"":""kommutator"",""service"":""monitoring"",""class"":""edge""}","active","2025-12-11T19:29:33.9931988Z"
"ste_000678","Tekhnicheskoe obsluzhivanie autsorsing pod klyuch","Category Services. Product built around term 'autsorsing'.","cat_service","sup_013","{""keyword"":""autsorsing"",""service"":""quarterly"",""class"":""office""}","active","2026-02-05T19:29:33.9931988Z"
"ste_000679","Tekhnicheskoe obsluzhivanie bumaga pod klyuch","Category Office and Supplies. Product built around term 'bumaga'.","cat_office","sup_012","{""keyword"":""bumaga"",""service"":""premium"",""class"":""a4""}","active","2026-01-21T19:29:33.9931988Z"
"ste_000680","Kompleksnaya postavka arenda transporta dlya infrastruktury","Category Transport. Product built around term 'arenda transporta'.","cat_transport","sup_026","{""keyword"":""arenda transporta"",""service"":""route_planning"",""class"":""city""}","active","2026-02-24T19:29:33.9931988Z"
"ste_000681","Postavka mikroavtobus dlya ofisov","Category Transport. Product built around term 'mikroavtobus'.","cat_transport","sup_024","{""keyword"":""mikroavtobus"",""service"":""fleet_support"",""class"":""school""}","active","2025-12-31T19:29:33.9931988Z"
"ste_000682","Kompleksnaya postavka arenda transporta s dostavkoy","Category Transport. Product built around term 'arenda transporta'.","cat_transport","sup_005","{""keyword"":""arenda transporta"",""service"":""route_planning"",""class"":""intercity""}","active","2026-02-18T19:29:33.9931988Z"
"ste_000683","Arenda ofisnaya mebel s dostavkoy","Category Office and Supplies. Product built around term 'ofisnaya mebel'.","cat_office","sup_006","{""keyword"":""ofisnaya mebel"",""service"":""standard"",""class"":""a4""}","active","2026-01-12T19:29:33.9931988Z"
"ste_000684","Usluga ofisnaya mebel dlya municipalnyh nuzhd","Category Office and Supplies. Product built around term 'ofisnaya mebel'.","cat_office","sup_003","{""keyword"":""ofisnaya mebel"",""service"":""bulk"",""class"":""laser""}","active","2026-03-11T19:29:33.9931988Z"
"ste_000685","Postavka kommutator dlya infrastruktury","Category IT and Equipment. Product built around term 'kommutator'.","cat_it","sup_018","{""keyword"":""kommutator"",""service"":""supply"",""class"":""tower""}","active","2025-12-23T19:29:33.9931988Z"
"ste_000686","Arenda autsorsing s dostavkoy","Category Services. Product built around term 'autsorsing'.","cat_service","sup_005","{""keyword"":""autsorsing"",""service"":""on_demand"",""class"":""it""}","active","2026-02-03T19:29:33.9931988Z"
"ste_000687","Arenda autsorsing pod klyuch","Category Services. Product built around term 'autsorsing'.","cat_service","sup_022","{""keyword"":""autsorsing"",""service"":""monthly"",""class"":""office""}","active","2025-12-28T19:29:33.9931988Z"
"ste_000688","Kompleksnaya postavka soprovozhdenie dlya ofisov","Category Services. Product built around term 'soprovozhdenie'.","cat_service","sup_007","{""keyword"":""soprovozhdenie"",""service"":""on_demand"",""class"":""facility""}","active","2026-03-26T19:29:33.9931988Z"
"ste_000689","Kompleksnaya postavka arenda transporta dlya municipalnyh nuzhd","Category Transport. Product built around term 'arenda transporta'.","cat_transport","sup_022","{""keyword"":""arenda transporta"",""service"":""rent"",""class"":""charter""}","active","2026-03-21T19:29:33.9931988Z"
"ste_000690","Arenda klining s dostavkoy","Category Services. Product built around term 'klining'.","cat_service","sup_009","{""keyword"":""klining"",""service"":""quarterly"",""class"":""facility""}","active","2026-03-08T19:29:33.9931988Z"
"ste_000691","Postavka noutbuk pod klyuch","Category IT and Equipment. Product built around term 'noutbuk'.","cat_it","sup_023","{""keyword"":""noutbuk"",""service"":""supply"",""class"":""edge""}","active","2026-01-11T19:29:33.9931988Z"
"ste_000692","Arenda arenda transporta dlya infrastruktury","Category Transport. Product built around term 'arenda transporta'.","cat_transport","sup_012","{""keyword"":""arenda transporta"",""service"":""route_planning"",""class"":""intercity""}","active","2025-12-27T19:29:33.9931988Z"
"ste_000693","Kompleksnaya postavka tehpodderzhka dlya infrastruktury","Category Services. Product built around term 'tehpodderzhka'.","cat_service","sup_027","{""keyword"":""tehpodderzhka"",""service"":""quarterly"",""class"":""it""}","active","2026-01-29T19:29:33.9931988Z"
"ste_000694","Usluga noutbuk pod klyuch","Category IT and Equipment. Product built around term 'noutbuk'.","cat_it","sup_012","{""keyword"":""noutbuk"",""service"":""monitoring"",""class"":""rack""}","active","2025-12-22T19:29:33.9931988Z"
"ste_000695","Tekhnicheskoe obsluzhivanie klining dlya infrastruktury","Category Services. Product built around term 'klining'.","cat_service","sup_001","{""keyword"":""klining"",""service"":""monthly"",""class"":""office""}","active","2026-03-16T19:29:33.9931988Z"
"ste_000696","Kompleksnaya postavka avtobus s dostavkoy","Category Transport. Product built around term 'avtobus'.","cat_transport","sup_014","{""keyword"":""avtobus"",""service"":""fleet_support"",""class"":""intercity""}","active","2025-12-15T19:29:33.9931988Z"
"ste_000697","Postavka noutbuk s dostavkoy","Category IT and Equipment. Product built around term 'noutbuk'.","cat_it","sup_016","{""keyword"":""noutbuk"",""service"":""maintenance"",""class"":""tower""}","active","2026-01-09T19:29:33.9931988Z"
"ste_000698","Arenda printer pod klyuch","Category Office and Supplies. Product built around term 'printer'.","cat_office","sup_015","{""keyword"":""printer"",""service"":""premium"",""class"":""ergonomic""}","active","2026-01-07T19:29:33.9931988Z"
"ste_000699","Usluga arenda transporta dlya ofisov","Category Transport. Product built around term 'arenda transporta'.","cat_transport","sup_003","{""keyword"":""arenda transporta"",""service"":""route_planning"",""class"":""charter""}","active","2026-02-19T19:29:33.9931988Z"
"ste_000700","Tekhnicheskoe obsluzhivanie soprovozhdenie pod klyuch","Category Services. Product built around term 'soprovozhdenie'.","cat_service","sup_023","{""keyword"":""soprovozhdenie"",""service"":""monthly"",""class"":""it""}","active","2025-12-24T19:29:33.9931988Z"
"ste_000701","Tekhnicheskoe obsluzhivanie server dlya infrastruktury","Category IT and Equipment. Product built around term 'server'.","cat_it","sup_013","{""keyword"":""server"",""service"":""supply"",""class"":""rack""}","active","2026-01-28T19:29:33.9931988Z"
"ste_000702","Arenda avtobus dlya ofisov","Category Transport. Product built around term 'avtobus'.","cat_transport","sup_011","{""keyword"":""avtobus"",""service"":""fleet_support"",""class"":""city""}","active","2025-12-14T19:29:33.9931988Z"
"ste_000703","Tekhnicheskoe obsluzhivanie ofisnaya mebel s dostavkoy","Category Office and Supplies. Product built around term 'ofisnaya mebel'.","cat_office","sup_023","{""keyword"":""ofisnaya mebel"",""service"":""standard"",""class"":""a4""}","active","2025-12-23T19:29:33.9931988Z"
"ste_000704","Usluga logistika pod klyuch","Category Transport. Product built around term 'logistika'.","cat_transport","sup_021","{""keyword"":""logistika"",""service"":""rent"",""class"":""city""}","active","2025-12-20T19:29:33.9931988Z"
"ste_000705","Tekhnicheskoe obsluzhivanie obsluzhivanie pod klyuch","Category Services. Product built around term 'obsluzhivanie'.","cat_service","sup_018","{""keyword"":""obsluzhivanie"",""service"":""monthly"",""class"":""it""}","active","2026-03-14T19:29:33.9931988Z"
"ste_000706","Usluga kommutator pod klyuch","Category IT and Equipment. Product built around term 'kommutator'.","cat_it","sup_012","{""keyword"":""kommutator"",""service"":""maintenance"",""class"":""rack""}","active","2026-01-10T19:29:33.9931988Z"
"ste_000707","Arenda setevoe oborudovanie dlya infrastruktury","Category IT and Equipment. Product built around term 'setevoe oborudovanie'.","cat_it","sup_023","{""keyword"":""setevoe oborudovanie"",""service"":""maintenance"",""class"":""rack""}","active","2026-01-08T19:29:33.9931988Z"
"ste_000708","Usluga soprovozhdenie dlya ofisov","Category Services. Product built around term 'soprovozhdenie'.","cat_service","sup_007","{""keyword"":""soprovozhdenie"",""service"":""quarterly"",""class"":""office""}","active","2025-12-07T19:29:33.9931988Z"
"ste_000709","Postavka kommutator dlya ofisov","Category IT and Equipment. Product built around term 'kommutator'.","cat_it","sup_009","{""keyword"":""kommutator"",""service"":""monitoring"",""class"":""edge""}","active","2025-12-01T19:29:33.9931988Z"
"ste_000710","Postavka obsluzhivanie dlya ofisov","Category Services. Product built around term 'obsluzhivanie'.","cat_service","sup_008","{""keyword"":""obsluzhivanie"",""service"":""monthly"",""class"":""facility""}","active","2025-12-25T19:29:33.9931988Z"
"ste_000711","Kompleksnaya postavka printer dlya municipalnyh nuzhd","Category Office and Supplies. Product built around term 'printer'.","cat_office","sup_017","{""keyword"":""printer"",""service"":""standard"",""class"":""a4""}","active","2026-03-19T19:29:33.9931988Z"
"ste_000712","Usluga bumaga s dostavkoy","Category Office and Supplies. Product built around term 'bumaga'.","cat_office","sup_007","{""keyword"":""bumaga"",""service"":""bulk"",""class"":""ergonomic""}","active","2026-03-27T19:29:33.9931988Z"
"ste_000713","Tekhnicheskoe obsluzhivanie avtobus dlya municipalnyh nuzhd","Category Transport. Product built around term 'avtobus'.","cat_transport","sup_013","{""keyword"":""avtobus"",""service"":""route_planning"",""class"":""charter""}","active","2026-02-10T19:29:33.9931988Z"
"ste_000714","Usluga klining s dostavkoy","Category Services. Product built around term 'klining'.","cat_service","sup_003","{""keyword"":""klining"",""service"":""monthly"",""class"":""it""}","active","2026-03-07T19:29:33.9931988Z"
"ste_000715","Kompleksnaya postavka autsorsing pod klyuch","Category Services. Product built around term 'autsorsing'.","cat_service","sup_013","{""keyword"":""autsorsing"",""service"":""quarterly"",""class"":""office""}","active","2026-03-04T19:29:33.9931988Z"
"ste_000716","Postavka arenda transporta dlya municipalnyh nuzhd","Category Transport. Product built around term 'arenda transporta'.","cat_transport","sup_013","{""keyword"":""arenda transporta"",""service"":""fleet_support"",""class"":""charter""}","active","2026-01-08T19:29:33.9931988Z"
"ste_000717","Tekhnicheskoe obsluzhivanie tehpodderzhka dlya infrastruktury","Category Services. Product built around term 'tehpodderzhka'.","cat_service","sup_023","{""keyword"":""tehpodderzhka"",""service"":""on_demand"",""class"":""office""}","active","2025-12-27T19:29:33.9931988Z"
"ste_000718","Usluga bumaga dlya municipalnyh nuzhd","Category Office and Supplies. Product built around term 'bumaga'.","cat_office","sup_015","{""keyword"":""bumaga"",""service"":""standard"",""class"":""ergonomic""}","active","2025-12-14T19:29:33.9931988Z"
"ste_000719","Arenda printer dlya ofisov","Category Office and Supplies. Product built around term 'printer'.","cat_office","sup_022","{""keyword"":""printer"",""service"":""premium"",""class"":""a4""}","active","2025-12-24T19:29:33.9931988Z"
"ste_000720","Arenda setevoe oborudovanie pod klyuch","Category IT and Equipment. Product built around term 'setevoe oborudovanie'.","cat_it","sup_024","{""keyword"":""setevoe oborudovanie"",""service"":""monitoring"",""class"":""tower""}","active","2026-02-05T19:29:33.9931988Z"
"ste_000721","Arenda setevoe oborudovanie s dostavkoy","Category IT and Equipment. Product built around term 'setevoe oborudovanie'.","cat_it","sup_013","{""keyword"":""setevoe oborudovanie"",""service"":""maintenance"",""class"":""tower""}","active","2026-02-19T19:29:33.9931988Z"
"ste_000722","Arenda tehpodderzhka pod klyuch","Category Services. Product built around term 'tehpodderzhka'.","cat_service","sup_029","{""keyword"":""tehpodderzhka"",""service"":""monthly"",""class"":""office""}","active","2026-02-10T19:29:33.9931988Z"
"ste_000723","Arenda logistika s dostavkoy","Category Transport. Product built around term 'logistika'.","cat_transport","sup_001","{""keyword"":""logistika"",""service"":""rent"",""class"":""school""}","active","2026-03-06T19:29:33.9931988Z"
"ste_000724","Tekhnicheskoe obsluzhivanie kommutator pod klyuch","Category IT and Equipment. Product built around term 'kommutator'.","cat_it","sup_019","{""keyword"":""kommutator"",""service"":""supply"",""class"":""edge""}","active","2026-03-01T19:29:33.9931988Z"
"ste_000725","Kompleksnaya postavka ofisnaya mebel pod klyuch","Category Office and Supplies. Product built around term 'ofisnaya mebel'.","cat_office","sup_025","{""keyword"":""ofisnaya mebel"",""service"":""standard"",""class"":""a4""}","active","2026-01-29T19:29:33.9931988Z"
"ste_000726","Kompleksnaya postavka passazhirskie perevozki dlya municipalnyh nuzhd","Category Transport. Product built around term 'passazhirskie perevozki'.","cat_transport","sup_030","{""keyword"":""passazhirskie perevozki"",""service"":""route_planning"",""class"":""school""}","active","2025-12-06T19:29:33.9931988Z"
"ste_000727","Kompleksnaya postavka soprovozhdenie dlya infrastruktury","Category Services. Product built around term 'soprovozhdenie'.","cat_service","sup_021","{""keyword"":""soprovozhdenie"",""service"":""on_demand"",""class"":""facility""}","active","2026-03-08T19:29:33.9931988Z"
"ste_000728","Usluga arenda transporta dlya ofisov","Category Transport. Product built around term 'arenda transporta'.","cat_transport","sup_007","{""keyword"":""arenda transporta"",""service"":""route_planning"",""class"":""city""}","active","2025-12-17T19:29:33.9931988Z"
"ste_000729","Kompleksnaya postavka autsorsing s dostavkoy","Category Services. Product built around term 'autsorsing'.","cat_service","sup_029","{""keyword"":""autsorsing"",""service"":""quarterly"",""class"":""it""}","active","2026-02-05T19:29:33.9931988Z"
"ste_000730","Kompleksnaya postavka server s dostavkoy","Category IT and Equipment. Product built around term 'server'.","cat_it","sup_030","{""keyword"":""server"",""service"":""supply"",""class"":""rack""}","active","2026-01-26T19:29:33.9931988Z"
"ste_000731","Postavka printer s dostavkoy","Category Office and Supplies. Product built around term 'printer'.","cat_office","sup_015","{""keyword"":""printer"",""service"":""premium"",""class"":""a3""}","active","2026-03-20T19:29:33.9931988Z"
"ste_000732","Arenda bumaga pod klyuch","Category Office and Supplies. Product built around term 'bumaga'.","cat_office","sup_025","{""keyword"":""bumaga"",""service"":""standard"",""class"":""a4""}","active","2025-11-29T19:29:33.9931988Z"
"ste_000733","Postavka obsluzhivanie dlya municipalnyh nuzhd","Category Services. Product built around term 'obsluzhivanie'.","cat_service","sup_022","{""keyword"":""obsluzhivanie"",""service"":""on_demand"",""class"":""office""}","active","2026-02-11T19:29:33.9931988Z"
"ste_000734","Kompleksnaya postavka server pod klyuch","Category IT and Equipment. Product built around term 'server'.","cat_it","sup_004","{""keyword"":""server"",""service"":""maintenance"",""class"":""edge""}","active","2026-01-06T19:29:33.9931988Z"
"ste_000735","Postavka soprovozhdenie s dostavkoy","Category Services. Product built around term 'soprovozhdenie'.","cat_service","sup_018","{""keyword"":""soprovozhdenie"",""service"":""on_demand"",""class"":""it""}","active","2026-03-25T19:29:33.9931988Z"
"ste_000736","Usluga bumaga dlya municipalnyh nuzhd","Category Office and Supplies. Product built around term 'bumaga'.","cat_office","sup_025","{""keyword"":""bumaga"",""service"":""standard"",""class"":""laser""}","active","2026-03-03T19:29:33.9931988Z"
"ste_000737","Usluga tehpodderzhka dlya municipalnyh nuzhd","Category Services. Product built around term 'tehpodderzhka'.","cat_service","sup_018","{""keyword"":""tehpodderzhka"",""service"":""monthly"",""class"":""office""}","active","2026-03-20T19:29:33.9931988Z"
"ste_000738","Usluga mikroavtobus s dostavkoy","Category Transport. Product built around term 'mikroavtobus'.","cat_transport","sup_027","{""keyword"":""mikroavtobus"",""service"":""rent"",""class"":""intercity""}","active","2025-11-28T19:29:33.9931988Z"
"ste_000739","Postavka kommutator dlya infrastruktury","Category IT and Equipment. Product built around term 'kommutator'.","cat_it","sup_018","{""keyword"":""kommutator"",""service"":""monitoring"",""class"":""rack""}","active","2025-12-04T19:29:33.9931988Z"
"ste_000740","Postavka noutbuk s dostavkoy","Category IT and Equipment. Product built around term 'noutbuk'.","cat_it","sup_010","{""keyword"":""noutbuk"",""service"":""maintenance"",""class"":""edge""}","active","2026-01-22T19:29:33.9931988Z"
"ste_000741","Arenda rabochaya stanciya pod klyuch","Category IT and Equipment. Product built around term 'rabochaya stanciya'.","cat_it","sup_025","{""keyword"":""rabochaya stanciya"",""service"":""monitoring"",""class"":""rack""}","active","2026-02-05T19:29:33.9931988Z"
"ste_000742","Kompleksnaya postavka passazhirskie perevozki dlya infrastruktury","Category Transport. Product built around term 'passazhirskie perevozki'.","cat_transport","sup_016","{""keyword"":""passazhirskie perevozki"",""service"":""route_planning"",""class"":""charter""}","active","2025-12-23T19:29:33.9931988Z"
"ste_000743","Kompleksnaya postavka klining dlya ofisov","Category Services. Product built around term 'klining'.","cat_service","sup_026","{""keyword"":""klining"",""service"":""monthly"",""class"":""it""}","active","2025-12-11T19:29:33.9931988Z"
"ste_000744","Tekhnicheskoe obsluzhivanie passazhirskie perevozki s dostavkoy","Category Transport. Product built around term 'passazhirskie perevozki'.","cat_transport","sup_014","{""keyword"":""passazhirskie perevozki"",""service"":""route_planning"",""class"":""charter""}","active","2025-12-31T19:29:33.9931988Z"
"ste_000745","Arenda avtobus dlya ofisov","Category Transport. Product built around term 'avtobus'.","cat_transport","sup_005","{""keyword"":""avtobus"",""service"":""fleet_support"",""class"":""city""}","active","2026-02-16T19:29:33.9931988Z"
"ste_000746","Postavka bumaga dlya municipalnyh nuzhd","Category Office and Supplies. Product built around term 'bumaga'.","cat_office","sup_013","{""keyword"":""bumaga"",""service"":""standard"",""class"":""a3""}","active","2026-02-19T19:29:33.9931988Z"
"ste_000747","Kompleksnaya postavka kommutator s dostavkoy","Category IT and Equipment. Product built around term 'kommutator'.","cat_it","sup_002","{""keyword"":""kommutator"",""service"":""supply"",""class"":""rack""}","active","2026-03-06T19:29:33.9931988Z"
"ste_000748","Postavka kanctovary dlya municipalnyh nuzhd","Category Office and Supplies. Product built around term 'kanctovary'.","cat_office","sup_011","{""keyword"":""kanctovary"",""service"":""standard"",""class"":""laser""}","active","2026-01-25T19:29:33.9931988Z"
"ste_000749","Postavka soprovozhdenie s dostavkoy","Category Services. Product built around term 'soprovozhdenie'.","cat_service","sup_027","{""keyword"":""soprovozhdenie"",""service"":""quarterly"",""class"":""facility""}","active","2026-03-01T19:29:33.9931988Z"
"ste_000750","Usluga server dlya infrastruktury","Category IT and Equipment. Product built around term 'server'.","cat_it","sup_018","{""keyword"":""server"",""service"":""monitoring"",""class"":""tower""}","active","2026-01-08T19:29:33.9931988Z"
"ste_000751","Kompleksnaya postavka rabochaya stanciya dlya ofisov","Category IT and Equipment. Product built around term 'rabochaya stanciya'.","cat_it","sup_025","{""keyword"":""rabochaya stanciya"",""service"":""monitoring"",""class"":""rack""}","active","2025-12-08T19:29:33.9931988Z"
"ste_000752","Postavka setevoe oborudovanie pod klyuch","Category IT and Equipment. Product built around term 'setevoe oborudovanie'.","cat_it","sup_027","{""keyword"":""setevoe oborudovanie"",""service"":""supply"",""class"":""tower""}","active","2025-12-10T19:29:33.9931988Z"
"ste_000753","Usluga noutbuk dlya municipalnyh nuzhd","Category IT and Equipment. Product built around term 'noutbuk'.","cat_it","sup_007","{""keyword"":""noutbuk"",""service"":""supply"",""class"":""edge""}","active","2026-03-14T19:29:33.9931988Z"
"ste_000754","Postavka kartridzh dlya ofisov","Category Office and Supplies. Product built around term 'kartridzh'.","cat_office","sup_017","{""keyword"":""kartridzh"",""service"":""standard"",""class"":""laser""}","active","2025-12-25T19:29:33.9931988Z"
"ste_000755","Usluga kartridzh pod klyuch","Category Office and Supplies. Product built around term 'kartridzh'.","cat_office","sup_028","{""keyword"":""kartridzh"",""service"":""standard"",""class"":""laser""}","active","2025-12-19T19:29:33.9931988Z"
"ste_000756","Postavka bumaga dlya municipalnyh nuzhd","Category Office and Supplies. Product built around term 'bumaga'.","cat_office","sup_006","{""keyword"":""bumaga"",""service"":""standard"",""class"":""ergonomic""}","active","2025-11-28T19:29:33.9931988Z"
"ste_000757","Kompleksnaya postavka kanctovary s dostavkoy","Category Office and Supplies. Product built around term 'kanctovary'.","cat_office","sup_028","{""keyword"":""kanctovary"",""service"":""standard"",""class"":""ergonomic""}","active","2026-03-06T19:29:33.9931988Z"
"ste_000758","Arenda kommutator dlya municipalnyh nuzhd","Category IT and Equipment. Product built around term 'kommutator'.","cat_it","sup_015","{""keyword"":""kommutator"",""service"":""supply"",""class"":""edge""}","active","2026-03-12T19:29:33.9931988Z"
"ste_000759","Usluga tehpodderzhka s dostavkoy","Category Services. Product built around term 'tehpodderzhka'.","cat_service","sup_006","{""keyword"":""tehpodderzhka"",""service"":""on_demand"",""class"":""it""}","active","2026-01-23T19:29:33.9931988Z"
"ste_000760","Tekhnicheskoe obsluzhivanie tehpodderzhka dlya ofisov","Category Services. Product built around term 'tehpodderzhka'.","cat_service","sup_028","{""keyword"":""tehpodderzhka"",""service"":""quarterly"",""class"":""it""}","active","2025-11-30T19:29:33.9931988Z"
"ste_000761","Kompleksnaya postavka klining dlya infrastruktury","Category Services. Product built around term 'klining'.","cat_service","sup_011","{""keyword"":""klining"",""service"":""on_demand"",""class"":""office""}","active","2026-01-15T19:29:33.9931988Z"
"ste_000762","Postavka setevoe oborudovanie dlya ofisov","Category IT and Equipment. Product built around term 'setevoe oborudovanie'.","cat_it","sup_007","{""keyword"":""setevoe oborudovanie"",""service"":""monitoring"",""class"":""edge""}","active","2025-12-31T19:29:33.9931988Z"
"ste_000763","Arenda arenda transporta s dostavkoy","Category Transport. Product built around term 'arenda transporta'.","cat_transport","sup_018","{""keyword"":""arenda transporta"",""service"":""rent"",""class"":""city""}","active","2025-12-06T19:29:33.9931988Z"
"ste_000764","Arenda kartridzh dlya ofisov","Category Office and Supplies. Product built around term 'kartridzh'.","cat_office","sup_013","{""keyword"":""kartridzh"",""service"":""bulk"",""class"":""ergonomic""}","active","2025-12-11T19:29:33.9931988Z"
"ste_000765","Arenda arenda transporta dlya municipalnyh nuzhd","Category Transport. Product built around term 'arenda transporta'.","cat_transport","sup_018","{""keyword"":""arenda transporta"",""service"":""route_planning"",""class"":""intercity""}","active","2026-01-15T19:29:33.9931988Z"
"ste_000766","Usluga setevoe oborudovanie pod klyuch","Category IT and Equipment. Product built around term 'setevoe oborudovanie'.","cat_it","sup_014","{""keyword"":""setevoe oborudovanie"",""service"":""maintenance"",""class"":""edge""}","active","2026-03-13T19:29:33.9931988Z"
"ste_000767","Usluga klining pod klyuch","Category Services. Product built around term 'klining'.","cat_service","sup_016","{""keyword"":""klining"",""service"":""on_demand"",""class"":""facility""}","active","2026-02-01T19:29:33.9931988Z"
"ste_000768","Kompleksnaya postavka kanctovary dlya municipalnyh nuzhd","Category Office and Supplies. Product built around term 'kanctovary'.","cat_office","sup_021","{""keyword"":""kanctovary"",""service"":""bulk"",""class"":""a4""}","active","2026-02-08T19:29:33.9931988Z"
"ste_000769","Tekhnicheskoe obsluzhivanie printer dlya ofisov","Category Office and Supplies. Product built around term 'printer'.","cat_office","sup_011","{""keyword"":""printer"",""service"":""standard"",""class"":""a4""}","active","2026-01-07T19:29:33.9931988Z"
"ste_000770","Arenda kommutator dlya infrastruktury","Category IT and Equipment. Product built around term 'kommutator'.","cat_it","sup_011","{""keyword"":""kommutator"",""service"":""maintenance"",""class"":""rack""}","active","2025-12-12T19:29:33.9931988Z"
"ste_000771","Usluga arenda transporta s dostavkoy","Category Transport. Product built around term 'arenda transporta'.","cat_transport","sup_004","{""keyword"":""arenda transporta"",""service"":""rent"",""class"":""school""}","active","2026-01-31T19:29:33.9931988Z"
"ste_000772","Arenda logistika pod klyuch","Category Transport. Product built around term 'logistika'.","cat_transport","sup_015","{""keyword"":""logistika"",""service"":""fleet_support"",""class"":""school""}","active","2025-12-08T19:29:33.9931988Z"
"ste_000773","Arenda arenda transporta dlya municipalnyh nuzhd","Category Transport. Product built around term 'arenda transporta'.","cat_transport","sup_008","{""keyword"":""arenda transporta"",""service"":""route_planning"",""class"":""charter""}","active","2025-12-10T19:29:33.9931988Z"
"ste_000774","Arenda avtobus dlya infrastruktury","Category Transport. Product built around term 'avtobus'.","cat_transport","sup_016","{""keyword"":""avtobus"",""service"":""fleet_support"",""class"":""intercity""}","active","2026-01-29T19:29:33.9931988Z"
"ste_000775","Arenda arenda transporta dlya municipalnyh nuzhd","Category Transport. Product built around term 'arenda transporta'.","cat_transport","sup_022","{""keyword"":""arenda transporta"",""service"":""route_planning"",""class"":""intercity""}","active","2026-03-03T19:29:33.9931988Z"
"ste_000776","Tekhnicheskoe obsluzhivanie passazhirskie perevozki dlya infrastruktury","Category Transport. Product built around term 'passazhirskie perevozki'.","cat_transport","sup_029","{""keyword"":""passazhirskie perevozki"",""service"":""route_planning"",""class"":""intercity""}","active","2026-02-09T19:29:33.9931988Z"
"ste_000777","Kompleksnaya postavka server dlya infrastruktury","Category IT and Equipment. Product built around term 'server'.","cat_it","sup_027","{""keyword"":""server"",""service"":""supply"",""class"":""edge""}","active","2026-02-02T19:29:33.9931988Z"
"ste_000778","Arenda kommutator dlya municipalnyh nuzhd","Category IT and Equipment. Product built around term 'kommutator'.","cat_it","sup_027","{""keyword"":""kommutator"",""service"":""supply"",""class"":""edge""}","active","2026-02-19T19:29:33.9931988Z"
"ste_000779","Usluga printer dlya ofisov","Category Office and Supplies. Product built around term 'printer'.","cat_office","sup_019","{""keyword"":""printer"",""service"":""premium"",""class"":""ergonomic""}","active","2025-12-17T19:29:33.9931988Z"
"ste_000780","Postavka bumaga dlya infrastruktury","Category Office and Supplies. Product built around term 'bumaga'.","cat_office","sup_030","{""keyword"":""bumaga"",""service"":""bulk"",""class"":""laser""}","active","2026-03-12T19:29:33.9931988Z"
"ste_000781","Arenda arenda transporta s dostavkoy","Category Transport. Product built around term 'arenda transporta'.","cat_transport","sup_017","{""keyword"":""arenda transporta"",""service"":""route_planning"",""class"":""city""}","active","2026-02-04T19:29:33.9931988Z"
"ste_000782","Postavka autsorsing dlya municipalnyh nuzhd","Category Services. Product built around term 'autsorsing'.","cat_service","sup_028","{""keyword"":""autsorsing"",""service"":""quarterly"",""class"":""office""}","active","2026-01-21T19:29:33.9931988Z"
"ste_000783","Tekhnicheskoe obsluzhivanie noutbuk dlya infrastruktury","Category IT and Equipment. Product built around term 'noutbuk'.","cat_it","sup_020","{""keyword"":""noutbuk"",""service"":""maintenance"",""class"":""rack""}","active","2026-03-08T19:29:33.9931988Z"
"ste_000784","Usluga klining s dostavkoy","Category Services. Product built around term 'klining'.","cat_service","sup_030","{""keyword"":""klining"",""service"":""quarterly"",""class"":""office""}","active","2026-01-11T19:29:33.9931988Z"
"ste_000785","Kompleksnaya postavka kartridzh dlya infrastruktury","Category Office and Supplies. Product built around term 'kartridzh'.","cat_office","sup_027","{""keyword"":""kartridzh"",""service"":""standard"",""class"":""ergonomic""}","active","2026-01-08T19:29:33.9931988Z"
"ste_000786","Tekhnicheskoe obsluzhivanie mikroavtobus dlya municipalnyh nuzhd","Category Transport. Product built around term 'mikroavtobus'.","cat_transport","sup_006","{""keyword"":""mikroavtobus"",""service"":""fleet_support"",""class"":""city""}","active","2026-01-10T19:29:33.9931988Z"
"ste_000787","Usluga passazhirskie perevozki s dostavkoy","Category Transport. Product built around term 'passazhirskie perevozki'.","cat_transport","sup_022","{""keyword"":""passazhirskie perevozki"",""service"":""fleet_support"",""class"":""school""}","active","2026-01-01T19:29:33.9931988Z"
"ste_000788","Kompleksnaya postavka printer s dostavkoy","Category Office and Supplies. Product built around term 'printer'.","cat_office","sup_019","{""keyword"":""printer"",""service"":""standard"",""class"":""a4""}","active","2026-02-06T19:29:33.9931988Z"
"ste_000789","Tekhnicheskoe obsluzhivanie kartridzh dlya municipalnyh nuzhd","Category Office and Supplies. Product built around term 'kartridzh'.","cat_office","sup_024","{""keyword"":""kartridzh"",""service"":""bulk"",""class"":""ergonomic""}","active","2025-12-01T19:29:33.9931988Z"
"ste_000790","Usluga logistika dlya municipalnyh nuzhd","Category Transport. Product built around term 'logistika'.","cat_transport","sup_006","{""keyword"":""logistika"",""service"":""route_planning"",""class"":""intercity""}","active","2025-12-07T19:29:33.9931988Z"
"ste_000791","Tekhnicheskoe obsluzhivanie server pod klyuch","Category IT and Equipment. Product built around term 'server'.","cat_it","sup_010","{""keyword"":""server"",""service"":""supply"",""class"":""tower""}","active","2026-02-15T19:29:33.9931988Z"
"ste_000792","Postavka kartridzh dlya ofisov","Category Office and Supplies. Product built around term 'kartridzh'.","cat_office","sup_022","{""keyword"":""kartridzh"",""service"":""premium"",""class"":""a3""}","active","2025-12-14T19:29:33.9931988Z"
"ste_000793","Arenda passazhirskie perevozki pod klyuch","Category Transport. Product built around term 'passazhirskie perevozki'.","cat_transport","sup_019","{""keyword"":""passazhirskie perevozki"",""service"":""rent"",""class"":""intercity""}","active","2026-03-19T19:29:33.9931988Z"
"ste_000794","Arenda passazhirskie perevozki pod klyuch","Category Transport. Product built around term 'passazhirskie perevozki'.","cat_transport","sup_017","{""keyword"":""passazhirskie perevozki"",""service"":""rent"",""class"":""city""}","active","2025-12-09T19:29:33.9931988Z"
"ste_000795","Postavka arenda transporta dlya infrastruktury","Category Transport. Product built around term 'arenda transporta'.","cat_transport","sup_003","{""keyword"":""arenda transporta"",""service"":""fleet_support"",""class"":""charter""}","active","2025-12-26T19:29:33.9931988Z"
"ste_000796","Tekhnicheskoe obsluzhivanie passazhirskie perevozki dlya infrastruktury","Category Transport. Product built around term 'passazhirskie perevozki'.","cat_transport","sup_025","{""keyword"":""passazhirskie perevozki"",""service"":""fleet_support"",""class"":""charter""}","active","2026-02-10T19:29:33.9931988Z"
"ste_000797","Kompleksnaya postavka kanctovary dlya ofisov","Category Office and Supplies. Product built around term 'kanctovary'.","cat_office","sup_014","{""keyword"":""kanctovary"",""service"":""bulk"",""class"":""a4""}","active","2026-01-17T19:29:33.9931988Z"
"ste_000798","Postavka ofisnaya mebel dlya ofisov","Category Office and Supplies. Product built around term 'ofisnaya mebel'.","cat_office","sup_021","{""keyword"":""ofisnaya mebel"",""service"":""standard"",""class"":""ergonomic""}","active","2026-02-27T19:29:33.9931988Z"
"ste_000799","Arenda kanctovary pod klyuch","Category Office and Supplies. Product built around term 'kanctovary'.","cat_office","sup_012","{""keyword"":""kanctovary"",""service"":""premium"",""class"":""a3""}","active","2026-01-16T19:29:33.9931988Z"
"ste_000800","Kompleksnaya postavka printer dlya ofisov","Category Office and Supplies. Product built around term 'printer'.","cat_office","sup_010","{""keyword"":""printer"",""service"":""bulk"",""class"":""a3""}","active","2026-02-01T19:29:33.9931988Z"
"ste_000801","Arenda avtobus dlya infrastruktury","Category Transport. Product built around term 'avtobus'.","cat_transport","sup_007","{""keyword"":""avtobus"",""service"":""fleet_support"",""class"":""school""}","active","2026-03-12T19:29:33.9931988Z"
"ste_000802","Postavka logistika dlya ofisov","Category Transport. Product built around term 'logistika'.","cat_transport","sup_024","{""keyword"":""logistika"",""service"":""rent"",""class"":""school""}","active","2026-02-12T19:29:33.9931988Z"
"ste_000803","Arenda bumaga dlya municipalnyh nuzhd","Category Office and Supplies. Product built around term 'bumaga'.","cat_office","sup_024","{""keyword"":""bumaga"",""service"":""standard"",""class"":""laser""}","active","2025-12-01T19:29:33.9931988Z"
"ste_000804","Postavka passazhirskie perevozki dlya ofisov","Category Transport. Product built around term 'passazhirskie perevozki'.","cat_transport","sup_018","{""keyword"":""passazhirskie perevozki"",""service"":""route_planning"",""class"":""charter""}","active","2026-01-07T19:29:33.9931988Z"
"ste_000805","Postavka mikroavtobus dlya ofisov","Category Transport. Product built around term 'mikroavtobus'.","cat_transport","sup_030","{""keyword"":""mikroavtobus"",""service"":""fleet_support"",""class"":""city""}","active","2026-03-08T19:29:33.9931988Z"
"ste_000806","Postavka kanctovary dlya ofisov","Category Office and Supplies. Product built around term 'kanctovary'.","cat_office","sup_019","{""keyword"":""kanctovary"",""service"":""standard"",""class"":""a3""}","active","2026-02-17T19:29:33.9931988Z"
"ste_000807","Kompleksnaya postavka obsluzhivanie dlya municipalnyh nuzhd","Category Services. Product built around term 'obsluzhivanie'.","cat_service","sup_023","{""keyword"":""obsluzhivanie"",""service"":""monthly"",""class"":""office""}","active","2026-03-16T19:29:33.9931988Z"
"ste_000808","Tekhnicheskoe obsluzhivanie autsorsing pod klyuch","Category Services. Product built around term 'autsorsing'.","cat_service","sup_016","{""keyword"":""autsorsing"",""service"":""quarterly"",""class"":""it""}","active","2026-03-24T19:29:33.9931988Z"
"ste_000809","Kompleksnaya postavka noutbuk dlya ofisov","Category IT and Equipment. Product built around term 'noutbuk'.","cat_it","sup_024","{""keyword"":""noutbuk"",""service"":""monitoring"",""class"":""rack""}","active","2025-11-30T19:29:33.9931988Z"
"ste_000810","Postavka kartridzh pod klyuch","Category Office and Supplies. Product built around term 'kartridzh'.","cat_office","sup_023","{""keyword"":""kartridzh"",""service"":""premium"",""class"":""laser""}","active","2026-01-16T19:29:33.9931988Z"
"ste_000811","Tekhnicheskoe obsluzhivanie obsluzhivanie dlya ofisov","Category Services. Product built around term 'obsluzhivanie'.","cat_service","sup_027","{""keyword"":""obsluzhivanie"",""service"":""monthly"",""class"":""office""}","active","2026-01-28T19:29:33.9931988Z"
"ste_000812","Postavka passazhirskie perevozki dlya municipalnyh nuzhd","Category Transport. Product built around term 'passazhirskie perevozki'.","cat_transport","sup_030","{""keyword"":""passazhirskie perevozki"",""service"":""fleet_support"",""class"":""charter""}","active","2026-01-15T19:29:33.9931988Z"
"ste_000813","Arenda kartridzh pod klyuch","Category Office and Supplies. Product built around term 'kartridzh'.","cat_office","sup_029","{""keyword"":""kartridzh"",""service"":""standard"",""class"":""ergonomic""}","active","2026-03-09T19:29:33.9931988Z"
"ste_000814","Tekhnicheskoe obsluzhivanie passazhirskie perevozki s dostavkoy","Category Transport. Product built around term 'passazhirskie perevozki'.","cat_transport","sup_015","{""keyword"":""passazhirskie perevozki"",""service"":""route_planning"",""class"":""charter""}","active","2026-01-20T19:29:33.9931988Z"
"ste_000815","Kompleksnaya postavka ofisnaya mebel dlya infrastruktury","Category Office and Supplies. Product built around term 'ofisnaya mebel'.","cat_office","sup_017","{""keyword"":""ofisnaya mebel"",""service"":""premium"",""class"":""a4""}","active","2026-03-21T19:29:33.9931988Z"
"ste_000816","Arenda passazhirskie perevozki dlya municipalnyh nuzhd","Category Transport. Product built around term 'passazhirskie perevozki'.","cat_transport","sup_015","{""keyword"":""passazhirskie perevozki"",""service"":""rent"",""class"":""school""}","active","2026-03-26T19:29:33.9931988Z"
"ste_000817","Usluga arenda transporta dlya municipalnyh nuzhd","Category Transport. Product built around term 'arenda transporta'.","cat_transport","sup_030","{""keyword"":""arenda transporta"",""service"":""fleet_support"",""class"":""charter""}","active","2026-01-28T19:29:33.9931988Z"
"ste_000818","Tekhnicheskoe obsluzhivanie avtobus dlya ofisov","Category Transport. Product built around term 'avtobus'.","cat_transport","sup_025","{""keyword"":""avtobus"",""service"":""route_planning"",""class"":""charter""}","active","2026-03-26T19:29:33.9931988Z"
"ste_000819","Kompleksnaya postavka kanctovary pod klyuch","Category Office and Supplies. Product built around term 'kanctovary'.","cat_office","sup_016","{""keyword"":""kanctovary"",""service"":""bulk"",""class"":""a3""}","active","2026-03-07T19:29:33.9931988Z"
"ste_000820","Postavka kommutator pod klyuch","Category IT and Equipment. Product built around term 'kommutator'.","cat_it","sup_022","{""keyword"":""kommutator"",""service"":""maintenance"",""class"":""edge""}","active","2026-01-21T19:29:33.9931988Z"
"ste_000821","Postavka logistika dlya municipalnyh nuzhd","Category Transport. Product built around term 'logistika'.","cat_transport","sup_015","{""keyword"":""logistika"",""service"":""fleet_support"",""class"":""city""}","active","2026-01-22T19:29:33.9931988Z"
"ste_000822","Usluga noutbuk s dostavkoy","Category IT and Equipment. Product built around term 'noutbuk'.","cat_it","sup_003","{""keyword"":""noutbuk"",""service"":""maintenance"",""class"":""rack""}","active","2026-01-08T19:29:33.9931988Z"
"ste_000823","Kompleksnaya postavka server dlya ofisov","Category IT and Equipment. Product built around term 'server'.","cat_it","sup_018","{""keyword"":""server"",""service"":""supply"",""class"":""tower""}","active","2026-03-01T19:29:33.9931988Z"
"ste_000824","Usluga server dlya ofisov","Category IT and Equipment. Product built around term 'server'.","cat_it","sup_020","{""keyword"":""server"",""service"":""monitoring"",""class"":""rack""}","active","2026-02-21T19:29:33.9931988Z"
"ste_000825","Kompleksnaya postavka passazhirskie perevozki dlya municipalnyh nuzhd","Category Transport. Product built around term 'passazhirskie perevozki'.","cat_transport","sup_015","{""keyword"":""passazhirskie perevozki"",""service"":""route_planning"",""class"":""intercity""}","active","2026-01-07T19:29:33.9931988Z"
"ste_000826","Usluga kommutator pod klyuch","Category IT and Equipment. Product built around term 'kommutator'.","cat_it","sup_023","{""keyword"":""kommutator"",""service"":""maintenance"",""class"":""tower""}","active","2026-02-08T19:29:33.9931988Z"
"ste_000827","Usluga setevoe oborudovanie dlya ofisov","Category IT and Equipment. Product built around term 'setevoe oborudovanie'.","cat_it","sup_012","{""keyword"":""setevoe oborudovanie"",""service"":""supply"",""class"":""rack""}","active","2026-01-25T19:29:33.9931988Z"
"ste_000828","Kompleksnaya postavka tehpodderzhka s dostavkoy","Category Services. Product built around term 'tehpodderzhka'.","cat_service","sup_004","{""keyword"":""tehpodderzhka"",""service"":""quarterly"",""class"":""it""}","active","2026-01-23T19:29:33.9931988Z"
"ste_000829","Postavka kartridzh dlya ofisov","Category Office and Supplies. Product built around term 'kartridzh'.","cat_office","sup_025","{""keyword"":""kartridzh"",""service"":""standard"",""class"":""laser""}","active","2026-02-17T19:29:33.9931988Z"
"ste_000830","Tekhnicheskoe obsluzhivanie kommutator dlya ofisov","Category IT and Equipment. Product built around term 'kommutator'.","cat_it","sup_023","{""keyword"":""kommutator"",""service"":""maintenance"",""class"":""edge""}","active","2025-12-31T19:29:33.9931988Z"
"ste_000831","Kompleksnaya postavka noutbuk pod klyuch","Category IT and Equipment. Product built around term 'noutbuk'.","cat_it","sup_026","{""keyword"":""noutbuk"",""service"":""supply"",""class"":""tower""}","active","2026-03-03T19:29:33.9931988Z"
"ste_000832","Kompleksnaya postavka soprovozhdenie s dostavkoy","Category Services. Product built around term 'soprovozhdenie'.","cat_service","sup_030","{""keyword"":""soprovozhdenie"",""service"":""quarterly"",""class"":""it""}","active","2026-03-19T19:29:33.9931988Z"
"ste_000833","Usluga autsorsing dlya infrastruktury","Category Services. Product built around term 'autsorsing'.","cat_service","sup_003","{""keyword"":""autsorsing"",""service"":""on_demand"",""class"":""facility""}","active","2026-01-24T19:29:33.9931988Z"
"ste_000834","Arenda kanctovary dlya infrastruktury","Category Office and Supplies. Product built around term 'kanctovary'.","cat_office","sup_014","{""keyword"":""kanctovary"",""service"":""premium"",""class"":""a3""}","active","2026-01-20T19:29:33.9931988Z"
"ste_000835","Usluga noutbuk s dostavkoy","Category IT and Equipment. Product built around term 'noutbuk'.","cat_it","sup_029","{""keyword"":""noutbuk"",""service"":""monitoring"",""class"":""rack""}","active","2025-12-06T19:29:33.9931988Z"
"ste_000836","Tekhnicheskoe obsluzhivanie logistika pod klyuch","Category Transport. Product built around term 'logistika'.","cat_transport","sup_005","{""keyword"":""logistika"",""service"":""fleet_support"",""class"":""charter""}","active","2026-03-18T19:29:33.9931988Z"
"ste_000837","Arenda kommutator dlya infrastruktury","Category IT and Equipment. Product built around term 'kommutator'.","cat_it","sup_014","{""keyword"":""kommutator"",""service"":""supply"",""class"":""rack""}","active","2026-02-16T19:29:33.9931988Z"
"ste_000838","Kompleksnaya postavka kommutator dlya infrastruktury","Category IT and Equipment. Product built around term 'kommutator'.","cat_it","sup_013","{""keyword"":""kommutator"",""service"":""maintenance"",""class"":""edge""}","active","2026-02-18T19:29:33.9931988Z"
"ste_000839","Arenda mikroavtobus s dostavkoy","Category Transport. Product built around term 'mikroavtobus'.","cat_transport","sup_019","{""keyword"":""mikroavtobus"",""service"":""rent"",""class"":""school""}","active","2026-01-25T19:29:33.9931988Z"
"ste_000840","Usluga arenda transporta pod klyuch","Category Transport. Product built around term 'arenda transporta'.","cat_transport","sup_017","{""keyword"":""arenda transporta"",""service"":""rent"",""class"":""charter""}","active","2026-01-12T19:29:33.9931988Z"
"ste_000841","Arenda tehpodderzhka pod klyuch","Category Services. Product built around term 'tehpodderzhka'.","cat_service","sup_006","{""keyword"":""tehpodderzhka"",""service"":""monthly"",""class"":""office""}","active","2026-01-05T19:29:33.9931988Z"
"ste_000842","Tekhnicheskoe obsluzhivanie soprovozhdenie s dostavkoy","Category Services. Product built around term 'soprovozhdenie'.","cat_service","sup_001","{""keyword"":""soprovozhdenie"",""service"":""quarterly"",""class"":""it""}","active","2026-01-01T19:29:33.9931988Z"
"ste_000843","Kompleksnaya postavka arenda transporta dlya ofisov","Category Transport. Product built around term 'arenda transporta'.","cat_transport","sup_002","{""keyword"":""arenda transporta"",""service"":""route_planning"",""class"":""intercity""}","active","2026-02-11T19:29:33.9931988Z"
"ste_000844","Kompleksnaya postavka noutbuk dlya infrastruktury","Category IT and Equipment. Product built around term 'noutbuk'.","cat_it","sup_026","{""keyword"":""noutbuk"",""service"":""maintenance"",""class"":""edge""}","active","2026-03-09T19:29:33.9931988Z"
"ste_000845","Usluga arenda transporta s dostavkoy","Category Transport. Product built around term 'arenda transporta'.","cat_transport","sup_013","{""keyword"":""arenda transporta"",""service"":""fleet_support"",""class"":""city""}","active","2026-02-20T19:29:33.9931988Z"
"ste_000846","Usluga mikroavtobus dlya ofisov","Category Transport. Product built around term 'mikroavtobus'.","cat_transport","sup_019","{""keyword"":""mikroavtobus"",""service"":""route_planning"",""class"":""school""}","active","2025-12-11T19:29:33.9931988Z"
"ste_000847","Tekhnicheskoe obsluzhivanie setevoe oborudovanie dlya municipalnyh nuzhd","Category IT and Equipment. Product built around term 'setevoe oborudovanie'.","cat_it","sup_029","{""keyword"":""setevoe oborudovanie"",""service"":""supply"",""class"":""edge""}","active","2026-03-27T19:29:33.9931988Z"
"ste_000848","Usluga rabochaya stanciya dlya ofisov","Category IT and Equipment. Product built around term 'rabochaya stanciya'.","cat_it","sup_019","{""keyword"":""rabochaya stanciya"",""service"":""maintenance"",""class"":""edge""}","active","2026-02-26T19:29:33.9931988Z"
"ste_000849","Postavka autsorsing dlya infrastruktury","Category Services. Product built around term 'autsorsing'.","cat_service","sup_022","{""keyword"":""autsorsing"",""service"":""on_demand"",""class"":""office""}","active","2025-12-15T19:29:33.9931988Z"
"ste_000850","Postavka tehpodderzhka dlya ofisov","Category Services. Product built around term 'tehpodderzhka'.","cat_service","sup_004","{""keyword"":""tehpodderzhka"",""service"":""monthly"",""class"":""office""}","active","2026-02-13T19:29:33.9931988Z"
"ste_000851","Tekhnicheskoe obsluzhivanie ofisnaya mebel dlya municipalnyh nuzhd","Category Office and Supplies. Product built around term 'ofisnaya mebel'.","cat_office","sup_025","{""keyword"":""ofisnaya mebel"",""service"":""premium"",""class"":""laser""}","active","2026-01-29T19:29:33.9931988Z"
"ste_000852","Usluga noutbuk s dostavkoy","Category IT and Equipment. Product built around term 'noutbuk'.","cat_it","sup_013","{""keyword"":""noutbuk"",""service"":""supply"",""class"":""tower""}","active","2026-01-24T19:29:33.9931988Z"
"ste_000853","Postavka logistika s dostavkoy","Category Transport. Product built around term 'logistika'.","cat_transport","sup_023","{""keyword"":""logistika"",""service"":""route_planning"",""class"":""city""}","active","2026-01-25T19:29:33.9931988Z"
"ste_000854","Arenda tehpodderzhka dlya municipalnyh nuzhd","Category Services. Product built around term 'tehpodderzhka'.","cat_service","sup_021","{""keyword"":""tehpodderzhka"",""service"":""monthly"",""class"":""office""}","active","2026-03-08T19:29:33.9931988Z"
"ste_000855","Postavka passazhirskie perevozki s dostavkoy","Category Transport. Product built around term 'passazhirskie perevozki'.","cat_transport","sup_004","{""keyword"":""passazhirskie perevozki"",""service"":""rent"",""class"":""intercity""}","active","2026-01-27T19:29:33.9931988Z"
"ste_000856","Arenda printer pod klyuch","Category Office and Supplies. Product built around term 'printer'.","cat_office","sup_003","{""keyword"":""printer"",""service"":""standard"",""class"":""a3""}","active","2026-01-22T19:29:33.9931988Z"
"ste_000857","Postavka soprovozhdenie dlya ofisov","Category Services. Product built around term 'soprovozhdenie'.","cat_service","sup_010","{""keyword"":""soprovozhdenie"",""service"":""monthly"",""class"":""office""}","active","2025-12-15T19:29:33.9931988Z"
"ste_000858","Postavka kanctovary pod klyuch","Category Office and Supplies. Product built around term 'kanctovary'.","cat_office","sup_013","{""keyword"":""kanctovary"",""service"":""bulk"",""class"":""a3""}","active","2025-11-28T19:29:33.9931988Z"
"ste_000859","Usluga ofisnaya mebel dlya infrastruktury","Category Office and Supplies. Product built around term 'ofisnaya mebel'.","cat_office","sup_024","{""keyword"":""ofisnaya mebel"",""service"":""bulk"",""class"":""a4""}","active","2026-03-11T19:29:33.9931988Z"
"ste_000860","Arenda passazhirskie perevozki dlya municipalnyh nuzhd","Category Transport. Product built around term 'passazhirskie perevozki'.","cat_transport","sup_003","{""keyword"":""passazhirskie perevozki"",""service"":""route_planning"",""class"":""city""}","active","2026-02-08T19:29:33.9931988Z"
"ste_000861","Kompleksnaya postavka bumaga s dostavkoy","Category Office and Supplies. Product built around term 'bumaga'.","cat_office","sup_003","{""keyword"":""bumaga"",""service"":""premium"",""class"":""a3""}","active","2025-11-29T19:29:33.9931988Z"
"ste_000862","Postavka setevoe oborudovanie pod klyuch","Category IT and Equipment. Product built around term 'setevoe oborudovanie'.","cat_it","sup_009","{""keyword"":""setevoe oborudovanie"",""service"":""supply"",""class"":""edge""}","active","2026-01-07T19:29:33.9931988Z"
"ste_000863","Tekhnicheskoe obsluzhivanie bumaga pod klyuch","Category Office and Supplies. Product built around term 'bumaga'.","cat_office","sup_003","{""keyword"":""bumaga"",""service"":""premium"",""class"":""ergonomic""}","active","2026-02-08T19:29:33.9931988Z"
"ste_000864","Usluga server dlya infrastruktury","Category IT and Equipment. Product built around term 'server'.","cat_it","sup_009","{""keyword"":""server"",""service"":""maintenance"",""class"":""edge""}","active","2026-01-23T19:29:33.9931988Z"
"ste_000865","Usluga rabochaya stanciya s dostavkoy","Category IT and Equipment. Product built around term 'rabochaya stanciya'.","cat_it","sup_011","{""keyword"":""rabochaya stanciya"",""service"":""maintenance"",""class"":""rack""}","active","2026-01-22T19:29:33.9931988Z"
"ste_000866","Tekhnicheskoe obsluzhivanie server dlya infrastruktury","Category IT and Equipment. Product built around term 'server'.","cat_it","sup_019","{""keyword"":""server"",""service"":""maintenance"",""class"":""edge""}","active","2025-12-27T19:29:33.9931988Z"
"ste_000867","Postavka rabochaya stanciya dlya infrastruktury","Category IT and Equipment. Product built around term 'rabochaya stanciya'.","cat_it","sup_003","{""keyword"":""rabochaya stanciya"",""service"":""monitoring"",""class"":""rack""}","active","2025-12-06T19:29:33.9931988Z"
"ste_000868","Tekhnicheskoe obsluzhivanie printer dlya ofisov","Category Office and Supplies. Product built around term 'printer'.","cat_office","sup_027","{""keyword"":""printer"",""service"":""bulk"",""class"":""a4""}","active","2026-01-04T19:29:33.9931988Z"
"ste_000869","Usluga passazhirskie perevozki s dostavkoy","Category Transport. Product built around term 'passazhirskie perevozki'.","cat_transport","sup_018","{""keyword"":""passazhirskie perevozki"",""service"":""rent"",""class"":""charter""}","active","2026-03-04T19:29:33.9931988Z"
"ste_000870","Tekhnicheskoe obsluzhivanie kartridzh dlya infrastruktury","Category Office and Supplies. Product built around term 'kartridzh'.","cat_office","sup_012","{""keyword"":""kartridzh"",""service"":""standard"",""class"":""ergonomic""}","active","2026-01-01T19:29:33.9931988Z"
"ste_000871","Tekhnicheskoe obsluzhivanie rabochaya stanciya dlya infrastruktury","Category IT and Equipment. Product built around term 'rabochaya stanciya'.","cat_it","sup_021","{""keyword"":""rabochaya stanciya"",""service"":""supply"",""class"":""rack""}","active","2026-03-04T19:29:33.9931988Z"
"ste_000872","Tekhnicheskoe obsluzhivanie bumaga dlya infrastruktury","Category Office and Supplies. Product built around term 'bumaga'.","cat_office","sup_017","{""keyword"":""bumaga"",""service"":""standard"",""class"":""ergonomic""}","active","2026-01-27T19:29:33.9931988Z"
"ste_000873","Tekhnicheskoe obsluzhivanie kanctovary dlya ofisov","Category Office and Supplies. Product built around term 'kanctovary'.","cat_office","sup_029","{""keyword"":""kanctovary"",""service"":""premium"",""class"":""a3""}","active","2026-02-01T19:29:33.9931988Z"
"ste_000874","Usluga autsorsing s dostavkoy","Category Services. Product built around term 'autsorsing'.","cat_service","sup_005","{""keyword"":""autsorsing"",""service"":""monthly"",""class"":""office""}","active","2026-01-06T19:29:33.9931988Z"
"ste_000875","Postavka avtobus pod klyuch","Category Transport. Product built around term 'avtobus'.","cat_transport","sup_004","{""keyword"":""avtobus"",""service"":""route_planning"",""class"":""school""}","active","2026-02-27T19:29:33.9931988Z"
"ste_000876","Usluga autsorsing s dostavkoy","Category Services. Product built around term 'autsorsing'.","cat_service","sup_010","{""keyword"":""autsorsing"",""service"":""on_demand"",""class"":""office""}","active","2026-03-02T19:29:33.9931988Z"
"ste_000877","Usluga mikroavtobus dlya infrastruktury","Category Transport. Product built around term 'mikroavtobus'.","cat_transport","sup_015","{""keyword"":""mikroavtobus"",""service"":""route_planning"",""class"":""city""}","active","2026-03-21T19:29:33.9931988Z"
"ste_000878","Arenda noutbuk pod klyuch","Category IT and Equipment. Product built around term 'noutbuk'.","cat_it","sup_024","{""keyword"":""noutbuk"",""service"":""maintenance"",""class"":""rack""}","active","2026-02-09T19:29:33.9931988Z"
"ste_000879","Postavka kartridzh dlya infrastruktury","Category Office and Supplies. Product built around term 'kartridzh'.","cat_office","sup_030","{""keyword"":""kartridzh"",""service"":""premium"",""class"":""laser""}","active","2026-02-13T19:29:33.9931988Z"
"ste_000880","Postavka arenda transporta s dostavkoy","Category Transport. Product built around term 'arenda transporta'.","cat_transport","sup_020","{""keyword"":""arenda transporta"",""service"":""route_planning"",""class"":""charter""}","active","2026-02-11T19:29:33.9931988Z"
"ste_000881","Kompleksnaya postavka kommutator dlya municipalnyh nuzhd","Category IT and Equipment. Product built around term 'kommutator'.","cat_it","sup_001","{""keyword"":""kommutator"",""service"":""supply"",""class"":""tower""}","active","2025-11-28T19:29:33.9931988Z"
"ste_000882","Postavka logistika s dostavkoy","Category Transport. Product built around term 'logistika'.","cat_transport","sup_001","{""keyword"":""logistika"",""service"":""route_planning"",""class"":""intercity""}","active","2026-03-24T19:29:33.9931988Z"
"ste_000883","Postavka mikroavtobus dlya infrastruktury","Category Transport. Product built around term 'mikroavtobus'.","cat_transport","sup_006","{""keyword"":""mikroavtobus"",""service"":""fleet_support"",""class"":""intercity""}","active","2026-02-13T19:29:33.9931988Z"
"ste_000884","Usluga obsluzhivanie dlya infrastruktury","Category Services. Product built around term 'obsluzhivanie'.","cat_service","sup_028","{""keyword"":""obsluzhivanie"",""service"":""monthly"",""class"":""it""}","active","2025-12-16T19:29:33.9931988Z"
"ste_000885","Arenda logistika dlya infrastruktury","Category Transport. Product built around term 'logistika'.","cat_transport","sup_029","{""keyword"":""logistika"",""service"":""route_planning"",""class"":""city""}","active","2026-03-03T19:29:33.9931988Z"
"ste_000886","Postavka bumaga dlya ofisov","Category Office and Supplies. Product built around term 'bumaga'.","cat_office","sup_021","{""keyword"":""bumaga"",""service"":""bulk"",""class"":""ergonomic""}","active","2026-03-11T19:29:33.9931988Z"
"ste_000887","Usluga obsluzhivanie pod klyuch","Category Services. Product built around term 'obsluzhivanie'.","cat_service","sup_007","{""keyword"":""obsluzhivanie"",""service"":""quarterly"",""class"":""office""}","active","2026-01-17T19:29:33.9931988Z"
"ste_000888","Tekhnicheskoe obsluzhivanie mikroavtobus s dostavkoy","Category Transport. Product built around term 'mikroavtobus'.","cat_transport","sup_004","{""keyword"":""mikroavtobus"",""service"":""route_planning"",""class"":""charter""}","active","2025-12-18T19:29:33.9931988Z"
"ste_000889","Tekhnicheskoe obsluzhivanie soprovozhdenie pod klyuch","Category Services. Product built around term 'soprovozhdenie'.","cat_service","sup_024","{""keyword"":""soprovozhdenie"",""service"":""monthly"",""class"":""office""}","active","2026-03-26T19:29:33.9931988Z"
"ste_000890","Kompleksnaya postavka bumaga pod klyuch","Category Office and Supplies. Product built around term 'bumaga'.","cat_office","sup_001","{""keyword"":""bumaga"",""service"":""premium"",""class"":""a4""}","active","2026-03-26T19:29:33.9931988Z"
"ste_000891","Arenda mikroavtobus dlya municipalnyh nuzhd","Category Transport. Product built around term 'mikroavtobus'.","cat_transport","sup_009","{""keyword"":""mikroavtobus"",""service"":""fleet_support"",""class"":""school""}","active","2026-01-19T19:29:33.9931988Z"
"ste_000892","Kompleksnaya postavka tehpodderzhka s dostavkoy","Category Services. Product built around term 'tehpodderzhka'.","cat_service","sup_024","{""keyword"":""tehpodderzhka"",""service"":""monthly"",""class"":""it""}","active","2025-12-13T19:29:33.9931988Z"
"ste_000893","Arenda autsorsing dlya municipalnyh nuzhd","Category Services. Product built around term 'autsorsing'.","cat_service","sup_019","{""keyword"":""autsorsing"",""service"":""on_demand"",""class"":""facility""}","active","2026-01-03T19:29:33.9931988Z"
"ste_000894","Usluga logistika dlya ofisov","Category Transport. Product built around term 'logistika'.","cat_transport","sup_028","{""keyword"":""logistika"",""service"":""fleet_support"",""class"":""intercity""}","active","2026-01-13T19:29:33.9931988Z"
"ste_000895","Postavka avtobus dlya infrastruktury","Category Transport. Product built around term 'avtobus'.","cat_transport","sup_003","{""keyword"":""avtobus"",""service"":""route_planning"",""class"":""charter""}","active","2026-03-11T19:29:33.9931988Z"
"ste_000896","Postavka rabochaya stanciya dlya municipalnyh nuzhd","Category IT and Equipment. Product built around term 'rabochaya stanciya'.","cat_it","sup_028","{""keyword"":""rabochaya stanciya"",""service"":""maintenance"",""class"":""tower""}","active","2026-03-04T19:29:33.9931988Z"
"ste_000897","Usluga ofisnaya mebel s dostavkoy","Category Office and Supplies. Product built around term 'ofisnaya mebel'.","cat_office","sup_006","{""keyword"":""ofisnaya mebel"",""service"":""premium"",""class"":""a4""}","active","2026-03-27T19:29:33.9931988Z"
"ste_000898","Postavka setevoe oborudovanie dlya infrastruktury","Category IT and Equipment. Product built around term 'setevoe oborudovanie'.","cat_it","sup_003","{""keyword"":""setevoe oborudovanie"",""service"":""monitoring"",""class"":""rack""}","active","2026-03-25T19:29:33.9931988Z"
"ste_000899","Arenda kartridzh dlya municipalnyh nuzhd","Category Office and Supplies. Product built around term 'kartridzh'.","cat_office","sup_013","{""keyword"":""kartridzh"",""service"":""standard"",""class"":""ergonomic""}","active","2026-01-26T19:29:33.9931988Z"
"ste_000900","Usluga autsorsing s dostavkoy","Category Services. Product built around term 'autsorsing'.","cat_service","sup_015","{""keyword"":""autsorsing"",""service"":""quarterly"",""class"":""office""}","active","2025-12-02T19:29:33.9931988Z"
"ste_000901","Usluga ofisnaya mebel pod klyuch","Category Office and Supplies. Product built around term 'ofisnaya mebel'.","cat_office","sup_012","{""keyword"":""ofisnaya mebel"",""service"":""premium"",""class"":""laser""}","active","2025-12-05T19:29:33.9931988Z"
"ste_000902","Tekhnicheskoe obsluzhivanie klining dlya infrastruktury","Category Services. Product built around term 'klining'.","cat_service","sup_030","{""keyword"":""klining"",""service"":""on_demand"",""class"":""office""}","active","2025-12-08T19:29:33.9931988Z"
"ste_000903","Tekhnicheskoe obsluzhivanie klining dlya ofisov","Category Services. Product built around term 'klining'.","cat_service","sup_012","{""keyword"":""klining"",""service"":""quarterly"",""class"":""office""}","active","2026-03-18T19:29:33.9931988Z"
"ste_000904","Usluga rabochaya stanciya pod klyuch","Category IT and Equipment. Product built around term 'rabochaya stanciya'.","cat_it","sup_010","{""keyword"":""rabochaya stanciya"",""service"":""supply"",""class"":""tower""}","active","2026-02-11T19:29:33.9931988Z"
"ste_000905","Usluga autsorsing dlya infrastruktury","Category Services. Product built around term 'autsorsing'.","cat_service","sup_007","{""keyword"":""autsorsing"",""service"":""monthly"",""class"":""facility""}","active","2026-01-12T19:29:33.9931988Z"
"ste_000906","Usluga kommutator s dostavkoy","Category IT and Equipment. Product built around term 'kommutator'.","cat_it","sup_006","{""keyword"":""kommutator"",""service"":""monitoring"",""class"":""edge""}","active","2026-01-18T19:29:33.9931988Z"
"ste_000907","Tekhnicheskoe obsluzhivanie avtobus dlya infrastruktury","Category Transport. Product built around term 'avtobus'.","cat_transport","sup_016","{""keyword"":""avtobus"",""service"":""route_planning"",""class"":""school""}","active","2026-01-14T19:29:33.9931988Z"
"ste_000908","Tekhnicheskoe obsluzhivanie kanctovary dlya ofisov","Category Office and Supplies. Product built around term 'kanctovary'.","cat_office","sup_025","{""keyword"":""kanctovary"",""service"":""bulk"",""class"":""a4""}","active","2025-12-30T19:29:33.9931988Z"
"ste_000909","Postavka kanctovary dlya municipalnyh nuzhd","Category Office and Supplies. Product built around term 'kanctovary'.","cat_office","sup_017","{""keyword"":""kanctovary"",""service"":""bulk"",""class"":""a3""}","active","2025-12-16T19:29:33.9931988Z"
"ste_000910","Kompleksnaya postavka logistika s dostavkoy","Category Transport. Product built around term 'logistika'.","cat_transport","sup_020","{""keyword"":""logistika"",""service"":""rent"",""class"":""city""}","active","2025-12-13T19:29:33.9931988Z"
"ste_000911","Tekhnicheskoe obsluzhivanie klining dlya ofisov","Category Services. Product built around term 'klining'.","cat_service","sup_019","{""keyword"":""klining"",""service"":""quarterly"",""class"":""facility""}","active","2026-03-25T19:29:33.9931988Z"
"ste_000912","Tekhnicheskoe obsluzhivanie autsorsing pod klyuch","Category Services. Product built around term 'autsorsing'.","cat_service","sup_012","{""keyword"":""autsorsing"",""service"":""on_demand"",""class"":""office""}","active","2026-01-03T19:29:33.9931988Z"
"ste_000913","Kompleksnaya postavka server s dostavkoy","Category IT and Equipment. Product built around term 'server'.","cat_it","sup_005","{""keyword"":""server"",""service"":""monitoring"",""class"":""edge""}","active","2026-03-04T19:29:33.9931988Z"
"ste_000914","Tekhnicheskoe obsluzhivanie kanctovary pod klyuch","Category Office and Supplies. Product built around term 'kanctovary'.","cat_office","sup_008","{""keyword"":""kanctovary"",""service"":""bulk"",""class"":""a3""}","active","2026-01-29T19:29:33.9931988Z"
"ste_000915","Kompleksnaya postavka klining pod klyuch","Category Services. Product built around term 'klining'.","cat_service","sup_023","{""keyword"":""klining"",""service"":""on_demand"",""class"":""facility""}","active","2026-03-17T19:29:33.9931988Z"
"ste_000916","Postavka klining dlya ofisov","Category Services. Product built around term 'klining'.","cat_service","sup_026","{""keyword"":""klining"",""service"":""on_demand"",""class"":""facility""}","active","2026-02-06T19:29:33.9931988Z"
"ste_000917","Kompleksnaya postavka obsluzhivanie dlya ofisov","Category Services. Product built around term 'obsluzhivanie'.","cat_service","sup_028","{""keyword"":""obsluzhivanie"",""service"":""monthly"",""class"":""it""}","active","2026-01-19T19:29:33.9931988Z"
"ste_000918","Tekhnicheskoe obsluzhivanie printer dlya infrastruktury","Category Office and Supplies. Product built around term 'printer'.","cat_office","sup_007","{""keyword"":""printer"",""service"":""premium"",""class"":""ergonomic""}","active","2026-03-04T19:29:33.9931988Z"
"ste_000919","Usluga autsorsing s dostavkoy","Category Services. Product built around term 'autsorsing'.","cat_service","sup_026","{""keyword"":""autsorsing"",""service"":""quarterly"",""class"":""office""}","active","2026-02-20T19:29:33.9931988Z"
"ste_000920","Postavka passazhirskie perevozki dlya infrastruktury","Category Transport. Product built around term 'passazhirskie perevozki'.","cat_transport","sup_004","{""keyword"":""passazhirskie perevozki"",""service"":""route_planning"",""class"":""charter""}","active","2026-02-06T19:29:33.9931988Z"
"ste_000921","Tekhnicheskoe obsluzhivanie autsorsing dlya municipalnyh nuzhd","Category Services. Product built around term 'autsorsing'.","cat_service","sup_005","{""keyword"":""autsorsing"",""service"":""quarterly"",""class"":""office""}","active","2025-11-30T19:29:33.9931988Z"
"ste_000922","Kompleksnaya postavka printer pod klyuch","Category Office and Supplies. Product built around term 'printer'.","cat_office","sup_005","{""keyword"":""printer"",""service"":""bulk"",""class"":""laser""}","active","2025-12-28T19:29:33.9931988Z"
"ste_000923","Postavka avtobus pod klyuch","Category Transport. Product built around term 'avtobus'.","cat_transport","sup_024","{""keyword"":""avtobus"",""service"":""rent"",""class"":""charter""}","active","2026-03-17T19:29:33.9931988Z"
"ste_000924","Postavka setevoe oborudovanie dlya infrastruktury","Category IT and Equipment. Product built around term 'setevoe oborudovanie'.","cat_it","sup_013","{""keyword"":""setevoe oborudovanie"",""service"":""monitoring"",""class"":""edge""}","active","2026-01-21T19:29:33.9931988Z"
"ste_000925","Kompleksnaya postavka mikroavtobus dlya municipalnyh nuzhd","Category Transport. Product built around term 'mikroavtobus'.","cat_transport","sup_011","{""keyword"":""mikroavtobus"",""service"":""fleet_support"",""class"":""charter""}","active","2026-03-01T19:29:33.9931988Z"
"ste_000926","Usluga mikroavtobus dlya ofisov","Category Transport. Product built around term 'mikroavtobus'.","cat_transport","sup_021","{""keyword"":""mikroavtobus"",""service"":""rent"",""class"":""charter""}","active","2025-12-14T19:29:33.9931988Z"
"ste_000927","Arenda printer dlya infrastruktury","Category Office and Supplies. Product built around term 'printer'.","cat_office","sup_012","{""keyword"":""printer"",""service"":""premium"",""class"":""a3""}","active","2025-12-07T19:29:33.9931988Z"
"ste_000928","Usluga kartridzh s dostavkoy","Category Office and Supplies. Product built around term 'kartridzh'.","cat_office","sup_002","{""keyword"":""kartridzh"",""service"":""bulk"",""class"":""a3""}","active","2025-12-03T19:29:33.9931988Z"
"ste_000929","Usluga kanctovary dlya ofisov","Category Office and Supplies. Product built around term 'kanctovary'.","cat_office","sup_012","{""keyword"":""kanctovary"",""service"":""standard"",""class"":""a3""}","active","2025-12-03T19:29:33.9931988Z"
"ste_000930","Postavka mikroavtobus dlya infrastruktury","Category Transport. Product built around term 'mikroavtobus'.","cat_transport","sup_008","{""keyword"":""mikroavtobus"",""service"":""rent"",""class"":""charter""}","active","2026-01-18T19:29:33.9931988Z"
"ste_000931","Postavka mikroavtobus dlya ofisov","Category Transport. Product built around term 'mikroavtobus'.","cat_transport","sup_028","{""keyword"":""mikroavtobus"",""service"":""rent"",""class"":""charter""}","active","2026-03-27T19:29:33.9931988Z"
"ste_000932","Postavka mikroavtobus dlya ofisov","Category Transport. Product built around term 'mikroavtobus'.","cat_transport","sup_022","{""keyword"":""mikroavtobus"",""service"":""fleet_support"",""class"":""school""}","active","2026-02-27T19:29:33.9931988Z"
"ste_000933","Usluga avtobus pod klyuch","Category Transport. Product built around term 'avtobus'.","cat_transport","sup_029","{""keyword"":""avtobus"",""service"":""route_planning"",""class"":""intercity""}","active","2025-12-17T19:29:33.9931988Z"
"ste_000934","Kompleksnaya postavka kanctovary dlya infrastruktury","Category Office and Supplies. Product built around term 'kanctovary'.","cat_office","sup_017","{""keyword"":""kanctovary"",""service"":""standard"",""class"":""ergonomic""}","active","2025-11-29T19:29:33.9931988Z"
"ste_000935","Postavka kanctovary dlya infrastruktury","Category Office and Supplies. Product built around term 'kanctovary'.","cat_office","sup_019","{""keyword"":""kanctovary"",""service"":""premium"",""class"":""a4""}","active","2026-01-19T19:29:33.9931988Z"
"ste_000936","Kompleksnaya postavka avtobus dlya infrastruktury","Category Transport. Product built around term 'avtobus'.","cat_transport","sup_022","{""keyword"":""avtobus"",""service"":""rent"",""class"":""intercity""}","active","2026-01-17T19:29:33.9931988Z"
"ste_000937","Postavka kanctovary dlya infrastruktury","Category Office and Supplies. Product built around term 'kanctovary'.","cat_office","sup_002","{""keyword"":""kanctovary"",""service"":""premium"",""class"":""a3""}","active","2025-12-09T19:29:33.9931988Z"
"ste_000938","Tekhnicheskoe obsluzhivanie passazhirskie perevozki s dostavkoy","Category Transport. Product built around term 'passazhirskie perevozki'.","cat_transport","sup_026","{""keyword"":""passazhirskie perevozki"",""service"":""fleet_support"",""class"":""charter""}","active","2026-02-26T19:29:33.9931988Z"
"ste_000939","Usluga tehpodderzhka pod klyuch","Category Services. Product built around term 'tehpodderzhka'.","cat_service","sup_007","{""keyword"":""tehpodderzhka"",""service"":""monthly"",""class"":""facility""}","active","2026-02-12T19:29:33.9931988Z"
"ste_000940","Usluga klining dlya infrastruktury","Category Services. Product built around term 'klining'.","cat_service","sup_011","{""keyword"":""klining"",""service"":""on_demand"",""class"":""it""}","active","2025-12-18T19:29:33.9931988Z"
"ste_000941","Arenda tehpodderzhka dlya municipalnyh nuzhd","Category Services. Product built around term 'tehpodderzhka'.","cat_service","sup_009","{""keyword"":""tehpodderzhka"",""service"":""monthly"",""class"":""it""}","active","2026-01-05T19:29:33.9931988Z"
"ste_000942","Usluga kanctovary dlya infrastruktury","Category Office and Supplies. Product built around term 'kanctovary'.","cat_office","sup_002","{""keyword"":""kanctovary"",""service"":""bulk"",""class"":""ergonomic""}","active","2026-02-25T19:29:33.9931988Z"
"ste_000943","Usluga soprovozhdenie dlya municipalnyh nuzhd","Category Services. Product built around term 'soprovozhdenie'.","cat_service","sup_027","{""keyword"":""soprovozhdenie"",""service"":""on_demand"",""class"":""office""}","active","2025-12-14T19:29:33.9931988Z"
"ste_000944","Postavka klining dlya ofisov","Category Services. Product built around term 'klining'.","cat_service","sup_002","{""keyword"":""klining"",""service"":""on_demand"",""class"":""facility""}","active","2026-01-17T19:29:33.9931988Z"
"ste_000945","Usluga kanctovary dlya municipalnyh nuzhd","Category Office and Supplies. Product built around term 'kanctovary'.","cat_office","sup_023","{""keyword"":""kanctovary"",""service"":""standard"",""class"":""laser""}","active","2026-02-08T19:29:33.9931988Z"
"ste_000946","Tekhnicheskoe obsluzhivanie mikroavtobus dlya ofisov","Category Transport. Product built around term 'mikroavtobus'.","cat_transport","sup_003","{""keyword"":""mikroavtobus"",""service"":""route_planning"",""class"":""intercity""}","active","2026-03-18T19:29:33.9931988Z"
"ste_000947","Tekhnicheskoe obsluzhivanie mikroavtobus dlya infrastruktury","Category Transport. Product built around term 'mikroavtobus'.","cat_transport","sup_009","{""keyword"":""mikroavtobus"",""service"":""route_planning"",""class"":""city""}","active","2026-01-16T19:29:33.9931988Z"
"ste_000948","Postavka kanctovary dlya infrastruktury","Category Office and Supplies. Product built around term 'kanctovary'.","cat_office","sup_016","{""keyword"":""kanctovary"",""service"":""premium"",""class"":""a3""}","active","2026-03-25T19:29:33.9931988Z"
"ste_000949","Tekhnicheskoe obsluzhivanie klining dlya infrastruktury","Category Services. Product built around term 'klining'.","cat_service","sup_017","{""keyword"":""klining"",""service"":""on_demand"",""class"":""facility""}","active","2026-03-26T19:29:33.9931988Z"
"ste_000950","Postavka server dlya municipalnyh nuzhd","Category IT and Equipment. Product built around term 'server'.","cat_it","sup_029","{""keyword"":""server"",""service"":""monitoring"",""class"":""edge""}","active","2026-01-14T19:29:33.9931988Z"
"ste_000951","Kompleksnaya postavka printer dlya municipalnyh nuzhd","Category Office and Supplies. Product built around term 'printer'.","cat_office","sup_009","{""keyword"":""printer"",""service"":""premium"",""class"":""a3""}","active","2026-02-08T19:29:33.9931988Z"
"ste_000952","Kompleksnaya postavka kommutator dlya infrastruktury","Category IT and Equipment. Product built around term 'kommutator'.","cat_it","sup_015","{""keyword"":""kommutator"",""service"":""maintenance"",""class"":""tower""}","active","2026-01-15T19:29:33.9931988Z"
"ste_000953","Usluga noutbuk dlya municipalnyh nuzhd","Category IT and Equipment. Product built around term 'noutbuk'.","cat_it","sup_018","{""keyword"":""noutbuk"",""service"":""monitoring"",""class"":""rack""}","active","2025-11-30T19:29:33.9931988Z"
"ste_000954","Arenda bumaga dlya infrastruktury","Category Office and Supplies. Product built around term 'bumaga'.","cat_office","sup_014","{""keyword"":""bumaga"",""service"":""premium"",""class"":""laser""}","active","2026-01-28T19:29:33.9931988Z"
"ste_000955","Kompleksnaya postavka bumaga dlya municipalnyh nuzhd","Category Office and Supplies. Product built around term 'bumaga'.","cat_office","sup_014","{""keyword"":""bumaga"",""service"":""premium"",""class"":""laser""}","active","2026-03-08T19:29:33.9931988Z"
"ste_000956","Postavka noutbuk s dostavkoy","Category IT and Equipment. Product built around term 'noutbuk'.","cat_it","sup_008","{""keyword"":""noutbuk"",""service"":""supply"",""class"":""rack""}","active","2026-03-02T19:29:33.9931988Z"
"ste_000957","Arenda kanctovary dlya ofisov","Category Office and Supplies. Product built around term 'kanctovary'.","cat_office","sup_014","{""keyword"":""kanctovary"",""service"":""premium"",""class"":""a4""}","active","2026-01-24T19:29:33.9931988Z"
"ste_000958","Tekhnicheskoe obsluzhivanie logistika dlya infrastruktury","Category Transport. Product built around term 'logistika'.","cat_transport","sup_003","{""keyword"":""logistika"",""service"":""route_planning"",""class"":""school""}","active","2025-12-09T19:29:33.9931988Z"
"ste_000959","Usluga autsorsing dlya municipalnyh nuzhd","Category Services. Product built around term 'autsorsing'.","cat_service","sup_015","{""keyword"":""autsorsing"",""service"":""on_demand"",""class"":""it""}","active","2026-02-09T19:29:33.9931988Z"
"ste_000960","Arenda avtobus dlya municipalnyh nuzhd","Category Transport. Product built around term 'avtobus'.","cat_transport","sup_011","{""keyword"":""avtobus"",""service"":""rent"",""class"":""city""}","active","2026-03-25T19:29:33.9931988Z"
"ste_000961","Kompleksnaya postavka klining dlya municipalnyh nuzhd","Category Services. Product built around term 'klining'.","cat_service","sup_003","{""keyword"":""klining"",""service"":""on_demand"",""class"":""it""}","active","2025-12-18T19:29:33.9931988Z"
"ste_000962","Usluga passazhirskie perevozki dlya ofisov","Category Transport. Product built around term 'passazhirskie perevozki'.","cat_transport","sup_025","{""keyword"":""passazhirskie perevozki"",""service"":""rent"",""class"":""school""}","active","2026-03-26T19:29:33.9931988Z"
"ste_000963","Postavka noutbuk dlya ofisov","Category IT and Equipment. Product built around term 'noutbuk'.","cat_it","sup_026","{""keyword"":""noutbuk"",""service"":""monitoring"",""class"":""edge""}","active","2025-12-08T19:29:33.9931988Z"
"ste_000964","Postavka logistika s dostavkoy","Category Transport. Product built around term 'logistika'.","cat_transport","sup_027","{""keyword"":""logistika"",""service"":""rent"",""class"":""city""}","active","2026-01-26T19:29:33.9931988Z"
"ste_000965","Arenda arenda transporta dlya municipalnyh nuzhd","Category Transport. Product built around term 'arenda transporta'.","cat_transport","sup_017","{""keyword"":""arenda transporta"",""service"":""rent"",""class"":""charter""}","active","2026-03-13T19:29:33.9931988Z"
"ste_000966","Usluga rabochaya stanciya pod klyuch","Category IT and Equipment. Product built around term 'rabochaya stanciya'.","cat_it","sup_019","{""keyword"":""rabochaya stanciya"",""service"":""monitoring"",""class"":""tower""}","active","2026-03-08T19:29:33.9931988Z"
"ste_000967","Tekhnicheskoe obsluzhivanie tehpodderzhka s dostavkoy","Category Services. Product built around term 'tehpodderzhka'.","cat_service","sup_026","{""keyword"":""tehpodderzhka"",""service"":""quarterly"",""class"":""it""}","active","2026-02-19T19:29:33.9931988Z"
"ste_000968","Usluga noutbuk s dostavkoy","Category IT and Equipment. Product built around term 'noutbuk'.","cat_it","sup_004","{""keyword"":""noutbuk"",""service"":""maintenance"",""class"":""tower""}","active","2026-02-14T19:29:33.9931988Z"
"ste_000969","Tekhnicheskoe obsluzhivanie logistika pod klyuch","Category Transport. Product built around term 'logistika'.","cat_transport","sup_013","{""keyword"":""logistika"",""service"":""route_planning"",""class"":""school""}","active","2026-01-03T19:29:33.9931988Z"
"ste_000970","Tekhnicheskoe obsluzhivanie autsorsing s dostavkoy","Category Services. Product built around term 'autsorsing'.","cat_service","sup_030","{""keyword"":""autsorsing"",""service"":""quarterly"",""class"":""it""}","active","2025-12-11T19:29:33.9931988Z"
"ste_000971","Postavka arenda transporta s dostavkoy","Category Transport. Product built around term 'arenda transporta'.","cat_transport","sup_003","{""keyword"":""arenda transporta"",""service"":""rent"",""class"":""intercity""}","active","2026-01-30T19:29:33.9931988Z"
"ste_000972","Tekhnicheskoe obsluzhivanie noutbuk dlya infrastruktury","Category IT and Equipment. Product built around term 'noutbuk'.","cat_it","sup_021","{""keyword"":""noutbuk"",""service"":""supply"",""class"":""rack""}","active","2025-12-24T19:29:33.9931988Z"
"ste_000973","Kompleksnaya postavka noutbuk dlya ofisov","Category IT and Equipment. Product built around term 'noutbuk'.","cat_it","sup_005","{""keyword"":""noutbuk"",""service"":""monitoring"",""class"":""tower""}","active","2026-01-10T19:29:33.9931988Z"
"ste_000974","Arenda passazhirskie perevozki dlya municipalnyh nuzhd","Category Transport. Product built around term 'passazhirskie perevozki'.","cat_transport","sup_005","{""keyword"":""passazhirskie perevozki"",""service"":""fleet_support"",""class"":""intercity""}","active","2026-02-13T19:29:33.9931988Z"
"ste_000975","Postavka klining dlya ofisov","Category Services. Product built around term 'klining'.","cat_service","sup_010","{""keyword"":""klining"",""service"":""on_demand"",""class"":""it""}","active","2025-12-02T19:29:33.9931988Z"
"ste_000976","Arenda kartridzh s dostavkoy","Category Office and Supplies. Product built around term 'kartridzh'.","cat_office","sup_013","{""keyword"":""kartridzh"",""service"":""premium"",""class"":""a3""}","active","2026-01-03T19:29:33.9931988Z"
"ste_000977","Kompleksnaya postavka soprovozhdenie dlya infrastruktury","Category Services. Product built around term 'soprovozhdenie'.","cat_service","sup_006","{""keyword"":""soprovozhdenie"",""service"":""quarterly"",""class"":""facility""}","active","2026-03-11T19:29:33.9931988Z"
"ste_000978","Postavka logistika dlya infrastruktury","Category Transport. Product built around term 'logistika'.","cat_transport","sup_010","{""keyword"":""logistika"",""service"":""route_planning"",""class"":""charter""}","active","2026-01-05T19:29:33.9931988Z"
"ste_000979","Postavka ofisnaya mebel s dostavkoy","Category Office and Supplies. Product built around term 'ofisnaya mebel'.","cat_office","sup_009","{""keyword"":""ofisnaya mebel"",""service"":""bulk"",""class"":""a4""}","active","2026-02-03T19:29:33.9931988Z"
"ste_000980","Usluga kanctovary pod klyuch","Category Office and Supplies. Product built around term 'kanctovary'.","cat_office","sup_001","{""keyword"":""kanctovary"",""service"":""premium"",""class"":""ergonomic""}","active","2026-01-26T19:29:33.9931988Z"
"ste_000981","Postavka rabochaya stanciya pod klyuch","Category IT and Equipment. Product built around term 'rabochaya stanciya'.","cat_it","sup_004","{""keyword"":""rabochaya stanciya"",""service"":""supply"",""class"":""edge""}","active","2026-01-04T19:29:33.9931988Z"
"ste_000982","Tekhnicheskoe obsluzhivanie bumaga s dostavkoy","Category Office and Supplies. Product built around term 'bumaga'.","cat_office","sup_028","{""keyword"":""bumaga"",""service"":""premium"",""class"":""ergonomic""}","active","2026-01-19T19:29:33.9931988Z"
"ste_000983","Usluga soprovozhdenie dlya municipalnyh nuzhd","Category Services. Product built around term 'soprovozhdenie'.","cat_service","sup_026","{""keyword"":""soprovozhdenie"",""service"":""quarterly"",""class"":""facility""}","active","2026-02-20T19:29:33.9931988Z"
"ste_000984","Usluga kartridzh dlya municipalnyh nuzhd","Category Office and Supplies. Product built around term 'kartridzh'.","cat_office","sup_014","{""keyword"":""kartridzh"",""service"":""premium"",""class"":""ergonomic""}","active","2025-12-28T19:29:33.9931988Z"
"ste_000985","Tekhnicheskoe obsluzhivanie mikroavtobus dlya infrastruktury","Category Transport. Product built around term 'mikroavtobus'.","cat_transport","sup_024","{""keyword"":""mikroavtobus"",""service"":""route_planning"",""class"":""school""}","active","2025-12-27T19:29:33.9931988Z"
"ste_000986","Tekhnicheskoe obsluzhivanie tehpodderzhka dlya ofisov","Category Services. Product built around term 'tehpodderzhka'.","cat_service","sup_012","{""keyword"":""tehpodderzhka"",""service"":""quarterly"",""class"":""facility""}","active","2026-01-14T19:29:33.9931988Z"
"ste_000987","Kompleksnaya postavka server pod klyuch","Category IT and Equipment. Product built around term 'server'.","cat_it","sup_023","{""keyword"":""server"",""service"":""monitoring"",""class"":""rack""}","active","2026-02-03T19:29:33.9931988Z"
"ste_000988","Postavka kommutator dlya municipalnyh nuzhd","Category IT and Equipment. Product built around term 'kommutator'.","cat_it","sup_006","{""keyword"":""kommutator"",""service"":""maintenance"",""class"":""edge""}","active","2026-01-11T19:29:33.9931988Z"
"ste_000989","Kompleksnaya postavka soprovozhdenie dlya ofisov","Category Services. Product built around term 'soprovozhdenie'.","cat_service","sup_015","{""keyword"":""soprovozhdenie"",""service"":""on_demand"",""class"":""it""}","active","2026-01-26T19:29:33.9931988Z"
"ste_000990","Tekhnicheskoe obsluzhivanie soprovozhdenie dlya infrastruktury","Category Services. Product built around term 'soprovozhdenie'.","cat_service","sup_001","{""keyword"":""soprovozhdenie"",""service"":""on_demand"",""class"":""it""}","active","2026-01-24T19:29:33.9931988Z"
"ste_000991","Postavka obsluzhivanie dlya ofisov","Category Services. Product built around term 'obsluzhivanie'.","cat_service","sup_002","{""keyword"":""obsluzhivanie"",""service"":""quarterly"",""class"":""facility""}","active","2026-01-19T19:29:33.9931988Z"
"ste_000992","Tekhnicheskoe obsluzhivanie noutbuk s dostavkoy","Category IT and Equipment. Product built around term 'noutbuk'.","cat_it","sup_029","{""keyword"":""noutbuk"",""service"":""supply"",""class"":""edge""}","active","2026-02-23T19:29:33.9931988Z"
"ste_000993","Arenda noutbuk dlya ofisov","Category IT and Equipment. Product built around term 'noutbuk'.","cat_it","sup_002","{""keyword"":""noutbuk"",""service"":""monitoring"",""class"":""rack""}","active","2026-02-19T19:29:33.9931988Z"
"ste_000994","Postavka setevoe oborudovanie pod klyuch","Category IT and Equipment. Product built around term 'setevoe oborudovanie'.","cat_it","sup_030","{""keyword"":""setevoe oborudovanie"",""service"":""maintenance"",""class"":""rack""}","active","2025-12-17T19:29:33.9931988Z"
"ste_000995","Tekhnicheskoe obsluzhivanie server dlya infrastruktury","Category IT and Equipment. Product built around term 'server'.","cat_it","sup_018","{""keyword"":""server"",""service"":""maintenance"",""class"":""edge""}","active","2026-01-29T19:29:33.9931988Z"
"ste_000996","Postavka rabochaya stanciya pod klyuch","Category IT and Equipment. Product built around term 'rabochaya stanciya'.","cat_it","sup_025","{""keyword"":""rabochaya stanciya"",""service"":""maintenance"",""class"":""tower""}","active","2026-03-11T19:29:33.9931988Z"
"ste_000997","Arenda kommutator dlya municipalnyh nuzhd","Category IT and Equipment. Product built around term 'kommutator'.","cat_it","sup_003","{""keyword"":""kommutator"",""service"":""monitoring"",""class"":""rack""}","active","2026-02-21T19:29:33.9931988Z"
"ste_000998","Usluga mikroavtobus dlya infrastruktury","Category Transport. Product built around term 'mikroavtobus'.","cat_transport","sup_028","{""keyword"":""mikroavtobus"",""service"":""fleet_support"",""class"":""charter""}","active","2026-02-26T19:29:33.9931988Z"
"ste_000999","Postavka setevoe oborudovanie dlya municipalnyh nuzhd","Category IT and Equipment. Product built around term 'setevoe oborudovanie'.","cat_it","sup_001","{""keyword"":""setevoe oborudovanie"",""service"":""supply"",""class"":""rack""}","active","2025-12-08T19:29:33.9931988Z"
"ste_001000","Postavka passazhirskie perevozki dlya infrastruktury","Category Transport. Product built around term 'passazhirskie perevozki'.","cat_transport","sup_026","{""keyword"":""passazhirskie perevozki"",""service"":""rent"",""class"":""charter""}","active","2026-01-27T19:29:33.9931988Z"
"ste_001001","Tekhnicheskoe obsluzhivanie avtobus s dostavkoy","Category Transport. Product built around term 'avtobus'.","cat_transport","sup_027","{""keyword"":""avtobus"",""service"":""rent"",""class"":""city""}","active","2026-03-10T19:29:33.9931988Z"
"ste_001002","Arenda printer dlya infrastruktury","Category Office and Supplies. Product built around term 'printer'.","cat_office","sup_004","{""keyword"":""printer"",""service"":""bulk"",""class"":""a3""}","active","2026-01-03T19:29:33.9931988Z"
"ste_001003","Usluga tehpodderzhka dlya municipalnyh nuzhd","Category Services. Product built around term 'tehpodderzhka'.","cat_service","sup_002","{""keyword"":""tehpodderzhka"",""service"":""monthly"",""class"":""it""}","active","2026-02-02T19:29:33.9931988Z"
"ste_001004","Usluga autsorsing s dostavkoy","Category Services. Product built around term 'autsorsing'.","cat_service","sup_014","{""keyword"":""autsorsing"",""service"":""quarterly"",""class"":""facility""}","active","2026-01-13T19:29:33.9931988Z"
"ste_001005","Usluga avtobus pod klyuch","Category Transport. Product built around term 'avtobus'.","cat_transport","sup_013","{""keyword"":""avtobus"",""service"":""rent"",""class"":""charter""}","active","2025-12-15T19:29:33.9931988Z"
"ste_001006","Usluga klining dlya infrastruktury","Category Services. Product built around term 'klining'.","cat_service","sup_024","{""keyword"":""klining"",""service"":""on_demand"",""class"":""it""}","active","2026-03-21T19:29:33.9931988Z"
"ste_001007","Tekhnicheskoe obsluzhivanie mikroavtobus dlya ofisov","Category Transport. Product built around term 'mikroavtobus'.","cat_transport","sup_001","{""keyword"":""mikroavtobus"",""service"":""route_planning"",""class"":""city""}","active","2025-12-27T19:29:33.9931988Z"
"ste_001008","Arenda server dlya infrastruktury","Category IT and Equipment. Product built around term 'server'.","cat_it","sup_018","{""keyword"":""server"",""service"":""monitoring"",""class"":""edge""}","active","2026-01-05T19:29:33.9931988Z"
"ste_001009","Postavka obsluzhivanie dlya ofisov","Category Services. Product built around term 'obsluzhivanie'.","cat_service","sup_005","{""keyword"":""obsluzhivanie"",""service"":""on_demand"",""class"":""facility""}","active","2026-01-03T19:29:33.9931988Z"
"ste_001010","Postavka mikroavtobus dlya ofisov","Category Transport. Product built around term 'mikroavtobus'.","cat_transport","sup_023","{""keyword"":""mikroavtobus"",""service"":""rent"",""class"":""charter""}","active","2025-12-09T19:29:33.9931988Z"
"ste_001011","Arenda noutbuk pod klyuch","Category IT and Equipment. Product built around term 'noutbuk'.","cat_it","sup_025","{""keyword"":""noutbuk"",""service"":""supply"",""class"":""edge""}","active","2026-02-23T19:29:33.9931988Z"
"ste_001012","Arenda setevoe oborudovanie dlya infrastruktury","Category IT and Equipment. Product built around term 'setevoe oborudovanie'.","cat_it","sup_018","{""keyword"":""setevoe oborudovanie"",""service"":""maintenance"",""class"":""rack""}","active","2026-03-13T19:29:33.9931988Z"
"ste_001013","Postavka printer dlya ofisov","Category Office and Supplies. Product built around term 'printer'.","cat_office","sup_012","{""keyword"":""printer"",""service"":""standard"",""class"":""laser""}","active","2025-12-22T19:29:33.9931988Z"
"ste_001014","Postavka server s dostavkoy","Category IT and Equipment. Product built around term 'server'.","cat_it","sup_020","{""keyword"":""server"",""service"":""monitoring"",""class"":""edge""}","active","2026-01-24T19:29:33.9931988Z"
"ste_001015","Kompleksnaya postavka noutbuk dlya infrastruktury","Category IT and Equipment. Product built around term 'noutbuk'.","cat_it","sup_003","{""keyword"":""noutbuk"",""service"":""maintenance"",""class"":""rack""}","active","2026-01-07T19:29:33.9931988Z"
"ste_001016","Postavka klining dlya municipalnyh nuzhd","Category Services. Product built around term 'klining'.","cat_service","sup_019","{""keyword"":""klining"",""service"":""quarterly"",""class"":""facility""}","active","2026-03-10T19:29:33.9931988Z"
"ste_001017","Postavka passazhirskie perevozki s dostavkoy","Category Transport. Product built around term 'passazhirskie perevozki'.","cat_transport","sup_030","{""keyword"":""passazhirskie perevozki"",""service"":""fleet_support"",""class"":""intercity""}","active","2026-01-29T19:29:33.9931988Z"
"ste_001018","Postavka kartridzh s dostavkoy","Category Office and Supplies. Product built around term 'kartridzh'.","cat_office","sup_008","{""keyword"":""kartridzh"",""service"":""standard"",""class"":""a4""}","active","2026-01-05T19:29:33.9931988Z"
"ste_001019","Usluga noutbuk dlya municipalnyh nuzhd","Category IT and Equipment. Product built around term 'noutbuk'.","cat_it","sup_027","{""keyword"":""noutbuk"",""service"":""supply"",""class"":""edge""}","active","2026-01-14T19:29:33.9931988Z"
"ste_001020","Kompleksnaya postavka avtobus pod klyuch","Category Transport. Product built around term 'avtobus'.","cat_transport","sup_019","{""keyword"":""avtobus"",""service"":""rent"",""class"":""city""}","active","2025-12-25T19:29:33.9931988Z"
"ste_001021","Tekhnicheskoe obsluzhivanie noutbuk dlya infrastruktury","Category IT and Equipment. Product built around term 'noutbuk'.","cat_it","sup_004","{""keyword"":""noutbuk"",""service"":""maintenance"",""class"":""rack""}","active","2026-03-08T19:29:33.9931988Z"
"ste_001022","Usluga rabochaya stanciya dlya municipalnyh nuzhd","Category IT and Equipment. Product built around term 'rabochaya stanciya'.","cat_it","sup_022","{""keyword"":""rabochaya stanciya"",""service"":""supply"",""class"":""rack""}","active","2026-01-06T19:29:33.9931988Z"
"ste_001023","Usluga setevoe oborudovanie dlya infrastruktury","Category IT and Equipment. Product built around term 'setevoe oborudovanie'.","cat_it","sup_007","{""keyword"":""setevoe oborudovanie"",""service"":""supply"",""class"":""edge""}","active","2025-12-26T19:29:33.9931988Z"
"ste_001024","Postavka setevoe oborudovanie dlya ofisov","Category IT and Equipment. Product built around term 'setevoe oborudovanie'.","cat_it","sup_024","{""keyword"":""setevoe oborudovanie"",""service"":""supply"",""class"":""rack""}","active","2026-03-06T19:29:33.9931988Z"
"ste_001025","Kompleksnaya postavka noutbuk s dostavkoy","Category IT and Equipment. Product built around term 'noutbuk'.","cat_it","sup_025","{""keyword"":""noutbuk"",""service"":""maintenance"",""class"":""edge""}","active","2026-03-20T19:29:33.9931988Z"
"ste_001026","Kompleksnaya postavka avtobus s dostavkoy","Category Transport. Product built around term 'avtobus'.","cat_transport","sup_023","{""keyword"":""avtobus"",""service"":""fleet_support"",""class"":""intercity""}","active","2026-02-06T19:29:33.9931988Z"
"ste_001027","Postavka server pod klyuch","Category IT and Equipment. Product built around term 'server'.","cat_it","sup_015","{""keyword"":""server"",""service"":""maintenance"",""class"":""tower""}","active","2025-12-21T19:29:33.9931988Z"
"ste_001028","Usluga soprovozhdenie dlya municipalnyh nuzhd","Category Services. Product built around term 'soprovozhdenie'.","cat_service","sup_016","{""keyword"":""soprovozhdenie"",""service"":""on_demand"",""class"":""it""}","active","2026-03-22T19:29:33.9931988Z"
"ste_001029","Tekhnicheskoe obsluzhivanie logistika s dostavkoy","Category Transport. Product built around term 'logistika'.","cat_transport","sup_014","{""keyword"":""logistika"",""service"":""rent"",""class"":""school""}","active","2026-01-08T19:29:33.9931988Z"
"ste_001030","Usluga arenda transporta s dostavkoy","Category Transport. Product built around term 'arenda transporta'.","cat_transport","sup_004","{""keyword"":""arenda transporta"",""service"":""rent"",""class"":""intercity""}","active","2025-12-30T19:29:33.9931988Z"
"ste_001031","Arenda kanctovary dlya municipalnyh nuzhd","Category Office and Supplies. Product built around term 'kanctovary'.","cat_office","sup_004","{""keyword"":""kanctovary"",""service"":""standard"",""class"":""laser""}","active","2026-02-20T19:29:33.9931988Z"
"ste_001032","Kompleksnaya postavka server dlya municipalnyh nuzhd","Category IT and Equipment. Product built around term 'server'.","cat_it","sup_022","{""keyword"":""server"",""service"":""monitoring"",""class"":""edge""}","active","2026-02-06T19:29:33.9931988Z"
"ste_001033","Usluga tehpodderzhka dlya municipalnyh nuzhd","Category Services. Product built around term 'tehpodderzhka'.","cat_service","sup_027","{""keyword"":""tehpodderzhka"",""service"":""on_demand"",""class"":""it""}","active","2026-01-01T19:29:33.9931988Z"
"ste_001034","Kompleksnaya postavka soprovozhdenie s dostavkoy","Category Services. Product built around term 'soprovozhdenie'.","cat_service","sup_027","{""keyword"":""soprovozhdenie"",""service"":""quarterly"",""class"":""office""}","active","2025-12-22T19:29:33.9931988Z"
"ste_001035","Arenda kanctovary dlya infrastruktury","Category Office and Supplies. Product built around term 'kanctovary'.","cat_office","sup_024","{""keyword"":""kanctovary"",""service"":""premium"",""class"":""ergonomic""}","active","2025-12-29T19:29:33.9931988Z"
"ste_001036","Tekhnicheskoe obsluzhivanie server dlya infrastruktury","Category IT and Equipment. Product built around term 'server'.","cat_it","sup_024","{""keyword"":""server"",""service"":""maintenance"",""class"":""rack""}","active","2026-01-25T19:29:33.9931988Z"
"ste_001037","Usluga klining dlya ofisov","Category Services. Product built around term 'klining'.","cat_service","sup_014","{""keyword"":""klining"",""service"":""on_demand"",""class"":""it""}","active","2025-12-29T19:29:33.9931988Z"
"ste_001038","Usluga setevoe oborudovanie dlya infrastruktury","Category IT and Equipment. Product built around term 'setevoe oborudovanie'.","cat_it","sup_007","{""keyword"":""setevoe oborudovanie"",""service"":""monitoring"",""class"":""rack""}","active","2025-12-14T19:29:33.9931988Z"
"ste_001039","Kompleksnaya postavka kanctovary dlya municipalnyh nuzhd","Category Office and Supplies. Product built around term 'kanctovary'.","cat_office","sup_027","{""keyword"":""kanctovary"",""service"":""standard"",""class"":""a4""}","active","2026-02-08T19:29:33.9931988Z"
"ste_001040","Kompleksnaya postavka arenda transporta s dostavkoy","Category Transport. Product built around term 'arenda transporta'.","cat_transport","sup_012","{""keyword"":""arenda transporta"",""service"":""route_planning"",""class"":""city""}","active","2026-01-27T19:29:33.9931988Z"
"ste_001041","Postavka kartridzh dlya ofisov","Category Office and Supplies. Product built around term 'kartridzh'.","cat_office","sup_009","{""keyword"":""kartridzh"",""service"":""premium"",""class"":""ergonomic""}","active","2025-12-04T19:29:33.9931988Z"
"ste_001042","Postavka kommutator pod klyuch","Category IT and Equipment. Product built around term 'kommutator'.","cat_it","sup_009","{""keyword"":""kommutator"",""service"":""monitoring"",""class"":""tower""}","active","2025-12-14T19:29:33.9931988Z"
"ste_001043","Tekhnicheskoe obsluzhivanie noutbuk dlya infrastruktury","Category IT and Equipment. Product built around term 'noutbuk'.","cat_it","sup_022","{""keyword"":""noutbuk"",""service"":""supply"",""class"":""edge""}","active","2026-03-18T19:29:33.9931988Z"
"ste_001044","Postavka bumaga dlya ofisov","Category Office and Supplies. Product built around term 'bumaga'.","cat_office","sup_016","{""keyword"":""bumaga"",""service"":""premium"",""class"":""ergonomic""}","active","2025-12-27T19:29:33.9931988Z"
"ste_001045","Usluga server dlya infrastruktury","Category IT and Equipment. Product built around term 'server'.","cat_it","sup_005","{""keyword"":""server"",""service"":""maintenance"",""class"":""tower""}","active","2026-03-09T19:29:33.9931988Z"
"ste_001046","Arenda kommutator dlya ofisov","Category IT and Equipment. Product built around term 'kommutator'.","cat_it","sup_018","{""keyword"":""kommutator"",""service"":""supply"",""class"":""tower""}","active","2026-02-03T19:29:33.9931988Z"
"ste_001047","Arenda setevoe oborudovanie dlya infrastruktury","Category IT and Equipment. Product built around term 'setevoe oborudovanie'.","cat_it","sup_002","{""keyword"":""setevoe oborudovanie"",""service"":""maintenance"",""class"":""tower""}","active","2026-01-01T19:29:33.9931988Z"
"ste_001048","Postavka kanctovary dlya ofisov","Category Office and Supplies. Product built around term 'kanctovary'.","cat_office","sup_011","{""keyword"":""kanctovary"",""service"":""standard"",""class"":""a3""}","active","2026-03-02T19:29:33.9931988Z"
"ste_001049","Usluga avtobus s dostavkoy","Category Transport. Product built around term 'avtobus'.","cat_transport","sup_025","{""keyword"":""avtobus"",""service"":""rent"",""class"":""city""}","active","2026-03-25T19:29:33.9931988Z"
"ste_001050","Arenda klining dlya infrastruktury","Category Services. Product built around term 'klining'.","cat_service","sup_003","{""keyword"":""klining"",""service"":""monthly"",""class"":""facility""}","active","2026-01-12T19:29:33.9931988Z"
"ste_001051","Arenda mikroavtobus dlya infrastruktury","Category Transport. Product built around term 'mikroavtobus'.","cat_transport","sup_024","{""keyword"":""mikroavtobus"",""service"":""rent"",""class"":""intercity""}","active","2026-03-06T19:29:33.9931988Z"
"ste_001052","Tekhnicheskoe obsluzhivanie noutbuk dlya infrastruktury","Category IT and Equipment. Product built around term 'noutbuk'.","cat_it","sup_005","{""keyword"":""noutbuk"",""service"":""maintenance"",""class"":""tower""}","active","2026-03-23T19:29:33.9931988Z"
"ste_001053","Postavka kommutator dlya municipalnyh nuzhd","Category IT and Equipment. Product built around term 'kommutator'.","cat_it","sup_014","{""keyword"":""kommutator"",""service"":""maintenance"",""class"":""tower""}","active","2026-01-15T19:29:33.9931988Z"
"ste_001054","Kompleksnaya postavka setevoe oborudovanie s dostavkoy","Category IT and Equipment. Product built around term 'setevoe oborudovanie'.","cat_it","sup_014","{""keyword"":""setevoe oborudovanie"",""service"":""maintenance"",""class"":""edge""}","active","2026-02-05T19:29:33.9931988Z"
"ste_001055","Kompleksnaya postavka kanctovary s dostavkoy","Category Office and Supplies. Product built around term 'kanctovary'.","cat_office","sup_020","{""keyword"":""kanctovary"",""service"":""premium"",""class"":""laser""}","active","2026-01-07T19:29:33.9931988Z"
"ste_001056","Kompleksnaya postavka kartridzh dlya municipalnyh nuzhd","Category Office and Supplies. Product built around term 'kartridzh'.","cat_office","sup_029","{""keyword"":""kartridzh"",""service"":""premium"",""class"":""ergonomic""}","active","2026-03-14T19:29:33.9931988Z"
"ste_001057","Usluga printer dlya infrastruktury","Category Office and Supplies. Product built around term 'printer'.","cat_office","sup_001","{""keyword"":""printer"",""service"":""standard"",""class"":""a4""}","active","2026-01-30T19:29:33.9931988Z"
"ste_001058","Arenda setevoe oborudovanie s dostavkoy","Category IT and Equipment. Product built around term 'setevoe oborudovanie'.","cat_it","sup_014","{""keyword"":""setevoe oborudovanie"",""service"":""maintenance"",""class"":""rack""}","active","2026-03-07T19:29:33.9931988Z"
"ste_001059","Tekhnicheskoe obsluzhivanie server dlya ofisov","Category IT and Equipment. Product built around term 'server'.","cat_it","sup_028","{""keyword"":""server"",""service"":""supply"",""class"":""edge""}","active","2025-12-04T19:29:33.9931988Z"
"ste_001060","Tekhnicheskoe obsluzhivanie logistika pod klyuch","Category Transport. Product built around term 'logistika'.","cat_transport","sup_006","{""keyword"":""logistika"",""service"":""fleet_support"",""class"":""school""}","active","2026-02-13T19:29:33.9931988Z"
"ste_001061","Arenda arenda transporta s dostavkoy","Category Transport. Product built around term 'arenda transporta'.","cat_transport","sup_012","{""keyword"":""arenda transporta"",""service"":""route_planning"",""class"":""city""}","active","2025-12-31T19:29:33.9931988Z"
"ste_001062","Arenda noutbuk dlya ofisov","Category IT and Equipment. Product built around term 'noutbuk'.","cat_it","sup_030","{""keyword"":""noutbuk"",""service"":""maintenance"",""class"":""tower""}","active","2026-01-06T19:29:33.9931988Z"
"ste_001063","Postavka kartridzh s dostavkoy","Category Office and Supplies. Product built around term 'kartridzh'.","cat_office","sup_022","{""keyword"":""kartridzh"",""service"":""standard"",""class"":""laser""}","active","2026-01-24T19:29:33.9931988Z"
"ste_001064","Postavka autsorsing dlya municipalnyh nuzhd","Category Services. Product built around term 'autsorsing'.","cat_service","sup_013","{""keyword"":""autsorsing"",""service"":""quarterly"",""class"":""it""}","active","2025-12-25T19:29:33.9931988Z"
"ste_001065","Tekhnicheskoe obsluzhivanie server s dostavkoy","Category IT and Equipment. Product built around term 'server'.","cat_it","sup_013","{""keyword"":""server"",""service"":""supply"",""class"":""rack""}","active","2025-11-29T19:29:33.9931988Z"
"ste_001066","Arenda obsluzhivanie s dostavkoy","Category Services. Product built around term 'obsluzhivanie'.","cat_service","sup_002","{""keyword"":""obsluzhivanie"",""service"":""quarterly"",""class"":""it""}","active","2026-01-01T19:29:33.9931988Z"
"ste_001067","Usluga bumaga pod klyuch","Category Office and Supplies. Product built around term 'bumaga'.","cat_office","sup_013","{""keyword"":""bumaga"",""service"":""bulk"",""class"":""laser""}","active","2026-03-04T19:29:33.9931988Z"
"ste_001068","Usluga kommutator pod klyuch","Category IT and Equipment. Product built around term 'kommutator'.","cat_it","sup_014","{""keyword"":""kommutator"",""service"":""monitoring"",""class"":""tower""}","active","2026-01-27T19:29:33.9931988Z"
"ste_001069","Arenda printer pod klyuch","Category Office and Supplies. Product built around term 'printer'.","cat_office","sup_016","{""keyword"":""printer"",""service"":""bulk"",""class"":""a4""}","active","2026-01-31T19:29:33.9931988Z"
"ste_001070","Kompleksnaya postavka ofisnaya mebel dlya ofisov","Category Office and Supplies. Product built around term 'ofisnaya mebel'.","cat_office","sup_020","{""keyword"":""ofisnaya mebel"",""service"":""standard"",""class"":""laser""}","active","2025-12-25T19:29:33.9931988Z"
"ste_001071","Postavka kommutator dlya municipalnyh nuzhd","Category IT and Equipment. Product built around term 'kommutator'.","cat_it","sup_023","{""keyword"":""kommutator"",""service"":""monitoring"",""class"":""rack""}","active","2025-12-06T19:29:33.9931988Z"
"ste_001072","Usluga rabochaya stanciya dlya municipalnyh nuzhd","Category IT and Equipment. Product built around term 'rabochaya stanciya'.","cat_it","sup_009","{""keyword"":""rabochaya stanciya"",""service"":""monitoring"",""class"":""edge""}","active","2026-02-24T19:29:33.9931988Z"
"ste_001073","Kompleksnaya postavka avtobus dlya infrastruktury","Category Transport. Product built around term 'avtobus'.","cat_transport","sup_001","{""keyword"":""avtobus"",""service"":""rent"",""class"":""school""}","active","2026-03-14T19:29:33.9931988Z"
"ste_001074","Arenda rabochaya stanciya dlya municipalnyh nuzhd","Category IT and Equipment. Product built around term 'rabochaya stanciya'.","cat_it","sup_002","{""keyword"":""rabochaya stanciya"",""service"":""maintenance"",""class"":""rack""}","active","2026-01-31T19:29:33.9931988Z"
"ste_001075","Kompleksnaya postavka server pod klyuch","Category IT and Equipment. Product built around term 'server'.","cat_it","sup_026","{""keyword"":""server"",""service"":""supply"",""class"":""rack""}","active","2026-02-03T19:29:33.9931988Z"
"ste_001076","Usluga rabochaya stanciya pod klyuch","Category IT and Equipment. Product built around term 'rabochaya stanciya'.","cat_it","sup_022","{""keyword"":""rabochaya stanciya"",""service"":""monitoring"",""class"":""rack""}","active","2026-01-15T19:29:33.9931988Z"
"ste_001077","Kompleksnaya postavka kanctovary s dostavkoy","Category Office and Supplies. Product built around term 'kanctovary'.","cat_office","sup_015","{""keyword"":""kanctovary"",""service"":""bulk"",""class"":""a4""}","active","2025-12-08T19:29:33.9931988Z"
"ste_001078","Usluga klining s dostavkoy","Category Services. Product built around term 'klining'.","cat_service","sup_029","{""keyword"":""klining"",""service"":""quarterly"",""class"":""office""}","active","2025-12-04T19:29:33.9931988Z"
"ste_001079","Postavka arenda transporta s dostavkoy","Category Transport. Product built around term 'arenda transporta'.","cat_transport","sup_011","{""keyword"":""arenda transporta"",""service"":""rent"",""class"":""city""}","active","2026-01-04T19:29:33.9931988Z"
"ste_001080","Arenda logistika s dostavkoy","Category Transport. Product built around term 'logistika'.","cat_transport","sup_016","{""keyword"":""logistika"",""service"":""fleet_support"",""class"":""school""}","active","2026-03-18T19:29:33.9931988Z"
"ste_001081","Usluga kartridzh dlya infrastruktury","Category Office and Supplies. Product built around term 'kartridzh'.","cat_office","sup_022","{""keyword"":""kartridzh"",""service"":""standard"",""class"":""laser""}","active","2026-03-11T19:29:33.9931988Z"
"ste_001082","Tekhnicheskoe obsluzhivanie tehpodderzhka dlya infrastruktury","Category Services. Product built around term 'tehpodderzhka'.","cat_service","sup_005","{""keyword"":""tehpodderzhka"",""service"":""on_demand"",""class"":""it""}","active","2026-03-16T19:29:33.9931988Z"
"ste_001083","Kompleksnaya postavka noutbuk dlya ofisov","Category IT and Equipment. Product built around term 'noutbuk'.","cat_it","sup_007","{""keyword"":""noutbuk"",""service"":""monitoring"",""class"":""rack""}","active","2026-03-05T19:29:33.9931988Z"
"ste_001084","Usluga passazhirskie perevozki s dostavkoy","Category Transport. Product built around term 'passazhirskie perevozki'.","cat_transport","sup_011","{""keyword"":""passazhirskie perevozki"",""service"":""rent"",""class"":""intercity""}","active","2026-03-25T19:29:33.9931988Z"
"ste_001085","Usluga autsorsing dlya infrastruktury","Category Services. Product built around term 'autsorsing'.","cat_service","sup_012","{""keyword"":""autsorsing"",""service"":""on_demand"",""class"":""facility""}","active","2026-03-09T19:29:33.9931988Z"
"ste_001086","Postavka kanctovary dlya infrastruktury","Category Office and Supplies. Product built around term 'kanctovary'.","cat_office","sup_014","{""keyword"":""kanctovary"",""service"":""premium"",""class"":""laser""}","active","2026-03-22T19:29:33.9931988Z"
"ste_001087","Kompleksnaya postavka soprovozhdenie dlya infrastruktury","Category Services. Product built around term 'soprovozhdenie'.","cat_service","sup_010","{""keyword"":""soprovozhdenie"",""service"":""quarterly"",""class"":""facility""}","active","2025-12-10T19:29:33.9931988Z"
"ste_001088","Arenda printer pod klyuch","Category Office and Supplies. Product built around term 'printer'.","cat_office","sup_014","{""keyword"":""printer"",""service"":""standard"",""class"":""ergonomic""}","active","2026-02-10T19:29:33.9931988Z"
"ste_001089","Arenda ofisnaya mebel s dostavkoy","Category Office and Supplies. Product built around term 'ofisnaya mebel'.","cat_office","sup_026","{""keyword"":""ofisnaya mebel"",""service"":""premium"",""class"":""ergonomic""}","active","2026-02-22T19:29:33.9931988Z"
"ste_001090","Postavka kanctovary s dostavkoy","Category Office and Supplies. Product built around term 'kanctovary'.","cat_office","sup_027","{""keyword"":""kanctovary"",""service"":""bulk"",""class"":""a4""}","active","2026-02-12T19:29:33.9931988Z"
"ste_001091","Postavka tehpodderzhka pod klyuch","Category Services. Product built around term 'tehpodderzhka'.","cat_service","sup_026","{""keyword"":""tehpodderzhka"",""service"":""monthly"",""class"":""it""}","active","2025-12-17T19:29:33.9931988Z"
"ste_001092","Kompleksnaya postavka autsorsing pod klyuch","Category Services. Product built around term 'autsorsing'.","cat_service","sup_026","{""keyword"":""autsorsing"",""service"":""on_demand"",""class"":""facility""}","active","2026-02-14T19:29:33.9931988Z"
"ste_001093","Postavka kanctovary dlya infrastruktury","Category Office and Supplies. Product built around term 'kanctovary'.","cat_office","sup_001","{""keyword"":""kanctovary"",""service"":""bulk"",""class"":""a4""}","active","2025-12-08T19:29:33.9931988Z"
"ste_001094","Usluga server dlya infrastruktury","Category IT and Equipment. Product built around term 'server'.","cat_it","sup_030","{""keyword"":""server"",""service"":""maintenance"",""class"":""tower""}","active","2026-02-19T19:29:33.9931988Z"
"ste_001095","Usluga kanctovary s dostavkoy","Category Office and Supplies. Product built around term 'kanctovary'.","cat_office","sup_003","{""keyword"":""kanctovary"",""service"":""standard"",""class"":""a4""}","active","2025-12-19T19:29:33.9931988Z"
"ste_001096","Kompleksnaya postavka printer dlya infrastruktury","Category Office and Supplies. Product built around term 'printer'.","cat_office","sup_001","{""keyword"":""printer"",""service"":""standard"",""class"":""a3""}","active","2026-01-06T19:29:33.9931988Z"
"ste_001097","Postavka soprovozhdenie dlya ofisov","Category Services. Product built around term 'soprovozhdenie'.","cat_service","sup_001","{""keyword"":""soprovozhdenie"",""service"":""monthly"",""class"":""facility""}","active","2025-12-22T19:29:33.9931988Z"
"ste_001098","Usluga kanctovary dlya infrastruktury","Category Office and Supplies. Product built around term 'kanctovary'.","cat_office","sup_028","{""keyword"":""kanctovary"",""service"":""bulk"",""class"":""a3""}","active","2026-02-08T19:29:33.9931988Z"
"ste_001099","Postavka soprovozhdenie s dostavkoy","Category Services. Product built around term 'soprovozhdenie'.","cat_service","sup_020","{""keyword"":""soprovozhdenie"",""service"":""on_demand"",""class"":""office""}","active","2025-11-30T19:29:33.9931988Z"
"ste_001100","Kompleksnaya postavka printer pod klyuch","Category Office and Supplies. Product built around term 'printer'.","cat_office","sup_030","{""keyword"":""printer"",""service"":""premium"",""class"":""laser""}","active","2026-01-27T19:29:33.9931988Z"
"ste_001101","Kompleksnaya postavka server s dostavkoy","Category IT and Equipment. Product built around term 'server'.","cat_it","sup_015","{""keyword"":""server"",""service"":""monitoring"",""class"":""rack""}","active","2026-03-15T19:29:33.9931988Z"
"ste_001102","Arenda mikroavtobus dlya municipalnyh nuzhd","Category Transport. Product built around term 'mikroavtobus'.","cat_transport","sup_018","{""keyword"":""mikroavtobus"",""service"":""rent"",""class"":""charter""}","active","2025-12-04T19:29:33.9931988Z"
"ste_001103","Tekhnicheskoe obsluzhivanie setevoe oborudovanie dlya municipalnyh nuzhd","Category IT and Equipment. Product built around term 'setevoe oborudovanie'.","cat_it","sup_015","{""keyword"":""setevoe oborudovanie"",""service"":""maintenance"",""class"":""edge""}","active","2026-02-06T19:29:33.9931988Z"
"ste_001104","Arenda autsorsing pod klyuch","Category Services. Product built around term 'autsorsing'.","cat_service","sup_012","{""keyword"":""autsorsing"",""service"":""quarterly"",""class"":""office""}","active","2025-12-01T19:29:33.9931988Z"
"ste_001105","Postavka noutbuk s dostavkoy","Category IT and Equipment. Product built around term 'noutbuk'.","cat_it","sup_010","{""keyword"":""noutbuk"",""service"":""monitoring"",""class"":""tower""}","active","2026-01-03T19:29:33.9931988Z"
"ste_001106","Kompleksnaya postavka obsluzhivanie dlya ofisov","Category Services. Product built around term 'obsluzhivanie'.","cat_service","sup_003","{""keyword"":""obsluzhivanie"",""service"":""monthly"",""class"":""facility""}","active","2025-12-25T19:29:33.9931988Z"
"ste_001107","Kompleksnaya postavka logistika pod klyuch","Category Transport. Product built around term 'logistika'.","cat_transport","sup_011","{""keyword"":""logistika"",""service"":""rent"",""class"":""intercity""}","active","2026-02-22T19:29:33.9931988Z"
"ste_001108","Arenda mikroavtobus dlya infrastruktury","Category Transport. Product built around term 'mikroavtobus'.","cat_transport","sup_014","{""keyword"":""mikroavtobus"",""service"":""fleet_support"",""class"":""school""}","active","2025-12-07T19:29:33.9931988Z"
"ste_001109","Kompleksnaya postavka ofisnaya mebel dlya infrastruktury","Category Office and Supplies. Product built around term 'ofisnaya mebel'.","cat_office","sup_020","{""keyword"":""ofisnaya mebel"",""service"":""bulk"",""class"":""a4""}","active","2026-01-19T19:29:33.9931988Z"
"ste_001110","Tekhnicheskoe obsluzhivanie tehpodderzhka dlya municipalnyh nuzhd","Category Services. Product built around term 'tehpodderzhka'.","cat_service","sup_015","{""keyword"":""tehpodderzhka"",""service"":""monthly"",""class"":""it""}","active","2026-01-14T19:29:33.9931988Z"
"ste_001111","Arenda setevoe oborudovanie s dostavkoy","Category IT and Equipment. Product built around term 'setevoe oborudovanie'.","cat_it","sup_018","{""keyword"":""setevoe oborudovanie"",""service"":""supply"",""class"":""edge""}","active","2026-02-18T19:29:33.9931988Z"
"ste_001112","Arenda kartridzh pod klyuch","Category Office and Supplies. Product built around term 'kartridzh'.","cat_office","sup_007","{""keyword"":""kartridzh"",""service"":""premium"",""class"":""ergonomic""}","active","2026-02-09T19:29:33.9931988Z"
"ste_001113","Kompleksnaya postavka mikroavtobus dlya ofisov","Category Transport. Product built around term 'mikroavtobus'.","cat_transport","sup_009","{""keyword"":""mikroavtobus"",""service"":""fleet_support"",""class"":""charter""}","active","2026-03-07T19:29:33.9931988Z"
"ste_001114","Tekhnicheskoe obsluzhivanie kartridzh dlya infrastruktury","Category Office and Supplies. Product built around term 'kartridzh'.","cat_office","sup_026","{""keyword"":""kartridzh"",""service"":""bulk"",""class"":""laser""}","active","2026-01-15T19:29:33.9931988Z"
"ste_001115","Postavka printer dlya municipalnyh nuzhd","Category Office and Supplies. Product built around term 'printer'.","cat_office","sup_020","{""keyword"":""printer"",""service"":""premium"",""class"":""laser""}","active","2026-02-21T19:29:33.9931988Z"
"ste_001116","Kompleksnaya postavka autsorsing dlya infrastruktury","Category Services. Product built around term 'autsorsing'.","cat_service","sup_020","{""keyword"":""autsorsing"",""service"":""on_demand"",""class"":""facility""}","active","2025-12-19T19:29:33.9931988Z"
"ste_001117","Postavka avtobus pod klyuch","Category Transport. Product built around term 'avtobus'.","cat_transport","sup_023","{""keyword"":""avtobus"",""service"":""rent"",""class"":""charter""}","active","2026-02-19T19:29:33.9931988Z"
"ste_001118","Kompleksnaya postavka kommutator pod klyuch","Category IT and Equipment. Product built around term 'kommutator'.","cat_it","sup_003","{""keyword"":""kommutator"",""service"":""monitoring"",""class"":""tower""}","active","2025-12-24T19:29:33.9931988Z"
"ste_001119","Kompleksnaya postavka klining dlya municipalnyh nuzhd","Category Services. Product built around term 'klining'.","cat_service","sup_019","{""keyword"":""klining"",""service"":""on_demand"",""class"":""office""}","active","2026-01-04T19:29:33.9931988Z"
"ste_001120","Kompleksnaya postavka setevoe oborudovanie dlya infrastruktury","Category IT and Equipment. Product built around term 'setevoe oborudovanie'.","cat_it","sup_019","{""keyword"":""setevoe oborudovanie"",""service"":""monitoring"",""class"":""rack""}","active","2026-02-18T19:29:33.9931988Z"
"ste_001121","Tekhnicheskoe obsluzhivanie printer s dostavkoy","Category Office and Supplies. Product built around term 'printer'.","cat_office","sup_029","{""keyword"":""printer"",""service"":""premium"",""class"":""laser""}","active","2026-03-22T19:29:33.9931988Z"
"ste_001122","Kompleksnaya postavka logistika pod klyuch","Category Transport. Product built around term 'logistika'.","cat_transport","sup_003","{""keyword"":""logistika"",""service"":""rent"",""class"":""charter""}","active","2026-01-08T19:29:33.9931988Z"
"ste_001123","Usluga rabochaya stanciya dlya ofisov","Category IT and Equipment. Product built around term 'rabochaya stanciya'.","cat_it","sup_004","{""keyword"":""rabochaya stanciya"",""service"":""maintenance"",""class"":""edge""}","active","2026-03-08T19:29:33.9931988Z"
"ste_001124","Tekhnicheskoe obsluzhivanie kartridzh dlya municipalnyh nuzhd","Category Office and Supplies. Product built around term 'kartridzh'.","cat_office","sup_011","{""keyword"":""kartridzh"",""service"":""premium"",""class"":""ergonomic""}","active","2026-03-02T19:29:33.9931988Z"
"ste_001125","Kompleksnaya postavka printer dlya municipalnyh nuzhd","Category Office and Supplies. Product built around term 'printer'.","cat_office","sup_026","{""keyword"":""printer"",""service"":""standard"",""class"":""laser""}","active","2026-03-17T19:29:33.9931988Z"
"ste_001126","Postavka autsorsing dlya ofisov","Category Services. Product built around term 'autsorsing'.","cat_service","sup_010","{""keyword"":""autsorsing"",""service"":""monthly"",""class"":""facility""}","active","2025-12-01T19:29:33.9931988Z"
"ste_001127","Arenda avtobus s dostavkoy","Category Transport. Product built around term 'avtobus'.","cat_transport","sup_001","{""keyword"":""avtobus"",""service"":""fleet_support"",""class"":""school""}","active","2026-01-14T19:29:33.9931988Z"
"ste_001128","Usluga avtobus dlya municipalnyh nuzhd","Category Transport. Product built around term 'avtobus'.","cat_transport","sup_027","{""keyword"":""avtobus"",""service"":""rent"",""class"":""intercity""}","active","2026-02-07T19:29:33.9931988Z"
"ste_001129","Tekhnicheskoe obsluzhivanie autsorsing pod klyuch","Category Services. Product built around term 'autsorsing'.","cat_service","sup_014","{""keyword"":""autsorsing"",""service"":""on_demand"",""class"":""office""}","active","2026-02-23T19:29:33.9931988Z"
"ste_001130","Kompleksnaya postavka kartridzh pod klyuch","Category Office and Supplies. Product built around term 'kartridzh'.","cat_office","sup_028","{""keyword"":""kartridzh"",""service"":""premium"",""class"":""ergonomic""}","active","2026-02-14T19:29:33.9931988Z"
"ste_001131","Tekhnicheskoe obsluzhivanie kanctovary dlya municipalnyh nuzhd","Category Office and Supplies. Product built around term 'kanctovary'.","cat_office","sup_009","{""keyword"":""kanctovary"",""service"":""bulk"",""class"":""a4""}","active","2026-03-10T19:29:33.9931988Z"
"ste_001132","Postavka printer s dostavkoy","Category Office and Supplies. Product built around term 'printer'.","cat_office","sup_022","{""keyword"":""printer"",""service"":""standard"",""class"":""laser""}","active","2026-02-14T19:29:33.9931988Z"
"ste_001133","Usluga printer dlya ofisov","Category Office and Supplies. Product built around term 'printer'.","cat_office","sup_002","{""keyword"":""printer"",""service"":""bulk"",""class"":""laser""}","active","2026-03-15T19:29:33.9931988Z"
"ste_001134","Postavka kanctovary dlya infrastruktury","Category Office and Supplies. Product built around term 'kanctovary'.","cat_office","sup_011","{""keyword"":""kanctovary"",""service"":""premium"",""class"":""laser""}","active","2026-02-13T19:29:33.9931988Z"
"ste_001135","Postavka noutbuk dlya ofisov","Category IT and Equipment. Product built around term 'noutbuk'.","cat_it","sup_008","{""keyword"":""noutbuk"",""service"":""monitoring"",""class"":""tower""}","active","2025-12-02T19:29:33.9931988Z"
"ste_001136","Usluga kartridzh pod klyuch","Category Office and Supplies. Product built around term 'kartridzh'.","cat_office","sup_006","{""keyword"":""kartridzh"",""service"":""bulk"",""class"":""a4""}","active","2025-12-11T19:29:33.9931988Z"
"ste_001137","Usluga ofisnaya mebel dlya municipalnyh nuzhd","Category Office and Supplies. Product built around term 'ofisnaya mebel'.","cat_office","sup_008","{""keyword"":""ofisnaya mebel"",""service"":""standard"",""class"":""a4""}","active","2025-12-31T19:29:33.9931988Z"
"ste_001138","Kompleksnaya postavka kartridzh dlya infrastruktury","Category Office and Supplies. Product built around term 'kartridzh'.","cat_office","sup_024","{""keyword"":""kartridzh"",""service"":""bulk"",""class"":""laser""}","active","2026-02-21T19:29:33.9931988Z"
"ste_001139","Tekhnicheskoe obsluzhivanie klining pod klyuch","Category Services. Product built around term 'klining'.","cat_service","sup_009","{""keyword"":""klining"",""service"":""quarterly"",""class"":""facility""}","active","2026-02-14T19:29:33.9931988Z"
"ste_001140","Kompleksnaya postavka soprovozhdenie dlya municipalnyh nuzhd","Category Services. Product built around term 'soprovozhdenie'.","cat_service","sup_002","{""keyword"":""soprovozhdenie"",""service"":""quarterly"",""class"":""it""}","active","2026-02-27T19:29:33.9931988Z"
"ste_001141","Arenda arenda transporta s dostavkoy","Category Transport. Product built around term 'arenda transporta'.","cat_transport","sup_009","{""keyword"":""arenda transporta"",""service"":""route_planning"",""class"":""school""}","active","2026-02-02T19:29:33.9931988Z"
"ste_001142","Postavka obsluzhivanie dlya ofisov","Category Services. Product built around term 'obsluzhivanie'.","cat_service","sup_016","{""keyword"":""obsluzhivanie"",""service"":""quarterly"",""class"":""office""}","active","2026-02-21T19:29:33.9931988Z"
"ste_001143","Arenda bumaga dlya infrastruktury","Category Office and Supplies. Product built around term 'bumaga'.","cat_office","sup_018","{""keyword"":""bumaga"",""service"":""standard"",""class"":""ergonomic""}","active","2026-02-15T19:29:33.9931988Z"
"ste_001144","Arenda kartridzh dlya infrastruktury","Category Office and Supplies. Product built around term 'kartridzh'.","cat_office","sup_009","{""keyword"":""kartridzh"",""service"":""premium"",""class"":""ergonomic""}","active","2026-02-19T19:29:33.9931988Z"
"ste_001145","Postavka rabochaya stanciya pod klyuch","Category IT and Equipment. Product built around term 'rabochaya stanciya'.","cat_it","sup_014","{""keyword"":""rabochaya stanciya"",""service"":""supply"",""class"":""edge""}","active","2026-03-17T19:29:33.9931988Z"
"ste_001146","Kompleksnaya postavka kartridzh pod klyuch","Category Office and Supplies. Product built around term 'kartridzh'.","cat_office","sup_023","{""keyword"":""kartridzh"",""service"":""standard"",""class"":""laser""}","active","2025-12-19T19:29:33.9931988Z"
"ste_001147","Arenda bumaga dlya municipalnyh nuzhd","Category Office and Supplies. Product built around term 'bumaga'.","cat_office","sup_014","{""keyword"":""bumaga"",""service"":""bulk"",""class"":""laser""}","active","2025-12-12T19:29:33.9931988Z"
"ste_001148","Tekhnicheskoe obsluzhivanie kanctovary dlya municipalnyh nuzhd","Category Office and Supplies. Product built around term 'kanctovary'.","cat_office","sup_027","{""keyword"":""kanctovary"",""service"":""standard"",""class"":""a4""}","active","2025-12-26T19:29:33.9931988Z"
"ste_001149","Usluga avtobus pod klyuch","Category Transport. Product built around term 'avtobus'.","cat_transport","sup_019","{""keyword"":""avtobus"",""service"":""rent"",""class"":""intercity""}","active","2026-03-14T19:29:33.9931988Z"
"ste_001150","Tekhnicheskoe obsluzhivanie kanctovary dlya ofisov","Category Office and Supplies. Product built around term 'kanctovary'.","cat_office","sup_018","{""keyword"":""kanctovary"",""service"":""standard"",""class"":""a4""}","active","2026-03-01T19:29:33.9931988Z"
"ste_001151","Arenda tehpodderzhka pod klyuch","Category Services. Product built around term 'tehpodderzhka'.","cat_service","sup_005","{""keyword"":""tehpodderzhka"",""service"":""on_demand"",""class"":""office""}","active","2026-03-14T19:29:33.9931988Z"
"ste_001152","Tekhnicheskoe obsluzhivanie printer dlya municipalnyh nuzhd","Category Office and Supplies. Product built around term 'printer'.","cat_office","sup_004","{""keyword"":""printer"",""service"":""bulk"",""class"":""ergonomic""}","active","2026-01-19T19:29:33.9931988Z"
"ste_001153","Tekhnicheskoe obsluzhivanie arenda transporta dlya municipalnyh nuzhd","Category Transport. Product built around term 'arenda transporta'.","cat_transport","sup_021","{""keyword"":""arenda transporta"",""service"":""rent"",""class"":""school""}","active","2026-02-03T19:29:33.9931988Z"
"ste_001154","Usluga obsluzhivanie dlya ofisov","Category Services. Product built around term 'obsluzhivanie'.","cat_service","sup_007","{""keyword"":""obsluzhivanie"",""service"":""quarterly"",""class"":""it""}","active","2025-12-04T19:29:33.9931988Z"
"ste_001155","Kompleksnaya postavka klining dlya ofisov","Category Services. Product built around term 'klining'.","cat_service","sup_028","{""keyword"":""klining"",""service"":""on_demand"",""class"":""it""}","active","2026-02-13T19:29:33.9931988Z"
"ste_001156","Usluga rabochaya stanciya dlya municipalnyh nuzhd","Category IT and Equipment. Product built around term 'rabochaya stanciya'.","cat_it","sup_010","{""keyword"":""rabochaya stanciya"",""service"":""monitoring"",""class"":""rack""}","active","2026-02-17T19:29:33.9931988Z"
"ste_001157","Tekhnicheskoe obsluzhivanie soprovozhdenie pod klyuch","Category Services. Product built around term 'soprovozhdenie'.","cat_service","sup_027","{""keyword"":""soprovozhdenie"",""service"":""on_demand"",""class"":""office""}","active","2025-12-14T19:29:33.9931988Z"
"ste_001158","Postavka logistika dlya municipalnyh nuzhd","Category Transport. Product built around term 'logistika'.","cat_transport","sup_029","{""keyword"":""logistika"",""service"":""rent"",""class"":""intercity""}","active","2026-02-10T19:29:33.9931988Z"
"ste_001159","Postavka rabochaya stanciya dlya municipalnyh nuzhd","Category IT and Equipment. Product built around term 'rabochaya stanciya'.","cat_it","sup_020","{""keyword"":""rabochaya stanciya"",""service"":""supply"",""class"":""edge""}","active","2026-01-20T19:29:33.9931988Z"
"ste_001160","Postavka bumaga pod klyuch","Category Office and Supplies. Product built around term 'bumaga'.","cat_office","sup_008","{""keyword"":""bumaga"",""service"":""premium"",""class"":""ergonomic""}","active","2026-03-24T19:29:33.9931988Z"
"ste_001161","Tekhnicheskoe obsluzhivanie kanctovary dlya infrastruktury","Category Office and Supplies. Product built around term 'kanctovary'.","cat_office","sup_011","{""keyword"":""kanctovary"",""service"":""premium"",""class"":""a3""}","active","2026-03-26T19:29:33.9931988Z"
"ste_001162","Kompleksnaya postavka mikroavtobus pod klyuch","Category Transport. Product built around term 'mikroavtobus'.","cat_transport","sup_028","{""keyword"":""mikroavtobus"",""service"":""rent"",""class"":""school""}","active","2025-12-17T19:29:33.9931988Z"
"ste_001163","Kompleksnaya postavka obsluzhivanie dlya municipalnyh nuzhd","Category Services. Product built around term 'obsluzhivanie'.","cat_service","sup_009","{""keyword"":""obsluzhivanie"",""service"":""monthly"",""class"":""facility""}","active","2026-02-24T19:29:33.9931988Z"
"ste_001164","Tekhnicheskoe obsluzhivanie kartridzh dlya municipalnyh nuzhd","Category Office and Supplies. Product built around term 'kartridzh'.","cat_office","sup_001","{""keyword"":""kartridzh"",""service"":""standard"",""class"":""a4""}","active","2026-03-18T19:29:33.9931988Z"
"ste_001165","Kompleksnaya postavka kanctovary dlya municipalnyh nuzhd","Category Office and Supplies. Product built around term 'kanctovary'.","cat_office","sup_004","{""keyword"":""kanctovary"",""service"":""bulk"",""class"":""ergonomic""}","active","2026-03-11T19:29:33.9931988Z"
"ste_001166","Usluga kartridzh dlya ofisov","Category Office and Supplies. Product built around term 'kartridzh'.","cat_office","sup_020","{""keyword"":""kartridzh"",""service"":""bulk"",""class"":""a3""}","active","2025-12-05T19:29:33.9931988Z"
"ste_001167","Usluga autsorsing pod klyuch","Category Services. Product built around term 'autsorsing'.","cat_service","sup_009","{""keyword"":""autsorsing"",""service"":""monthly"",""class"":""it""}","active","2026-01-21T19:29:33.9931988Z"
"ste_001168","Arenda soprovozhdenie s dostavkoy","Category Services. Product built around term 'soprovozhdenie'.","cat_service","sup_009","{""keyword"":""soprovozhdenie"",""service"":""on_demand"",""class"":""it""}","active","2026-03-12T19:29:33.9931988Z"
"ste_001169","Usluga rabochaya stanciya dlya infrastruktury","Category IT and Equipment. Product built around term 'rabochaya stanciya'.","cat_it","sup_022","{""keyword"":""rabochaya stanciya"",""service"":""supply"",""class"":""rack""}","active","2026-01-05T19:29:33.9931988Z"
"ste_001170","Arenda printer s dostavkoy","Category Office and Supplies. Product built around term 'printer'.","cat_office","sup_017","{""keyword"":""printer"",""service"":""standard"",""class"":""a3""}","active","2026-02-18T19:29:33.9931988Z"
"ste_001171","Usluga ofisnaya mebel dlya municipalnyh nuzhd","Category Office and Supplies. Product built around term 'ofisnaya mebel'.","cat_office","sup_017","{""keyword"":""ofisnaya mebel"",""service"":""standard"",""class"":""ergonomic""}","active","2025-12-01T19:29:33.9931988Z"
"ste_001172","Postavka soprovozhdenie s dostavkoy","Category Services. Product built around term 'soprovozhdenie'.","cat_service","sup_029","{""keyword"":""soprovozhdenie"",""service"":""on_demand"",""class"":""facility""}","active","2026-02-28T19:29:33.9931988Z"
"ste_001173","Tekhnicheskoe obsluzhivanie logistika dlya ofisov","Category Transport. Product built around term 'logistika'.","cat_transport","sup_009","{""keyword"":""logistika"",""service"":""rent"",""class"":""school""}","active","2026-01-08T19:29:33.9931988Z"
"ste_001174","Postavka printer pod klyuch","Category Office and Supplies. Product built around term 'printer'.","cat_office","sup_012","{""keyword"":""printer"",""service"":""premium"",""class"":""laser""}","active","2026-02-19T19:29:33.9931988Z"
"ste_001175","Tekhnicheskoe obsluzhivanie setevoe oborudovanie dlya municipalnyh nuzhd","Category IT and Equipment. Product built around term 'setevoe oborudovanie'.","cat_it","sup_018","{""keyword"":""setevoe oborudovanie"",""service"":""monitoring"",""class"":""tower""}","active","2026-03-08T19:29:33.9931988Z"
"ste_001176","Arenda setevoe oborudovanie dlya infrastruktury","Category IT and Equipment. Product built around term 'setevoe oborudovanie'.","cat_it","sup_009","{""keyword"":""setevoe oborudovanie"",""service"":""supply"",""class"":""tower""}","active","2026-01-09T19:29:33.9931988Z"
"ste_001177","Arenda bumaga dlya infrastruktury","Category Office and Supplies. Product built around term 'bumaga'.","cat_office","sup_004","{""keyword"":""bumaga"",""service"":""premium"",""class"":""laser""}","active","2026-03-16T19:29:33.9931988Z"
"ste_001178","Tekhnicheskoe obsluzhivanie kartridzh s dostavkoy","Category Office and Supplies. Product built around term 'kartridzh'.","cat_office","sup_028","{""keyword"":""kartridzh"",""service"":""bulk"",""class"":""a4""}","active","2025-12-22T19:29:33.9931988Z"
"ste_001179","Postavka autsorsing dlya municipalnyh nuzhd","Category Services. Product built around term 'autsorsing'.","cat_service","sup_013","{""keyword"":""autsorsing"",""service"":""on_demand"",""class"":""it""}","active","2026-03-10T19:29:33.9931988Z"
"ste_001180","Usluga printer dlya municipalnyh nuzhd","Category Office and Supplies. Product built around term 'printer'.","cat_office","sup_017","{""keyword"":""printer"",""service"":""standard"",""class"":""laser""}","active","2026-03-14T19:29:33.9931988Z"
"ste_001181","Tekhnicheskoe obsluzhivanie server s dostavkoy","Category IT and Equipment. Product built around term 'server'.","cat_it","sup_008","{""keyword"":""server"",""service"":""supply"",""class"":""rack""}","active","2026-01-03T19:29:33.9931988Z"
"ste_001182","Postavka server dlya infrastruktury","Category IT and Equipment. Product built around term 'server'.","cat_it","sup_025","{""keyword"":""server"",""service"":""supply"",""class"":""tower""}","active","2026-01-20T19:29:33.9931988Z"
"ste_001183","Tekhnicheskoe obsluzhivanie kartridzh pod klyuch","Category Office and Supplies. Product built around term 'kartridzh'.","cat_office","sup_017","{""keyword"":""kartridzh"",""service"":""premium"",""class"":""ergonomic""}","active","2026-02-20T19:29:33.9931988Z"
"ste_001184","Arenda mikroavtobus s dostavkoy","Category Transport. Product built around term 'mikroavtobus'.","cat_transport","sup_005","{""keyword"":""mikroavtobus"",""service"":""route_planning"",""class"":""intercity""}","active","2026-01-23T19:29:33.9931988Z"
"ste_001185","Tekhnicheskoe obsluzhivanie avtobus dlya municipalnyh nuzhd","Category Transport. Product built around term 'avtobus'.","cat_transport","sup_023","{""keyword"":""avtobus"",""service"":""rent"",""class"":""charter""}","active","2026-01-25T19:29:33.9931988Z"
"ste_001186","Kompleksnaya postavka server pod klyuch","Category IT and Equipment. Product built around term 'server'.","cat_it","sup_020","{""keyword"":""server"",""service"":""maintenance"",""class"":""edge""}","active","2026-03-03T19:29:33.9931988Z"
"ste_001187","Arenda tehpodderzhka s dostavkoy","Category Services. Product built around term 'tehpodderzhka'.","cat_service","sup_018","{""keyword"":""tehpodderzhka"",""service"":""on_demand"",""class"":""facility""}","active","2026-02-05T19:29:33.9931988Z"
"ste_001188","Kompleksnaya postavka avtobus pod klyuch","Category Transport. Product built around term 'avtobus'.","cat_transport","sup_009","{""keyword"":""avtobus"",""service"":""fleet_support"",""class"":""intercity""}","active","2026-01-06T19:29:33.9931988Z"
"ste_001189","Tekhnicheskoe obsluzhivanie logistika pod klyuch","Category Transport. Product built around term 'logistika'.","cat_transport","sup_014","{""keyword"":""logistika"",""service"":""fleet_support"",""class"":""school""}","active","2025-12-14T19:29:33.9931988Z"
"ste_001190","Tekhnicheskoe obsluzhivanie server s dostavkoy","Category IT and Equipment. Product built around term 'server'.","cat_it","sup_011","{""keyword"":""server"",""service"":""supply"",""class"":""edge""}","active","2026-03-11T19:29:33.9931988Z"
"ste_001191","Postavka soprovozhdenie s dostavkoy","Category Services. Product built around term 'soprovozhdenie'.","cat_service","sup_006","{""keyword"":""soprovozhdenie"",""service"":""monthly"",""class"":""office""}","active","2025-11-30T19:29:33.9931988Z"
"ste_001192","Arenda obsluzhivanie pod klyuch","Category Services. Product built around term 'obsluzhivanie'.","cat_service","sup_024","{""keyword"":""obsluzhivanie"",""service"":""quarterly"",""class"":""facility""}","active","2026-02-24T19:29:33.9931988Z"
"ste_001193","Kompleksnaya postavka kartridzh dlya ofisov","Category Office and Supplies. Product built around term 'kartridzh'.","cat_office","sup_006","{""keyword"":""kartridzh"",""service"":""premium"",""class"":""ergonomic""}","active","2025-12-27T19:29:33.9931988Z"
"ste_001194","Usluga mikroavtobus s dostavkoy","Category Transport. Product built around term 'mikroavtobus'.","cat_transport","sup_013","{""keyword"":""mikroavtobus"",""service"":""fleet_support"",""class"":""city""}","active","2025-12-26T19:29:33.9931988Z"
"ste_001195","Kompleksnaya postavka printer dlya infrastruktury","Category Office and Supplies. Product built around term 'printer'.","cat_office","sup_013","{""keyword"":""printer"",""service"":""bulk"",""class"":""a3""}","active","2026-03-16T19:29:33.9931988Z"
"ste_001196","Postavka kommutator dlya ofisov","Category IT and Equipment. Product built around term 'kommutator'.","cat_it","sup_027","{""keyword"":""kommutator"",""service"":""monitoring"",""class"":""edge""}","active","2026-02-04T19:29:33.9931988Z"
"ste_001197","Arenda logistika dlya municipalnyh nuzhd","Category Transport. Product built around term 'logistika'.","cat_transport","sup_016","{""keyword"":""logistika"",""service"":""route_planning"",""class"":""charter""}","active","2025-12-28T19:29:33.9931988Z"
"ste_001198","Kompleksnaya postavka kommutator pod klyuch","Category IT and Equipment. Product built around term 'kommutator'.","cat_it","sup_030","{""keyword"":""kommutator"",""service"":""supply"",""class"":""edge""}","active","2025-12-24T19:29:33.9931988Z"
"ste_001199","Postavka tehpodderzhka s dostavkoy","Category Services. Product built around term 'tehpodderzhka'.","cat_service","sup_014","{""keyword"":""tehpodderzhka"",""service"":""on_demand"",""class"":""facility""}","active","2026-01-26T19:29:33.9931988Z"
"ste_001200","Kompleksnaya postavka arenda transporta dlya ofisov","Category Transport. Product built around term 'arenda transporta'.","cat_transport","sup_026","{""keyword"":""arenda transporta"",""service"":""fleet_support"",""class"":""city""}","active","2026-01-01T19:29:33.9931988Z"
